Workbook

Sheet 데이터
A1: DATE | B1: 코스피 | C1: =Sheet2!C9 -> KODEX 200 | D1: =Sheet2!D9 -> KODEX 코스닥150 | E1: =Sheet2!E9 -> ACE 테슬라밸류체인액티브 | F1: =Sheet2!F9 -> SOL 조선TOP3플러스 | G1: =Sheet2!G9 -> TIGER 미국나스닥100 | H1: =Sheet2!H9 -> TIGER 미국테크TOP10 INDXX | I1: =Sheet2!I9 -> KODEX 미국나스닥100 | J1: =Sheet2!J9 -> ACE KRX금현물 | ... AR1: =Sheet2!AR9 -> TIGER AI반도체핵심공정
A2: 45426 | B2: 17810 | C2: 36383 | D2: 13917 | E2: 9875 | F2: 11141 | G2: 110225 | H2: 18420 | I2: 16553 | J2: 14760 | K2: 19538 | L2: 6130 | M2: 17336 | N2: 40609 | O2: 3090 | P2: 12751 | T2: 12096 | U2: 41835 | V2: 11159 | X2: 12849 | AA2: 13235 | AB2: 16542 | AC2: 8010 | AD2: 7781 | AE2: 23158 | AF2: 13430 | AH2: 6961 | AI2: 12487 | AJ2: 36855 | AK2: 13626 | AL2: 11330 | AM2: 6446 | AP2: 10045 | AQ2: 18508 | AR2: 12711
A3: 45428 | B3: 17815 | C3: 36730 | D3: 13992 | E3: 9890 | F3: 11141 | G3: 110950 | H3: 18545 | I3: 16653 | J3: 14820 | K3: 19746 | L3: 6085 | M3: 17788 | N3: 41319 | O3: 3095 | P3: 12865 | T3: 12101 | U3: 43285 | V3: 11102 | X3: 13048 | AA3: 13477 | AB3: 16953 | AC3: 7790 | AD3: 7891 | AE3: 23338 | AF3: 13580 | AH3: 7050 | AI3: 12780 | AJ3: 37620 | AK3: 14045 | AL3: 11440 | AM3: 6531 | AP3: 9977 | AQ3: 19160 | AR3: 13066
A4: 45429 | B4: 17910 | C4: 36300 | D4: 13344 | E4: 9955 | F4: 10806 | G4: 111417 | H4: 18590 | I4: 16738 | J4: 14880 | K4: 19453 | L4: 6125 | M4: 17847 | N4: 40777 | O4: 3090 | P4: 12632 | T4: 11806 | U4: 43095 | V4: 11102 | X4: 12884 | AA4: 13367 | AB4: 16919 | AC4: 7825 | AD4: 7986 | AE4: 23048 | AF4: 13615 | AH4: 6975 | AI4: 12648 | AJ4: 37610 | AK4: 13803 | AL4: 11504 | AM4: 6201 | AP4: 10014 | AQ4: 18933 | AR4: 12849
A5: 45432 | B5: 17955 | C5: 36602 | D5: 13374 | E5: 10090 | F5: 10672 | G5: 111571 | H5: 18620 | I5: 16753 | J5: 15300 | K5: 19299 | L5: 6220 | M5: 17828 | N5: 40945 | O5: 3110 | P5: 12502 | T5: 11911 | U5: 42685 | V5: 11159 | X5: 13048 | AA5: 13500 | AB5: 17513 | AC5: 7890 | AD5: 7816 | AE5: 22938 | AF5: 13650 | AH5: 6931 | AI5: 12879 | AJ5: 37650 | AK5: 13912 | AL5: 11514 | AM5: 6201 | AP5: 10072 | AQ5: 19911 | AR5: 13046
A6: 45433 | B6: 18045 | C6: 36412 | D6: 13389 | E6: 9975 | F6: 10657 | G6: 112614 | H6: 18760 | I6: 16913 | J6: 15225 | K6: 18843 | L6: 5990 | M6: 18205 | N6: 41196 | O6: 3210 | P6: 12134 | T6: 11861 | U6: 42415 | V6: 11140 | X6: 13077 | AA6: 13434 | AB6: 17255 | AC6: 7815 | AD6: 7726 | AE6: 22384 | AF6: 13775 | AH6: 6746 | AI6: 12836 | AJ6: 37950 | AK6: 14026 | AL6: 11644 | AM6: 6181 | AP6: 10072 | AQ6: 19521 | AR6: 13159
A7: 45434 | B7: 18080 | C7: 36412 | D7: 13424 | E7: 10375 | F7: 10337 | G7: 112972 | H7: 18900 | I7: 16958 | J7: 15150 | K7: 18788 | L7: 6060 | M7: 18239 | N7: 41492 | O7: 3170 | P7: 12124 | T7: 11756 | U7: 42515 | V7: 11102 | X7: 13246 | AA7: 13306 | AB7: 17241 | AC7: 7920 | AD7: 7666 | AE7: 22389 | AF7: 13800 | AH7: 6741 | AI7: 12586 | AJ7: 38210 | AK7: 14159 | AL7: 11828 | AM7: 6117 | AP7: 10072 | AQ7: 19551 | AR7: 13253
A8: 45435 | B8: 18130 | C8: 36412 | D8: 13384 | E8: 10250 | F8: 10477 | G8: 113777 | H8: 19105 | I8: 17082 | J8: 14860 | K8: 18758 | L8: 5895 | M8: 18701 | N8: 41739 | O8: 3190 | P8: 12085 | T8: 11741 | U8: 42820 | V8: 11078 | X8: 13266 | AA8: 13282 | AB8: 17414 | AC8: 7770 | AD8: 8171 | AE8: 22359 | AF8: 13960 | AH8: 6771 | AI8: 12421 | AJ8: 38405 | AK8: 14050 | AL8: 11833 | AM8: 6047 | AP8: 10045 | AQ8: 19990 | AR8: 13184
A9: 45436 | B9: 18000 | C9: 35845 | D9: 13260 | E9: 9945 | F9: 10732 | G9: 112962 | H9: 19040 | I9: 16958 | J9: 14725 | K9: 18411 | L9: 5746 | M9: 18458 | N9: 40787 | O9: 3210 | P9: 11856 | T9: 11656 | U9: 42475 | V9: 10967 | X9: 13008 | AA9: 13116 | AB9: 18172 | AC9: 7690 | AD9: 8156 | AE9: 22004 | AF9: 13890 | AH9: 6636 | AI9: 12337 | AJ9: 37895 | AK9: 13685 | AL9: 11774 | AM9: 5967 | AP9: 9995 | AQ9: 20301 | AR9: 12820
A10: 45439 | B10: 18040 | C10: 36344 | D10: 13469 | E10: 10205 | F10: 10637 | G10: 113613 | H10: 19190 | I10: 17053 | J10: 14715 | K10: 19175 | L10: 5826 | M10: 18691 | N10: 41556 | O10: 3155 | P10: 12303 | T10: 11851 | U10: 42635 | V10: 10928 | X10: 13251 | AA10: 13149 | AB10: 18841 | AC10: 7625 | AD10: 8381 | AE10: 22763 | AF10: 14030 | AH10: 6941 | AI10: 12337 | AJ10: 38280 | AK10: 14070 | AL10: 11933 | AM10: 6012 | AP10: 9968 | AQ10: 20835 | AR10: 13204
A11: 45440 | B11: 17995 | C11: 36383 | D11: 13454 | E11: 10160 | F11: 10647 | G11: 113389 | H11: 19205 | I11: 17023 | J11: 14690 | K11: 18793 | L11: 5781 | M11: 18780 | N11: 42246 | O11: 3155 | P11: 11960 | T11: 12201 | U11: 42630 | V11: 10885 | X11: 13534 | AA11: 13144 | AB11: 19316 | AC11: 7535 | AD11: 8141 | AE11: 22424 | AF11: 14045 | AH11: 6796 | AI11: 12308 | AJ11: 38375 | AK11: 14351 | AL11: 11963 | AM11: 6042 | AP11: 9937 | AQ11: 21102 | AR11: 13583
A12: 45441 | B12: 17985 | C12: 35850 | D12: 13210 | E12: 10145 | F12: 10487 | G12: 113593 | H12: 19310 | I12: 17058 | J12: 14765 | K12: 18143 | L12: 5681 | M12: 18969 | N12: 41916 | O12: 3255 | P12: 11383 | T12: 11731 | U12: 41545 | V12: 10803 | X12: 13465 | AA12: 13144 | AB12: 18900 | AC12: 7620 | AD12: 7966 | AE12: 21639 | AF12: 14185 | AH12: 6581 | AI12: 12332 | AJ12: 38215 | AK12: 14356 | AL12: 12137 | AM12: 5947 | AP12: 9900 | AQ12: 20603 | AR12: 13469
A13: 45442 | B13: 18020 | C13: 35200 | D13: 13115 | E13: 10130 | F13: 10352 | G13: 113692 | H13: 19445 | I13: 17063 | J13: 14765 | K13: 17905 | L13: 5701 | M13: 18711 | N13: 41191 | O13: 3319 | P13: 11110 | T13: 11452 | U13: 41075 | V13: 10784 | X13: 13167 | AA13: 13059 | AB13: 18449 | AC13: 7775 | AD13: 8101 | AE13: 21274 | AF13: 14325 | AH13: 6491 | AI13: 12256 | AJ13: 37935 | AK13: 14065 | AL13: 12152 | AM13: 5947 | AP13: 9864 | AQ13: 20306 | AR13: 13228
... A19: 45453 | B19: 18340 | C19: 36070 | D19: 13853 | E19: 10265 | F19: 10427 | G19: 115689 | H19: 19865 | I19: 17362 | J19: 14560 | K19: 19409 | L19: 5661 | M19: 19078 | N19: 41955 | O19: 3220 | P19: 12100 | T19: 11582 | U19: 42755 | V19: 10987 | X19: 13375 | AA19: 13306 | AB19: 17890 | AC19: 7620 | AD19: 7901 | AE19: 23083 | AF19: 14545 | AH19: 7155 | AI19: 12214 | AJ19: 38290 | AK19: 13951 | AL19: 12442 | AM19: 6201 | AP19: 10005 | AQ19: 19442 | AR19: 13327
A20: 45454 | B20: 18445 | C20: 36104 | D20: 14037 | E20: 10105 | F20: 10382 | G20: 116498 | H20: 20020 | I20: 17482 | J20: 14580 | K20: 19821 | L20: 5731 | M20: 19386 | N20: 41916 | O20: 3235 | P20: 12119 | T20: 11577 | U20: 42630 | V20: 10968 | X20: 13336 | Z20: 10080 | AA20: 13311 | AB20: 17602 | AC20: 7680 | AD20: 7861 | AE20: 23403 | AF20: 14695 | AH20: 7270 | AI20: 12166 | AJ20: 38390 | AK20: 13700 | AL20: 12447 | AM20: 6246 | AP20: 10042 | AQ20: 19343 | AR20: 13080
A21: 45455 | B21: 18485 | C21: 36422 | D21: 14052 | E21: 9965 | F21: 10497 | G21: 117318 | H21: 20380 | I21: 17612 | J21: 14650 | K21: 19741 | L21: 5646 | M21: 19500 | N21: 42764 | O21: 3424 | P21: 12000 | T21: 11826 | U21: 43000 | V21: 10948 | X21: 13663 | Z21: 10150 | AA21: 13364 | AB21: 17300 | AC21: 7645 | AD21: 7786 | AE21: 23278 | AF21: 14920 | AH21: 7225 | AI21: 12285 | AJ21: 38835 | AK21: 14129 | AL21: 12491 | AM21: 6201 | AP21: 10046 | AQ21: 19081 | AR21: 13430
A22: 45456 | B22: 18625 | C22: 36671 | D22: 14017 | E22: 10450 | F22: 10477 | G22: 119305 | H22: 20915 | I22: 17911 | J22: 14575 | K22: 19776 | L22: 5646 | M22: 20224 | N22: 43588 | O22: 3529 | P22: 12085 | T22: 11831 | U22: 43445 | V22: 10910 | X22: 14020 | Z22: 10745 | AA22: 13449 | AB22: 17434 | AC22: 7660 | AD22: 7791 | AE22: 23393 | AF22: 15365 | AH22: 7255 | AI22: 12233 | AJ22: 40135 | AK22: 14490 | AL22: 12865 | AM22: 6146 | AP22: 9992 | AQ22: 19180 | AR22: 13696
A23: 45457 | B23: 18710 | C23: 36793 | D23: 13773 | E23: 10485 | F23: 10777 | G23: 119931 | H23: 21090 | I23: 18001 | J23: 14505 | K23: 19324 | L23: 5676 | M23: 20378 | N23: 43405 | O23: 3514 | P23: 11736 | T23: 11911 | U23: 44325 | V23: 10910 | X23: 13991 | Z23: 10840 | AA23: 13478 | AB23: 17919 | AC23: 7650 | AD23: 7716 | AE23: 22933 | AF23: 15475 | AH23: 7065 | AI23: 12233 | AJ23: 40115 | AK23: 14262 | AL23: 13035 | AM23: 6107 | AP23: 10055 | AQ23: 19249 | AR23: 13514
A24: 45460 | B24: 18710 | C24: 36593 | D24: 13758 | E24: 10300 | F24: 10717 | G24: 120258 | H24: 21160 | I24: 18051 | J24: 14680 | K24: 18882 | L24: 5661 | M24: 20408 | N24: 43371 | O24: 3489 | P24: 11483 | T24: 12196 | U24: 44765 | V24: 10857 | X24: 13936 | Z24: 10835 | AA24: 13464 | AB24: 17934 | AC24: 7790 | AD24: 7706 | AE24: 22459 | AF24: 15545 | AH24: 6891 | AI24: 12081 | AJ24: 40480 | AK24: 14317 | AL24: 13060 | AM24: 6057 | AP24: 10055 | AQ24: 19081 | AR24: 13607
A25: 45461 | B25: 18870 | C25: 36979 | D25: 13768 | E25: 10530 | F25: 10647 | G25: 121763 | H25: 21405 | I25: 18281 | J25: 14700 | K25: 18585 | L25: 5631 | M25: 20765 | N25: 44268 | O25: 3539 | P25: 11239 | T25: 12226 | U25: 44600 | V25: 10958 | X25: 14214 | Z25: 11095 | AA25: 13549 | AB25: 17900 | AC25: 7785 | AD25: 7696 | AE25: 22044 | AF25: 15745 | AH25: 6786 | AI25: 12081 | AJ25: 41245 | AK25: 14425 | AL25: 13254 | AM25: 6067 | AP25: 10101 | AQ25: 18869 | AR25: 13784
A26: 45462 | B26: 18930 | C26: 37531 | D26: 13788 | E26: 10570 | F26: 10996 | G26: 122022 | H26: 21540 | I26: 18325 | J26: 14770 | K26: 18833 | L26: 5821 | M26: 21117 | N26: 44337 | O26: 3469 | P26: 11577 | T26: 12241 | U26: 45155 | V26: 10992 | X26: 14269 | Z26: 11615 | AA26: 13659 | AB26: 18083 | AC26: 7700 | AD26: 7656 | AE26: 22424 | AF26: 15780 | AH26: 6861 | AI26: 12237 | AJ26: 40995 | AK26: 14317 | AL26: 13234 | AM26: 6102 | AP26: 10133 | AQ26: 18963 | AR26: 13858
A27: 45463 | B27: 19025 | C27: 37677 | D27: 13718 | E27: 10600 | F27: 11001 | G27: 122861 | H27: 21580 | I27: 18445 | J27: 14875 | K27: 18813 | L27: 5766 | M27: 21326 | N27: 44702 | O27: 3389 | P27: 11577 | T27: 12186 | U27: 44825 | V27: 11006 | X27: 14432 | Z27: 11735 | AA27: 13859 | AB27: 17934 | AC27: 7560 | AD27: 7646 | AE27: 22364 | AF27: 15860 | AH27: 6771 | AI27: 12464 | AJ27: 41315 | AK27: 14119 | AL27: 13384 | AM27: 6072 | AP27: 10156 | AQ27: 18800 | AR27: 13725
A28: 45464 | B28: 18985 | C28: 37355 | D28: 13693 | E28: 10250 | F28: 11036 | G28: 121724 | H28: 21265 | I28: 18276 | J28: 15000 | K28: 18565 | L28: 5696 | M28: 20636 | N28: 43928 | O28: 3459 | P28: 11368 | T28: 11901 | U28: 44670 | V28: 11103 | X28: 14234 | Z28: 11175 | AA28: 13926 | AB28: 18479 | AC28: 7490 | AD28: 7596 | AE28: 22044 | AF28: 15625 | AH28: 6701 | AI28: 12436 | AJ28: 40650 | AK28: 13951 | AL28: 13119 | AM28: 6072 | AP28: 10238 | AQ28: 19427 | AR28: 13499
A29: 45467 | B29: 18955 | C29: 37071 | D29: 13504 | E29: 10295 | F29: 11276 | G29: 121406 | H29: 21135 | I29: 18226 | J29: 14845 | K29: 18202 | L29: 5591 | M29: 20303 | N29: 43094 | O29: 3454 | P29: 11145 | T29: 11926 | U29: 44570 | V29: 11127 | X29: 14006 | Z29: 10925 | AA29: 13907 | AB29: 18048 | AC29: 7435 | AD29: 7461 | AE29: 21524 | AF29: 15495 | AH29: 6581 | AI29: 12488 | AJ29: 40400 | AK29: 13769 | AL29: 13090 | AM29: 6092 | AP29: 10220 | AQ29: 18780 | AR29: 13371
A30: 45468 | B30: 18880 | C30: 37179 | D30: 13569 | E30: 10185 | F30: 11306 | G30: 119940 | H30: 20740 | I30: 18006 | J30: 14870 | K30: 17994 | L30: 5596 | M30: 19718 | N30: 43060 | O30: 3404 | P30: 10971 | T30: 11876 | U30: 44915 | V30: 11252 | X30: 13901 | Z30: 10405 | AA30: 13974 | AB30: 17924 | AC30: 7370 | AD30: 7446 | AE30: 21259 | AF30: 15160 | AH30: 6496 | AI30: 12535 | AJ30: 39670 | AK30: 13685 | AL30: 12840 | AM30: 6181 | AP30: 10302 | AQ30: 18696 | AR30: 13292
A31: 45469 | B31: 18990 | C31: 37487 | D31: 13509 | E31: 10455 | F31: 11221 | G31: 121515 | H31: 21295 | I31: 18241 | J31: 14800 | K31: 17979 | L31: 5686 | M31: 20229 | N31: 44130 | O31: 3504 | P31: 10995 | T31: 11836 | U31: 44650 | V31: 11185 | X31: 14214 | Z31: 10965 | AA31: 13978 | AB31: 17959 | AC31: 7445 | AD31: 7466 | AE31: 21244 | AF31: 15565 | AH31: 6461 | AI31: 12493 | AJ31: 40360 | AK31: 13843 | AL31: 13154 | AM31: 6062 | AP31: 10242 | AQ31: 18642 | AR31: 13504
... A39: 45481 | B39: 19195 | C39: 38703 | D39: 14316 | E39: 12950 | F39: 11405 | G39: 124838 | H39: 22190 | I39: 18740 | J39: 15100 | K39: 18739 | L39: 5431 | M39: 20542 | N39: 44160 | O39: 3255 | P39: 11756 | T39: 11587 | U39: 43290 | V39: 11015 | X39: 14149 | Z39: 11170 | AA39: 14337 | AB39: 18301 | AC39: 6915 | AD39: 7506 | AE39: 22339 | AF39: 16170 | AH39: 6846 | AI39: 13244 | AJ39: 43725 | AK39: 13517 | AL39: 14271 | AM39: 6481 | AP39: 10252 | AQ39: 18637 | AR39: 13464
A40: 45482 | B40: 19255 | C40: 38840 | D40: 14311 | E40: 13130 | F40: 11361 | G40: 125459 | H40: 22355 | I40: 18840 | J40: 15050 | K40: 18689 | L40: 5521 | M40: 21013 | N40: 44628 | O40: 3195 | P40: 11727 | R40: 10060 | S40: 10271 | T40: 11651 | U40: 43555 | V40: 11049 | X40: 14343 | Z40: 11410 | AA40: 14189 | AB40: 19059 | AC40: 7040 | AD40: 7446 | AE40: 22169 | AF40: 16295 | AH40: 6781 | AI40: 13054 | AJ40: 43835 | AK40: 13833 | AL40: 14425 | AM40: 6521 | AP40: 10279 | AQ40: 18741 | AR40: 13716
A41: 45483 | B41: 19280 | C41: 38825 | D41: 14241 | E41: 13490 | F41: 11560 | G41: 125598 | H41: 22460 | I41: 18870 | J41: 15005 | K41: 18391 | L41: 5521 | M41: 21028 | N41: 44376 | O41: 3230 | P41: 11488 | R41: 10115 | S41: 10968 | T41: 11671 | U41: 43415 | V41: 11054 | X41: 14303 | Z41: 11400 | AA41: 14304 | AB41: 19361 | AC41: 7050 | AD41: 7431 | AE41: 21894 | AF41: 16370 | AH41: 6671 | AI41: 13016 | AJ41: 43880 | AK41: 13813 | AL41: 14675 | AM41: 6551 | AP41: 10270 | AQ41: 18741 | AR41: 13583
A42: 45484 | B42: 19395 | C42: 39065 | D42: 14122 | E42: 13555 | F42: 11600 | G42: 126243 | H42: 22635 | I42: 18949 | J42: 15070 | K42: 18619 | L42: 5631 | M42: 21335 | N42: 44574 | O42: 3165 | P42: 11826 | R42: 10245 | S42: 10958 | T42: 11786 | U42: 43465 | V42: 11112 | X42: 14323 | Z42: 11595 | AA42: 14462 | AB42: 19331 | AC42: 7185 | AD42: 7321 | AE42: 22139 | AF42: 16515 | AH42: 6736 | AI42: 13182 | AJ42: 44090 | AK42: 14006 | AL42: 14759 | AM42: 6541 | AP42: 10321 | AQ42: 18829 | AR42: 13706
A43: 45485 | B43: 19255 | C43: 38527 | D43: 14092 | E43: 12355 | F43: 11615 | G43: 123527 | H43: 21940 | I43: 18540 | J43: 15200 | K43: 18590 | L43: 5766 | M43: 20661 | N43: 43568 | O43: 3120 | P43: 11776 | R43: 10160 | S43: 10721 | T43: 11921 | U43: 44205 | V43: 11233 | X43: 14110 | Z43: 11015 | AA43: 14376 | AB43: 19118 | AC43: 7270 | AD43: 7431 | AE43: 22164 | AF43: 15960 | AH43: 6756 | AI43: 13192 | AJ43: 42670 | AK43: 13690 | AL43: 14171 | AM43: 6621 | AP43: 10330 | AQ43: 18760 | AR43: 13376
A44: 45488 | B44: 19425 | C44: 38772 | D44: 14117 | E44: 13495 | F44: 11710 | G44: 125037 | H44: 22135 | I44: 18775 | J44: 15310 | K44: 18327 | L44: 5641 | M44: 21122 | N44: 43701 | O44: 3115 | P44: 11612 | R44: 10324 | S44: 10879 | T44: 12176 | U44: 43740 | V44: 11403 | X44: 14125 | Z44: 11235 | AA44: 14318 | AB44: 19698 | AC44: 7170 | AD44: 7326 | AE44: 21734 | AF44: 16100 | AH44: 6681 | AI44: 13097 | AJ44: 42950 | AK44: 13576 | AL44: 14490 | AM44: 6631 | AP44: 10431 | AQ44: 18736 | AR44: 13243
A45: 45489 | B45: 19505 | C45: 38796 | D45: 13868 | E45: 13200 | F45: 12119 | G45: 125379 | H45: 22185 | I45: 18820 | J45: 15530 | K45: 17716 | L45: 5571 | M45: 21132 | N45: 44278 | O45: 3020 | P45: 11095 | R45: 10205 | S45: 10800 | T45: 12176 | U45: 43960 | V45: 11446 | X45: 14333 | Z45: 11205 | AA45: 14395 | AB45: 19411 | AC45: 7215 | AD45: 7277 | AE45: 20900 | AF45: 16140 | AH45: 6401 | AI45: 13092 | AJ45: 42925 | AK45: 13823 | AL45: 14565 | AM45: 6606 | AP45: 10472 | AQ45: 18444 | AR45: 13474
A46: 45490 | B46: 19470 | C46: 38474 | D46: 13643 | E46: 13170 | F46: 12464 | G46: 123889 | H46: 21690 | I46: 18595 | J46: 15705 | K46: 17458 | L46: 5591 | M46: 20874 | N46: 42384 | O46: 3150 | P46: 10906 | R46: 10120 | S46: 10311 | T46: 12091 | U46: 44550 | V46: 11596 | X46: 13787 | Z46: 11000 | AA46: 14395 | AB46: 19084 | AC46: 7240 | AD46: 7112 | AE46: 20500 | AF46: 15765 | AH46: 6232 | AI46: 13149 | AJ46: 42280 | AK46: 12954 | AL46: 14386 | AM46: 6761 | AP46: 10523 | AQ46: 18306 | AR46: 12564
A47: 45491 | B47: 19345 | C47: 38190 | D47: 13579 | E47: 12840 | F47: 12339 | G47: 121878 | H47: 21255 | I47: 18306 | J47: 15715 | K47: 17428 | L47: 5551 | M47: 20060 | N47: 41635 | O47: 3115 | P47: 10911 | R47: 9501 | S47: 9940 | T47: 11846 | U47: 44530 | V47: 11824 | X47: 13524 | Z47: 10385 | AA47: 14510 | AB47: 18776 | AC47: 7290 | AD47: 7152 | AE47: 20455 | AF47: 15430 | AH47: 6281 | AI47: 13197 | AJ47: 41490 | AK47: 12796 | AL47: 13992 | AM47: 6716 | AP47: 10573 | AQ47: 17990 | AR47: 12372
A48: 45492 | B48: 19255 | C48: 37741 | D48: 13683 | E48: 12950 | F48: 11979 | G48: 121575 | H48: 21220 | I48: 18256 | J48: 15445 | K48: 17746 | L48: 5461 | M48: 19956 | N48: 41186 | O48: 3090 | P48: 11219 | R48: 9521 | S48: 9995 | T48: 11886 | U48: 44075 | V48: 11747 | X48: 13380 | Z48: 10215 | AA48: 14447 | AB48: 18509 | AC48: 7340 | AD48: 7187 | AE48: 20860 | AF48: 15420 | AH48: 6481 | AI48: 13154 | AJ48: 41255 | AK48: 12737 | AL48: 14017 | AM48: 6676 | AP48: 10491 | AQ48: 18177 | AR48: 12229
A49: 45495 | B49: 19125 | C49: 37365 | D49: 13344 | E49: 12440 | F49: 12369 | G49: 120581 | H49: 21035 | I49: 18106 | J49: 15380 | K49: 16947 | L49: 5531 | M49: 19366 | N49: 39909 | O49: 3145 | P49: 10637 | R49: 9616 | S49: 9654 | T49: 11646 | U49: 44060 | V49: 11664 | X49: 12983 | Z49: 10010 | AA49: 14452 | AB49: 18316 | AC49: 7285 | AD49: 7047 | AE49: 19965 | AF49: 15250 | AH49: 6182 | AI49: 13349 | AJ49: 40775 | AK49: 12209 | AL49: 13663 | AM49: 6721 | AP49: 10445 | AQ49: 17703 | AR49: 11781
A50: 45496 | B50: 19210 | C50: 37472 | D50: 13394 | E50: 12830 | F50: 12778 | G50: 121172 | H50: 21295 | I50: 18191 | J50: 15275 | K50: 16654 | L50: 5446 | M50: 19777 | N50: 39781 | O50: 3195 | P50: 10513 | R50: 9826 | S50: 10676 | T50: 11851 | U50: 43485 | V50: 11630 | X50: 12934 | Z50: 10290 | AA50: 14476 | AB50: 19306 | AC50: 7135 | AD50: 7072 | AE50: 19601 | AF50: 15440 | AH50: 6022 | AI50: 13354 | AJ50: 41350 | AK50: 12100 | AL50: 14052 | AM50: 6726 | AP50: 10431 | AQ50: 17925 | AR50: 11677
A51: 45497 | B51: 19080 | C51: 37252 | D51: 13439 | E51: 11745 | F51: 12728 | G51: 119995 | H51: 21025 | I51: 18021 | J51: 15420 | K51: 16460 | L51: 5357 | M51: 19425 | N51: 39816 | O51: 3225 | P51: 10409 | R51: 9851 | S51: 10765 | T51: 12096 | U51: 43435 | V51: 11519 | X51: 12899 | Z51: 10245 | AA51: 14419 | AB51: 19430 | AC51: 6955 | AD51: 6947 | AE51: 19331 | AF51: 15330 | AH51: 5952 | AI51: 13173 | AJ51: 40580 | AK51: 12095 | AL51: 13713 | AM51: 6875 | AP51: 10357 | AQ51: 17861 | AR51: 11702
... A107: 45586 | B107: 20105 | C107: 34256 | D107: 12826 | E107: 11135 | F107: 12578 | G107: 123706 | H107: 21595 | I107: 18585 | J107: 17570 | K107: 16520 | L107: 6903 | M107: 18775 | N107: 32119 | O107: 2906 | P107: 10762 | R107: 12040 | S107: 8957 | T107: 11851 | U107: 44260 | V107: 12412 | X107: 10328 | Z107: 9645 | AA107: 14686 | AB107: 17776 | AC107: 8910 | AD107: 6972 | AE107: 19970 | AF107: 15550 | AH107: 5732 | AI107: 14149 | AJ107: 42190 | AK107: 10293 | AL107: 14256 | AM107: 8199 | AP107: 10989 | AQ107: 17219 | AR107: 9403
A108: 45587 | B108: 20110 | C108: 33755 | D108: 12393 | E108: 11045 | F108: 12553 | G108: 124114 | H108: 21760 | I108: 18650 | J108: 17970 | K108: 15864 | L108: 6943 | M108: 18805 | N108: 31300 | O108: 2851 | P108: 10354 | Q108: 9984 | R108: 12190 | S108: 8918 | T108: 12051 | U108: 42700 | V108: 12270 | X108: 10060 | Z108: 9650 | AA108: 14783 | AB108: 17835 | AC108: 9035 | AD108: 7162 | AE108: 19186 | AF108: 15675 | AH108: 5468 | AI108: 14197 | AJ108: 42265 | AK108: 10002 | AL108: 14575 | AM108: 7989 | AP108: 10951 | AQ108: 16819 | AR108: 9137
A109: 45588 | B109: 20165 | C109: 34192 | D109: 12582 | E109: 11080 | F109: 12678 | G109: 124686 | H109: 21960 | I109: 18725 | J109: 18700 | K109: 16401 | L109: 7097 | M109: 18785 | N109: 32444 | O109: 2821 | P109: 10752 | Q109: 10093 | R109: 11980 | S109: 8962 | T109: 11826 | U109: 42770 | V109: 12221 | X109: 10437 | Z109: 9665 | AA109: 14758 | AB109: 17825 | AC109: 9195 | AD109: 7331 | AE109: 19935 | AF109: 15805 | AH109: 5682 | AI109: 14207 | AJ109: 42375 | AK109: 10530 | AL109: 14391 | AM109: 7904 | AP109: 10980 | AQ109: 16943 | AR109: 9595
A110: 45589 | B110: 20025 | C110: 33907 | D110: 12403 | E110: 11815 | F110: 12573 | G110: 123527 | H110: 21760 | I110: 18555 | J110: 18305 | K110: 16252 | L110: 6933 | M110: 18790 | N110: 31872 | O110: 2846 | P110: 10692 | Q110: 10018 | R110: 11865 | S110: 8799 | T110: 11881 | U110: 43125 | V110: 12206 | X110: 10209 | Z110: 9525 | AA110: 14715 | AB110: 17979 | AC110: 9045 | AD110: 7247 | AE110: 19825 | AF110: 15745 | AH110: 5612 | AI110: 14125 | AJ110: 41845 | AK110: 10283 | AL110: 14515 | AM110: 7859 | AP110: 10923 | AQ110: 17170 | AR110: 9334
A111: 45590 | B111: 20155 | C111: 33932 | D111: 12278 | E111: 12525 | F111: 12648 | G111: 124751 | H111: 21940 | I111: 18735 | J111: 18225 | K111: 16157 | L111: 7003 | M111: 18860 | N111: 31872 | O111: 2756 | P111: 10578 | Q111: 10068 | R111: 12090 | S111: 8824 | T111: 11796 | U111: 43670 | V111: 12314 | X111: 10164 | Z111: 9535 | AA111: 14962 | AB111: 17919 | AC111: 9370 | AD111: 7162 | AE111: 19646 | AF111: 15895 | AH111: 5577 | AI111: 14688 | AJ111: 42040 | AK111: 10209 | AL111: 14909 | AM111: 7839 | AP111: 10947 | AQ111: 17101 | AR111: 9250
A112: 45593 | B112: 20175 | C112: 34241 | D112: 12607 | E112: 12960 | F112: 12214 | G112: 125726 | H112: 22220 | I112: 18885 | J112: 18365 | K112: 16991 | L112: 7072 | M112: 19143 | N112: 32079 | O112: 2796 | P112: 11170 | Q112: 9669 | R112: 12065 | S112: 8834 | T112: 11771 | U112: 42560 | V112: 12250 | X112: 10239 | Z112: 9620 | AA112: 14768 | AB112: 18023 | AC112: 9300 | AD112: 7247 | AE112: 20670 | AF112: 16150 | AH112: 5907 | AI112: 14308 | AJ112: 42495 | AK112: 10214 | AL112: 15288 | AM112: 7899 | AP112: 10913 | AQ112: 17555 | AR112: 9275
A113: 45594 | B113: 20175 | C113: 34329 | D113: 12707 | E113: 12660 | F113: 12199 | G113: 125308 | H113: 22205 | I113: 18830 | J113: 18340 | K113: 16832 | L113: 7137 | M113: 18999 | N113: 31907 | O113: 2796 | P113: 10971 | Q113: 9585 | R113: 12070 | S113: 8903 | T113: 11881 | U113: 42890 | V113: 12280 | X113: 10169 | Z113: 9610 | AA113: 14802 | AB113: 18212 | AC113: 9280 | AD113: 7237 | AE113: 20365 | AF113: 16150 | AH113: 5852 | AI113: 14289 | AJ113: 42170 | AK113: 10120 | AL113: 15083 | AM113: 7904 | AP113: 10923 | AQ113: 17713 | AR113: 9152
A114: 45595 | B114: 20110 | C114: 33999 | D114: 12527 | E114: 12515 | F114: 12074 | G114: 126229 | H114: 22485 | I114: 18964 | J114: 18435 | K114: 16554 | L114: 6943 | M114: 19143 | N114: 31912 | O114: 2831 | P114: 10861 | Q114: 9520 | R114: 12110 | S114: 8893 | T114: 11886 | U114: 43270 | V114: 12162 | X114: 10179 | Z114: 9785 | AA114: 14700 | AB114: 18162 | AC114: 9105 | AD114: 7027 | AE114: 20080 | AF114: 16380 | AH114: 5707 | AI114: 13998 | AJ114: 43090 | AK114: 9977 | AL114: 15143 | AM114: 7804 | AP114: 10871 | AQ114: 17091 | AR114: 9073
A115: 45596 | B115: 19870 | C115: 33551 | D115: 12667 | E115: 12320 | F115: 11950 | G115: 123843 | H115: 21895 | I115: 18595 | J115: 18190 | K115: 16420 | L115: 6988 | M115: 18505 | N115: 31892 | O115: 2821 | P115: 10707 | Q115: 9375 | R115: 11861 | S115: 8666 | T115: 11806 | U115: 43610 | V115: 12133 | X115: 10119 | Z115: 9550 | AA115: 14544 | AB115: 17642 | AC115: 9055 | AD115: 6972 | AE115: 19920 | AF115: 15965 | AH115: 5672 | AI115: 13606 | AJ115: 42265 | AK115: 9869 | AL115: 15063 | AM115: 7684 | AP115: 10743 | AQ115: 16982 | AR115: 9063
A116: 45597 | B116: 19620 | C116: 33315 | D116: 12348 | E116: 12115 | F116: 11685 | G116: 122119 | H116: 21570 | I116: 18345 | J116: 17750 | K116: 16460 | L116: 6888 | M116: 18096 | N116: 31562 | O116: 2756 | P116: 10826 | Q116: 9136 | R116: 11746 | S116: 8626 | T116: 11607 | U116: 44000 | V116: 12187 | X116: 9931 | Z116: 9245 | AA116: 14642 | AB116: 17573 | AC116: 8845 | AD116: 7097 | AE116: 19995 | AF116: 15795 | AH116: 5682 | AI116: 13877 | AJ116: 41720 | AK116: 9706 | AL116: 14485 | AM116: 7490 | AP116: 10715 | AQ116: 17012 | AR116: 8989
A117: 45600 | B117: 19590 | C117: 33871 | D117: 12996 | E117: 12105 | F117: 11705 | G117: 122284 | H117: 21615 | I117: 18370 | J117: 17305 | K117: 16966 | L117: 6883 | M117: 18176 | N117: 32365 | O117: 2846 | P117: 11150 | Q117: 9151 | R117: 11641 | S117: 9061 | T117: 11617 | U117: 43290 | V117: 12069 | X117: 10264 | Z117: 9355 | AA117: 14593 | AB117: 17924 | AC117: 9075 | AD117: 7471 | AE117: 20610 | AF117: 15770 | AH117: 5972 | AI117: 13786 | AJ117: 42135 | AK117: 9859 | AL117: 14490 | AM117: 7859 | AP117: 10682 | AQ117: 17446 | AR117: 9241
A118: 45601 | B118: 19605 | C118: 33679 | D118: 12866 | E118: 12010 | F118: 11795 | G118: 122204 | H118: 21525 | I118: 18355 | J118: 17400 | K118: 16698 | L118: 7112 | M118: 18037 | N118: 32060 | O118: 2846 | P118: 10826 | Q118: 9181 | R118: 11422 | S118: 9046 | T118: 11721 | U118: 43480 | V118: 12143 | X118: 10199 | Z118: 9330 | AA118: 14603 | AB118: 18048 | AC118: 9330 | AD118: 7711 | AE118: 20215 | AF118: 15685 | AH118: 5892 | AI118: 13853 | AJ118: 41705 | AK118: 9563 | AL118: 14366 | AM118: 7724 | AP118: 10691 | AQ118: 17367 | AR118: 9073
A119: 45602 | B119: 20370 | C119: 33601 | D119: 12677 | E119: 13015 | F119: 12134 | G119: 126872 | H119: 22360 | I119: 19054 | J119: 17660 | K119: 15651 | L119: 7127 | M119: 18799 | N119: 31714 | O119: 2881 | P119: 10185 | Q119: 9470 | R119: 12175 | S119: 9179 | T119: 12341 | U119: 42350 | V119: 12525 | X119: 10174 | Z119: 9640 | AA119: 14763 | AB119: 18301 | AC119: 9410 | AD119: 7706 | AE119: 18946 | AF119: 16320 | AH119: 5488 | AI119: 14177 | AJ119: 42935 | AK119: 9454 | AL119: 15273 | AM119: 7804 | AP119: 11084 | AQ119: 16943 | AR119: 8985
... A137: 45628 | B137: 21010 | C137: 32188 | D137: 11341 | E137: 16105 | F137: 13367 | G137: 129856 | H137: 22835 | I137: 19514 | J137: 16955 | K137: 13725 | L137: 6818 | M137: 18136 | N137: 26493 | O137: 2367 | P137: 9275 | Q137: 10632 | R137: 13227 | S137: 8285 | T137: 11382 | U137: 44140 | V137: 12931 | X137: 8450 | Z137: 9290 | AA137: 15313 | AB137: 17800 | AC137: 9260 | AD137: 8691 | AE137: 16898 | AF137: 16625 | AH137: 4759 | AI137: 14642 | AJ137: 44035 | AK137: 7262 | AL137: 17351 | AM137: 7035 | AP137: 11568 | AQ137: 15638 | AR137: 7050
A138: 45629 | B138: 21125 | C138: 32661 | D138: 11605 | E138: 16175 | F138: 13582 | G138: 131705 | H138: 23260 | I138: 19798 | J138: 17035 | K138: 13760 | L138: 6873 | M138: 18625 | N138: 27070 | O138: 2572 | P138: 9260 | Q138: 10816 | R138: 13102 | S138: 8779 | T138: 11671 | U138: 44435 | V138: 12902 | W138: 9187 | X138: 8669 | Z138: 9545 | AA138: 15742 | AB138: 18326 | AC138: 9195 | AD138: 8661 | AE138: 16963 | AF138: 16915 | AH138: 4704 | AI138: 15196 | AJ138: 44720 | AK138: 7736 | AL138: 17486 | AM138: 7240 | AP138: 11587 | AQ138: 16088 | AR138: 7360
A139: 45630 | B139: 21260 | C139: 32218 | D139: 11416 | E139: 16215 | F139: 13492 | G139: 133169 | H139: 23555 | I139: 20018 | J139: 17160 | K139: 13522 | L139: 6888 | M139: 18814 | N139: 26966 | O139: 2527 | P139: 9116 | Q139: 10776 | R139: 13107 | S139: 8745 | T139: 11487 | U139: 44085 | V139: 12917 | W139: 9099 | X139: 8674 | Z139: 9690 | AA139: 15322 | AB139: 17330 | AC139: 9170 | AD139: 8556 | AE139: 16638 | AF139: 17165 | AH139: 4594 | AI139: 14555 | AJ139: 45185 | AK139: 7697 | AL139: 17655 | AM139: 7125 | AP139: 11649 | AQ139: 15895 | AR139: 7355
A140: 45631 | B140: 21430 | C140: 31991 | D140: 11346 | E140: 16280 | F140: 13237 | G140: 134694 | H140: 23890 | I140: 20237 | J140: 17215 | K140: 13129 | L140: 6863 | M140: 19019 | N140: 27676 | O140: 2512 | P140: 8882 | Q140: 10587 | R140: 13342 | S140: 8839 | T140: 11002 | U140: 44800 | V140: 12818 | W140: 9029 | X140: 8858 | Z140: 9905 | AA140: 14805 | AB140: 17384 | AC140: 9135 | AD140: 8226 | AE140: 16133 | AF140: 17445 | AH140: 4464 | AI140: 13830 | AJ140: 45825 | AK140: 7835 | AL140: 17994 | AM140: 7065 | AP140: 11682 | AQ140: 15737 | AR140: 7557
A141: 45632 | B141: 21455 | C141: 31829 | D141: 11296 | E141: 16790 | F141: 12963 | G141: 134888 | H141: 24075 | I141: 20282 | J141: 17290 | K141: 13204 | L141: 7047 | M141: 18779 | N141: 27178 | O141: 2482 | P141: 8981 | Q141: 10368 | R141: 13447 | S141: 8641 | T141: 10687 | U141: 45240 | V141: 12828 | W141: 8969 | X141: 8733 | Z141: 9760 | AA141: 14805 | AB141: 16904 | AC141: 9405 | AD141: 8201 | AE141: 16293 | AF141: 17520 | AH141: 4489 | AI141: 13942 | AJ141: 46040 | AK141: 7741 | AL141: 18224 | AM141: 6985 | AP141: 11678 | AQ141: 15505 | AR141: 7414
A142: 45635 | B142: 21780 | C142: 31036 | D142: 10733 | E142: 17905 | F142: 12519 | G142: 137708 | H142: 24645 | I142: 20707 | J142: 17440 | K142: 12603 | L142: 7082 | M142: 19049 | N142: 26325 | O142: 2377 | P142: 8648 | Q142: 10048 | R142: 13576 | S142: 8335 | T142: 9878 | U142: 45150 | V142: 12926 | W142: 8770 | X142: 8560 | Z142: 9835 | AA142: 14332 | AB142: 16215 | AC142: 9470 | AD142: 7766 | AE142: 15619 | AF142: 18020 | AH142: 4339 | AI142: 13432 | AJ142: 46685 | AK142: 7435 | AL142: 18852 | AM142: 6711 | AP142: 11797 | AQ142: 14863 | AR142: 7133
A143: 45636 | B143: 21500 | C143: 31666 | D143: 11237 | E143: 17595 | F143: 13088 | G143: 135640 | H143: 24390 | I143: 20382 | J143: 17520 | K143: 13229 | L143: 7357 | M143: 18755 | N143: 26769 | O143: 2607 | P143: 9001 | Q143: 10572 | R143: 13028 | S143: 8720 | T143: 10253 | U143: 44530 | V143: 12848 | W143: 8941 | X143: 8719 | Z143: 9690 | AA143: 14503 | AB143: 16686 | AC143: 9600 | AD143: 8136 | AE143: 16308 | AF143: 17830 | AH143: 4519 | AI143: 13490 | AJ143: 46285 | AK143: 7474 | AL143: 18328 | AM143: 7090 | AP143: 11692 | AQ143: 15495 | AR143: 7178
A144: 45637 | B144: 21550 | C144: 31996 | D144: 11306 | E144: 18050 | F144: 14016 | G144: 135924 | H144: 24600 | I144: 20427 | J144: 17740 | K144: 13253 | L144: 7252 | M144: 18445 | N144: 27479 | O144: 2661 | P144: 8927 | Q144: 11290 | R144: 12703 | S144: 8908 | T144: 10637 | U144: 43870 | V144: 12843 | W144: 9020 | X144: 8942 | Z144: 9510 | AA144: 14688 | AB144: 16919 | AC144: 9515 | AD144: 8191 | AE144: 16238 | AF144: 17955 | AH144: 4524 | AI144: 13738 | AJ144: 46285 | AK144: 7854 | AL144: 18393 | AM144: 7080 | AP144: 11735 | AQ144: 15722 | AR144: 7562
A145: 45638 | B145: 21675 | C145: 32454 | D145: 11541 | E145: 18865 | F145: 14156 | G145: 137952 | H145: 25195 | I145: 20732 | J145: 17835 | K145: 13536 | L145: 7387 | M145: 18884 | N145: 28352 | O145: 2671 | P145: 9160 | Q145: 11365 | R145: 13038 | S145: 8992 | T145: 10892 | U145: 43080 | V145: 12764 | W145: 9136 | X145: 9181 | Z145: 9830 | AA145: 14839 | AB145: 17211 | AC145: 9590 | AD145: 8246 | AE145: 16688 | AF145: 18430 | AH145: 4639 | AI145: 13859 | AJ145: 47465 | AK145: 7948 | AL145: 18797 | AM145: 7090 | AP145: 11687 | AQ145: 15989 | AR145: 7739
A146: 45639 | B146: 21625 | C146: 32602 | D146: 11560 | E146: 18480 | F146: 14335 | G146: 137972 | H146: 25165 | I146: 20732 | J146: 17660 | K146: 13467 | L146: 7177 | M146: 19079 | N146: 28396 | O146: 2696 | P146: 9150 | Q146: 11519 | R146: 13008 | S146: 8987 | T146: 11072 | U146: 42650 | V146: 12759 | W146: 9163 | X146: 9210 | Z146: 9920 | AA146: 14776 | AB146: 17072 | AC146: 9390 | AD146: 8616 | AE146: 16543 | AF146: 18435 | AH146: 4554 | AI146: 13733 | AJ146: 47735 | AK146: 7993 | AL146: 18687 | AM146: 7285 | AP146: 11658 | AQ146: 15955 | AR146: 7739
A147: 45642 | B147: 21630 | C147: 32483 | D147: 11575 | E147: 19385 | F147: 14216 | G147: 138664 | H147: 25215 | I147: 20841 | J147: 17490 | K147: 13452 | L147: 7032 | M147: 19438 | N147: 28667 | O147: 2711 | P147: 9190 | Q147: 11405 | R147: 12988 | S147: 9303 | T147: 10992 | U147: 42005 | V147: 12745 | W147: 9136 | X147: 9220 | Z147: 9970 | AA147: 14639 | AB147: 17399 | AC147: 9230 | AD147: 8511 | AE147: 16588 | AF147: 18590 | AH147: 4519 | AI147: 13582 | AJ147: 48010 | AK147: 8057 | AL147: 19006 | AM147: 7280 | AP147: 11644 | AQ147: 16123 | AR147: 7857
A148: 45643 | B148: 21720 | C148: 32109 | D148: 11451 | E148: 20375 | F148: 14101 | G148: 140847 | H148: 25700 | I148: 21181 | J148: 17500 | K148: 12827 | L148: 7042 | M148: 19801 | N148: 29155 | O148: 2691 | P148: 8773 | Q148: 11355 | R148: 13082 | S148: 9407 | T148: 10847 | U148: 41920 | V148: 12661 | W148: 9048 | X148: 9364 | Z148: 10035 | AA148: 14527 | AB148: 17493 | AC148: 9325 | AD148: 8216 | AE148: 15858 | AF148: 19070 | AH148: 4244 | AI148: 13334 | AJ148: 49165 | AK148: 8393 | AL148: 19699 | AM148: 7140 | AP148: 11610 | AQ148: 15974 | AR148: 8212
A149: 45644 | B149: 21660 | C149: 32562 | D149: 11511 | E149: 20470 | F149: 14186 | G149: 140214 | H149: 25660 | I149: 21076 | J149: 17300 | K149: 13025 | L149: 7142 | M149: 19542 | N149: 29446 | O149: 2656 | P149: 8927 | Q149: 11415 | R149: 12798 | S149: 9184 | T149: 10817 | U149: 42295 | V149: 12627 | W149: 9173 | X149: 9429 | Z149: 9930 | AA149: 14605 | AB149: 17429 | AC149: 9330 | AD149: 8406 | AE149: 16093 | AF149: 18960 | AH149: 4329 | AI149: 13645 | AJ149: 48730 | AK149: 8496 | AL149: 19684 | AM149: 7215 | AP149: 11572 | AQ149: 15885 | AR149: 8295
... A152: 45649 | B152: 21565 | C152: 31893 | D152: 11117 | E152: 18935 | F152: 15164 | G152: 138231 | H152: 25650 | I152: 20772 | J152: 17500 | K152: 12559 | L152: 7177 | M152: 19203 | N152: 28529 | O152: 2641 | P152: 8623 | Q152: 12352 | R152: 12853 | S152: 9249 | T152: 11427 | U152: 40595 | V152: 12553 | W152: 8997 | X152: 9141 | Z152: 9715 | AA152: 14547 | AB152: 17404 | AC152: 9340 | AD152: 8286 | AE152: 15509 | AF152: 18900 | AH152: 4174 | AI152: 13539 | AJ152: 47995 | AK152: 8447 | AL152: 19530 | AM152: 6995 | AP152: 11504 | AQ152: 15935 | AR152: 8236
A153: 45650 | B153: 21665 | C153: 31917 | D153: 11187 | E153: 19115 | F153: 15064 | G153: 138829 | H153: 25720 | I153: 20866 | J153: 17535 | K153: 12395 | L153: 7302 | M153: 19557 | N153: 28544 | O153: 2691 | P153: 8509 | Q153: 12262 | R153: 12843 | S153: 9189 | T153: 11332 | U153: 39980 | V153: 12573 | W153: 9006 | X153: 9151 | Z153: 9925 | AA153: 14551 | AB153: 17379 | AC153: 9475 | AD153: 8066 | AE153: 15284 | AF153: 18995 | AG153: 10280 | AH153: 4099 | AI153: 13577 | AJ153: 47700 | AK153: 8491 | AL153: 19470 | AM153: 7055 | AP153: 11567 | AQ153: 15826 | AR153: 8266
A154: 45652 | B154: 22055 | C154: 31730 | D154: 11142 | E154: 20450 | F154: 15648 | G154: 141977 | H154: 26330 | I154: 21351 | J154: 17745 | K154: 12127 | L154: 7352 | M154: 19911 | N154: 28233 | O154: 2646 | P154: 8335 | Q154: 12896 | R154: 13018 | S154: 9120 | T154: 11372 | U154: 39860 | V154: 12735 | W154: 8960 | X154: 9007 | Z154: 10055 | AA154: 14464 | AB154: 17181 | AC154: 9540 | AD154: 8176 | AE154: 14989 | AF154: 19430 | AG154: 10435 | AH154: 3965 | AI154: 13475 | AJ154: 48670 | AK154: 8279 | AL154: 20362 | AM154: 7065 | AP154: 11735 | AQ154: 15777 | AR154: 8069
A155: 45653 | B155: 22015 | C155: 31642 | D155: 11017 | E155: 20010 | F155: 15379 | G155: 141315 | H155: 26175 | I155: 21281 | J155: 17985 | K155: 12037 | L155: 7402 | M155: 19831 | N155: 28524 | O155: 2602 | P155: 8330 | Q155: 12627 | R155: 13033 | S155: 9091 | T155: 11137 | U155: 40200 | V155: 12764 | W155: 8937 | X155: 9126 | Z155: 10075 | AA155: 14277 | AB155: 17112 | AC155: 9610 | AD155: 8056 | AE155: 14904 | AF155: 19335 | AG155: 10325 | AH155: 3925 | AI155: 13334 | AJ155: 48335 | AK155: 8427 | AL155: 20173 | AM155: 7030 | AP155: 11764 | AQ155: 15490 | AR155: 8162
A156: 45656 | B156: 21905 | C156: 31558 | D156: 11237 | E156: 19280 | F156: 15334 | G156: 140373 | H156: 25885 | I156: 21106 | J156: 18155 | K156: 12117 | L156: 7407 | M156: 19786 | N156: 28534 | O156: 2651 | P156: 8340 | Q156: 12567 | R156: 12803 | S156: 9130 | T156: 11477 | U156: 39810 | V156: 12715 | W156: 8923 | X156: 9126 | Z156: 9980 | AA156: 14121 | AB156: 17082 | AC156: 9665 | AD156: 8171 | AE156: 14989 | AF156: 19235 | AG156: 10475 | AH156: 3950 | AI156: 13187 | AJ156: 47760 | AK156: 8447 | AL156: 19699 | AM156: 7285 | AP156: 11720 | AQ156: 15619 | AR156: 8162
A157: 45659 | B157: 21610 | C157: 31489 | D157: 11281 | E157: 18510 | F157: 15533 | G157: 137688 | H157: 25510 | I157: 20707 | J157: 18310 | K157: 11864 | L157: 7147 | M157: 19358 | N157: 28707 | O157: 2671 | P157: 8171 | Q157: 12726 | R157: 12768 | S157: 9555 | T157: 12261 | U157: 39720 | V157: 12686 | W157: 8918 | X157: 9190 | Z157: 9680 | AA157: 14106 | AB157: 17513 | AC157: 9185 | AD157: 7971 | AE157: 14604 | AF157: 18840 | AG157: 10829 | AH157: 3825 | AI157: 13168 | AJ157: 47150 | AK157: 8639 | AL157: 19051 | AM157: 7105 | AP157: 11562 | AQ157: 15861 | AR157: 8413
A158: 45660 | B158: 21515 | C158: 32119 | D158: 11715 | E158: 17830 | F158: 15159 | G158: 137015 | H158: 25335 | I158: 20597 | J158: 18305 | K158: 12420 | L158: 7137 | M158: 19487 | N158: 30077 | O158: 2686 | P158: 8489 | Q158: 12442 | R158: 13008 | S158: 9585 | T158: 12341 | U158: 40235 | V158: 12636 | W158: 9043 | X158: 9648 | Z158: 9875 | AA158: 14067 | AB158: 17657 | AC158: 9030 | AD158: 8116 | AE158: 15359 | AF158: 18835 | AG158: 10993 | AH158: 4084 | AI158: 13192 | AJ158: 47120 | AK158: 9153 | AL158: 18892 | AM158: 7245 | AP158: 11557 | AQ158: 16202 | AR158: 8921
A159: 45663 | B159: 21765 | C159: 32808 | D159: 11894 | E159: 18620 | F159: 15274 | G159: 139103 | H159: 25745 | I159: 20926 | J159: 18295 | K159: 12698 | L159: 7157 | M159: 20101 | N159: 31655 | O159: 2681 | P159: 8623 | Q159: 12547 | R159: 13501 | S159: 9624 | T159: 12231 | U159: 39320 | V159: 12720 | W159: 9159 | X159: 10164 | Z159: 10440 | AA159: 14096 | AB159: 17726 | AC159: 9025 | AD159: 8046 | AE159: 15668 | AF159: 19105 | AG159: 11033 | AH159: 4189 | AI159: 13329 | AJ159: 47680 | AK159: 9518 | AL159: 19943 | AM159: 7300 | AP159: 11644 | AQ159: 16404 | AR159: 9241
A160: 45664 | B160: 21610 | C160: 32818 | D160: 11924 | E160: 18250 | F160: 16003 | G160: 138724 | H160: 25735 | I160: 20861 | J160: 18095 | K160: 12747 | L160: 6998 | M160: 20240 | N160: 31276 | O160: 2701 | P160: 8653 | Q160: 13035 | R160: 13736 | S160: 9683 | T160: 12461 | U160: 39295 | V160: 12528 | W160: 9140 | X160: 10010 | Z160: 10795 | AA160: 14150 | AB160: 17929 | AC160: 8915 | AD160: 8251 | AE160: 15644 | AF160: 19140 | AG160: 11502 | AH160: 4174 | AI160: 13339 | AJ160: 48055 | AK160: 9390 | AL160: 19854 | AM160: 7475 | AP160: 11504 | AQ160: 16394 | AR160: 9058
A161: 45665 | B161: 21480 | C161: 33133 | D161: 11959 | E161: 17680 | F161: 16537 | G161: 137165 | H161: 25400 | I161: 20612 | J161: 18125 | K161: 12956 | L161: 6958 | M161: 20011 | N161: 32380 | O161: 2716 | P161: 8802 | Q161: 13459 | R161: 13571 | S161: 9599 | T161: 12336 | U161: 38385 | V161: 12548 | W161: 9224 | X161: 10452 | Z161: 10310 | AA161: 14184 | AB161: 17771 | AC161: 8835 | AD161: 8141 | AE161: 15938 | AF161: 18900 | AG161: 11761 | AH161: 4284 | AI161: 13358 | AJ161: 47620 | AK161: 9824 | AL161: 19166 | AM161: 7495 | AP161: 11490 | AQ161: 16325 | AR161: 9551
A162: 45666 | B162: 21500 | C162: 33158 | D162: 11984 | E162: 17550 | F162: 16701 | G162: 136956 | H162: 25220 | I162: 20597 | J162: 18270 | K162: 12961 | L162: 6998 | M162: 19851 | N162: 32558 | O162: 2736 | P162: 8638 | Q162: 13599 | R162: 13452 | S162: 9945 | T162: 12311 | U162: 38390 | V162: 12572 | W162: 9228 | X162: 10477 | Z162: 10255 | AA162: 14287 | AB162: 18004 | AC162: 8970 | AD162: 8016 | AE162: 15833 | AF162: 18835 | AG162: 11846 | AH162: 4349 | AI162: 13451 | AJ162: 47130 | AK162: 9814 | AL162: 18503 | AM162: 7510 | AP162: 11557 | AQ162: 16666 | AR162: 9580
A163: 45667 | B163: 21530 | C163: 33109 | D163: 11894 | E163: 17775 | F163: 16936 | G163: 137050 | H163: 25190 | I163: 20602 | J163: 18395 | K163: 12707 | L163: 6923 | M163: 19881 | N163: 32365 | O163: 2671 | P163: 8474 | Q163: 13793 | R163: 13596 | S163: 9841 | T163: 11941 | U163: 38030 | V163: 12607 | W163: 9224 | X163: 10348 | Z163: 10340 | AA163: 14307 | AB163: 18187 | AC163: 8985 | AD163: 8296 | AE163: 15469 | AF163: 18720 | AG163: 11826 | AH163: 4214 | AI163: 13534 | AJ163: 47070 | AK163: 9647 | AL163: 18563 | AM163: 7480 | AP163: 11596 | AQ163: 16661 | AR163: 9369
A164: 45670 | B164: 21275 | C164: 32671 | D164: 11675 | E164: 17355 | F164: 16726 | G164: 135356 | H164: 24865 | I164: 20342 | J164: 18570 | K164: 12519 | L164: 6868 | M164: 19368 | N164: 31335 | O164: 2676 | P164: 8365 | Q164: 13574 | R164: 13945 | S164: 9851 | T164: 12056 | U164: 37815 | V164: 12508 | W164: 9159 | X164: 10030 | Z164: 10085 | AA164: 14326 | AB164: 18142 | AC164: 8940 | AD164: 8371 | AE164: 15299 | AF164: 18475 | AG164: 11931 | AH164: 4134 | AI164: 13612 | AJ164: 46060 | AK164: 9355 | AL164: 18278 | AM164: 7410 | AP164: 11509 | AQ164: 16557 | AR164: 9088
... A169: 45677 | B169: 21700 | C169: 33109 | D169: 12114 | E169: 18540 | F169: 18074 | G169: 137972 | H169: 25040 | I169: 20737 | J169: 18310 | K169: 13392 | L169: 7402 | M169: 20180 | N169: 32898 | O169: 2721 | P169: 8912 | Q169: 14432 | R169: 14559 | S169: 10716 | T169: 11936 | U169: 38990 | V169: 12804 | W169: 9234 | X169: 10398 | Z169: 10360 | AA169: 14282 | AB169: 19237 | AC169: 9360 | AD169: 8756 | AE169: 16313 | AF169: 18695 | AG169: 12693 | AH169: 4474 | AI169: 13661 | AJ169: 47165 | AK169: 9809 | AL169: 19021 | AM169: 7450 | AP169: 11727 | AQ169: 17422 | AR169: 9541
A170: 45678 | B170: 21555 | C170: 33138 | D170: 12104 | E170: 18615 | F170: 18723 | G170: 137095 | H170: 24920 | I170: 20612 | J170: 18400 | K170: 12747 | L170: 7486 | M170: 20140 | N170: 33573 | O170: 2761 | P170: 8489 | Q170: 15010 | R170: 14559 | S170: 10741 | T170: 12321 | U170: 39745 | V170: 12745 | W170: 9239 | X170: 10601 | Z170: 10365 | AA170: 14307 | AB170: 19381 | AC170: 9405 | AD170: 8711 | AE170: 15429 | AF170: 18570 | AG170: 12808 | AH170: 4169 | AI170: 13744 | AJ170: 47150 | AK170: 10150 | AL170: 18931 | AM170: 7470 | AN170: 9980 | AP170: 11645 | AQ170: 17091 | AR170: 9802
A171: 45679 | B171: 21715 | C171: 33517 | D171: 12223 | E171: 18575 | F171: 18244 | G171: 138311 | H171: 25100 | I171: 20866 | J171: 18515 | K171: 12946 | L171: 7267 | M171: 20390 | N171: 34540 | O171: 2746 | P171: 8678 | Q171: 14522 | R171: 15312 | S171: 11210 | T171: 12351 | U171: 39555 | V171: 12774 | W171: 9348 | X171: 10994 | Z171: 10775 | AA171: 14371 | AB171: 20312 | AC171: 9230 | AD171: 8781 | AE171: 15808 | AF171: 18740 | AG171: 12718 | AH171: 4264 | AI171: 13842 | AJ171: 48265 | AK171: 10511 | AL171: 19305 | AM171: 7599 | AN171: 10145 | AP171: 11713 | AQ171: 17560 | AR171: 10201
A172: 45680 | B172: 21780 | C172: 33158 | D172: 12153 | E172: 18275 | F172: 17360 | G172: 139003 | H172: 25270 | I172: 20896 | J172: 18495 | K172: 12737 | L172: 7162 | M172: 20554 | N172: 33800 | O172: 2686 | P172: 8489 | Q172: 13803 | R172: 15611 | S172: 11373 | T172: 12151 | U172: 39425 | V172: 12690 | W172: 9258 | X172: 10726 | Z172: 11145 | AA172: 14351 | AB172: 20555 | AC172: 9200 | AD172: 8766 | AE172: 15484 | AF172: 18865 | AG172: 12469 | AH172: 4204 | AI172: 13852 | AJ172: 48585 | AK172: 10180 | AL172: 19231 | AM172: 7679 | AN172: 10150 | AP172: 11732 | AQ172: 17382 | AR172: 9885
A173: 45681 | B173: 21765 | C173: 33355 | D173: 12268 | E173: 18145 | F173: 17949 | G173: 138779 | H173: 25265 | I173: 20886 | J173: 18545 | K173: 12688 | L173: 7402 | M173: 20424 | N173: 33928 | O173: 2666 | P173: 8459 | Q173: 14302 | R173: 15911 | S173: 11907 | T173: 12651 | U173: 39030 | V173: 12705 | W173: 9324 | X173: 10790 | Z173: 10985 | AA173: 14366 | AB173: 21427 | AC173: 9345 | AD173: 8971 | AE173: 15429 | AF173: 18880 | AG173: 13122 | AH173: 4179 | AI173: 13842 | AJ173: 49070 | AK173: 10372 | AL173: 19186 | AM173: 7829 | AN173: 10080 | AP173: 11780 | AQ173: 18024 | AR173: 9964
A174: 45688 | B174: 22010 | C174: 33029 | D174: 12273 | E174: 17585 | F174: 18034 | G174: 139392 | H174: 25165 | I174: 20966 | J174: 18975 | K174: 12633 | L174: 7826 | M174: 19386 | N174: 32045 | O174: 2661 | P174: 8390 | Q174: 14472 | R174: 14372 | S174: 11047 | T174: 12456 | U174: 39600 | V174: 12854 | W174: 9249 | X174: 10144 | Z174: 9835 | AA174: 14656 | AB174: 20431 | AC174: 9425 | AD174: 8996 | AE174: 15349 | AF174: 18765 | AG174: 12948 | AH174: 4174 | AI174: 14220 | AJ174: 48165 | AK174: 9780 | AL174: 18767 | AM174: 7884 | AN174: 9750 | AP174: 12066 | AQ174: 17407 | AR174: 9403
A175: 45691 | B175: 21605 | C175: 32126 | D175: 11770 | E175: 17210 | F175: 17949 | G175: 136177 | H175: 24370 | I175: 20492 | J175: 19685 | K175: 11869 | L175: 7661 | M175: 18687 | N175: 30408 | O175: 2572 | P175: 7912 | Q175: 14412 | R175: 13523 | S175: 10686 | T175: 12111 | U175: 39890 | V175: 12700 | W175: 9012 | X175: 9702 | Z175: 9535 | AA175: 14489 | AB175: 20050 | AC175: 9170 | AD175: 9051 | AE175: 14404 | AF175: 18240 | AG175: 12678 | AH175: 3865 | AI175: 13960 | AJ175: 46665 | AK175: 9212 | AL175: 18154 | AM175: 7699 | AN175: 9475 | AP175: 12047 | AQ175: 16888 | AR175: 8891
A176: 45692 | B176: 21765 | C176: 32526 | D176: 12084 | E176: 16950 | F176: 18718 | G176: 137802 | H176: 24615 | I176: 20732 | J176: 20210 | K176: 11759 | L176: 8005 | M176: 18931 | N176: 30718 | O176: 2646 | P176: 7793 | Q176: 14955 | R176: 13763 | S176: 10983 | T176: 12721 | U176: 39445 | V176: 12745 | W176: 9116 | X176: 9802 | Z176: 9620 | AA176: 14577 | AB176: 20476 | AC176: 9395 | AD176: 9361 | AE176: 14250 | AF176: 18505 | AG176: 13282 | AH176: 3840 | AI176: 14136 | AJ176: 47385 | AK176: 9178 | AL176: 18498 | AM176: 7829 | AN176: 9535 | AP176: 12061 | AQ176: 16992 | AR176: 8817
A177: 45693 | B177: 21600 | C177: 32911 | D177: 12298 | E177: 17260 | F177: 18299 | G177: 137304 | H177: 24485 | I177: 20652 | J177: 21300 | K177: 12077 | L177: 7895 | M177: 18891 | N177: 31399 | O177: 2641 | P177: 8032 | Q177: 14611 | R177: 13393 | S177: 10785 | T177: 12786 | U177: 40090 | V177: 12596 | W177: 9197 | X177: 10000 | Z177: 9585 | AA177: 14582 | AB177: 20223 | AC177: 9385 | AD177: 9435 | AE177: 14674 | AF177: 18425 | AG177: 13077 | AH177: 3960 | AI177: 14131 | AJ177: 47975 | AK177: 9419 | AL177: 18548 | AM177: 7939 | AN177: 9440 | AP177: 11950 | AQ177: 16982 | AR177: 9029
A178: 45694 | B178: 21870 | C178: 33242 | D178: 12472 | E178: 17100 | F178: 18114 | G178: 139412 | H178: 24790 | I178: 20966 | J178: 20880 | K178: 12022 | L178: 8055 | M178: 19346 | N178: 32336 | O178: 2701 | P178: 7992 | Q178: 14487 | R178: 13843 | S178: 11086 | T178: 13385 | U178: 41140 | V178: 12710 | W178: 9272 | X178: 10194 | Z178: 10080 | AA178: 14558 | AB178: 20471 | AC178: 9715 | AD178: 9410 | AE178: 14634 | AF178: 18610 | AG178: 13596 | AH178: 3940 | AI178: 13915 | AJ178: 48685 | AK178: 9696 | AL178: 18677 | AM178: 8094 | AN178: 9605 | AP178: 12056 | AQ178: 17194 | AR178: 9285
A179: 45695 | B179: 21865 | C179: 33024 | D179: 12522 | E179: 16990 | F179: 18069 | G179: 139557 | H179: 24800 | I179: 20986 | J179: 20765 | K179: 11864 | L179: 8190 | M179: 19356 | N179: 32809 | O179: 2666 | P179: 7892 | Q179: 14517 | R179: 13773 | S179: 10815 | T179: 13585 | U179: 41090 | V179: 12626 | W179: 9206 | X179: 10219 | Z179: 10165 | AA179: 14479 | AB179: 20064 | AC179: 9940 | AD179: 9390 | AE179: 14429 | AF179: 18595 | AG179: 13496 | AH179: 3895 | AI179: 13866 | AJ179: 48520 | AK179: 9681 | AL179: 18697 | AM179: 8214 | AN179: 9635 | AP179: 12027 | AQ179: 16839 | AR179: 9285
A180: 45698 | B180: 21805 | C180: 33094 | D180: 12602 | E180: 16625 | F180: 17370 | G180: 139003 | H180: 24655 | I180: 20911 | J180: 21810 | K180: 11993 | L180: 8514 | M180: 19251 | N180: 33263 | O180: 2646 | P180: 7957 | Q180: 13963 | R180: 13898 | S180: 10459 | T180: 13470 | U180: 40715 | V180: 12577 | W180: 9225 | X180: 10333 | Z180: 10080 | AA180: 14430 | AB180: 19708 | AC180: 10095 | AD180: 9570 | AE180: 14579 | AF180: 18465 | AG180: 13117 | AH180: 3935 | AI180: 13896 | AJ180: 48515 | AK180: 9706 | AL180: 18612 | AM180: 8129 | AN180: 9565 | AP180: 12018 | AQ180: 16607 | AR180: 9329
A181: 45699 | B181: 21860 | C181: 33355 | D181: 12567 | E181: 16210 | F181: 17939 | G181: 139701 | H181: 24730 | I181: 21006 | J181: 22795 | K181: 11893 | L181: 8399 | M181: 19356 | N181: 33287 | O181: 2666 | P181: 7907 | Q181: 14397 | R181: 14117 | S181: 10632 | T181: 14140 | U181: 40340 | V181: 12606 | W181: 9277 | X181: 10368 | Z181: 10190 | AA181: 14425 | AB181: 20055 | AC181: 10035 | AD181: 9925 | AE181: 14474 | AF181: 18480 | AG181: 14189 | AH181: 3890 | AI181: 13817 | AJ181: 48695 | AK181: 9740 | AL181: 18712 | AM181: 8144 | AN181: 9575 | AP181: 12003 | AQ181: 16789 | AR181: 9319
... A241: 45789 | B241: 20015 | C241: 34750 | D241: 11670 | E241: 14140 | F241: 22500 | G241: 127490 | H241: 21975 | I241: 19180 | J241: 20840 | K241: 10570 | L241: 8280 | M241: 16960 | N241: 31170 | O241: 3380 | P241: 7095 | Q241: 18065 | R241: 12575 | S241: 10790 | T241: 21580 | U241: 38050 | V241: 11525 | W241: 9610 | X241: 9770 | Z241: 8070 | AA241: 15784 | AB241: 22155 | AC241: 9845 | AD241: 10905 | AE241: 13050 | AF241: 16330 | AG241: 20365 | AH241: 3510 | AI241: 15008 | AJ241: 45755 | AK241: 8400 | AL241: 16885 | AM241: 6910 | AN241: 8475 | AP241: 11272 | AQ241: 18110 | AR241: 7855
A242: 45790 | B242: 20490 | C242: 34830 | D242: 11785 | E242: 14300 | F242: 22855 | G242: 130640 | H242: 22580 | I242: 19645 | J242: 20840 | K242: 10300 | L242: 8325 | M242: 17660 | N242: 31485 | O242: 3405 | P242: 6920 | Q242: 18360 | R242: 12815 | S242: 10940 | T242: 21385 | U242: 37910 | V242: 11854 | W242: 9640 | X242: 9820 | Y242: 10175 | Z242: 8400 | AA242: 15843 | AB242: 22280 | AC242: 9985 | AD242: 10995 | AE242: 12650 | AF242: 16815 | AG242: 20495 | AH242: 3430 | AI242: 15038 | AJ242: 46185 | AK242: 8560 | AL242: 17210 | AM242: 7035 | AN242: 8730 | AO242: 10090 | AP242: 11470 | AQ242: 18310 | AR242: 7935
A243: 45791 | B243: 20765 | C243: 35295 | D243: 11865 | E243: 15345 | F243: 23235 | G243: 133860 | H243: 23330 | I243: 20120 | J243: 20705 | K243: 10285 | L243: 8425 | M243: 18500 | N243: 32110 | O243: 3485 | P243: 6900 | Q243: 18690 | R243: 13470 | S243: 11320 | T243: 21735 | U243: 37620 | V243: 11849 | W243: 9680 | X243: 9995 | Y243: 10260 | Z243: 8650 | AA243: 15933 | AB243: 22865 | AC243: 10040 | AD243: 11375 | AE243: 12665 | AF243: 17375 | AG243: 21075 | AH243: 3400 | AI243: 15153 | AJ243: 47685 | AK243: 8735 | AL243: 18080 | AM243: 6980 | AN243: 8945 | AO243: 9945 | AP243: 11505 | AQ243: 19535 | AR243: 8110
A244: 45792 | B244: 20360 | C244: 35035 | D244: 11770 | E244: 15305 | F244: 23340 | G244: 131735 | H244: 23060 | I244: 19805 | J244: 19960 | K244: 10135 | L244: 8185 | M244: 18110 | N244: 31465 | O244: 3435 | P244: 6800 | Q244: 18760 | R244: 13150 | S244: 11320 | T244: 22000 | U244: 37140 | V244: 11505 | W244: 9635 | X244: 9850 | Y244: 10045 | Z244: 8565 | AA244: 15863 | AB244: 22980 | AC244: 9855 | AD244: 11370 | AE244: 12480 | AF244: 17200 | AG244: 21255 | AH244: 3345 | AI244: 15178 | AJ244: 47670 | AK244: 8495 | AL244: 17960 | AM244: 6955 | AN244: 8760 | AO244: 9585 | AP244: 11265 | AQ244: 19410 | AR244: 7935
A245: 45793 | B245: 20410 | C245: 35165 | D245: 11625 | E245: 15030 | F245: 23325 | G245: 131440 | H245: 22910 | I245: 19765 | J245: 20335 | K245: 9805 | L245: 8110 | M245: 17955 | N245: 31880 | O245: 3425 | P245: 6570 | Q245: 18870 | R245: 13105 | S245: 11490 | T245: 22570 | U245: 38055 | V245: 11654 | W245: 9685 | X245: 10030 | Y245: 9990 | Z245: 8545 | AA245: 15933 | AB245: 24010 | AC245: 9895 | AD245: 11325 | AE245: 12015 | AF245: 17025 | AG245: 21580 | AH245: 3250 | AI245: 15198 | AJ245: 47655 | AK245: 8700 | AL245: 17825 | AM245: 6895 | AN245: 8755 | AO245: 9690 | AP245: 11345 | AQ245: 20090 | AR245: 8190
A246: 45796 | B246: 20465 | C246: 34770 | D246: 11450 | E246: 14725 | F246: 23230 | G246: 131240 | H246: 22670 | I246: 19735 | J246: 20545 | K246: 9815 | L246: 8120 | M246: 17710 | N246: 30935 | O246: 3390 | P246: 6590 | Q246: 18775 | R246: 13005 | S246: 11240 | T246: 22195 | U246: 36625 | V246: 11694 | W246: 9550 | X246: 9735 | Y246: 10080 | Z246: 8280 | AA246: 15843 | AB246: 23840 | AC246: 9815 | AD246: 11130 | AE246: 12090 | AF246: 16845 | AG246: 21265 | AH246: 3260 | AI246: 15173 | AJ246: 47090 | AK246: 8340 | AL246: 17690 | AM246: 6880 | AN246: 8780 | AO246: 9455 | AP246: 11320 | AQ246: 19985 | AR246: 7825
A247: 45797 | B247: 20545 | C247: 34840 | D247: 11405 | E247: 14985 | F247: 22755 | G247: 131805 | H247: 22910 | I247: 19830 | J247: 20355 | K247: 9430 | L247: 8180 | M247: 17775 | N247: 30965 | O247: 3505 | P247: 6355 | Q247: 18205 | R247: 13340 | S247: 11700 | T247: 22025 | U247: 37710 | V247: 11709 | W247: 9600 | X247: 9765 | Y247: 10215 | Z247: 8465 | AA247: 16003 | AB247: 24980 | AC247: 9945 | AD247: 11430 | AE247: 11585 | AF247: 17035 | AG247: 20760 | AH247: 3110 | AI247: 15347 | AJ247: 47625 | AK247: 8355 | AL247: 17820 | AM247: 6920 | AN247: 8750 | AO247: 9400 | AP247: 11415 | AQ247: 20360 | AR247: 7830
A248: 45798 | B248: 20370 | C248: 35060 | D248: 11545 | E248: 15085 | F248: 23585 | G248: 130835 | H248: 22705 | I248: 19675 | J248: 20815 | K248: 9385 | L248: 8165 | M248: 17705 | N248: 30935 | O248: 3530 | P248: 6325 | Q248: 18680 | R248: 13240 | S248: 11780 | T248: 22935 | U248: 36690 | V248: 11630 | W248: 9655 | X248: 9720 | Y248: 10270 | Z248: 8430 | AA248: 16087 | AB248: 25485 | AC248: 10110 | AD248: 11540 | AE248: 11530 | AF248: 16870 | AG248: 21370 | AH248: 3080 | AI248: 15397 | AJ248: 47290 | AK248: 8355 | AL248: 17715 | AM248: 7120 | AN248: 8695 | AO248: 9245 | AP248: 11340 | AQ248: 20470 | AR248: 7840
A249: 45799 | B249: 20055 | C249: 34610 | D249: 11525 | E249: 14610 | F249: 23080 | G249: 129385 | H249: 22490 | I249: 19445 | J249: 20885 | K249: 9325 | L249: 8020 | M249: 17435 | N249: 30200 | O249: 3495 | P249: 6310 | Q249: 18385 | R249: 13115 | S249: 11830 | T249: 22730 | U249: 35860 | V249: 11420 | W249: 9555 | X249: 9460 | Y249: 10100 | Z249: 8285 | AA249: 16028 | AB249: 25325 | AC249: 10000 | AD249: 11645 | AE249: 11445 | AF249: 16745 | AG249: 20660 | AH249: 3060 | AI249: 15312 | AJ249: 47365 | AK249: 8155 | AL249: 17395 | AM249: 7030 | AN249: 8550 | AO249: 9200 | AP249: 11200 | AQ249: 19720 | AR249: 7595
...

Sheet Sheet2
A1: Refresh | B1: Last Update : 2025-05-30 15:34:56
A2: 0
A3: Time Series (Company)
A4: Frequency | B4: D | C4: Ascending | D4: 0
A5: Period(From) | B5: 20240514 | C5: Korean | D5: 0
A6: Period(To) | B6: 20250530 | D6: 0
A8: Code | B8: A360750 | C8: A069500 | D8: A229200 | E8: A457480 | F8: A466920 | G8: A133690 | H8: A381170 | I8: A379810 | J8: A411060 | K8: A305720 | L8: A371160 | M8: A381180 | N8: A091160 | O8: A228790 | P8: A364980 | Q8: A494670 | R8: A487230 | S8: A487240 | T8: A463250 | U8: A458250 | V8: A458730 | W8: A498400 | X8: A396500 | Y8: A0047A0 | Z8: A483320 | AA8: A161510 | AB8: A434730 | AC8: A371460 | AD8: A475050 | AE8: A305540 | AF8: A465580 | AG8: A0000J0 | AH8: A462010 | AI8: A466940 | AJ8: A314250 | AK8: A471990 | AL8: A473460 | AM8: A364970 | AN8: A0008E0 | AO8: A0048K0 | AP8: A441640 | AQ8: A385510 | AR8: A471760
A9: Name | B9: TIGER 미국S&P500 | C9: KODEX 200 | D9: KODEX 코스닥150 | E9: ACE 테슬라밸류체인액티브 | F9: SOL 조선TOP3플러스 | G9: TIGER 미국나스닥100 | H9: TIGER 미국테크TOP10 INDXX | I9: KODEX 미국나스닥100 | J9: ACE KRX금현물 | K9: KODEX 2차전지산업 | L9: TIGER 차이나항셍테크 | M9: TIGER 미국필라델피아반도체나스닥 | N9: KODEX 반도체 | O9: TIGER 화장품 | P9: TIGER 2차전지TOP10 | Q9: TIGER 조선TOP10 | R9: KODEX 미국AI전력핵심인프라 | S9: KODEX AI전력핵심설비 | T9: TIGER K방산&우주 | U9: TIGER 미국30년국채스트립액티브(합성 H) | V9: TIGER 미국배당다우존스 | W9: KODEX 200타겟위클리커버드콜 | X9: TIGER Fn반도체TOP10 | Y9: TIGER 차이나테크TOP10 | Z9: ACE 엔비디아밸류체인액티브 | AA9: PLUS 고배당주 | AB9: HANARO 원자력iSelect | AC9: TIGER 차이나전기차SOLACTIVE | AD9: ACE KPOP포커스 | AE9: TIGER 2차전지테마 | AF9: ACE 미국빅테크TOP7 Plus | AG9: PLUS 한화그룹주 | AH9: TIGER 2차전지소재Fn | AI9: TIGER 은행고배당플러스TOP10 | AJ9: KODEX 미국빅테크10(H) | AK9: KODEX AI반도체핵심장비 | AL9: KODEX 미국서학개미 | AM9: TIGER 바이오TOP10 | AN9: ACE 미국중심중소형제조업 | AO9: KODEX 차이나휴머노이드로봇 | AP9: KODEX 미국배당커버드콜액티브 | AQ9: KODEX 신재생에너지액티브 | AR9: TIGER AI반도체핵심공정
A10: Item Code | B10: S100100 | C10: S100300 | D10: S100300 | E10: S100300 | F10: S100300 | G10: S100300 | H10: S100300 | I10: S100300 | J10: S100300 | K10: S100300 | L10: S100300 | M10: S100300 | N10: S100300 | O10: S100300 | P10: S100300 | Q10: S100300 | R10: S100300 | S10: S100300 | T10: S100300 | U10: S100300 | V10: S100300 | W10: S100300 | X10: S100300 | Y10: S100300 | Z10: S100300 | AA10: S100300 | AB10: S100300 | AC10: S100300 | AD10: S100300 | AE10: S100300 | AF10: S100300 | AG10: S100300 | AH10: S100300 | AI10: S100300 | AJ10: S100300 | AK10: S100300 | AL10: S100300 | AM10: S100300 | AN10: S100300 | AO10: S100300 | AP10: S100300 | AQ10: S100300 | AR10: S100300
A11: Unit | B11: Local/Shares | C11: Local/Shares | D11: Local/Shares | E11: Local/Shares | F11: Local/Shares | G11: Local/Shares | H11: Local/Shares | I11: Local/Shares | J11: Local/Shares | K11: Local/Shares | L11: Local/Shares | M11: Local/Shares | N11: Local/Shares | O11: Local/Shares | P11: Local/Shares | Q11: Local/Shares | R11: Local/Shares | S11: Local/Shares | T11: Local/Shares | U11: Local/Shares | V11: Local/Shares | W11: Local/Shares | X11: Local/Shares | Y11: Local/Shares | Z11: Local/Shares | AA11: Local/Shares | AB11: Local/Shares | AC11: Local/Shares | AD11: Local/Shares | AE11: Local/Shares | AF11: Local/Shares | AG11: Local/Shares | AH11: Local/Shares | AI11: Local/Shares | AJ11: Local/Shares | AK11: Local/Shares | AL11: Local/Shares | AM11: Local/Shares | AN11: Local/Shares | AO11: Local/Shares | AP11: Local/Shares | AQ11: Local/Shares | AR11: Local/Shares
A12: Base Date
A14: D A T E | B14: 종가 | C14: 수정주가 | D14: 수정주가 | E14: 수정주가 | F14: 수정주가 | G14: 수정주가 | H14: 수정주가 | I14: 수정주가 | J14: 수정주가 | K14: 수정주가 | L14: 수정주가 | M14: 수정주가 | N14: 수정주가 | O14: 수정주가 | P14: 수정주가 | Q14: 수정주가 | R14: 수정주가 | S14: 수정주가 | T14: 수정주가 | U14: 수정주가 | V14: 수정주가 | W14: 수정주가 | X14: 수정주가 | Y14: 수정주가 | Z14: 수정주가 | AA14: 수정주가 | AB14: 수정주가 | AC14: 수정주가 | AD14: 수정주가 | AE14: 수정주가 | AF14: 수정주가 | AG14: 수정주가 | AH14: 수정주가 | AI14: 수정주가 | AJ14: 수정주가 | AK14: 수정주가 | AL14: 수정주가 | AM14: 수정주가 | AN14: 수정주가 | AO14: 수정주가 | AP14: 수정주가 | AQ14: 수정주가 | AR14: 수정주가
A15: 45425 | B15: 17835 | C15: 36309 | D15: 13793 | E15: 9695 | F15: 11211 | G15: 110245 | H15: 18415 | I15: 16553 | J15: 14830 | K15: 19359 | L15: 6050 | M15: 17326 | N15: 40363 | O15: 3085 | P15: 12612 | T15: 12036 | U15: 41825 | V15: 11130 | X15: 12795 | AA15: 13249 | AB15: 16636 | AC15: 8015 | AD15: 7646 | AE15: 22903 | AF15: 13435 | AH15: 6871 | AI15: 12685 | AJ15: 36770 | AK15: 13468 | AL15: 11255 | AM15: 6446 | AP15: 10050 | AQ15: 18706 | AR15: 12583
A16: 45426 | B16: 17810 | C16: 36383 | D16: 13917 | E16: 9875 | F16: 11141 | G16: 110225 | H16: 18420 | I16: 16553 | J16: 14760 | K16: 19538 | L16: 6130 | M16: 17336 | N16: 40609 | O16: 3090 | P16: 12751 | T16: 12096 | U16: 41835 | V16: 11159 | X16: 12849 | AA16: 13235 | AB16: 16542 | AC16: 8010 | AD16: 7781 | AE16: 23158 | AF16: 13430 | AH16: 6961 | AI16: 12487 | AJ16: 36855 | AK16: 13626 | AL16: 11330 | AM16: 6446 | AP16: 10045 | AQ16: 18508 | AR16: 12711
A17: 45428 | B17: 17815 | C17: 36730 | D17: 13992 | E17: 9890 | F17: 11141 | G17: 110950 | H17: 18545 | I17: 16653 | J17: 14820 | K17: 19746 | L17: 6085 | M17: 17788 | N17: 41319 | O17: 3095 | P17: 12865 | T17: 12101 | U17: 43285 | V17: 11102 | X17: 13048 | AA17: 13477 | AB17: 16953 | AC17: 7790 | AD17: 7891 | AE17: 23338 | AF17: 13580 | AH17: 7050 | AI17: 12780 | AJ17: 37620 | AK17: 14045 | AL17: 11440 | AM17: 6531 | AP17: 9977 | AQ17: 19160 | AR17: 13066
A18: 45429 | B18: 17910 | C18: 36300 | D18: 13344 | E18: 9955 | F18: 10806 | G18: 111417 | H18: 18590 | I18: 16738 | J18: 14880 | K18: 19453 | L18: 6125 | M18: 17847 | N18: 40777 | O18: 3090 | P18: 12632 | T18: 11806 | U18: 43095 | V18: 11102 | X18: 12884 | AA18: 13367 | AB18: 16919 | AC18: 7825 | AD18: 7986 | AE18: 23048 | AF18: 13615 | AH18: 6975 | AI18: 12648 | AJ18: 37610 | AK18: 13803 | AL18: 11504 | AM18: 6201 | AP18: 10014 | AQ18: 18933 | AR18: 12849
A19: 45432 | B19: 17955 | C19: 36602 | D19: 13374 | E19: 10090 | F19: 10672 | G19: 111571 | H19: 18620 | I19: 16753 | J19: 15300 | K19: 19299 | L19: 6220 | M19: 17828 | N19: 40945 | O19: 3110 | P19: 12502 | T19: 11911 | U19: 42685 | V19: 11159 | X19: 13048 | AA19: 13500 | AB19: 17513 | AC19: 7890 | AD19: 7816 | AE19: 22938 | AF19: 13650 | AH19: 6931 | AI19: 12879 | AJ19: 37650 | AK19: 13912 | AL19: 11514 | AM19: 6201 | AP19: 10072 | AQ19: 19911 | AR19: 13046
A20: 45433 | B20: 18045 | C20: 36412 | D20: 13389 | E20: 9975 | F20: 10657 | G20: 112614 | H20: 18760 | I20: 16913 | J20: 15225 | K20: 18843 | L20: 5990 | M20: 18205 | N20: 41196 | O20: 3210 | P20: 12134 | T20: 11861 | U20: 42415 | V20: 11140 | X20: 13077 | AA20: 13434 | AB20: 17255 | AC20: 7815 | AD20: 7726 | AE20: 22384 | AF20: 13775 | AH20: 6746 | AI20: 12836 | AJ20: 37950 | AK20: 14026 | AL20: 11644 | AM20: 6181 | AP20: 10072 | AQ20: 19521 | AR20: 13159
A21: 45434 | B21: 18080 | C21: 36412 | D21: 13424 | E21: 10375 | F21: 10337 | G21: 112972 | H21: 18900 | I21: 16958 | J21: 15150 | K21: 18788 | L21: 6060 | M21: 18239 | N21: 41492 | O21: 3170 | P21: 12124 | T21: 11756 | U21: 42515 | V21: 11102 | X21: 13246 | AA21: 13306 | AB21: 17241 | AC21: 7920 | AD21: 7666 | AE21: 22389 | AF21: 13800 | AH21: 6741 | AI21: 12586 | AJ21: 38210 | AK21: 14159 | AL21: 11828 | AM21: 6117 | AP21: 10072 | AQ21: 19551 | AR21: 13253
A22: 45435 | B22: 18130 | C22: 36412 | D22: 13384 | E22: 10250 | F22: 10477 | G22: 113777 | H22: 19105 | I22: 17082 | J22: 14860 | K22: 18758 | L22: 5895 | M22: 18701 | N22: 41739 | O22: 3190 | P22: 12085 | T22: 11741 | U22: 42820 | V22: 11078 | X22: 13266 | AA22: 13282 | AB22: 17414 | AC22: 7770 | AD22: 8171 | AE22: 22359 | AF22: 13960 | AH22: 6771 | AI22: 12421 | AJ22: 38405 | AK22: 14050 | AL22: 11833 | AM22: 6047 | AP22: 10045 | AQ22: 19990 | AR22: 13184
A23: 45436 | B23: 18000 | C23: 35845 | D23: 13260 | E23: 9945 | F23: 10732 | G23: 112962 | H23: 19040 | I23: 16958 | J23: 14725 | K23: 18411 | L23: 5746 | M23: 18458 | N23: 40787 | O23: 3210 | P23: 11856 | T23: 11656 | U23: 42475 | V23: 10967 | X23: 13008 | AA23: 13116 | AB23: 18172 | AC23: 7690 | AD23: 8156 | AE23: 22004 | AF23: 13890 | AH23: 6636 | AI23: 12337 | AJ23: 37895 | AK23: 13685 | AL23: 11774 | AM23: 5967 | AP23: 9995 | AQ23: 20301 | AR23: 12820
A24: 45439 | B24: 18040 | C24: 36344 | D24: 13469 | E24: 10205 | F24: 10637 | G24: 113613 | H24: 19190 | I24: 17053 | J24: 14715 | K24: 19175 | L24: 5826 | M24: 18691 | N24: 41556 | O24: 3155 | P24: 12303 | T24: 11851 | U24: 42635 | V24: 10928 | X24: 13251 | AA24: 13149 | AB24: 18841 | AC24: 7625 | AD24: 8381 | AE24: 22763 | AF24: 14030 | AH24: 6941 | AI24: 12337 | AJ24: 38280 | AK24: 14070 | AL24: 11933 | AM24: 6012 | AP24: 9968 | AQ24: 20835 | AR24: 13204
A25: 45440 | B25: 17995 | C25: 36383 | D25: 13454 | E25: 10160 | F25: 10647 | G25: 113389 | H25: 19205 | I25: 17023 | J25: 14690 | K25: 18793 | L25: 5781 | M25: 18780 | N25: 42246 | O25: 3155 | P25: 11960 | T25: 12201 | U25: 42630 | V25: 10885 | X25: 13534 | AA25: 13144 | AB25: 19316 | AC25: 7535 | AD25: 8141 | AE25: 22424 | AF25: 14045 | AH25: 6796 | AI25: 12308 | AJ25: 38375 | AK25: 14351 | AL25: 11963 | AM25: 6042 | AP25: 9937 | AQ25: 21102 | AR25: 13583
A26: 45441 | B26: 17985 | C26: 35850 | D26: 13210 | E26: 10145 | F26: 10487 | G26: 113593 | H26: 19310 | I26: 17058 | J26: 14765 | K26: 18143 | L26: 5681 | M26: 18969 | N26: 41916 | O26: 3255 | P26: 11383 | T26: 11731 | U26: 41545 | V26: 10803 | X26: 13465 | AA26: 13144 | AB26: 18900 | AC26: 7620 | AD26: 7966 | AE26: 21639 | AF26: 14185 | AH26: 6581 | AI26: 12332 | AJ26: 38215 | AK26: 14356 | AL26: 12137 | AM26: 5947 | AP26: 9900 | AQ26: 20603 | AR26: 13469
... A33: 45453 | B33: 18340 | C33: 36070 | D33: 13853 | E33: 10265 | F33: 10427 | G33: 115689 | H33: 19865 | I33: 17362 | J33: 14560 | K33: 19409 | L33: 5661 | M33: 19078 | N33: 41955 | O33: 3220 | P33: 12100 | T33: 11582 | U33: 42755 | V33: 10987 | X33: 13375 | AA33: 13306 | AB33: 17890 | AC33: 7620 | AD33: 7901 | AE33: 23083 | AF33: 14545 | AH33: 7155 | AI33: 12214 | AJ33: 38290 | AK33: 13951 | AL33: 12442 | AM33: 6201 | AP33: 10005 | AQ33: 19442 | AR33: 13327
A34: 45454 | B34: 18445 | C34: 36104 | D34: 14037 | E34: 10105 | F34: 10382 | G34: 116498 | H34: 20020 | I34: 17482 | J34: 14580 | K34: 19821 | L34: 5731 | M34: 19386 | N34: 41916 | O34: 3235 | P34: 12119 | T34: 11577 | U34: 42630 | V34: 10968 | X34: 13336 | Z34: 10080 | AA34: 13311 | AB34: 17602 | AC34: 7680 | AD34: 7861 | AE34: 23403 | AF34: 14695 | AH34: 7270 | AI34: 12166 | AJ34: 38390 | AK34: 13700 | AL34: 12447 | AM34: 6246 | AP34: 10042 | AQ34: 19343 | AR34: 13080
A35: 45455 | B35: 18485 | C35: 36422 | D35: 14052 | E35: 9965 | F35: 10497 | G35: 117318 | H35: 20380 | I35: 17612 | J35: 14650 | K35: 19741 | L35: 5646 | M35: 19500 | N35: 42764 | O35: 3424 | P35: 12000 | T35: 11826 | U35: 43000 | V35: 10948 | X35: 13663 | Z35: 10150 | AA35: 13364 | AB35: 17300 | AC35: 7645 | AD35: 7786 | AE35: 23278 | AF35: 14920 | AH35: 7225 | AI35: 12285 | AJ35: 38835 | AK35: 14129 | AL35: 12491 | AM35: 6201 | AP35: 10046 | AQ35: 19081 | AR35: 13430
A36: 45456 | B36: 18625 | C36: 36671 | D36: 14017 | E36: 10450 | F36: 10477 | G36: 119305 | H36: 20915 | I36: 17911 | J36: 14575 | K36: 19776 | L36: 5646 | M36: 20224 | N36: 43588 | O36: 3529 | P36: 12085 | T36: 11831 | U36: 43445 | V36: 10910 | X36: 14020 | Z36: 10745 | AA36: 13449 | AB36: 17434 | AC36: 7660 | AD36: 7791 | AE36: 23393 | AF36: 15365 | AH36: 7255 | AI36: 12233 | AJ36: 40135 | AK36: 14490 | AL36: 12865 | AM36: 6146 | AP36: 9992 | AQ36: 19180 | AR36: 13696
A37: 45457 | B37: 18710 | C37: 36793 | D37: 13773 | E37: 10485 | F37: 10777 | G37: 119931 | H37: 21090 | I37: 18001 | J37: 14505 | K37: 19324 | L37: 5676 | M37: 20378 | N37: 43405 | O37: 3514 | P37: 11736 | T37: 11911 | U37: 44325 | V37: 10910 | X37: 13991 | Z37: 10840 | AA37: 13478 | AB37: 17919 | AC37: 7650 | AD37: 7716 | AE37: 22933 | AF37: 15475 | AH37: 7065 | AI37: 12233 | AJ37: 40115 | AK37: 14262 | AL37: 13035 | AM37: 6107 | AP37: 10055 | AQ37: 19249 | AR37: 13514
A38: 45460 | B38: 18710 | C38: 36593 | D38: 13758 | E38: 10300 | F38: 10717 | G38: 120258 | H38: 21160 | I38: 18051 | J38: 14680 | K38: 18882 | L38: 5661 | M38: 20408 | N38: 43371 | O38: 3489 | P38: 11483 | T38: 12196 | U38: 44765 | V38: 10857 | X38: 13936 | Z38: 10835 | AA38: 13464 | AB38: 17934 | AC38: 7790 | AD38: 7706 | AE38: 22459 | AF38: 15545 | AH38: 6891 | AI38: 12081 | AJ38: 40480 | AK38: 14317 | AL38: 13060 | AM38: 6057 | AP38: 10055 | AQ38: 19081 | AR38: 13607
A39: 45461 | B39: 18870 | C39: 36979 | D39: 13768 | E39: 10530 | F39: 10647 | G39: 121763 | H39: 21405 | I39: 18281 | J39: 14700 | K39: 18585 | L39: 5631 | M39: 20765 | N39: 44268 | O39: 3539 | P39: 11239 | T39: 12226 | U39: 44600 | V39: 10958 | X39: 14214 | Z39: 11095 | AA39: 13549 | AB39: 17900 | AC39: 7785 | AD39: 7696 | AE39: 22044 | AF39: 15745 | AH39: 6786 | AI39: 12081 | AJ39: 41245 | AK39: 14425 | AL39: 13254 | AM39: 6067 | AP39: 10101 | AQ39: 18869 | AR39: 13784
A40: 45462 | B40: 18930 | C40: 37531 | D40: 13788 | E40: 10570 | F40: 10996 | G40: 122022 | H40: 21540 | I40: 18325 | J40: 14770 | K40: 18833 | L40: 5821 | M40: 21117 | N40: 44337 | O40: 3469 | P40: 11577 | T40: 12241 | U40: 45155 | V40: 10992 | X40: 14269 | Z40: 11615 | AA40: 13659 | AB40: 18083 | AC40: 7700 | AD40: 7656 | AE40: 22424 | AF40: 15780 | AH40: 6861 | AI40: 12237 | AJ40: 40995 | AK40: 14317 | AL40: 13234 | AM40: 6102 | AP40: 10133 | AQ40: 18963 | AR40: 13858
A41: 45463 | B41: 19025 | C41: 37677 | D41: 13718 | E41: 10600 | F41: 11001 | G41: 122861 | H41: 21580 | I41: 18445 | J41: 14875 | K41: 18813 | L41: 5766 | M41: 21326 | N41: 44702 | O41: 3389 | P41: 11577 | T41: 12186 | U41: 44825 | V41: 11006 | X41: 14432 | Z41: 11735 | AA41: 13859 | AB41: 17934 | AC41: 7560 | AD41: 7646 | AE41: 22364 | AF41: 15860 | AH41: 6771 | AI41: 12464 | AJ41: 41315 | AK41: 14119 | AL41: 13384 | AM41: 6072 | AP41: 10156 | AQ41: 18800 | AR41: 13725
A42: 45464 | B42: 18985 | C42: 37355 | D42: 13693 | E42: 10250 | F42: 11036 | G42: 121724 | H42: 21265 | I42: 18276 | J42: 15000 | K42: 18565 | L42: 5696 | M42: 20636 | N42: 43928 | O42: 3459 | P42: 11368 | T42: 11901 | U42: 44670 | V42: 11103 | X42: 14234 | Z42: 11175 | AA42: 13926 | AB42: 18479 | AC42: 7490 | AD42: 7596 | AE42: 22044 | AF42: 15625 | AH42: 6701 | AI42: 12436 | AJ42: 40650 | AK42: 13951 | AL42: 13119 | AM42: 6072 | AP42: 10238 | AQ42: 19427 | AR42: 13499
A43: 45467 | B43: 18955 | C43: 37071 | D43: 13504 | E43: 10295 | F43: 11276 | G43: 121406 | H43: 21135 | I43: 18226 | J43: 14845 | K43: 18202 | L43: 5591 | M43: 20303 | N43: 43094 | O43: 3454 | P43: 11145 | T43: 11926 | U43: 44570 | V43: 11127 | X43: 14006 | Z43: 10925 | AA43: 13907 | AB43: 18048 | AC43: 7435 | AD43: 7461 | AE43: 21524 | AF43: 15495 | AH43: 6581 | AI43: 12488 | AJ43: 40400 | AK43: 13769 | AL43: 13090 | AM43: 6092 | AP43: 10220 | AQ43: 18780 | AR43: 13371
A44: 45468 | B44: 18880 | C44: 37179 | D44: 13569 | E44: 10185 | F44: 11306 | G44: 119940 | H44: 20740 | I44: 18006 | J44: 14870 | K44: 17994 | L44: 5596 | M44: 19718 | N44: 43060 | O44: 3404 | P44: 10971 | T44: 11876 | U44: 44915 | V44: 11252 | X44: 13901 | Z44: 10405 | AA44: 13974 | AB44: 17924 | AC44: 7370 | AD44: 7446 | AE44: 21259 | AF44: 15160 | AH44: 6496 | AI44: 12535 | AJ44: 39670 | AK44: 13685 | AL44: 12840 | AM44: 6181 | AP44: 10302 | AQ44: 18696 | AR44: 13292
A45: 45469 | B45: 18990 | C45: 37487 | D45: 13509 | E45: 10455 | F45: 11221 | G45: 121515 | H45: 21295 | I45: 18241 | J45: 14800 | K45: 17979 | L45: 5686 | M45: 20229 | N45: 44130 | O45: 3504 | P45: 10995 | T45: 11836 | U45: 44650 | V45: 11185 | X45: 14214 | Z45: 10965 | AA45: 13978 | AB45: 17959 | AC45: 7445 | AD45: 7466 | AE45: 21244 | AF45: 15565 | AH45: 6461 | AI45: 12493 | AJ45: 40360 | AK45: 13843 | AL45: 13154 | AM45: 6062 | AP45: 10242 | AQ45: 18642 | AR45: 13504
... A53: 45481 | B53: 19195 | C53: 38703 | D53: 14316 | E53: 12950 | F53: 11405 | G53: 124838 | H53: 22190 | I53: 18740 | J53: 15100 | K53: 18739 | L53: 5431 | M53: 20542 | N53: 44160 | O53: 3255 | P53: 11756 | T53: 11587 | U53: 43290 | V53: 11015 | X53: 14149 | Z53: 11170 | AA53: 14337 | AB53: 18301 | AC53: 6915 | AD53: 7506 | AE53: 22339 | AF53: 16170 | AH53: 6846 | AI53: 13244 | AJ53: 43725 | AK53: 13517 | AL53: 14271 | AM53: 6481 | AP53: 10252 | AQ53: 18637 | AR53: 13464
A54: 45482 | B54: 19255 | C54: 38840 | D54: 14311 | E54: 13130 | F54: 11361 | G54: 125459 | H54: 22355 | I54: 18840 | J54: 15050 | K54: 18689 | L54: 5521 | M54: 21013 | N54: 44628 | O54: 3195 | P54: 11727 | R54: 10060 | S54: 10271 | T54: 11651 | U54: 43555 | V54: 11049 | X54: 14343 | Z54: 11410 | AA54: 14189 | AB54: 19059 | AC54: 7040 | AD54: 7446 | AE54: 22169 | AF54: 16295 | AH54: 6781 | AI54: 13054 | AJ54: 43835 | AK54: 13833 | AL54: 14425 | AM54: 6521 | AP54: 10279 | AQ54: 18741 | AR54: 13716
A55: 45483 | B55: 19280 | C55: 38825 | D55: 14241 | E55: 13490 | F55: 11560 | G55: 125598 | H55: 22460 | I55: 18870 | J55: 15005 | K55: 18391 | L55: 5521 | M55: 21028 | N55: 44376 | O55: 3230 | P55: 11488 | R55: 10115 | S55: 10968 | T55: 11671 | U55: 43415 | V55: 11054 | X55: 14303 | Z55: 11400 | AA55: 14304 | AB55: 19361 | AC55: 7050 | AD55: 7431 | AE55: 21894 | AF55: 16370 | AH55: 6671 | AI55: 13016 | AJ55: 43880 | AK55: 13813 | AL55: 14675 | AM55: 6551 | AP55: 10270 | AQ55: 18741 | AR55: 13583
A56: 45484 | B56: 19395 | C56: 39065 | D56: 14122 | E56: 13555 | F56: 11600 | G56: 126243 | H56: 22635 | I56: 18949 | J56: 15070 | K56: 18619 | L56: 5631 | M56: 21335 | N56: 44574 | O56: 3165 | P56: 11826 | R56: 10245 | S56: 10958 | T56: 11786 | U56: 43465 | V56: 11112 | X56: 14323 | Z56: 11595 | AA56: 14462 | AB56: 19331 | AC56: 7185 | AD56: 7321 | AE56: 22139 | AF56: 16515 | AH56: 6736 | AI56: 13182 | AJ56: 44090 | AK56: 14006 | AL56: 14759 | AM56: 6541 | AP56: 10321 | AQ56: 18829 | AR56: 13706
A57: 45485 | B57: 19255 | C57: 38527 | D57: 14092 | E57: 12355 | F57: 11615 | G57: 123527 | H57: 21940 | I57: 18540 | J57: 15200 | K57: 18590 | L57: 5766 | M57: 20661 | N57: 43568 | O57: 3120 | P57: 11776 | R57: 10160 | S57: 10721 | T57: 11921 | U57: 44205 | V57: 11233 | X57: 14110 | Z57: 11015 | AA57: 14376 | AB57: 19118 | AC57: 7270 | AD57: 7431 | AE57: 22164 | AF57: 15960 | AH57: 6756 | AI57: 13192 | AJ57: 42670 | AK57: 13690 | AL57: 14171 | AM57: 6621 | AP57: 10330 | AQ57: 18760 | AR57: 13376
A58: 45488 | B58: 19425 | C58: 38772 | D58: 14117 | E58: 13495 | F58: 11710 | G58: 125037 | H58: 22135 | I58: 18775 | J58: 15310 | K58: 18327 | L58: 5641 | M58: 21122 | N58: 43701 | O58: 3115 | P58: 11612 | R58: 10324 | S58: 10879 | T58: 12176 | U58: 43740 | V58: 11403 | X58: 14125 | Z58: 11235 | AA58: 14318 | AB58: 19698 | AC58: 7170 | AD58: 7326 | AE58: 21734 | AF58: 16100 | AH58: 6681 | AI58: 13097 | AJ58: 42950 | AK58: 13576 | AL58: 14490 | AM58: 6631 | AP58: 10431 | AQ58: 18736 | AR58: 13243
A59: 45489 | B59: 19505 | C59: 38796 | D59: 13868 | E59: 13200 | F59: 12119 | G59: 125379 | H59: 22185 | I59: 18820 | J59: 15530 | K59: 17716 | L59: 5571 | M59: 21132 | N59: 44278 | O59: 3020 | P59: 11095 | R59: 10205 | S59: 10800 | T59: 12176 | U59: 43960 | V59: 11446 | X59: 14333 | Z59: 11205 | AA59: 14395 | AB59: 19411 | AC59: 7215 | AD59: 7277 | AE59: 20900 | AF59: 16140 | AH59: 6401 | AI59: 13092 | AJ59: 42925 | AK59: 13823 | AL59: 14565 | AM59: 6606 | AP59: 10472 | AQ59: 18444 | AR59: 13474
A60: 45490 | B60: 19470 | C60: 38474 | D60: 13643 | E60: 13170 | F60: 12464 | G60: 123889 | H60: 21690 | I60: 18595 | J60: 15705 | K60: 17458 | L60: 5591 | M60: 20874 | N60: 42384 | O60: 3150 | P60: 10906 | R60: 10120 | S60: 10311 | T60: 12091 | U60: 44550 | V60: 11596 | X60: 13787 | Z60: 11000 | AA60: 14395 | AB60: 19084 | AC60: 7240 | AD60: 7112 | AE60: 20500 | AF60: 15765 | AH60: 6232 | AI60: 13149 | AJ60: 42280 | AK60: 12954 | AL60: 14386 | AM60: 6761 | AP60: 10523 | AQ60: 18306 | AR60: 12564
A61: 45491 | B61: 19345 | C61: 38190 | D61: 13579 | E61: 12840 | F61: 12339 | G61: 121878 | H61: 21255 | I61: 18306 | J61: 15715 | K61: 17428 | L61: 5551 | M61: 20060 | N61: 41635 | O61: 3115 | P61: 10911 | R61: 9501 | S61: 9940 | T61: 11846 | U61: 44530 | V61: 11824 | X61: 13524 | Z61: 10385 | AA61: 14510 | AB61: 18776 | AC61: 7290 | AD61: 7152 | AE61: 20455 | AF61: 15430 | AH61: 6281 | AI61: 13197 | AJ61: 41490 | AK61: 12796 | AL61: 13992 | AM61: 6716 | AP61: 10573 | AQ61: 17990 | AR61: 12372
A62: 45492 | B62: 19255 | C62: 37741 | D62: 13683 | E62: 12950 | F62: 11979 | G62: 121575 | H62: 21220 | I62: 18256 | J62: 15445 | K62: 17746 | L62: 5461 | M62: 19956 | N62: 41186 | O62: 3090 | P62: 11219 | R62: 9521 | S62: 9995 | T62: 11886 | U62: 44075 | V62: 11747 | X62: 13380 | Z62: 10215 | AA62: 14447 | AB62: 18509 | AC62: 7340 | AD62: 7187 | AE62: 20860 | AF62: 15420 | AH62: 6481 | AI62: 13154 | AJ62: 41255 | AK62: 12737 | AL62: 14017 | AM62: 6676 | AP62: 10491 | AQ62: 18177 | AR62: 12229
A63: 45495 | B63: 19125 | C63: 37365 | D63: 13344 | E63: 12440 | F63: 12369 | G63: 120581 | H63: 21035 | I63: 18106 | J63: 15380 | K63: 16947 | L63: 5531 | M63: 19366 | N63: 39909 | O63: 3145 | P63: 10637 | R63: 9616 | S63: 9654 | T63: 11646 | U63: 44060 | V63: 11664 | X63: 12983 | Z63: 10010 | AA63: 14452 | AB63: 18316 | AC63: 7285 | AD63: 7047 | AE63: 19965 | AF63: 15250 | AH63: 6182 | AI63: 13349 | AJ63: 40775 | AK63: 12209 | AL63: 13663 | AM63: 6721 | AP63: 10445 | AQ63: 17703 | AR63: 11781
A64: 45496 | B64: 19210 | C64: 37472 | D64: 13394 | E64: 12830 | F64: 12778 | G64: 121172 | H64: 21295 | I64: 18191 | J64: 15275 | K64: 16654 | L64: 5446 | M64: 19777 | N64: 39781 | O64: 3195 | P64: 10513 | R64: 9826 | S64: 10676 | T64: 11851 | U64: 43485 | V64: 11630 | X64: 12934 | Z64: 10290 | AA64: 14476 | AB64: 19306 | AC64: 7135 | AD64: 7072 | AE64: 19601 | AF64: 15440 | AH64: 6022 | AI64: 13354 | AJ64: 41350 | AK64: 12100 | AL64: 14052 | AM64: 6726 | AP64: 10431 | AQ64: 17925 | AR64: 11677
A65: 45497 | B65: 19080 | C65: 37252 | D65: 13439 | E65: 11745 | F65: 12728 | G65: 119995 | H65: 21025 | I65: 18021 | J65: 15420 | K65: 16460 | L65: 5357 | M65: 19425 | N65: 39816 | O65: 3225 | P65: 10409 | R65: 9851 | S65: 10765 | T65: 12096 | U65: 43435 | V65: 11519 | X65: 12899 | Z65: 10245 | AA65: 14419 | AB65: 19430 | AC65: 6955 | AD65: 6947 | AE65: 19331 | AF65: 15330 | AH65: 5952 | AI65: 13173 | AJ65: 40580 | AK65: 12095 | AL65: 13713 | AM65: 6875 | AP65: 10357 | AQ65: 17861 | AR65: 11702
... A121: 45586 | B121: 20105 | C121: 34256 | D121: 12826 | E121: 11135 | F121: 12578 | G121: 123706 | H121: 21595 | I121: 18585 | J121: 17570 | K121: 16520 | L121: 6903 | M121: 18775 | N121: 32119 | O121: 2906 | P121: 10762 | R121: 12040 | S121: 8957 | T121: 11851 | U121: 44260 | V121: 12412 | X121: 10328 | Z121: 9645 | AA121: 14686 | AB121: 17776 | AC121: 8910 | AD121: 6972 | AE121: 19970 | AF121: 15550 | AH121: 5732 | AI121: 14149 | AJ121: 42190 | AK121: 10293 | AL121: 14256 | AM121: 8199 | AP121: 10989 | AQ121: 17219 | AR121: 9403
A122: 45587 | B122: 20110 | C122: 33755 | D122: 12393 | E122: 11045 | F122: 12553 | G122: 124114 | H122: 21760 | I122: 18650 | J122: 17970 | K122: 15864 | L122: 6943 | M122: 18805 | N122: 31300 | O122: 2851 | P122: 10354 | Q122: 9984 | R122: 12190 | S122: 8918 | T122: 12051 | U122: 42700 | V122: 12270 | X122: 10060 | Z122: 9650 | AA122: 14783 | AB122: 17835 | AC122: 9035 | AD122: 7162 | AE122: 19186 | AF122: 15675 | AH122: 5468 | AI122: 14197 | AJ122: 42265 | AK122: 10002 | AL122: 14575 | AM122: 7989 | AP122: 10951 | AQ122: 16819 | AR122: 9137
A123: 45588 | B123: 20165 | C123: 34192 | D123: 12582 | E123: 11080 | F123: 12678 | G123: 124686 | H123: 21960 | I123: 18725 | J123: 18700 | K123: 16401 | L123: 7097 | M123: 18785 | N123: 32444 | O123: 2821 | P123: 10752 | Q123: 10093 | R123: 11980 | S123: 8962 | T123: 11826 | U123: 42770 | V123: 12221 | X123: 10437 | Z123: 9665 | AA123: 14758 | AB123: 17825 | AC123: 9195 | AD123: 7331 | AE123: 19935 | AF123: 15805 | AH123: 5682 | AI123: 14207 | AJ123: 42375 | AK123: 10530 | AL123: 14391 | AM123: 7904 | AP123: 10980 | AQ123: 16943 | AR123: 9595
A124: 45589 | B124: 20025 | C124: 33907 | D124: 12403 | E124: 11815 | F124: 12573 | G124: 123527 | H124: 21760 | I124: 18555 | J124: 18305 | K124: 16252 | L124: 6933 | M124: 18790 | N124: 31872 | O124: 2846 | P124: 10692 | Q124: 10018 | R124: 11865 | S124: 8799 | T124: 11881 | U124: 43125 | V124: 12206 | X124: 10209 | Z124: 9525 | AA124: 14715 | AB124: 17979 | AC124: 9045 | AD124: 7247 | AE124: 19825 | AF124: 15745 | AH124: 5612 | AI124: 14125 | AJ124: 41845 | AK124: 10283 | AL124: 14515 | AM124: 7859 | AP124: 10923 | AQ124: 17170 | AR124: 9334
A125: 45590 | B125: 20155 | C125: 33932 | D125: 12278 | E125: 12525 | F125: 12648 | G125: 124751 | H125: 21940 | I125: 18735 | J125: 18225 | K125: 16157 | L125: 7003 | M125: 18860 | N125: 31872 | O125: 2756 | P125: 10578 | Q125: 10068 | R125: 12090 | S125: 8824 | T125: 11796 | U125: 43670 | V125: 12314 | X125: 10164 | Z125: 9535 | AA125: 14962 | AB125: 17919 | AC125: 9370 | AD125: 7162 | AE125: 19646 | AF125: 15895 | AH125: 5577 | AI125: 14688 | AJ125: 42040 | AK125: 10209 | AL125: 14909 | AM125: 7839 | AP125: 10947 | AQ125: 17101 | AR125: 9250
A126: 45593 | B126: 20175 | C126: 34241 | D126: 12607 | E126: 12960 | F126: 12214 | G126: 125726 | H126: 22220 | I126: 18885 | J126: 18365 | K126: 16991 | L126: 7072 | M126: 19143 | N126: 32079 | O126: 2796 | P126: 11170 | Q126: 9669 | R126: 12065 | S126: 8834 | T126: 11771 | U126: 42560 | V126: 12250 | X126: 10239 | Z126: 9620 | AA126: 14768 | AB126: 18023 | AC126: 9300 | AD126: 7247 | AE126: 20670 | AF126: 16150 | AH126: 5907 | AI126: 14308 | AJ126: 42495 | AK126: 10214 | AL126: 15288 | AM126: 7899 | AP126: 10913 | AQ126: 17555 | AR126: 9275
A127: 45594 | B127: 20175 | C127: 34329 | D127: 12707 | E127: 12660 | F127: 12199 | G127: 125308 | H127: 22205 | I127: 18830 | J127: 18340 | K127: 16832 | L127: 7137 | M127: 18999 | N127: 31907 | O127: 2796 | P127: 10971 | Q127: 9585 | R127: 12070 | S127: 8903 | T127: 11881 | U127: 42890 | V127: 12280 | X127: 10169 | Z127: 9610 | AA127: 14802 | AB127: 18212 | AC127: 9280 | AD127: 7237 | AE127: 20365 | AF127: 16150 | AH127: 5852 | AI127: 14289 | AJ127: 42170 | AK127: 10120 | AL127: 15083 | AM127: 7904 | AP127: 10923 | AQ127: 17713 | AR127: 9152
A128: 45595 | B128: 20110 | C128: 33999 | D128: 12527 | E128: 12515 | F128: 12074 | G128: 126229 | H128: 22485 | I128: 18964 | J128: 18435 | K128: 16554 | L128: 6943 | M128: 19143 | N128: 31912 | O128: 2831 | P128: 10861 | Q128: 9520 | R128: 12110 | S128: 8893 | T128: 11886 | U128: 43270 | V128: 12162 | X128: 10179 | Z128: 9785 | AA128: 14700 | AB128: 18162 | AC128: 9105 | AD128: 7027 | AE128: 20080 | AF128: 16380 | AH128: 5707 | AI128: 13998 | AJ128: 43090 | AK128: 9977 | AL128: 15143 | AM128: 7804 | AP128: 10871 | AQ128: 17091 | AR128: 9073
A129: 45596 | B129: 19870 | C129: 33551 | D129: 12667 | E129: 12320 | F129: 11950 | G129: 123843 | H129: 21895 | I129: 18595 | J129: 18190 | K129: 16420 | L129: 6988 | M129: 18505 | N129: 31892 | O129: 2821 | P129: 10707 | Q129: 9375 | R129: 11861 | S129: 8666 | T129: 11806 | U129: 43610 | V129: 12133 | X129: 10119 | Z129: 9550 | AA129: 14544 | AB129: 17642 | AC129: 9055 | AD129: 6972 | AE129: 19920 | AF129: 15965 | AH129: 5672 | AI129: 13606 | AJ129: 42265 | AK129: 9869 | AL129: 15063 | AM129: 7684 | AP129: 10743 | AQ129: 16982 | AR129: 9063
A130: 45597 | B130: 19620 | C130: 33315 | D130: 12348 | E130: 12115 | F130: 11685 | G130: 122119 | H130: 21570 | I130: 18345 | J130: 17750 | K130: 16460 | L130: 6888 | M130: 18096 | N130: 31562 | O130: 2756 | P130: 10826 | Q130: 9136 | R130: 11746 | S130: 8626 | T130: 11607 | U130: 44000 | V130: 12187 | X130: 9931 | Z130: 9245 | AA130: 14642 | AB130: 17573 | AC130: 8845 | AD130: 7097 | AE130: 19995 | AF130: 15795 | AH130: 5682 | AI130: 13877 | AJ130: 41720 | AK130: 9706 | AL130: 14485 | AM130: 7490 | AP130: 10715 | AQ130: 17012 | AR130: 8989
A131: 45600 | B131: 19590 | C131: 33871 | D131: 12996 | E131: 12105 | F131: 11705 | G131: 122284 | H131: 21615 | I131: 18370 | J131: 17305 | K131: 16966 | L131: 6883 | M131: 18176 | N131: 32365 | O131: 2846 | P131: 11150 | Q131: 9151 | R131: 11641 | S131: 9061 | T131: 11617 | U131: 43290 | V131: 12069 | X131: 10264 | Z131: 9355 | AA131: 14593 | AB131: 17924 | AC131: 9075 | AD131: 7471 | AE131: 20610 | AF131: 15770 | AH131: 5972 | AI131: 13786 | AJ131: 42135 | AK131: 9859 | AL131: 14490 | AM131: 7859 | AP131: 10682 | AQ131: 17446 | AR131: 9241
A132: 45601 | B132: 19605 | C132: 33679 | D132: 12866 | E132: 12010 | F132: 11795 | G132: 122204 | H132: 21525 | I132: 18355 | J132: 17400 | K132: 16698 | L132: 7112 | M132: 18037 | N132: 32060 | O132: 2846 | P132: 10826 | Q132: 9181 | R132: 11422 | S132: 9046 | T132: 11721 | U132: 43480 | V132: 12143 | X132: 10199 | Z132: 9330 | AA132: 14603 | AB132: 18048 | AC132: 9330 | AD132: 7711 | AE132: 20215 | AF132: 15685 | AH132: 5892 | AI132: 13853 | AJ132: 41705 | AK132: 9563 | AL132: 14366 | AM132: 7724 | AP132: 10691 | AQ132: 17367 | AR132: 9073
A133: 45602 | B133: 20370 | C133: 33601 | D133: 12677 | E133: 13015 | F133: 12134 | G133: 126872 | H133: 22360 | I133: 19054 | J133: 17660 | K133: 15651 | L133: 7127 | M133: 18799 | N133: 31714 | O133: 2881 | P133: 10185 | Q133: 9470 | R133: 12175 | S133: 9179 | T133: 12341 | U133: 42350 | V133: 12525 | X133: 10174 | Z133: 9640 | AA133: 14763 | AB133: 18301 | AC133: 9410 | AD133: 7706 | AE133: 18946 | AF133: 16320 | AH133: 5488 | AI133: 14177 | AJ133: 42935 | AK133: 9454 | AL133: 15273 | AM133: 7804 | AP133: 11084 | AQ133: 16943 | AR133: 8985
... A151: 45628 | B151: 21010 | C151: 32188 | D151: 11341 | E151: 16105 | F151: 13367 | G151: 129856 | H151: 22835 | I151: 19514 | J151: 16955 | K151: 13725 | L151: 6818 | M151: 18136 | N151: 26493 | O151: 2367 | P151: 9275 | Q151: 10632 | R151: 13227 | S151: 8285 | T151: 11382 | U151: 44140 | V151: 12931 | X151: 8450 | Z151: 9290 | AA151: 15313 | AB151: 17800 | AC151: 9260 | AD151: 8691 | AE151: 16898 | AF151: 16625 | AH151: 4759 | AI151: 14642 | AJ151: 44035 | AK151: 7262 | AL151: 17351 | AM151: 7035 | AP151: 11568 | AQ151: 15638 | AR151: 7050
A152: 45629 | B152: 21125 | C152: 32661 | D152: 11605 | E152: 16175 | F152: 13582 | G152: 131705 | H152: 23260 | I152: 19798 | J152: 17035 | K152: 13760 | L152: 6873 | M152: 18625 | N152: 27070 | O152: 2572 | P152: 9260 | Q152: 10816 | R152: 13102 | S152: 8779 | T152: 11671 | U152: 44435 | V152: 12902 | W152: 9187 | X152: 8669 | Z152: 9545 | AA152: 15742 | AB152: 18326 | AC152: 9195 | AD152: 8661 | AE152: 16963 | AF152: 16915 | AH152: 4704 | AI152: 15196 | AJ152: 44720 | AK152: 7736 | AL152: 17486 | AM152: 7240 | AP152: 11587 | AQ152: 16088 | AR152: 7360
A153: 45630 | B153: 21260 | C153: 32218 | D153: 11416 | E153: 16215 | F153: 13492 | G153: 133169 | H153: 23555 | I153: 20018 | J153: 17160 | K153: 13522 | L153: 6888 | M153: 18814 | N153: 26966 | O153: 2527 | P153: 9116 | Q153: 10776 | R153: 13107 | S153: 8745 | T153: 11487 | U153: 44085 | V153: 12917 | W153: 9099 | X153: 8674 | Z153: 9690 | AA153: 15322 | AB153: 17330 | AC153: 9170 | AD153: 8556 | AE153: 16638 | AF153: 17165 | AH153: 4594 | AI153: 14555 | AJ153: 45185 | AK153: 7697 | AL153: 17655 | AM153: 7125 | AP153: 11649 | AQ153: 15895 | AR153: 7355
A154: 45631 | B154: 21430 | C154: 31991 | D154: 11346 | E154: 16280 | F154: 13237 | G154: 134694 | H154: 23890 | I154: 20237 | J154: 17215 | K154: 13129 | L154: 6863 | M154: 19019 | N154: 27676 | O154: 2512 | P154: 8882 | Q154: 10587 | R154: 13342 | S154: 8839 | T154: 11002 | U154: 44800 | V154: 12818 | W154: 9029 | X154: 8858 | Z154: 9905 | AA154: 14805 | AB154: 17384 | AC154: 9135 | AD154: 8226 | AE154: 16133 | AF154: 17445 | AH154: 4464 | AI154: 13830 | AJ154: 45825 | AK154: 7835 | AL154: 17994 | AM154: 7065 | AP154: 11682 | AQ154: 15737 | AR154: 7557
A155: 45632 | B155: 21455 | C155: 31829 | D155: 11296 | E155: 16790 | F155: 12963 | G155: 134888 | H155: 24075 | I155: 20282 | J155: 17290 | K155: 13204 | L155: 7047 | M155: 18779 | N155: 27178 | O155: 2482 | P155: 8981 | Q155: 10368 | R155: 13447 | S155: 8641 | T155: 10687 | U155: 45240 | V155: 12828 | W155: 8969 | X155: 8733 | Z155: 9760 | AA155: 14805 | AB155: 16904 | AC155: 9405 | AD155: 8201 | AE155: 16293 | AF155: 17520 | AH155: 4489 | AI155: 13942 | AJ155: 46040 | AK155: 7741 | AL155: 18224 | AM155: 6985 | AP155: 11678 | AQ155: 15505 | AR155: 7414
A156: 45635 | B156: 21780 | C156: 31036 | D156: 10733 | E156: 17905 | F156: 12519 | G156: 137708 | H156: 24645 | I156: 20707 | J156: 17440 | K156: 12603 | L156: 7082 | M156: 19049 | N156: 26325 | O156: 2377 | P156: 8648 | Q156: 10048 | R156: 13576 | S156: 8335 | T156: 9878 | U156: 45150 | V156: 12926 | W156: 8770 | X156: 8560 | Z156: 9835 | AA156: 14332 | AB156: 16215 | AC156: 9470 | AD156: 7766 | AE156: 15619 | AF156: 18020 | AH156: 4339 | AI156: 13432 | AJ156: 46685 | AK156: 7435 | AL156: 18852 | AM156: 6711 | AP156: 11797 | AQ156: 14863 | AR156: 7133
A157: 45636 | B157: 21500 | C157: 31666 | D157: 11237 | E157: 17595 | F157: 13088 | G157: 135640 | H157: 24390 | I157: 20382 | J157: 17520 | K157: 13229 | L157: 7357 | M157: 18755 | N157: 26769 | O157: 2607 | P157: 9001 | Q157: 10572 | R157: 13028 | S157: 8720 | T157: 10253 | U157: 44530 | V157: 12848 | W157: 8941 | X157: 8719 | Z157: 9690 | AA157: 14503 | AB157: 16686 | AC157: 9600 | AD157: 8136 | AE157: 16308 | AF157: 17830 | AH157: 4519 | AI157: 13490 | AJ157: 46285 | AK157: 7474 | AL157: 18328 | AM157: 7090 | AP157: 11692 | AQ157: 15495 | AR157: 7178
A158: 45637 | B158: 21550 | C158: 31996 | D158: 11306 | E158: 18050 | F158: 14016 | G158: 135924 | H158: 24600 | I158: 20427 | J158: 17740 | K158: 13253 | L158: 7252 | M158: 18445 | N158: 27479 | O158: 2661 | P158: 8927 | Q158: 11290 | R158: 12703 | S158: 8908 | T158: 10637 | U158: 43870 | V158: 12843 | W158: 9020 | X158: 8942 | Z158: 9510 | AA158: 14688 | AB158: 16919 | AC158: 9515 | AD158: 8191 | AE158: 16238 | AF158: 17955 | AH158: 4524 | AI158: 13738 | AJ158: 46285 | AK158: 7854 | AL158: 18393 | AM158: 7080 | AP158: 11735 | AQ158: 15722 | AR158: 7562
A159: 45638 | B159: 21675 | C159: 32454 | D159: 11541 | E159: 18865 | F159: 14156 | G159: 137952 | H159: 25195 | I159: 20732 | J159: 17835 | K159: 13536 | L159: 7387 | M159: 18884 | N159: 28352 | O159: 2671 | P159: 9160 | Q159: 11365 | R159: 13038 | S159: 8992 | T159: 10892 | U159: 43080 | V159: 12764 | W159: 9136 | X159: 9181 | Z159: 9830 | AA159: 14839 | AB159: 17211 | AC159: 9590 | AD159: 8246 | AE159: 16688 | AF159: 18430 | AH159: 4639 | AI159: 13859 | AJ159: 47465 | AK159: 7948 | AL159: 18797 | AM159: 7090 | AP159: 11687 | AQ159: 15989 | AR159: 7739
A160: 45639 | B160: 21625 | C160: 32602 | D160: 11560 | E160: 18480 | F160: 14335 | G160: 137972 | H160: 25165 | I160: 20732 | J160: 17660 | K160: 13467 | L160: 7177 | M160: 19079 | N160: 28396 | O160: 2696 | P160: 9150 | Q160: 11519 | R160: 13008 | S160: 8987 | T160: 11072 | U160: 42650 | V160: 12759 | W160: 9163 | X160: 9210 | Z160: 9920 | AA160: 14776 | AB160: 17072 | AC160: 9390 | AD160: 8616 | AE160: 16543 | AF160: 18435 | AH160: 4554 | AI160: 13733 | AJ160: 47735 | AK160: 7993 | AL160: 18687 | AM160: 7285 | AP160: 11658 | AQ160: 15955 | AR160: 7739
A161: 45642 | B161: 21630 | C161: 32483 | D161: 11575 | E161: 19385 | F161: 14216 | G161: 138664 | H161: 25215 | I161: 20841 | J161: 17490 | K161: 13452 | L161: 7032 | M161: 19438 | N161: 28667 | O161: 2711 | P161: 9190 | Q161: 11405 | R161: 12988 | S161: 9303 | T161: 10992 | U161: 42005 | V161: 12745 | W161: 9136 | X161: 9220 | Z161: 9970 | AA161: 14639 | AB161: 17399 | AC161: 9230 | AD161: 8511 | AE161: 16588 | AF161: 18590 | AH161: 4519 | AI161: 13582 | AJ161: 48010 | AK161: 8057 | AL161: 19006 | AM161: 7280 | AP161: 11644 | AQ161: 16123 | AR161: 7857
A162: 45643 | B162: 21720 | C162: 32109 | D162: 11451 | E162: 20375 | F162: 14101 | G162: 140847 | H162: 25700 | I162: 21181 | J162: 17500 | K162: 12827 | L162: 7042 | M162: 19801 | N162: 29155 | O162: 2691 | P162: 8773 | Q162: 11355 | R162: 13082 | S162: 9407 | T162: 10847 | U162: 41920 | V162: 12661 | W162: 9048 | X162: 9364 | Z162: 10035 | AA162: 14527 | AB162: 17493 | AC162: 9325 | AD162: 8216 | AE162: 15858 | AF162: 19070 | AH162: 4244 | AI162: 13334 | AJ162: 49165 | AK162: 8393 | AL162: 19699 | AM162: 7140 | AP162: 11610 | AQ162: 15974 | AR162: 8212
A163: 45644 | B163: 21660 | C163: 32562 | D163: 11511 | E163: 20470 | F163: 14186 | G163: 140214 | H163: 25660 | I163: 21076 | J163: 17300 | K163: 13025 | L163: 7142 | M163: 19542 | N163: 29446 | O163: 2656 | P163: 8927 | Q163: 11415 | R163: 12798 | S163: 9184 | T163: 10817 | U163: 42295 | V163: 12627 | W163: 9173 | X163: 9429 | Z163: 9930 | AA163: 14605 | AB163: 17429 | AC163: 9330 | AD163: 8406 | AE163: 16093 | AF163: 18960 | AH163: 4329 | AI163: 13645 | AJ163: 48730 | AK163: 8496 | AL163: 19684 | AM163: 7215 | AP163: 11572 | AQ163: 15885 | AR163: 8295
... A166: 45649 | B166: 21565 | C166: 31893 | D166: 11117 | E166: 18935 | F166: 15164 | G166: 138231 | H166: 25650 | I166: 20772 | J166: 17500 | K166: 12559 | L166: 7177 | M166: 19203 | N166: 28529 | O166: 2641 | P166: 8623 | Q166: 12352 | R166: 12853 | S166: 9249 | T166: 11427 | U166: 40595 | V166: 12553 | W166: 8997 | X166: 9141 | Z166: 9715 | AA166: 14547 | AB166: 17404 | AC166: 9340 | AD166: 8286 | AE166: 15509 | AF166: 18900 | AH166: 4174 | AI166: 13539 | AJ166: 47995 | AK166: 8447 | AL166: 19530 | AM166: 6995 | AP166: 11504 | AQ166: 15935 | AR166: 8236
A167: 45650 | B167: 21665 | C167: 31917 | D167: 11187 | E167: 19115 | F167: 15064 | G167: 138829 | H167: 25720 | I167: 20866 | J167: 17535 | K167: 12395 | L167: 7302 | M167: 19557 | N167: 28544 | O167: 2691 | P167: 8509 | Q167: 12262 | R167: 12843 | S167: 9189 | T167: 11332 | U167: 39980 | V167: 12573 | W167: 9006 | X167: 9151 | Z167: 9925 | AA167: 14551 | AB167: 17379 | AC167: 9475 | AD167: 8066 | AE167: 15284 | AF167: 18995 | AG167: 10280 | AH167: 4099 | AI167: 13577 | AJ167: 47700 | AK167: 8491 | AL167: 19470 | AM167: 7055 | AP167: 11567 | AQ167: 15826 | AR167: 8266
A168: 45652 | B168: 22055 | C168: 31730 | D168: 11142 | E168: 20450 | F168: 15648 | G168: 141977 | H168: 26330 | I168: 21351 | J168: 17745 | K168: 12127 | L168: 7352 | M168: 19911 | N168: 28233 | O168: 2646 | P168: 8335 | Q168: 12896 | R168: 13018 | S168: 9120 | T168: 11372 | U168: 39860 | V168: 12735 | W168: 8960 | X168: 9007 | Z168: 10055 | AA168: 14464 | AB168: 17181 | AC168: 9540 | AD168: 8176 | AE168: 14989 | AF168: 19430 | AG168: 10435 | AH168: 3965 | AI168: 13475 | AJ168: 48670 | AK168: 8279 | AL168: 20362 | AM168: 7065 | AP168: 11735 | AQ168: 15777 | AR168: 8069
A169: 45653 | B169: 22015 | C169: 31642 | D169: 11017 | E169: 20010 | F169: 15379 | G169: 141315 | H169: 26175 | I169: 21281 | J169: 17985 | K169: 12037 | L169: 7402 | M169: 19831 | N169: 28524 | O169: 2602 | P169: 8330 | Q169: 12627 | R169: 13033 | S169: 9091 | T169: 11137 | U169: 40200 | V169: 12764 | W169: 8937 | X169: 9126 | Z169: 10075 | AA169: 14277 | AB169: 17112 | AC169: 9610 | AD169: 8056 | AE169: 14904 | AF169: 19335 | AG169: 10325 | AH169: 3925 | AI169: 13334 | AJ169: 48335 | AK169: 8427 | AL169: 20173 | AM169: 7030 | AP169: 11764 | AQ169: 15490 | AR169: 8162
A170: 45656 | B170: 21905 | C170: 31558 | D170: 11237 | E170: 19280 | F170: 15334 | G170: 140373 | H170: 25885 | I170: 21106 | J170: 18155 | K170: 12117 | L170: 7407 | M170: 19786 | N170: 28534 | O170: 2651 | P170: 8340 | Q170: 12567 | R170: 12803 | S170: 9130 | T170: 11477 | U170: 39810 | V170: 12715 | W170: 8923 | X170: 9126 | Z170: 9980 | AA170: 14121 | AB170: 17082 | AC170: 9665 | AD170: 8171 | AE170: 14989 | AF170: 19235 | AG170: 10475 | AH170: 3950 | AI170: 13187 | AJ170: 47760 | AK170: 8447 | AL170: 19699 | AM170: 7285 | AP170: 11720 | AQ170: 15619 | AR170: 8162
A171: 45659 | B171: 21610 | C171: 31489 | D171: 11281 | E171: 18510 | F171: 15533 | G171: 137688 | H171: 25510 | I171: 20707 | J171: 18310 | K171: 11864 | L171: 7147 | M171: 19358 | N171: 28707 | O171: 2671 | P171: 8171 | Q171: 12726 | R171: 12768 | S171: 9555 | T171: 12261 | U171: 39720 | V171: 12686 | W171: 8918 | X171: 9190 | Z171: 9680 | AA171: 14106 | AB171: 17513 | AC171: 9185 | AD171: 7971 | AE171: 14604 | AF171: 18840 | AG171: 10829 | AH171: 3825 | AI171: 13168 | AJ171: 47150 | AK171: 8639 | AL171: 19051 | AM171: 7105 | AP171: 11562 | AQ171: 15861 | AR171: 8413
A172: 45660 | B172: 21515 | C172: 32119 | D172: 11715 | E172: 17830 | F172: 15159 | G172: 137015 | H172: 25335 | I172: 20597 | J172: 18305 | K172: 12420 | L172: 7137 | M172: 19487 | N172: 30077 | O172: 2686 | P172: 8489 | Q172: 12442 | R172: 13008 | S172: 9585 | T172: 12341 | U172: 40235 | V172: 12636 | W172: 9043 | X172: 9648 | Z172: 9875 | AA172: 14067 | AB172: 17657 | AC172: 9030 | AD172: 8116 | AE172: 15359 | AF172: 18835 | AG172: 10993 | AH172: 4084 | AI172: 13192 | AJ172: 47120 | AK172: 9153 | AL172: 18892 | AM172: 7245 | AP172: 11557 | AQ172: 16202 | AR172: 8921
A173: 45663 | B173: 21765 | C173: 32808 | D173: 11894 | E173: 18620 | F173: 15274 | G173: 139103 | H173: 25745 | I173: 20926 | J173: 18295 | K173: 12698 | L173: 7157 | M173: 20101 | N173: 31655 | O173: 2681 | P173: 8623 | Q173: 12547 | R173: 13501 | S173: 9624 | T173: 12231 | U173: 39320 | V173: 12720 | W173: 9159 | X173: 10164 | Z173: 10440 | AA173: 14096 | AB173: 17726 | AC173: 9025 | AD173: 8046 | AE173: 15668 | AF173: 19105 | AG173: 11033 | AH173: 4189 | AI173: 13329 | AJ173: 47680 | AK173: 9518 | AL173: 19943 | AM173: 7300 | AP173: 11644 | AQ173: 16404 | AR173: 9241
A174: 45664 | B174: 21610 | C174: 32818 | D174: 11924 | E174: 18250 | F174: 16003 | G174: 138724 | H174: 25735 | I174: 20861 | J174: 18095 | K174: 12747 | L174: 6998 | M174: 20240 | N174: 31276 | O174: 2701 | P174: 8653 | Q174: 13035 | R174: 13736 | S174: 9683 | T174: 12461 | U174: 39295 | V174: 12528 | W174: 9140 | X174: 10010 | Z174: 10795 | AA174: 14150 | AB174: 17929 | AC174: 8915 | AD174: 8251 | AE174: 15644 | AF174: 19140 | AG174: 11502 | AH174: 4174 | AI174: 13339 | AJ174: 48055 | AK174: 9390 | AL174: 19854 | AM174: 7475 | AP174: 11504 | AQ174: 16394 | AR174: 9058
A175: 45665 | B175: 21480 | C175: 33133 | D175: 11959 | E175: 17680 | F175: 16537 | G175: 137165 | H175: 25400 | I175: 20612 | J175: 18125 | K175: 12956 | L175: 6958 | M175: 20011 | N175: 32380 | O175: 2716 | P175: 8802 | Q175: 13459 | R175: 13571 | S175: 9599 | T175: 12336 | U175: 38385 | V175: 12548 | W175: 9224 | X175: 10452 | Z175: 10310 | AA175: 14184 | AB175: 17771 | AC175: 8835 | AD175: 8141 | AE175: 15938 | AF175: 18900 | AG175: 11761 | AH175: 4284 | AI175: 13358 | AJ175: 47620 | AK175: 9824 | AL175: 19166 | AM175: 7495 | AP175: 11490 | AQ175: 16325 | AR175: 9551
A176: 45666 | B176: 21500 | C176: 33158 | D176: 11984 | E176: 17550 | F176: 16701 | G176: 136956 | H176: 25220 | I176: 20597 | J176: 18270 | K176: 12961 | L176: 6998 | M176: 19851 | N176: 32558 | O176: 2736 | P176: 8638 | Q176: 13599 | R176: 13452 | S176: 9945 | T176: 12311 | U176: 38390 | V176: 12572 | W176: 9228 | X176: 10477 | Z176: 10255 | AA176: 14287 | AB176: 18004 | AC176: 8970 | AD176: 8016 | AE176: 15833 | AF176: 18835 | AG176: 11846 | AH176: 4349 | AI176: 13451 | AJ176: 47130 | AK176: 9814 | AL176: 18503 | AM176: 7510 | AP176: 11557 | AQ176: 16666 | AR176: 9580
A177: 45667 | B177: 21530 | C177: 33109 | D177: 11894 | E177: 17775 | F177: 16936 | G177: 137050 | H177: 25190 | I177: 20602 | J177: 18395 | K177: 12707 | L177: 6923 | M177: 19881 | N177: 32365 | O177: 2671 | P177: 8474 | Q177: 13793 | R177: 13596 | S177: 9841 | T177: 11941 | U177: 38030 | V177: 12607 | W177: 9224 | X177: 10348 | Z177: 10340 | AA177: 14307 | AB177: 18187 | AC177: 8985 | AD177: 8296 | AE177: 15469 | AF177: 18720 | AG177: 11826 | AH177: 4214 | AI177: 13534 | AJ177: 47070 | AK177: 9647 | AL177: 18563 | AM177: 7480 | AP177: 11596 | AQ177: 16661 | AR177: 9369
A178: 45670 | B178: 21275 | C178: 32671 | D178: 11675 | E178: 17355 | F178: 16726 | G178: 135356 | H178: 24865 | I178: 20342 | J178: 18570 | K178: 12519 | L178: 6868 | M178: 19368 | N178: 31335 | O178: 2676 | P178: 8365 | Q178: 13574 | R178: 13945 | S178: 9851 | T178: 12056 | U178: 37815 | V178: 12508 | W178: 9159 | X178: 10030 | Z178: 10085 | AA178: 14326 | AB178: 18142 | AC178: 8940 | AD178: 8371 | AE178: 15299 | AF178: 18475 | AG178: 11931 | AH178: 4134 | AI178: 13612 | AJ178: 46060 | AK178: 9355 | AL178: 18278 | AM178: 7410 | AP178: 11509 | AQ178: 16557 | AR178: 9088
... A183: 45677 | B183: 21700 | C183: 33109 | D183: 12114 | E183: 18540 | F183: 18074 | G183: 137972 | H183: 25040 | I183: 20737 | J183: 18310 | K183: 13392 | L183: 7402 | M183: 20180 | N183: 32898 | O183: 2721 | P183: 8912 | Q183: 14432 | R183: 14559 | S183: 10716 | T183: 11936 | U183: 38990 | V183: 12804 | W183: 9234 | X183: 10398 | Z183: 10360 | AA183: 14282 | AB183: 19237 | AC183: 9360 | AD183: 8756 | AE183: 16313 | AF183: 18695 | AG183: 12693 | AH183: 4474 | AI183: 13661 | AJ183: 47165 | AK183: 9809 | AL183: 19021 | AM183: 7450 | AP183: 11727 | AQ183: 17422 | AR183: 9541
A184: 45678 | B184: 21555 | C184: 33138 | D184: 12104 | E184: 18615 | F184: 18723 | G184: 137095 | H184: 24920 | I184: 20612 | J184: 18400 | K184: 12747 | L184: 7486 | M184: 20140 | N184: 33573 | O184: 2761 | P184: 8489 | Q184: 15010 | R184: 14559 | S184: 10741 | T184: 12321 | U184: 39745 | V184: 12745 | W184: 9239 | X184: 10601 | Z184: 10365 | AA184: 14307 | AB184: 19381 | AC184: 9405 | AD184: 8711 | AE184: 15429 | AF184: 18570 | AG184: 12808 | AH184: 4169 | AI184: 13744 | AJ184: 47150 | AK184: 10150 | AL184: 18931 | AM184: 7470 | AN184: 9980 | AP184: 11645 | AQ184: 17091 | AR184: 9802
A185: 45679 | B185: 21715 | C185: 33517 | D185: 12223 | E185: 18575 | F185: 18244 | G185: 138311 | H185: 25100 | I185: 20866 | J185: 18515 | K185: 12946 | L185: 7267 | M185: 20390 | N185: 34540 | O185: 2746 | P185: 8678 | Q185: 14522 | R185: 15312 | S185: 11210 | T185: 12351 | U185: 39555 | V185: 12774 | W185: 9348 | X185: 10994 | Z185: 10775 | AA185: 14371 | AB185: 20312 | AC185: 9230 | AD185: 8781 | AE185: 15808 | AF185: 18740 | AG185: 12718 | AH185: 4264 | AI185: 13842 | AJ185: 48265 | AK185: 10511 | AL185: 19305 | AM185: 7599 | AN185: 10145 | AP185: 11713 | AQ185: 17560 | AR185: 10201
A186: 45680 | B186: 21780 | C186: 33158 | D186: 12153 | E186: 18275 | F186: 17360 | G186: 139003 | H186: 25270 | I186: 20896 | J186: 18495 | K186: 12737 | L186: 7162 | M186: 20554 | N186: 33800 | O186: 2686 | P186: 8489 | Q186: 13803 | R186: 15611 | S186: 11373 | T186: 12151 | U186: 39425 | V186: 12690 | W186: 9258 | X186: 10726 | Z186: 11145 | AA186: 14351 | AB186: 20555 | AC186: 9200 | AD186: 8766 | AE186: 15484 | AF186: 18865 | AG186: 12469 | AH186: 4204 | AI186: 13852 | AJ186: 48585 | AK186: 10180 | AL186: 19231 | AM186: 7679 | AN186: 10150 | AP186: 11732 | AQ186: 17382 | AR186: 9885
A187: 45681 | B187: 21765 | C187: 33355 | D187: 12268 | E187: 18145 | F187: 17949 | G187: 138779 | H187: 25265 | I187: 20886 | J187: 18545 | K187: 12688 | L187: 7402 | M187: 20424 | N187: 33928 | O187: 2666 | P187: 8459 | Q187: 14302 | R187: 15911 | S187: 11907 | T187: 12651 | U187: 39030 | V187: 12705 | W187: 9324 | X187: 10790 | Z187: 10985 | AA187: 14366 | AB187: 21427 | AC187: 9345 | AD187: 8971 | AE187: 15429 | AF187: 18880 | AG187: 13122 | AH187: 4179 | AI187: 13842 | AJ187: 49070 | AK187: 10372 | AL187: 19186 | AM187: 7829 | AN187: 10080 | AP187: 11780 | AQ187: 18024 | AR187: 9964
A188: 45688 | B188: 22010 | C188: 33029 | D188: 12273 | E188: 17585 | F188: 18034 | G188: 139392 | H188: 25165 | I188: 20966 | J188: 18975 | K188: 12633 | L188: 7826 | M188: 19386 | N188: 32045 | O188: 2661 | P188: 8390 | Q188: 14472 | R188: 14372 | S188: 11047 | T188: 12456 | U188: 39600 | V188: 12854 | W188: 9249 | X188: 10144 | Z188: 9835 | AA188: 14656 | AB188: 20431 | AC188: 9425 | AD188: 8996 | AE188: 15349 | AF188: 18765 | AG188: 12948 | AH188: 4174 | AI188: 14220 | AJ188: 48165 | AK188: 9780 | AL188: 18767 | AM188: 7884 | AN188: 9750 | AP188: 12066 | AQ188: 17407 | AR188: 9403
A189: 45691 | B189: 21605 | C189: 32126 | D189: 11770 | E189: 17210 | F189: 17949 | G189: 136177 | H189: 24370 | I189: 20492 | J189: 19685 | K189: 11869 | L189: 7661 | M189: 18687 | N189: 30408 | O189: 2572 | P189: 7912 | Q189: 14412 | R189: 13523 | S189: 10686 | T189: 12111 | U189: 39890 | V189: 12700 | W189: 9012 | X189: 9702 | Z189: 9535 | AA189: 14489 | AB189: 20050 | AC189: 9170 | AD189: 9051 | AE189: 14404 | AF189: 18240 | AG189: 12678 | AH189: 3865 | AI189: 13960 | AJ189: 46665 | AK189: 9212 | AL189: 18154 | AM189: 7699 | AN189: 9475 | AP189: 12047 | AQ189: 16888 | AR189: 8891
A190: 45692 | B190: 21765 | C190: 32526 | D190: 12084 | E190: 16950 | F190: 18718 | G190: 137802 | H190: 24615 | I190: 20732 | J190: 20210 | K190: 11759 | L190: 8005 | M190: 18931 | N190: 30718 | O190: 2646 | P190: 7793 | Q190: 14955 | R190: 13763 | S190: 10983 | T190: 12721 | U190: 39445 | V190: 12745 | W190: 9116 | X190: 9802 | Z190: 9620 | AA190: 14577 | AB190: 20476 | AC190: 9395 | AD190: 9361 | AE190: 14250 | AF190: 18505 | AG190: 13282 | AH190: 3840 | AI190: 14136 | AJ190: 47385 | AK190: 9178 | AL190: 18498 | AM190: 7829 | AN190: 9535 | AP190: 12061 | AQ190: 16992 | AR190: 8817
A191: 45693 | B191: 21600 | C191: 32911 | D191: 12298 | E191: 17260 | F191: 18299 | G191: 137304 | H191: 24485 | I191: 20652 | J191: 21300 | K191: 12077 | L191: 7895 | M191: 18891 | N191: 31399 | O191: 2641 | P191: 8032 | Q191: 14611 | R191: 13393 | S191: 10785 | T191: 12786 | U191: 40090 | V191: 12596 | W191: 9197 | X191: 10000 | Z191: 9585 | AA191: 14582 | AB191: 20223 | AC191: 9385 | AD191: 9435 | AE191: 14674 | AF191: 18425 | AG191: 13077 | AH191: 3960 | AI191: 14131 | AJ191: 47975 | AK191: 9419 | AL191: 18548 | AM191: 7939 | AN191: 9440 | AP191: 11950 | AQ191: 16982 | AR191: 9029
A192: 45694 | B192: 21870 | C192: 33242 | D192: 12472 | E192: 17100 | F192: 18114 | G192: 139412 | H192: 24790 | I192: 20966 | J192: 20880 | K192: 12022 | L192: 8055 | M192: 19346 | N192: 32336 | O192: 2701 | P192: 7992 | Q192: 14487 | R192: 13843 | S192: 11086 | T192: 13385 | U192: 41140 | V192: 12710 | W192: 9272 | X192: 10194 | Z192: 10080 | AA192: 14558 | AB192: 20471 | AC192: 9715 | AD192: 9410 | AE192: 14634 | AF192: 18610 | AG192: 13596 | AH192: 3940 | AI192: 13915 | AJ192: 48685 | AK192: 9696 | AL192: 18677 | AM192: 8094 | AN192: 9605 | AP192: 12056 | AQ192: 17194 | AR192: 9285
A193: 45695 | B193: 21865 | C193: 33024 | D193: 12522 | E193: 16990 | F193: 18069 | G193: 139557 | H193: 24800 | I193: 20986 | J193: 20765 | K193: 11864 | L193: 8190 | M193: 19356 | N193: 32809 | O193: 2666 | P193: 7892 | Q193: 14517 | R193: 13773 | S193: 10815 | T193: 13585 | U193: 41090 | V193: 12626 | W193: 9206 | X193: 10219 | Z193: 10165 | AA193: 14479 | AB193: 20064 | AC193: 9940 | AD193: 9390 | AE193: 14429 | AF193: 18595 | AG193: 13496 | AH193: 3895 | AI193: 13866 | AJ193: 48520 | AK193: 9681 | AL193: 18697 | AM193: 8214 | AN193: 9635 | AP193: 12027 | AQ193: 16839 | AR193: 9285
...

Sheet Sheet3
A1: Refresh | B1: Last Update : 2025-05-23 15:53:42
A3: Peer Analysis (To Select)
A4: Account Type | B4: All Listed | C4: Korean
B9: Account | C9: R100200 | D9: S301540
B10: Period | D10: CPD-1TD
B11: Unit | C11: Txt | D11: Local
B12: Base Date
A13: Code | B13: Name | C13: 결산월 | D13: 월간누계거래대금
A14: A069500 | B14: KODEX 200 | C14: 10 | D14: 3032437929074
A15: A229200 | B15: KODEX 코스닥150 | D15: 1344590981680
A16: A360750 | B16: TIGER 미국S&P500 | D16: 905456580635
A17: A457480 | B17: ACE 테슬라밸류체인액티브 | D17: 793606578894
A18: A466920 | B18: SOL 조선TOP3플러스 | D18: 581437860957
A19: A133690 | B19: TIGER 미국나스닥100 | C19: 10 | D19: 513364648385
A20: A381170 | B20: TIGER 미국테크TOP10 INDXX | D20: 511819416758
A21: A379810 | B21: KODEX 미국나스닥100 | D21: 346026773897
A22: A411060 | B22: ACE KRX금현물 | D22: 328957510338
A23: A305720 | B23: KODEX 2차전지산업 | D23: 325252664602
A24: A371160 | B24: TIGER 차이나항셍테크 | D24: 314497116026
A25: A381180 | B25: TIGER 미국필라델피아반도체나스닥 | D25: 284227543938
A26: A091160 | B26: KODEX 반도체 | C26: 10 | D26: 264563503311
A27: A228790 | B27: TIGER 화장품 | D27: 254462527056
A28: A364980 | B28: TIGER 2차전지TOP10 | D28: 234768359431
A29: A494670 | B29: TIGER 조선TOP10 | D29: 224565602821
A30: A487230 | B30: KODEX 미국AI전력핵심인프라 | D30: 224560324830
A31: A487240 | B31: KODEX AI전력핵심설비 | D31: 212749420719
A32: A463250 | B32: TIGER K방산&우주 | D32: 198463846588
A33: A458250 | B33: TIGER 미국30년국채스트립액티브(합성 H) | D33: 188047066127
A34: A458730 | B34: TIGER 미국배당다우존스 | D34: 180668921933
A35: A498400 | B35: KODEX 200타겟위클리커버드콜 | D35: 177536650862
A36: A396500 | B36: TIGER Fn반도체TOP10 | D36: 157668867501
A37: A0047A0 | B37: TIGER 차이나테크TOP10 | D37: 154501788748
A38: A483320 | B38: ACE 엔비디아밸류체인액티브 | D38: 149327959551
... A41: A371460 | B41: TIGER 차이나전기차SOLACTIVE | D41: 115181736944
A42: A475050 | B42: ACE KPOP포커스 | C42: 12 | D42: 104023650793
A43: A305540 | B43: TIGER 2차전지테마 | D43: 102816118356
A44: A465580 | B44: ACE 미국빅테크TOP7 Plus | D44: 98848208608
A45: A0000J0 | B45: PLUS 한화그룹주 | D45: 97230943619
A46: A462010 | B46: TIGER 2차전지소재Fn | D46: 92712260763
A47: A466940 | B47: TIGER 은행고배당플러스TOP10 | D47: 91873380370
A48: A314250 | B48: KODEX 미국빅테크10(H) | D48: 91607136258
A49: A471990 | B49: KODEX AI반도체핵심장비 | D49: 89911922827
A50: A473460 | B50: KODEX 미국서학개미 | D50: 86615232000
A51: A364970 | B51: TIGER 바이오TOP10 | D51: 83086870691
A52: A0008E0 | B52: ACE 미국중심중소형제조업 | D52: 80980303871
A53: A0048K0 | B53: KODEX 차이나휴머노이드로봇 | D53: 80951969380
A54: A441640 | B54: KODEX 미국배당커버드콜액티브 | D54: 80259324925
... A72: A481180 | B72: SOL 미국AI소프트웨어 | D72: 70693946328
A73: A091180 | B73: KODEX 자동차 | C73: 10 | D73: 67091705616
A74: A486290 | B74: TIGER 미국나스닥100타겟데일리커버드콜 | D74: 66716887503
A75: A0038A0 | B75: KODEX 미국휴머노이드로봇 | D75: 66572650411
A76: A102970 | B76: KODEX 증권 | C76: 10 | D76: 65942957904
A77: A091170 | B77: KODEX 은행 | C77: 10 | D77: 63745160241
A78: A139230 | B78: TIGER 200 중공업 | C78: 4 | D78: 61410152235
A79: A497570 | B79: TIGER 미국필라델피아AI반도체나스닥 | D79: 61275578956
A80: A497570 | B80: TIGER 미국필라델피아AI반도체나스닥 | D80: 61275578956
A81: A152100 | B81: PLUS 200 | D81: 60989500309
A82: A214980 | B82: KODEX 단기채권PLUS | D82: 60954643995
A83: A489250 | B83: KODEX 미국배당다우존스 | D83: 60534796212
A84: A489250 | B84: KODEX 미국배당다우존스 | D84: 60534796212
A85: A426030 | B85: TIMEFOLIO 미국나스닥100액티브 | D85: 60396727663
A86: A0046A0 | B86: TIGER 미국초단기(3개월이하)국채 | D86: 60139840888
A87: A453810 | B87: KODEX 인도Nifty50 | D87: 58818592457
A88: A473330 | B88: SOL 미국30년국채커버드콜(합성) | D88: 58684238824
A89: A498270 | B89: KIWOOM 미국양자컴퓨팅 | D89: 58609105331
A90: A498270 | B90: KIWOOM 미국양자컴퓨팅 | D90: 58609105331
... A94: A228810 | B94: TIGER 미디어컨텐츠 | D94: 54901899672
A95: A069660 | B95: KIWOOM 200 | C95: 10 | D95: 54411310874
A96: A329200 | B96: TIGER 리츠부동산인프라 | D96: 54216666625
A97: A479080 | B97: 1Q 머니마켓액티브 | D97: 52235074623
A98: A490480 | B98: SOL K방산 | D98: 50975668293
A99: A490480 | B99: SOL K방산 | D99: 50975668293
A100: A372330 | B100: KODEX 차이나항셍테크 | D100: 50864767224
A101: A232080 | B101: TIGER 코스닥150 | D101: 50497434916
A102: A476800 | B102: KODEX 한국부동산리츠인프라 | D102: 49822830746
A103: A448300 | B103: TIGER 미국나스닥100(H) | D103: 49367671230
A104: A414270 | B104: ACE 글로벌자율주행액티브 | D104: 48303715702
A105: A494300 | B105: KODEX 미국나스닥100데일리커버드콜OTM | D105: 47910072678
A106: A494300 | B106: KODEX 미국나스닥100데일리커버드콜OTM | D106: 47910072678
A107: A278530 | B107: KODEX 200TR | D107: 46818733262
A108: A091230 | B108: TIGER 반도체 | C108: 10 | D108: 44589642716
A109: A0023A0 | B109: SOL 미국양자컴퓨팅TOP10 | D109: 44414955365
A110: A292150 | B110: TIGER TOP10 | D110: 43113004418
A111: A294400 | B111: KIWOOM 200TR | D111: 42979737403
A112: A476760 | B112: ACE 미국30년국채액티브 | D112: 42759314230
A113: A483280 | B113: KODEX 미국AI테크TOP10타겟커버드콜 | D113: 42529949277
A114: A483280 | B114: KODEX 미국AI테크TOP10타겟커버드콜 | D114: 42529949277
A115: A490590 | B115: RISE 미국AI밸류체인데일리고정커버드콜 | D115: 42489497417
A116: A490590 | B116: RISE 미국AI밸류체인데일리고정커버드콜 | D116: 42489497417
A117: A0026S0 | B117: 1Q 미국S&P500 | D117: 42466134838
A118: A0052D0 | B118: TIGER 코리아배당다우존스 | D118: 41609581989
A119: A493810 | B119: TIGER 미국AI빅테크10타겟데일리커버드콜 | D119: 41359642253
A120: A493810 | B120: TIGER 미국AI빅테크10타겟데일리커버드콜 | D120: 41359642253
... A144: A0036D0 | B144: TIMEFOLIO 미국배당다우존스액티브 | D144: 32982432117
A145: A102780 | B145: KODEX 삼성그룹 | C145: 10 | D145: 32324591726
A146: A469170 | B146: ACE 포스코그룹포커스 | D146: 32109641044
A147: A139260 | B147: TIGER 200 IT | C147: 4 | D147: 31607774988
A148: A0041D0 | B148: KODEX 미국AI소프트웨어TOP10 | D148: 31428130253
A149: A0022T0 | B149: SOL 골드커버드콜액티브 | D149: 31221121392
A150: A438080 | B150: ACE 미국S&P500채권혼합액티브 | D150: 31111622334
...
