Workbook

Sheet db
A1: 종목명 | B1: 유동시가총액 | C1: EPS(Fwd.12M)(1개월, 지배) | D1: EPS(Fwd.12M)(3개월, 지배) | E1: 20일누적 외국인총합계순매수대금(일간) | F1: 120일누적 외국인총합계순매수대금(일간) | G1: 20일누적 기관 순매수대금(일간) | H1: 120일누적 기관 순매수대금(일간)
A2: =Sheet1!B14 -> 삼성전자 | B2: =Sheet1!D14 -> 4345911.7 | C2: =Sheet1!E14 -> 9536 | D2: =Sheet1!F14 -> 9229 | E2: =Sheet1!G14 -> 9526.12 | F2: =Sheet1!H14 -> 122385.38 | G2: =Sheet1!I14 -> -11178.47 | H2: =Sheet1!J14 -> 502
A3: =Sheet1!B15 -> SK하이닉스 | B3: =Sheet1!D15 -> 3024180.1 | C3: =Sheet1!E15 -> 77374 | D3: =Sheet1!F15 -> 75630 | E3: =Sheet1!G15 -> -97239.8 | F3: =Sheet1!H15 -> -74498.47 | G3: =Sheet1!I15 -> 21155.75 | H3: =Sheet1!J15 -> 15662.58
A4: =Sheet1!B16 -> KB금융 | B4: =Sheet1!D16 -> 386648.65 | C4: =Sheet1!E16 -> 15642 | D4: =Sheet1!F16 -> 15527 | E4: =Sheet1!G16 -> -4330.48 | F4: =Sheet1!H16 -> -5729.06 | G4: =Sheet1!I16 -> 5311.04 | H4: =Sheet1!J16 -> 8171
A5: =Sheet1!B17 -> 한화에어로스페이스 | B5: =Sheet1!D17 -> 308507.7 | C5: =Sheet1!E17 -> 47286 | D5: =Sheet1!F17 -> 47574 | E5: =Sheet1!G17 -> -594.47 | F5: =Sheet1!H17 -> 3329.39 | G5: =Sheet1!I17 -> 742.68 | H5: =Sheet1!J17 -> 1597.07
A6: =Sheet1!B18 -> NAVER | B6: =Sheet1!D18 -> 341477.29 | C6: =Sheet1!E18 -> 14533 | D6: =Sheet1!F18 -> 14299 | E6: =Sheet1!G18 -> -4516.07 | F6: =Sheet1!H18 -> -35486.37 | G6: =Sheet1!I18 -> -1383.47 | H6: =Sheet1!J18 -> 5973.79
A7: =Sheet1!B19 -> 현대차 | B7: =Sheet1!D19 -> 364630.07 | C7: =Sheet1!E19 -> 42764 | D7: =Sheet1!F19 -> 42764 | E7: =Sheet1!G19 -> -3766.21 | F7: =Sheet1!H19 -> -2409.16 | G7: =Sheet1!I19 -> 778.54 | H7: =Sheet1!J19 -> -502.09
A8: =Sheet1!B20 -> 신한지주 | B8: =Sheet1!D20 -> 308892.66 | C8: =Sheet1!E20 -> 10745 | D8: =Sheet1!F20 -> 10713 | E8: =Sheet1!G20 -> -1300.52 | F8: =Sheet1!H20 -> -507.8 | G8: =Sheet1!I20 -> 2437.16 | H8: =Sheet1!J20 -> 6344.09
A9: =Sheet1!B21 -> 두산에너빌리티 | B9: =Sheet1!D21 -> 347020.16 | C9: =Sheet1!E21 -> 639 | D9: =Sheet1!F21 -> 639 | E9: =Sheet1!G21 -> -8435.35 | F9: =Sheet1!H21 -> -9488.95 | G9: =Sheet1!I21 -> -2341.2 | H9: =Sheet1!J21 -> -2740.24
A10: =Sheet1!B22 -> 셀트리온 | B10: =Sheet1!D22 -> 288234.76 | C10: =Sheet1!E22 -> 5251 | D10: =Sheet1!F22 -> 5274 | E10: =Sheet1!G22 -> 2692.02 | F10: =Sheet1!H22 -> 1422.88 | G10: =Sheet1!I22 -> 1182.31 | H10: =Sheet1!J22 -> -283.45
A11: =Sheet1!B23 -> 기아 | B11: =Sheet1!D23 -> 273399.23 | C11: =Sheet1!E23 -> 21310 | D11: =Sheet1!F23 -> 21326 | E11: =Sheet1!G23 -> -1434.77 | F11: =Sheet1!H23 -> 2580.38 | G11: =Sheet1!I23 -> 1049.55 | H11: =Sheet1!J23 -> -447.57
A12: =Sheet1!B24 -> 하나금융지주 | B12: =Sheet1!D24 -> 228924.99 | C12: =Sheet1!E24 -> 14908 | D12: =Sheet1!F24 -> 14840 | E12: =Sheet1!G24 -> -1061.14 | F12: =Sheet1!H24 -> -2225.86 | G12: =Sheet1!I24 -> 1178.55 | H12: =Sheet1!J24 -> 1901.61
A13: =Sheet1!B25 -> 카카오 | B13: =Sheet1!D25 -> 204641.43 | C13: =Sheet1!E25 -> 1461 | D13: =Sheet1!F25 -> 1459 | E13: =Sheet1!G25 -> 1568.75 | F13: =Sheet1!H25 -> 5614.13 | G13: =Sheet1!I25 -> 672.47 | H13: =Sheet1!J25 -> 2365.63
... A301: =Sheet1!B313 -> 대한광통신 | B301: =Sheet1!D313 -> 2244.82 | C301: =Sheet1!E313 -> 64 | D301: =Sheet1!F313 -> 30 | E301: =Sheet1!G313 -> -84.37 | F301: =Sheet1!H313 -> -102.39 | G301: =Sheet1!I313 -> 30.67 | H301: =Sheet1!J313 -> -79.37

Sheet Sheet1
A1: Refresh | B1: Last Update : 2025-11-14 19:57:52
A3: Peer Analysis (To Select)
A4: Account Type | B4: All Listed | C4: Korean
B9: Account | C9: R100200 | D9: S102306 | E9: E312060.M1 | F9: E312060.M | G9: U630320 | H9: U930320 | I9: U610320 | J9: U910320
B10: Period | D10: CPD | G10: CPD | H10: CPD | I10: CPD | J10: CPD
B11: Unit | C11: Txt | D11: Local 100mn | E11: Local/Shares | F11: Local/Shares | G11: Local 100mn | H11: Local 100mn | I11: Local 100mn | J11: Local 100mn
B12: Base Date | E12: CPD | F12: CPD
A13: Code | B13: Name | C13: 결산월 | D13: 유동시가총액 | E13: EPS(Fwd.12M, 지배) | F13: EPS(Fwd.12M, 지배) | G13: 20일누적 외국인총합계 순매수대금(일간) | H13: 120일누적 외국인총합계 순매수대금(일간) | I13: 20일누적 기관 순매수대금(일간) | J13: 120일누적 기관 순매수대금(일간)
A14: A005930 | B14: 삼성전자 | C14: 12 | D14: 4345911.7 | E14: 9536 | F14: 9229 | G14: 9526.12 | H14: 122385.38 | I14: -11178.47 | J14: 502
A15: A000660 | B15: SK하이닉스 | C15: 12 | D15: 3024180.1 | E15: 77374 | F15: 75630 | G15: -97239.8 | H15: -74498.47 | I15: 21155.75 | J15: 15662.58
A16: A105560 | B16: KB금융 | C16: 12 | D16: 386648.65 | E16: 15642 | F16: 15527 | G16: -4330.48 | H16: -5729.06 | I16: 5311.04 | J16: 8171
A17: A012450 | B17: 한화에어로스페이스 | C17: 12 | D17: 308507.7 | E17: 47286 | F17: 47574 | G17: -594.47 | H17: 3329.39 | I17: 742.68 | J17: 1597.07
A18: A035420 | B18: NAVER | C18: 12 | D18: 341477.29 | E18: 14533 | F18: 14299 | G18: -4516.07 | H18: -35486.37 | I18: -1383.47 | J18: 5973.79
A19: A005380 | B19: 현대차 | C19: 12 | D19: 364630.07 | E19: 42764 | F19: 42764 | G19: -3766.21 | H19: -2409.16 | I19: 778.54 | J19: -502.09
A20: A055550 | B20: 신한지주 | C20: 12 | D20: 308892.66 | E20: 10745 | F20: 10713 | G20: -1300.52 | H20: -507.8 | I20: 2437.16 | J20: 6344.09
A21: A034020 | B21: 두산에너빌리티 | C21: 12 | D21: 347020.16 | E21: 639 | F21: 639 | G21: -8435.35 | H21: -9488.95 | I21: -2341.2 | J21: -2740.24
A22: A068270 | B22: 셀트리온 | C22: 12 | D22: 288234.76 | E22: 5251 | F22: 5274 | G22: 2692.02 | H22: 1422.88 | I22: 1182.31 | J22: -283.45
A23: A000270 | B23: 기아 | C23: 12 | D23: 273399.23 | E23: 21310 | F23: 21326 | G23: -1434.77 | H23: 2580.38 | I23: 1049.55 | J23: -447.57
A24: A086790 | B24: 하나금융지주 | C24: 12 | D24: 228924.99 | E24: 14908 | F24: 14840 | G24: -1061.14 | H24: -2225.86 | I24: 1178.55 | J24: 1901.61
A25: A035720 | B25: 카카오 | C25: 12 | D25: 204641.43 | E25: 1461 | F25: 1459 | G25: 1568.75 | H25: 5614.13 | I25: 672.47 | J25: 2365.63
... A133: A062040 | B133: 산일전기 | C133: 12 | D133: 18545.05 | E133: 6494 | F133: 6370 | G133: -220.8 | H133: 687.88 | I133: 122.91 | J133: 449.74
A134: A039200 | B134: 오스코텍 | C134: 12 | D134: 17505.29 | F134: 560 | G134: -33.78 | H134: 80.55 | I134: 589.73 | J134: 1423.45
A135: A336260 | B135: 두산퓨얼셀 | C135: 12 | D135: 13730.49 | E135: -122 | F135: -105 | G135: 994.49 | H135: 1901.23 | I135: -126.28 | J135: 302.35
A136: A122870 | B136: 와이지엔터테인먼트 | C136: 12 | D136: 8354.82 | E136: 3664 | F136: 3664 | G136: 301.88 | H136: 704.02 | I136: -1316.62 | J136: -722.26
A137: A081660 | B137: 미스토홀딩스 | C137: 12 | D137: 12723.97 | E137: 4328 | F137: 4072 | G137: -20.33 | H137: -687.46 | I137: -47.08 | J137: -68.33
A138: A010060 | B138: OCI홀딩스 | C138: 12 | D138: 15225.45 | E138: 12162 | F138: 11780 | G138: 487.82 | H138: 687.01 | I138: 9.04 | J138: 823.24
A139: A263750 | B139: 펄어비스 | C139: 12 | D139: 14620.37 | E139: 2273 | F139: 2112 | G139: 68.69 | H139: -151.59 | I139: 81.79 | J139: -209.81
A140: A011170 | B140: 롯데케미칼 | C140: 12 | D140: 16035.65 | E140: -7871 | F140: -7312 | G140: 85.24 | H140: 757.59 | I140: 203.01 | J140: -108.8
A141: A454910 | B141: 두산로보틱스 | C141: 12 | D141: 15875.09 | F141: -508 | G141: -33.35 | H141: 328.67 | I141: 182.85 | J141: 302.42
A142: A950160 | B142: 코오롱티슈진 | C142: 12 | D142: 15084.04 | E142: -497 | F142: -497 | G142: 245.42 | H142: 340.02 | I142: 82.04 | J142: -95.32
A143: A140860 | B143: 파크시스템스 | C143: 12 | D143: 11701.7 | E143: 8552 | F143: 8805 | G143: -55.95 | H143: -590.54 | I143: 48.62 | J143: 235.8
A144: A375500 | B144: DL이앤씨 | C144: 12 | D144: 11635.01 | E144: 8121 | F144: 8279 | G144: -160.8 | H144: -424.97 | I144: 7.63 | J144: -601.91
A145: A483650 | B145: 달바글로벌 | C145: 12 | D145: 9643.23 | E145: 9703 | F145: 9703 | G145: -141.25 | H145: 2007.04 | I145: -276.92 | J145: 1.09
A146: A006360 | B146: GS건설 | C146: 12 | D146: 11968.98 | E146: 3498 | F146: 3534 | G146: 67.37 | H146: 405.88 | I146: -97.3 | J146: -800.53
A147: A088350 | B147: 한화생명 | C147: 12 | D147: 11243.71 | E147: 660 | F147: 723 | G147: -42.16 | H147: -46.67 | I147: 23.42 | J147: 92.75
A148: A357780 | B148: 솔브레인 | C148: 12 | D148: 11159.16 | E148: 20580 | F148: 20510 | G148: 237.13 | H148: -608.43 | I148: -195.18 | J148: 912.24
A149: A004170 | B149: 신세계 | C149: 12 | D149: 12828.73 | E149: 22841 | F149: 23002 | G149: 123.79 | H149: 546.06 | I149: 352.74 | J149: 190.33
A150: A307950 | B150: 현대오토에버 | C150: 12 | D150: 12176.06 | E150: 8501 | F150: 8501 | G150: 403.81 | H150: 988.1 | I150: -147.1 | J150: -212.2
A151: A204320 | B151: HL만도 | C151: 12 | D151: 11834.46 | E151: 4943 | F151: 4896 | G151: 202.01 | H151: -145.28 | I151: -5.19 | J151: -365
A152: A214150 | B152: 클래시스 | C152: 12 | D152: 11653 | E152: 2710 | F152: 2709 | G152: 81.88 | H152: -1303.82 | I152: 240.51 | J152: -77.89
A153: A237690 | B153: 에스티팜 | C153: 12 | D153: 13335.42 | E153: 2964 | F153: 2903 | G153: 446.68 | H153: 379.43 | I153: 94.62 | J153: 513.62
... A158: A051600 | B158: 한전KPS | C158: 12 | D158: 11283.03 | E158: 3800 | F158: 3765 | G158: -15.82 | H158: -1006.41 | I158: 151.13 | J158: 372.25
A159: A290650 | B159: 엘앤씨바이오 | C159: 12 | D159: 8594.95 | F159: 265 | G159: -375 | H159: -699.81 | I159: 251.42 | J159: -348.27
A160: A034230 | B160: 파라다이스 | C160: 12 | D160: 6815.81 | E160: 1051 | F160: 1100 | G160: 313.91 | H160: 1172.52 | I160: -327.79 | J160: 694.6
A161: A005070 | B161: 코스모신소재 | C161: 12 | D161: 12028.6 | E161: 1207 | F161: 798 | G161: -182 | H161: -810.98 | I161: 9.13 | J161: -327.27
A162: A028670 | B162: 팬오션 | C162: 12 | D162: 8972.67 | E162: 693 | F162: 701 | G162: -198.52 | H162: -47.25 | I162: 132.67 | J162: 234.27
A163: A267270 | B163: HD현대건설기계 | C163: 12 | D163: 9242.17 | E163: 9826 | F163: 9826 | G163: 445.78 | H163: 388.33 | I163: -543.83 | J163: 373.13
A164: A361610 | B164: SK아이이테크놀로지 | C164: 12 | D164: 10674.65 | E164: -1026 | F164: -1026 | G164: -106.99 | H164: 41.11 | I164: 0.06 | J164: 101.28
A165: A036930 | B165: 주성엔지니어링 | C165: 12 | D165: 9247.39 | E165: 1941 | F165: 2019 | G165: 24.08 | H165: -119.36 | I165: 25.57 | J165: -926.8
A166: A067310 | B166: 하나마이크론 | C166: 12 | D166: 12005.9 | E166: 1293 | F166: 1200 | G166: 291.93 | H166: 344.71 | I166: 389.24 | J166: 1205.97
A167: A032350 | B167: 롯데관광개발 | C167: 12 | D167: 8488.62 | E167: 796 | F167: 809 | G167: 398.46 | H167: 1654.42 | I167: -163.29 | J167: 452.79
A168: A100090 | B168: SK오션플랜트 | C168: 12 | D168: 8125.13 | E168: 916 | F168: 962 | G168: -49.56 | H168: 152.27 | I168: -173.27 | J168: -361.22
A169: A000120 | B169: CJ대한통운 | C169: 12 | D169: 10183.84 | E169: 12589 | F169: 12589 | G169: 393.85 | H169: 449.11 | I169: 74.48 | J169: -296.55
A170: A353200 | B170: 대덕전자 | C170: 12 | D170: 15683.59 | E170: 2430 | F170: 2301 | G170: 389.2 | H170: 257.88 | I170: 807.48 | J170: 2147.77
A171: A282330 | B171: BGF리테일 | C171: 12 | D171: 9236.17 | E171: 11458 | F171: 11504 | G171: 138.7 | H171: 489.61 | I171: -132.54 | J171: -198.4
... A186: A253450 | B186: 스튜디오드래곤 | C186: 12 | D186: 5388.22 | E186: 1372 | F186: 1443 | G186: -164.28 | H186: -377.51 | I186: -18.47 | J186: -47.36
A187: A077970 | B187: STX엔진 | C187: 12 | D187: 4751.4 | F187: 1450 | G187: -118.65 | H187: 1120.16 | I187: -280.72 | J187: -345.53
A188: A005850 | B188: 에스엘 | C188: 12 | D188: 5772.11 | E188: 8145 | F188: 7476 | G188: -1.49 | H188: -225.65 | I188: -161.58 | J188: 80.62
A189: A108320 | B189: LX세미콘 | C189: 12 | D189: 5535.85 | F189: 6138 | G189: -176.11 | H189: -173.45 | I189: 69.14 | J189: 36.5
A190: A000080 | B190: 하이트진로 | C190: 12 | D190: 5850.67 | E190: 1719 | F190: 1670 | G190: -22.45 | H190: -294.86 | I190: -21.46 | J190: -238.67
A191: A039130 | B191: 하나투어 | C191: 12 | D191: 5098.69 | E191: 4133 | F191: 4119 | G191: -69.26 | H191: -321.26 | I191: -97.91 | J191: -84.86
A192: A007070 | B192: GS리테일 | C192: 12 | D192: 7579.3 | E192: 2096 | F192: 2096 | G192: 181.43 | H192: 336.28 | I192: 234.53 | J192: 220.63
A193: A033500 | B193: 동성화인텍 | C193: 12 | D193: 5891.05 | E193: 2470 | F193: 2338 | G193: -61.31 | H193: 471.24 | I193: 2.87 | J193: -103.45
A194: A319660 | B194: 피에스케이 | C194: 12 | D194: 6601.57 | E194: 3092 | F194: 2870 | G194: 129.54 | H194: 147.32 | I194: 199.97 | J194: 389.46
A195: A458870 | B195: 씨어스테크놀로지 | C195: 12 | D195: 11805.87 | E195: 1515 | F195: 1161 | G195: 18.61 | H195: 137.65 | I195: 187.12 | J195: 222.18
A196: A183300 | B196: 코미코 | C196: 12 | D196: 5297.37 | E196: 7218 | F196: 6896 | G196: 417.75 | H196: 483.44 | I196: -292.5 | J196: 112.61
A197: A018670 | B197: SK가스 | C197: 12 | D197: 5856.3 | E197: 38165 | F197: 36784 | G197: 87.39 | H197: -68 | I197: -3.18 | J197: 148.21
A198: A018880 | B198: 한온시스템 | C198: 12 | D198: 19571.85 | E198: 192 | F198: 169 | G198: 171.53 | H198: 338.18 | I198: 86.68 | J198: 61.61
A199: A075580 | B199: 세진중공업 | C199: 12 | D199: 4998.68 | F199: 854 | G199: -46.31 | H199: -15.5 | I199: 71.8 | J199: -495.42
A200: A020150 | B200: 롯데에너지머티리얼즈 | C200: 12 | D200: 7944.72 | E200: -650 | F200: -647 | G200: -43.49 | H200: 58.77 | I200: 283.79 | J200: 321.25
A201: A218410 | B201: RFHIC | C201: 12 | D201: 5000.2 | E201: 1104 | F201: 1104 | G201: -83.15 | H201: 424.32 | I201: 260.91 | J201: 623.56
A202: A114090 | B202: GKL | C202: 12 | D202: 4097.81 | E202: 1070 | F202: 1075 | G202: 38.37 | H202: 374.74 | I202: -105.79 | J202: -68.92
A203: A095610 | B203: 테스 | C203: 12 | D203: 4902.32 | E203: 3558 | F203: 3610 | G203: 67.55 | H203: 655.57 | I203: -30.55 | J203: 400.89
A204: A102710 | B204: 이엔에프테크놀로지 | C204: 12 | D204: 4258.95 | E204: 5214 | F204: 5025 | G204: 158.14 | H204: 633.55 | I204: -254.84 | J204: 240.79
A205: A053030 | B205: 바이넥스 | C205: 12 | D205: 4328.92 | F205: 532 | G205: 56.96 | H205: -75 | I205: -84.66 | J205: -194.04
A206: A499790 | B206: GS피앤엘 | C206: 12 | D206: 3279.68 | E206: 2780 | F206: 2771 | G206: 5.5 | H206: 219.69 | I206: 81.75 | J206: 282.29
A207: A131970 | B207: 두산테스나 | C207: 12 | D207: 5145.52 | E207: 1987 | F207: 2002 | G207: 44.85 | H207: -44.56 | I207: -65.28 | J207: 283.2
A208: A121600 | B208: 나노신소재 | C208: 12 | D208: 5794.5 | E208: 792 | F208: 1027 | G208: -48.44 | H208: 100.41 | I208: 57.14 | J208: -263.13
A209: A005300 | B209: 롯데칠성 | C209: 12 | D209: 4419.31 | E209: 12695 | F209: 12750 | G209: 42.9 | H209: 518.51 | I209: -13.91 | J209: -3.43
A210: A090460 | B210: 비에이치 | C210: 12 | D210: 4018.23 | E210: 2249 | F210: 2249 | G210: 130.71 | H210: 271.74 | I210: -228.17 | J210: 524.22
A211: A006040 | B211: 동원산업 | C211: 12 | D211: 4267.58 | E211: 7764 | F211: 7764 | G211: 129.43 | H211: 156.83 | I211: -113.55 | J211: -38.96
A212: A336570 | B212: 원텍 | C212: 12 | D212: 3424.53 | E212: 617 | F212: 604 | G212: 48.43 | H212: 522.75 | I212: -88.82 | J212: -314.8
A213: A241710 | B213: 코스메카코리아 | C213: 12 | D213: 4531.97 | E213: 5768 | F213: 5734 | G213: 132.56 | H213: 206.1 | I213: 47.56 | J213: 392.5
A214: A001740 | B214: SK네트웍스 | C214: 12 | D214: 4375.17 | E214: 242 | F214: 249 | G214: 6.31 | H214: 59.06 | I214: -11.96 | J214: -91.97
A215: A064960 | B215: SNT모티브 | C215: 12 | D215: 3625.97 | E215: 4166 | F215: 4255 | G215: 46.42 | H215: 169.39 | I215: -114.8 | J215: 54.27
A216: A099320 | B216: 쎄트렉아이 | C216: 12 | D216: 3724.47 | E216: 1459 | F216: 1612 | G216: -119.86 | H216: -59.17 | I216: 2.49 | J216: 7.99
A217: A389650 | B217: 넥스트바이오메디컬 | C217: 12 | D217: 3564.08 | F217: 601 | G217: -88.53 | H217: -49.27 | I217: -19.47 | J217: -160.53
A218: A204270 | B218: 제이앤티씨 | C218: 12 | D218: 4179.68 | F218: 2082 | G218: -38.35 | H218: -34.37 | I218: 58.14 | J218: 216.21
A219: A030520 | B219: 한글과컴퓨터 | C219: 12 | D219: 3722.14 | E219: 2083 | F219: 2132 | G219: -13.12 | H219: 21.39 | I219: 15.08 | J219: -136.08
A220: A100840 | B220: SNT에너지 | C220: 12 | D220: 3035.37 | E220: 4145 | F220: 3806 | G220: -138.33 | H220: 228.15 | I220: 38.74 | J220: -429.59
A221: A166090 | B221: 하나머티리얼즈 | C221: 12 | D221: 4470.82 | F221: 2122 | G221: 57.66 | H221: -132.71 | I221: 20.44 | J221: 87.51
A222: A006650 | B222: 대한유화 | C222: 12 | D222: 5335.83 | E222: 14649 | F222: 14649 | G222: -54.41 | H222: 102.48 | I222: 189.84 | J222: 385.37
A223: A025540 | B223: 한국단자 | C223: 12 | D223: 3817.02 | F223: 12501 | G223: 20.95 | H223: -160.22 | I223: -41.59 | J223: -113.94
A224: A319400 | B224: 현대무벡스 | C224: 12 | D224: 4457.12 | E224: 258 | F224: 263 | G224: 6.09 | H224: -288.45 | I224: -3.54 | J224: -68.35
A225: A200670 | B225: 휴메딕스 | C225: 12 | D225: 3005.35 | E225: 4588 | F225: 4510 | G225: 47.58 | H225: -132.23 | I225: -6.41 | J225: -110.39
A226: A079160 | B226: CJ CGV | C226: 12 | D226: 3951.51 | E226: -100 | F226: -92 | G226: 2.08 | H226: -78.32 | I226: -6.38 | J226: -164.44
A227: A060370 | B227: LS마린솔루션 | C227: 12 | D227: 3966.18 | F227: 360 | G227: -62.9 | H227: -102.02 | I227: 110.84 | J227: -133.86
A228: A069260 | B228: TKG휴켐스 | C228: 12 | D228: 3761.68 | E228: 2118 | F228: 2010 | G228: 45.67 | H228: 92.09 | I228: -37.54 | J228: -42.76
A229: A419530 | B229: SAMG엔터 | C229: 12 | D229: 3712.25 | E229: 3199 | F229: 3158 | G229: -201.59 | H229: -534.91 | I229: 36.79 | J229: -181.87
A230: A348210 | B230: 넥스틴 | C230: 12 | D230: 4607.22 | E230: 3030 | F230: 3264 | G230: -116.06 | H230: -301.39 | I230: 722.32 | J230: 603.52
...

Sheet Sheet2
A1: Refresh | B1: Last Update : 2025-11-14 19:57:54
A3: Peer Analysis (To Select)
A4: Account Type | B4: All Listed | C4: Korean
B9: Account | C9: R100200 | D9: S102306 | E9: E312060.M1
B10: Period | D10: CPD
B11: Unit | C11: Txt | D11: Local 100mn | E11: Local/Shares
B12: Base Date | E12: CPD
A13: Code | B13: Name | C13: 결산월 | D13: 유동시가총액 | E13: EPS(Fwd.12M, 지배)
A14: A005930 | B14: 삼성전자 | C14: 12 | D14: 4345911.7 | E14: 9536
A15: A000660 | B15: SK하이닉스 | C15: 12 | D15: 3024180.1 | E15: 77374
A16: A105560 | B16: KB금융 | C16: 12 | D16: 386648.65 | E16: 15642
A17: A012450 | B17: 한화에어로스페이스 | C17: 12 | D17: 308507.7 | E17: 47286
A18: A035420 | B18: NAVER | C18: 12 | D18: 341477.29 | E18: 14533
A19: A005380 | B19: 현대차 | C19: 12 | D19: 364630.07 | E19: 42764
A20: A055550 | B20: 신한지주 | C20: 12 | D20: 308892.66 | E20: 10745
A21: A034020 | B21: 두산에너빌리티 | C21: 12 | D21: 347020.16 | E21: 639
A22: A068270 | B22: 셀트리온 | C22: 12 | D22: 288234.76 | E22: 5251
A23: A000270 | B23: 기아 | C23: 12 | D23: 273399.23 | E23: 21310
A24: A086790 | B24: 하나금융지주 | C24: 12 | D24: 228924.99 | E24: 14908
A25: A035720 | B25: 카카오 | C25: 12 | D25: 204641.43 | E25: 1461
... A133: A062040 | B133: 산일전기 | C133: 12 | D133: 18545.05 | E133: 6494
A134: A039200 | B134: 오스코텍 | C134: 12 | D134: 17505.29
A135: A336260 | B135: 두산퓨얼셀 | C135: 12 | D135: 13730.49 | E135: -122
A136: A122870 | B136: 와이지엔터테인먼트 | C136: 12 | D136: 8354.82 | E136: 3664
A137: A081660 | B137: 미스토홀딩스 | C137: 12 | D137: 12723.97 | E137: 4328
A138: A010060 | B138: OCI홀딩스 | C138: 12 | D138: 15225.45 | E138: 12162
A139: A263750 | B139: 펄어비스 | C139: 12 | D139: 14620.37 | E139: 2273
A140: A011170 | B140: 롯데케미칼 | C140: 12 | D140: 16035.65 | E140: -7871
A141: A454910 | B141: 두산로보틱스 | C141: 12 | D141: 15875.09
A142: A950160 | B142: 코오롱티슈진 | C142: 12 | D142: 15084.04 | E142: -497
A143: A140860 | B143: 파크시스템스 | C143: 12 | D143: 11701.7 | E143: 8552
A144: A375500 | B144: DL이앤씨 | C144: 12 | D144: 11635.01 | E144: 8121
A145: A483650 | B145: 달바글로벌 | C145: 12 | D145: 9643.23 | E145: 9703
A146: A006360 | B146: GS건설 | C146: 12 | D146: 11968.98 | E146: 3498
A147: A088350 | B147: 한화생명 | C147: 12 | D147: 11243.71 | E147: 660
A148: A357780 | B148: 솔브레인 | C148: 12 | D148: 11159.16 | E148: 20580
A149: A004170 | B149: 신세계 | C149: 12 | D149: 12828.73 | E149: 22841
A150: A307950 | B150: 현대오토에버 | C150: 12 | D150: 12176.06 | E150: 8501
A151: A204320 | B151: HL만도 | C151: 12 | D151: 11834.46 | E151: 4943
A152: A214150 | B152: 클래시스 | C152: 12 | D152: 11653 | E152: 2710
A153: A237690 | B153: 에스티팜 | C153: 12 | D153: 13335.42 | E153: 2964
... A158: A051600 | B158: 한전KPS | C158: 12 | D158: 11283.03 | E158: 3800
A159: A290650 | B159: 엘앤씨바이오 | C159: 12 | D159: 8594.95
A160: A034230 | B160: 파라다이스 | C160: 12 | D160: 6815.81 | E160: 1051
A161: A005070 | B161: 코스모신소재 | C161: 12 | D161: 12028.6 | E161: 1207
A162: A028670 | B162: 팬오션 | C162: 12 | D162: 8972.67 | E162: 693
A163: A267270 | B163: HD현대건설기계 | C163: 12 | D163: 9242.17 | E163: 9826
A164: A361610 | B164: SK아이이테크놀로지 | C164: 12 | D164: 10674.65 | E164: -1026
A165: A036930 | B165: 주성엔지니어링 | C165: 12 | D165: 9247.39 | E165: 1941
A166: A067310 | B166: 하나마이크론 | C166: 12 | D166: 12005.9 | E166: 1293
A167: A032350 | B167: 롯데관광개발 | C167: 12 | D167: 8488.62 | E167: 796
A168: A100090 | B168: SK오션플랜트 | C168: 12 | D168: 8125.13 | E168: 916
A169: A000120 | B169: CJ대한통운 | C169: 12 | D169: 10183.84 | E169: 12589
A170: A353200 | B170: 대덕전자 | C170: 12 | D170: 15683.59 | E170: 2430
A171: A282330 | B171: BGF리테일 | C171: 12 | D171: 9236.17 | E171: 11458
... A186: A253450 | B186: 스튜디오드래곤 | C186: 12 | D186: 5388.22 | E186: 1372
A187: A077970 | B187: STX엔진 | C187: 12 | D187: 4751.4
A188: A005850 | B188: 에스엘 | C188: 12 | D188: 5772.11 | E188: 8145
A189: A108320 | B189: LX세미콘 | C189: 12 | D189: 5535.85
A190: A000080 | B190: 하이트진로 | C190: 12 | D190: 5850.67 | E190: 1719
A191: A039130 | B191: 하나투어 | C191: 12 | D191: 5098.69 | E191: 4133
A192: A007070 | B192: GS리테일 | C192: 12 | D192: 7579.3 | E192: 2096
A193: A033500 | B193: 동성화인텍 | C193: 12 | D193: 5891.05 | E193: 2470
A194: A319660 | B194: 피에스케이 | C194: 12 | D194: 6601.57 | E194: 3092
A195: A458870 | B195: 씨어스테크놀로지 | C195: 12 | D195: 11805.87 | E195: 1515
A196: A183300 | B196: 코미코 | C196: 12 | D196: 5297.37 | E196: 7218
A197: A018670 | B197: SK가스 | C197: 12 | D197: 5856.3 | E197: 38165
A198: A018880 | B198: 한온시스템 | C198: 12 | D198: 19571.85 | E198: 192
A199: A075580 | B199: 세진중공업 | C199: 12 | D199: 4998.68
A200: A020150 | B200: 롯데에너지머티리얼즈 | C200: 12 | D200: 7944.72 | E200: -650
A201: A218410 | B201: RFHIC | C201: 12 | D201: 5000.2 | E201: 1104
A202: A114090 | B202: GKL | C202: 12 | D202: 4097.81 | E202: 1070
A203: A095610 | B203: 테스 | C203: 12 | D203: 4902.32 | E203: 3558
A204: A102710 | B204: 이엔에프테크놀로지 | C204: 12 | D204: 4258.95 | E204: 5214
A205: A053030 | B205: 바이넥스 | C205: 12 | D205: 4328.92
A206: A499790 | B206: GS피앤엘 | C206: 12 | D206: 3279.68 | E206: 2780
A207: A131970 | B207: 두산테스나 | C207: 12 | D207: 5145.52 | E207: 1987
A208: A121600 | B208: 나노신소재 | C208: 12 | D208: 5794.5 | E208: 792
A209: A005300 | B209: 롯데칠성 | C209: 12 | D209: 4419.31 | E209: 12695
A210: A090460 | B210: 비에이치 | C210: 12 | D210: 4018.23 | E210: 2249
A211: A006040 | B211: 동원산업 | C211: 12 | D211: 4267.58 | E211: 7764
A212: A336570 | B212: 원텍 | C212: 12 | D212: 3424.53 | E212: 617
A213: A241710 | B213: 코스메카코리아 | C213: 12 | D213: 4531.97 | E213: 5768
A214: A001740 | B214: SK네트웍스 | C214: 12 | D214: 4375.17 | E214: 242
A215: A064960 | B215: SNT모티브 | C215: 12 | D215: 3625.97 | E215: 4166
A216: A099320 | B216: 쎄트렉아이 | C216: 12 | D216: 3724.47 | E216: 1459
A217: A389650 | B217: 넥스트바이오메디컬 | C217: 12 | D217: 3564.08
A218: A204270 | B218: 제이앤티씨 | C218: 12 | D218: 4179.68
A219: A030520 | B219: 한글과컴퓨터 | C219: 12 | D219: 3722.14 | E219: 2083
A220: A100840 | B220: SNT에너지 | C220: 12 | D220: 3035.37 | E220: 4145
A221: A166090 | B221: 하나머티리얼즈 | C221: 12 | D221: 4470.82
A222: A006650 | B222: 대한유화 | C222: 12 | D222: 5335.83 | E222: 14649
A223: A025540 | B223: 한국단자 | C223: 12 | D223: 3817.02
A224: A319400 | B224: 현대무벡스 | C224: 12 | D224: 4457.12 | E224: 258
A225: A200670 | B225: 휴메딕스 | C225: 12 | D225: 3005.35 | E225: 4588
A226: A079160 | B226: CJ CGV | C226: 12 | D226: 3951.51 | E226: -100
A227: A060370 | B227: LS마린솔루션 | C227: 12 | D227: 3966.18
A228: A069260 | B228: TKG휴켐스 | C228: 12 | D228: 3761.68 | E228: 2118
A229: A419530 | B229: SAMG엔터 | C229: 12 | D229: 3712.25 | E229: 3199
A230: A348210 | B230: 넥스틴 | C230: 12 | D230: 4607.22 | E230: 3030
...
