Workbook
Name bench2_list: [1]combo_lists!$C$1:$C$5
Name bench3_list: [1]combo_lists!$D$1:$D$2
Name benchmark_list: [1]combo_lists!$A$1:$A$2
Name Bm_Cushion: OFFSET([2]Work!$S$12,0,0,COUNT([2]Work!$S$12:$S$65536),1)
Name Bm_Floor: OFFSET([2]Work!$R$13,0,0,COUNT([2]Work!$R$13:$R$65536),1)
Name Bm_NAV: OFFSET([2]Work!$O$12,0,0,COUNT([2]Work!$O$12:$O$65536),1)
Name BM_Return: OFFSET([2]Work!$P$13,0,0,COUNT([2]Work!$P$13:$P$65536),1)
Name chart_name: '[1]Valuation Charts'!$B$29
Name chart_type: [1]lists!$A$1:$A$9
Name checklist: '[1]Valuation Charts'!$B$2:$B$28
Name chk_400: '[1]Valuation Charts'!$B$13
Name chk_400g: '[1]Valuation Charts'!$B$11
Name chk_400v: '[1]Valuation Charts'!$B$12
Name chk_500: '[1]Valuation Charts'!$B$16
Name chk_500g: '[1]Valuation Charts'!$B$14
Name chk_500v: '[1]Valuation Charts'!$B$15
Name chk_600: '[1]Valuation Charts'!$B$19
Name chk_600g: '[1]Valuation Charts'!$B$17
Name chk_600v: '[1]Valuation Charts'!$B$18
Name chk_r1000: '[1]Valuation Charts'!$B$2
Name chk_r1000g: '[1]Valuation Charts'!$B$3
Name chk_r1000v: '[1]Valuation Charts'!$B$4
Name chk_r2000: '[1]Valuation Charts'!$B$5
Name chk_r2000g: '[1]Valuation Charts'!$B$6
Name chk_r2000v: '[1]Valuation Charts'!$B$7
Name chk_rMid: '[1]Valuation Charts'!$B$8
Name chk_rMidG: '[1]Valuation Charts'!$B$9
Name chk_rMidV: '[1]Valuation Charts'!$B$10
Name CMA: #REF!
Name CMAG: #REF!
Name CMQ: #REF!
Name CMQG: #REF!
Name CNA: #REF!
Name CNQ: #REF!
Name Date: OFFSET([2]Work!$B$12,0,0,COUNT([2]Work!$B$12:$B$65536),1)
Name date_from: '[1]Valuation Charts'!$A$30
Name date_to: '[1]Valuation Charts'!$A$31
Name dates: [1]lists!$C$1:$C$92
Name full_date: [1]combo_lists!$B$3
Name Fund_Cushion: OFFSET([2]Work!$J$12,0,0,COUNT([2]Work!$J$12:$J$65536),1)
Name Fund_Floor: OFFSET([2]Work!$I$12,0,0,COUNT([2]Work!$I$12:$I$65536),1)
Name Fund_NAV: OFFSET([2]Work!$E$12,0,0,COUNT([2]Work!$E$12:$E$65536),1)
Name Fund_Return: OFFSET([2]Work!$F$13,0,0,COUNT([2]Work!$F$13:$F$65536),1)
Name GS건설_순매수대금: OFFSET([3]data!$AA$15,COUNT([3]data!$AA$15:$AA$65536)-90,0,93,1)
Name GS건설_외국인보유비중: OFFSET([3]data!$Z$15,COUNT([3]data!$Z$15:$Z$65536)-90,0,93,1)
Name index: '[1]Monthly Return Charts'!$A$1
Name index_type: '[1]Valuation Charts'!$A$28
Name indices: [1]lists!$D$1:$D$18
Name indices_list: [1]lists!$E$1:$E$2
Name Kospi_1000: OFFSET('[2]BM Data'!$O$16,0,0,COUNT('[2]BM Data'!$O$16:$O$65536),1)
Name KT_순매수대금: OFFSET([3]data!$AK$15,COUNT([3]data!$AK$15:$AK$65536)-90,0,93,1)
Name KT_외국인보유비중: OFFSET([3]data!$AJ$15,COUNT([3]data!$AJ$15:$AJ$65536)-90,0,93,1)
Name LG디스플레이_순매수대금: OFFSET([3]data!$I$15,COUNT([3]data!$I$15:$I$65536)-90,0,93,1)
Name LG디스플레이_외국인보유비중: OFFSET([3]data!$H$15,COUNT([3]data!$H$15:$H$65536)-90,0,93,1)
Name LG전자_순매수대금: OFFSET([3]data!$G$15,COUNT([3]data!$G$15:$G$65536)-90,0,93,1)
Name LG전자_외국인보유비중: OFFSET([3]data!$F$15,COUNT([3]data!$F$15:$F$65536)-90,0,93,1)
Name LG화학_순매수대금: OFFSET([3]data!$AM$15,COUNT([3]data!$AM$15:$AM$65536)-90,0,93,1)
Name LG화학_외국인보유비중: OFFSET([3]data!$AL$15,COUNT([3]data!$AL$15:$AL$65536)-90,0,93,1)
Name LS_순매수대금: OFFSET([3]data!$BE$15,COUNT([3]data!$BE$15:$BE$65536)-90,0,93,1)
Name LS_외국인보유비중: OFFSET([3]data!$BD$15,COUNT([3]data!$BD$15:$BD$65536)-90,0,93,1)

Sheet 코스닥액티브
B3: ='코엑트 코스닥액티브'!A9 -> KoAct 코스닥액티브 | H3: ='타임 코스닥액티브'!A9 -> TIME 코스닥액티브 | N3: =플러스코스닥액티브!A9 -> PLUS 코스닥150액티브
B4: 종목명 | C4: ='코엑트 코스닥액티브'!B4 -> CPD [20260701] | D4: ='코엑트 코스닥액티브(과거)'!B4 -> 20260619 | E4: 비중차이 | F4: 증가율 | H4: 종목명 | I4: =C4 -> CPD [20260701] | J4: =D4 -> 20260619 | K4: 비중차 | L4: 증가율 | N4: 종목명 | O4: =C4 -> CPD [20260701] | P4: =D4 -> 20260619 | Q4: 비중차이 | R4: 증가율
A5: =VLOOKUP(B5,유니버스!$C$14:$D$2561,2,0) -> KQ | B5: ='코엑트 코스닥액티브'!B11 -> 테스 | C5: =VLOOKUP(B5,'코엑트 코스닥액티브'!$B$11:$E$1000,4,0) -> 10.34 | D5: =IFERROR(VLOOKUP(B5,'코엑트 코스닥액티브(과거)'!$B$11:$E$1000,4,0),0) -> 8.1 | E5: =C5-D5 -> 2.24 | F5: =IFERROR(C5/D5-1,"신규편입") -> 0.27654321 | G5: =VLOOKUP(H5,유니버스!$C$14:$D$2561,2,0) -> KQ | H5: ='타임 코스닥액티브'!B11 -> 테스 | I5: =VLOOKUP(H5,'타임 코스닥액티브'!$B$11:$E$1000,4,0) -> 10.24 | J5: =IFERROR(VLOOKUP(H5,'타임코스닥액티브(과거)'!$B$11:$E$1000,4,0),0) -> 8.18 | K5: =I5-J5 -> 2.06 | L5: =IFERROR(I5/J5-1,"신규편입") -> 0.25183374 | M5: =VLOOKUP(N5,유니버스!$C$14:$D$2561,2,0) -> KQ | N5: =플러스코스닥액티브!B11 -> 서진시스템 | O5: =VLOOKUP(N5,플러스코스닥액티브!$B$11:$E$1000,4,0) -> 7.5 | P5: =IFERROR(VLOOKUP(N5,'플러스코스닥액티브(과거)'!$B$11:$E$1000,4,0),0) -> 6.82 | Q5: =O5-P5 -> 0.68 | R5: =IFERROR(O5/P5-1,"신규편입") -> 0.099706745
A6: =VLOOKUP(B6,유니버스!$C$14:$D$2561,2,0) -> KQ | B6: ='코엑트 코스닥액티브'!B12 -> 리노공업 | C6: =VLOOKUP(B6,'코엑트 코스닥액티브'!$B$11:$E$1000,4,0) -> 5.72 | D6: =IFERROR(VLOOKUP(B6,'코엑트 코스닥액티브(과거)'!$B$11:$E$1000,4,0),0) -> 6.49 | E6: =C6-D6 -> -0.77 | F6: =IFERROR(C6/D6-1,"신규편입") -> -0.11864407 | G6: =VLOOKUP(H6,유니버스!$C$14:$D$2561,2,0) -> KQ | H6: ='타임 코스닥액티브'!B12 -> 인텍플러스 | I6: =VLOOKUP(H6,'타임 코스닥액티브'!$B$11:$E$1000,4,0) -> 5.42 | J6: =IFERROR(VLOOKUP(H6,'타임코스닥액티브(과거)'!$B$11:$E$1000,4,0),0) -> 5.3 | K6: =I6-J6 -> 0.12 | L6: =IFERROR(I6/J6-1,"신규편입") -> 0.022641509 | M6: =VLOOKUP(N6,유니버스!$C$14:$D$2561,2,0) -> KQ | N6: =플러스코스닥액티브!B12 -> 더블유씨피 | O6: =VLOOKUP(N6,플러스코스닥액티브!$B$11:$E$1000,4,0) -> 6.65 | P6: =IFERROR(VLOOKUP(N6,'플러스코스닥액티브(과거)'!$B$11:$E$1000,4,0),0) -> 6.43 | Q6: =O6-P6 -> 0.22 | R6: =IFERROR(O6/P6-1,"신규편입") -> 0.034214619
A7: =VLOOKUP(B7,유니버스!$C$14:$D$2561,2,0) -> KQ | B7: ='코엑트 코스닥액티브'!B13 -> 심텍 | C7: =VLOOKUP(B7,'코엑트 코스닥액티브'!$B$11:$E$1000,4,0) -> 4.42 | D7: =IFERROR(VLOOKUP(B7,'코엑트 코스닥액티브(과거)'!$B$11:$E$1000,4,0),0) -> 3.5 | E7: =C7-D7 -> 0.92 | F7: =IFERROR(C7/D7-1,"신규편입") -> 0.26285714 | G7: =VLOOKUP(H7,유니버스!$C$14:$D$2561,2,0) -> KQ | H7: ='타임 코스닥액티브'!B13 -> 원익IPS | I7: =VLOOKUP(H7,'타임 코스닥액티브'!$B$11:$E$1000,4,0) -> 5.26 | J7: =IFERROR(VLOOKUP(H7,'타임코스닥액티브(과거)'!$B$11:$E$1000,4,0),0) -> 5.08 | K7: =I7-J7 -> 0.18 | L7: =IFERROR(I7/J7-1,"신규편입") -> 0.035433071 | M7: =VLOOKUP(N7,유니버스!$C$14:$D$2561,2,0) -> KQ | N7: =플러스코스닥액티브!B13 -> 씨어스 | O7: =VLOOKUP(N7,플러스코스닥액티브!$B$11:$E$1000,4,0) -> 6.11 | P7: =IFERROR(VLOOKUP(N7,'플러스코스닥액티브(과거)'!$B$11:$E$1000,4,0),0) -> 6.3 | Q7: =O7-P7 -> -0.19 | R7: =IFERROR(O7/P7-1,"신규편입") -> -0.03015873
A8: =VLOOKUP(B8,유니버스!$C$14:$D$2561,2,0) -> KQ | B8: ='코엑트 코스닥액티브'!B14 -> 성호전자 | C8: =VLOOKUP(B8,'코엑트 코스닥액티브'!$B$11:$E$1000,4,0) -> 4.23 | D8: =IFERROR(VLOOKUP(B8,'코엑트 코스닥액티브(과거)'!$B$11:$E$1000,4,0),0) -> 5.28 | E8: =C8-D8 -> -1.05 | F8: =IFERROR(C8/D8-1,"신규편입") -> -0.19886364 | G8: =VLOOKUP(H8,유니버스!$C$14:$D$2561,2,0) -> KQ | H8: ='타임 코스닥액티브'!B14 -> 주성엔지니어링 | I8: =VLOOKUP(H8,'타임 코스닥액티브'!$B$11:$E$1000,4,0) -> 4.98 | J8: =IFERROR(VLOOKUP(H8,'타임코스닥액티브(과거)'!$B$11:$E$1000,4,0),0) -> 4.07 | K8: =I8-J8 -> 0.91 | L8: =IFERROR(I8/J8-1,"신규편입") -> 0.22358722 | M8: =VLOOKUP(N8,유니버스!$C$14:$D$2561,2,0) -> KQ | N8: =플러스코스닥액티브!B14 -> 브이엠 | O8: =VLOOKUP(N8,플러스코스닥액티브!$B$11:$E$1000,4,0) -> 3.64 | P8: =IFERROR(VLOOKUP(N8,'플러스코스닥액티브(과거)'!$B$11:$E$1000,4,0),0) -> 2.62 | Q8: =O8-P8 -> 1.02 | R8: =IFERROR(O8/P8-1,"신규편입") -> 0.38931298
A9: =VLOOKUP(B9,유니버스!$C$14:$D$2561,2,0) -> KQ | B9: ='코엑트 코스닥액티브'!B15 -> 피에스케이홀딩스 | C9: =VLOOKUP(B9,'코엑트 코스닥액티브'!$B$11:$E$1000,4,0) -> 3.4 | D9: =IFERROR(VLOOKUP(B9,'코엑트 코스닥액티브(과거)'!$B$11:$E$1000,4,0),0) -> 2.29 | E9: =C9-D9 -> 1.11 | F9: =IFERROR(C9/D9-1,"신규편입") -> 0.48471616 | G9: =VLOOKUP(H9,유니버스!$C$14:$D$2561,2,0) -> KQ | H9: ='타임 코스닥액티브'!B15 -> 기가비스 | I9: =VLOOKUP(H9,'타임 코스닥액티브'!$B$11:$E$1000,4,0) -> 3.85 | J9: =IFERROR(VLOOKUP(H9,'타임코스닥액티브(과거)'!$B$11:$E$1000,4,0),0) -> 2.9 | K9: =I9-J9 -> 0.95 | L9: =IFERROR(I9/J9-1,"신규편입") -> 0.32758621 | M9: =VLOOKUP(N9,유니버스!$C$14:$D$2561,2,0) -> KQ | N9: =플러스코스닥액티브!B15 -> 피에스케이홀딩스 | O9: =VLOOKUP(N9,플러스코스닥액티브!$B$11:$E$1000,4,0) -> 3.61 | P9: =IFERROR(VLOOKUP(N9,'플러스코스닥액티브(과거)'!$B$11:$E$1000,4,0),0) -> 2.69 | Q9: =O9-P9 -> 0.92 | R9: =IFERROR(O9/P9-1,"신규편입") -> 0.34200743
A10: =VLOOKUP(B10,유니버스!$C$14:$D$2561,2,0) -> KQ | B10: ='코엑트 코스닥액티브'!B16 -> 피에스케이 | C10: =VLOOKUP(B10,'코엑트 코스닥액티브'!$B$11:$E$1000,4,0) -> 3.12 | D10: =IFERROR(VLOOKUP(B10,'코엑트 코스닥액티브(과거)'!$B$11:$E$1000,4,0),0) -> 2.44 | E10: =C10-D10 -> 0.68 | F10: =IFERROR(C10/D10-1,"신규편입") -> 0.27868852 | G10: =VLOOKUP(H10,유니버스!$C$14:$D$2561,2,0) -> KQ | H10: ='타임 코스닥액티브'!B16 -> 알테오젠 | I10: =VLOOKUP(H10,'타임 코스닥액티브'!$B$11:$E$1000,4,0) -> 3.57 | J10: =IFERROR(VLOOKUP(H10,'타임코스닥액티브(과거)'!$B$11:$E$1000,4,0),0) -> 1.7 | K10: =I10-J10 -> 1.87 | L10: =IFERROR(I10/J10-1,"신규편입") -> 1.1 | M10: =VLOOKUP(N10,유니버스!$C$14:$D$2561,2,0) -> KQ | N10: =플러스코스닥액티브!B16 -> 스피어 | O10: =VLOOKUP(N10,플러스코스닥액티브!$B$11:$E$1000,4,0) -> 3.48 | P10: =IFERROR(VLOOKUP(N10,'플러스코스닥액티브(과거)'!$B$11:$E$1000,4,0),0) -> 2.56 | Q10: =O10-P10 -> 0.92 | R10: =IFERROR(O10/P10-1,"신규편입") -> 0.359375
A11: =VLOOKUP(B11,유니버스!$C$14:$D$2561,2,0) -> KQ | B11: ='코엑트 코스닥액티브'!B17 -> 알테오젠 | C11: =VLOOKUP(B11,'코엑트 코스닥액티브'!$B$11:$E$1000,4,0) -> 3.02 | D11: =IFERROR(VLOOKUP(B11,'코엑트 코스닥액티브(과거)'!$B$11:$E$1000,4,0),0) -> 2.95 | E11: =C11-D11 -> 0.07 | F11: =IFERROR(C11/D11-1,"신규편입") -> 0.023728814 | G11: =VLOOKUP(H11,유니버스!$C$14:$D$2561,2,0) -> KQ | H11: ='타임 코스닥액티브'!B17 -> 피에스케이 | I11: =VLOOKUP(H11,'타임 코스닥액티브'!$B$11:$E$1000,4,0) -> 3.4 | J11: =IFERROR(VLOOKUP(H11,'타임코스닥액티브(과거)'!$B$11:$E$1000,4,0),0) -> 2.07 | K11: =I11-J11 -> 1.33 | L11: =IFERROR(I11/J11-1,"신규편입") -> 0.64251208 | M11: =VLOOKUP(N11,유니버스!$C$14:$D$2561,2,0) -> KQ | N11: =플러스코스닥액티브!B17 -> 비나텍 | O11: =VLOOKUP(N11,플러스코스닥액티브!$B$11:$E$1000,4,0) -> 3.06 | P11: =IFERROR(VLOOKUP(N11,'플러스코스닥액티브(과거)'!$B$11:$E$1000,4,0),0) -> 3.56 | Q11: =O11-P11 -> -0.5 | R11: =IFERROR(O11/P11-1,"신규편입") -> -0.14044944
A12: =VLOOKUP(B12,유니버스!$C$14:$D$2561,2,0) -> KQ | B12: ='코엑트 코스닥액티브'!B18 -> 코미코 | C12: =VLOOKUP(B12,'코엑트 코스닥액티브'!$B$11:$E$1000,4,0) -> 2.67 | D12: =IFERROR(VLOOKUP(B12,'코엑트 코스닥액티브(과거)'!$B$11:$E$1000,4,0),0) -> 3.08 | E12: =C12-D12 -> -0.41 | F12: =IFERROR(C12/D12-1,"신규편입") -> -0.13311688 | G12: =VLOOKUP(H12,유니버스!$C$14:$D$2561,2,0) -> KQ | H12: ='타임 코스닥액티브'!B18 -> 심텍 | I12: =VLOOKUP(H12,'타임 코스닥액티브'!$B$11:$E$1000,4,0) -> 3.17 | J12: =IFERROR(VLOOKUP(H12,'타임코스닥액티브(과거)'!$B$11:$E$1000,4,0),0) -> 2.57 | K12: =I12-J12 -> 0.6 | L12: =IFERROR(I12/J12-1,"신규편입") -> 0.23346304 | M12: =VLOOKUP(N12,유니버스!$C$14:$D$2561,2,0) -> KQ | N12: =플러스코스닥액티브!B18 -> 테스 | O12: =VLOOKUP(N12,플러스코스닥액티브!$B$11:$E$1000,4,0) -> 2.81 | P12: =IFERROR(VLOOKUP(N12,'플러스코스닥액티브(과거)'!$B$11:$E$1000,4,0),0) -> 2.19 | Q12: =O12-P12 -> 0.62 | R12: =IFERROR(O12/P12-1,"신규편입") -> 0.28310502
A13: =VLOOKUP(B13,유니버스!$C$14:$D$2561,2,0) -> KQ | B13: ='코엑트 코스닥액티브'!B19 -> 티엘비 | C13: =VLOOKUP(B13,'코엑트 코스닥액티브'!$B$11:$E$1000,4,0) -> 2.49 | D13: =IFERROR(VLOOKUP(B13,'코엑트 코스닥액티브(과거)'!$B$11:$E$1000,4,0),0) -> 3 | E13: =C13-D13 -> -0.51 | F13: =IFERROR(C13/D13-1,"신규편입") -> -0.17 | G13: =VLOOKUP(H13,유니버스!$C$14:$D$2561,2,0) -> KQ | H13: ='타임 코스닥액티브'!B19 -> 제주반도체 | I13: =VLOOKUP(H13,'타임 코스닥액티브'!$B$11:$E$1000,4,0) -> 3.16 | J13: =IFERROR(VLOOKUP(H13,'타임코스닥액티브(과거)'!$B$11:$E$1000,4,0),0) -> 5.01 | K13: =I13-J13 -> -1.85 | L13: =IFERROR(I13/J13-1,"신규편입") -> -0.36926148 | M13: =VLOOKUP(N13,유니버스!$C$14:$D$2561,2,0) -> KQ | N13: =플러스코스닥액티브!B19 -> 씨에스베어링 | O13: =VLOOKUP(N13,플러스코스닥액티브!$B$11:$E$1000,4,0) -> 2.75 | P13: =IFERROR(VLOOKUP(N13,'플러스코스닥액티브(과거)'!$B$11:$E$1000,4,0),0) -> 2.75 | Q13: =O13-P13 -> 0 | R13: =IFERROR(O13/P13-1,"신규편입") -> 0
A14: =VLOOKUP(B14,유니버스!$C$14:$D$2561,2,0) -> KQ | B14: ='코엑트 코스닥액티브'!B20 -> 에이비엘바이오 | C14: =VLOOKUP(B14,'코엑트 코스닥액티브'!$B$11:$E$1000,4,0) -> 2.46 | D14: =IFERROR(VLOOKUP(B14,'코엑트 코스닥액티브(과거)'!$B$11:$E$1000,4,0),0) -> 2.41 | E14: =C14-D14 -> 0.05 | F14: =IFERROR(C14/D14-1,"신규편입") -> 0.020746888 | G14: =VLOOKUP(H14,유니버스!$C$14:$D$2561,2,0) -> KQ | H14: ='타임 코스닥액티브'!B20 -> 하나마이크론 | I14: =VLOOKUP(H14,'타임 코스닥액티브'!$B$11:$E$1000,4,0) -> 2.6 | J14: =IFERROR(VLOOKUP(H14,'타임코스닥액티브(과거)'!$B$11:$E$1000,4,0),0) -> 2.55 | K14: =I14-J14 -> 0.05 | L14: =IFERROR(I14/J14-1,"신규편입") -> 0.019607843 | M14: =VLOOKUP(N14,유니버스!$C$14:$D$2561,2,0) -> KQ | N14: =플러스코스닥액티브!B20 -> 코미코 | O14: =VLOOKUP(N14,플러스코스닥액티브!$B$11:$E$1000,4,0) -> 2.64 | P14: =IFERROR(VLOOKUP(N14,'플러스코스닥액티브(과거)'!$B$11:$E$1000,4,0),0) -> 3.08 | Q14: =O14-P14 -> -0.44 | R14: =IFERROR(O14/P14-1,"신규편입") -> -0.14285714
A15: =VLOOKUP(B15,유니버스!$C$14:$D$2561,2,0) -> KQ | B15: ='코엑트 코스닥액티브'!B21 -> 제주반도체 | C15: =VLOOKUP(B15,'코엑트 코스닥액티브'!$B$11:$E$1000,4,0) -> 2.42 | D15: =IFERROR(VLOOKUP(B15,'코엑트 코스닥액티브(과거)'!$B$11:$E$1000,4,0),0) -> 1.65 | E15: =C15-D15 -> 0.77 | F15: =IFERROR(C15/D15-1,"신규편입") -> 0.46666667 | G15: =VLOOKUP(H15,유니버스!$C$14:$D$2561,2,0) -> KQ | H15: ='타임 코스닥액티브'!B21 -> 피에스케이홀딩스 | I15: =VLOOKUP(H15,'타임 코스닥액티브'!$B$11:$E$1000,4,0) -> 2.34 | J15: =IFERROR(VLOOKUP(H15,'타임코스닥액티브(과거)'!$B$11:$E$1000,4,0),0) -> 1.62 | K15: =I15-J15 -> 0.72 | L15: =IFERROR(I15/J15-1,"신규편입") -> 0.44444444 | M15: =VLOOKUP(N15,유니버스!$C$14:$D$2561,2,0) -> KQ | N15: =플러스코스닥액티브!B21 -> 한중엔시에스 | O15: =VLOOKUP(N15,플러스코스닥액티브!$B$11:$E$1000,4,0) -> 2.59 | P15: =IFERROR(VLOOKUP(N15,'플러스코스닥액티브(과거)'!$B$11:$E$1000,4,0),0) -> 2.78 | Q15: =O15-P15 -> -0.19 | R15: =IFERROR(O15/P15-1,"신규편입") -> -0.068345324
A16: =VLOOKUP(B16,유니버스!$C$14:$D$2561,2,0) -> KQ | B16: ='코엑트 코스닥액티브'!B22 -> 파마리서치 | C16: =VLOOKUP(B16,'코엑트 코스닥액티브'!$B$11:$E$1000,4,0) -> 2.38 | D16: =IFERROR(VLOOKUP(B16,'코엑트 코스닥액티브(과거)'!$B$11:$E$1000,4,0),0) -> 1.23 | E16: =C16-D16 -> 1.15 | F16: =IFERROR(C16/D16-1,"신규편입") -> 0.93495935 | G16: =VLOOKUP(H16,유니버스!$C$14:$D$2561,2,0) -> KQ | H16: ='타임 코스닥액티브'!B22 -> 미코 | I16: =VLOOKUP(H16,'타임 코스닥액티브'!$B$11:$E$1000,4,0) -> 2.07 | J16: =IFERROR(VLOOKUP(H16,'타임코스닥액티브(과거)'!$B$11:$E$1000,4,0),0) -> 2.25 | K16: =I16-J16 -> -0.18 | L16: =IFERROR(I16/J16-1,"신규편입") -> -0.08 | M16: =VLOOKUP(N16,유니버스!$C$14:$D$2561,2,0) -> KQ | N16: =플러스코스닥액티브!B22 -> 피에스케이 | O16: =VLOOKUP(N16,플러스코스닥액티브!$B$11:$E$1000,4,0) -> 2.57 | P16: =IFERROR(VLOOKUP(N16,'플러스코스닥액티브(과거)'!$B$11:$E$1000,4,0),0) -> 1.77 | Q16: =O16-P16 -> 0.8 | R16: =IFERROR(O16/P16-1,"신규편입") -> 0.4519774
... A66: =VLOOKUP(B66,유니버스!$C$14:$D$2561,2,0) -> KQ | B66: ='코엑트 코스닥액티브'!B72 -> 에이치브이엠 | C66: =VLOOKUP(B66,'코엑트 코스닥액티브'!$B$11:$E$1000,4,0) -> 0.38 | D66: =IFERROR(VLOOKUP(B66,'코엑트 코스닥액티브(과거)'!$B$11:$E$1000,4,0),0) -> 0.5 | E66: =C66-D66 -> -0.12 | F66: =IFERROR(C66/D66-1,"신규편입") -> -0.24 | G66: =VLOOKUP(H66,유니버스!$C$14:$D$2561,2,0) -> #N/A | H66: ='타임 코스닥액티브'!B72 -> 원화현금 | I66: =VLOOKUP(H66,'타임 코스닥액티브'!$B$11:$E$1000,4,0) -> 1.37 | J66: =IFERROR(VLOOKUP(H66,'타임코스닥액티브(과거)'!$B$11:$E$1000,4,0),0) -> 1.69 | K66: =I66-J66 -> -0.32 | L66: =IFERROR(I66/J66-1,"신규편입") -> -0.18934911 | M66: =VLOOKUP(N66,유니버스!$C$14:$D$2561,2,0) -> KQ | N66: =플러스코스닥액티브!B72 -> 서부T&D | O66: =VLOOKUP(N66,플러스코스닥액티브!$B$11:$E$1000,4,0) -> 0.15 | P66: =IFERROR(VLOOKUP(N66,'플러스코스닥액티브(과거)'!$B$11:$E$1000,4,0),0) -> 0.15 | Q66: =O66-P66 -> 0 | R66: =IFERROR(O66/P66-1,"신규편입") -> 0
A67: =VLOOKUP(B67,유니버스!$C$14:$D$2561,2,0) -> KQ | B67: ='코엑트 코스닥액티브'!B73 -> 보로노이 | C67: =VLOOKUP(B67,'코엑트 코스닥액티브'!$B$11:$E$1000,4,0) -> 0.37 | D67: =IFERROR(VLOOKUP(B67,'코엑트 코스닥액티브(과거)'!$B$11:$E$1000,4,0),0) -> 0.37 | E67: =C67-D67 -> 0 | F67: =IFERROR(C67/D67-1,"신규편입") -> 0 | M67: =VLOOKUP(N67,유니버스!$C$14:$D$2561,2,0) -> KQ | N67: =플러스코스닥액티브!B73 -> 에스티팜 | O67: =VLOOKUP(N67,플러스코스닥액티브!$B$11:$E$1000,4,0) -> 0.11 | P67: =IFERROR(VLOOKUP(N67,'플러스코스닥액티브(과거)'!$B$11:$E$1000,4,0),0) -> 0.1 | Q67: =O67-P67 -> 0.01 | R67: =IFERROR(O67/P67-1,"신규편입") -> 0.1
A68: =VLOOKUP(B68,유니버스!$C$14:$D$2561,2,0) -> KQ | B68: ='코엑트 코스닥액티브'!B74 -> 선익시스템 | C68: =VLOOKUP(B68,'코엑트 코스닥액티브'!$B$11:$E$1000,4,0) -> 0.36 | D68: =IFERROR(VLOOKUP(B68,'코엑트 코스닥액티브(과거)'!$B$11:$E$1000,4,0),0) -> 0.5 | E68: =C68-D68 -> -0.14 | F68: =IFERROR(C68/D68-1,"신규편입") -> -0.28 | M68: =VLOOKUP(N68,유니버스!$C$14:$D$2561,2,0) -> KQ | N68: =플러스코스닥액티브!B74 -> 씨젠 | O68: =VLOOKUP(N68,플러스코스닥액티브!$B$11:$E$1000,4,0) -> 0.09 | P68: =IFERROR(VLOOKUP(N68,'플러스코스닥액티브(과거)'!$B$11:$E$1000,4,0),0) -> 0.35 | Q68: =O68-P68 -> -0.26 | R68: =IFERROR(O68/P68-1,"신규편입") -> -0.74285714
A69: =VLOOKUP(B69,유니버스!$C$14:$D$2561,2,0) -> KQ | B69: ='코엑트 코스닥액티브'!B75 -> 코오롱생명과학 | C69: =VLOOKUP(B69,'코엑트 코스닥액티브'!$B$11:$E$1000,4,0) -> 0.35 | D69: =IFERROR(VLOOKUP(B69,'코엑트 코스닥액티브(과거)'!$B$11:$E$1000,4,0),0) -> 0.38 | E69: =C69-D69 -> -0.03 | F69: =IFERROR(C69/D69-1,"신규편입") -> -0.078947368 | M69: =VLOOKUP(N69,유니버스!$C$14:$D$2561,2,0) -> KQ | N69: =플러스코스닥액티브!B75 -> HK이노엔 | O69: =VLOOKUP(N69,플러스코스닥액티브!$B$11:$E$1000,4,0) -> 0.09 | P69: =IFERROR(VLOOKUP(N69,'플러스코스닥액티브(과거)'!$B$11:$E$1000,4,0),0) -> 0 | Q69: =O69-P69 -> 0.09 | R69: =IFERROR(O69/P69-1,"신규편입") -> 신규편입
A70: =VLOOKUP(B70,유니버스!$C$14:$D$2561,2,0) -> KQ | B70: ='코엑트 코스닥액티브'!B76 -> 씨메스로보틱스 | C70: =VLOOKUP(B70,'코엑트 코스닥액티브'!$B$11:$E$1000,4,0) -> 0.35 | D70: =IFERROR(VLOOKUP(B70,'코엑트 코스닥액티브(과거)'!$B$11:$E$1000,4,0),0) -> 0.38 | E70: =C70-D70 -> -0.03 | F70: =IFERROR(C70/D70-1,"신규편입") -> -0.078947368 | M70: =VLOOKUP(N70,유니버스!$C$14:$D$2561,2,0) -> KQ | N70: =플러스코스닥액티브!B76 -> 덕산네오룩스 | O70: =VLOOKUP(N70,플러스코스닥액티브!$B$11:$E$1000,4,0) -> 0.09 | P70: =IFERROR(VLOOKUP(N70,'플러스코스닥액티브(과거)'!$B$11:$E$1000,4,0),0) -> 0.31 | Q70: =O70-P70 -> -0.22 | R70: =IFERROR(O70/P70-1,"신규편입") -> -0.70967742
A71: =VLOOKUP(B71,유니버스!$C$14:$D$2561,2,0) -> KQ | B71: ='코엑트 코스닥액티브'!B77 -> 이랜텍 | C71: =VLOOKUP(B71,'코엑트 코스닥액티브'!$B$11:$E$1000,4,0) -> 0.35 | D71: =IFERROR(VLOOKUP(B71,'코엑트 코스닥액티브(과거)'!$B$11:$E$1000,4,0),0) -> 0.36 | E71: =C71-D71 -> -0.01 | F71: =IFERROR(C71/D71-1,"신규편입") -> -0.027777778 | M71: =VLOOKUP(N71,유니버스!$C$14:$D$2561,2,0) -> KQ | N71: =플러스코스닥액티브!B77 -> 레이크머티리얼즈 | O71: =VLOOKUP(N71,플러스코스닥액티브!$B$11:$E$1000,4,0) -> 0.09 | P71: =IFERROR(VLOOKUP(N71,'플러스코스닥액티브(과거)'!$B$11:$E$1000,4,0),0) -> 0.24 | Q71: =O71-P71 -> -0.15 | R71: =IFERROR(O71/P71-1,"신규편입") -> -0.625
A72: =VLOOKUP(B72,유니버스!$C$14:$D$2561,2,0) -> KQ | B72: ='코엑트 코스닥액티브'!B78 -> 덕산네오룩스 | C72: =VLOOKUP(B72,'코엑트 코스닥액티브'!$B$11:$E$1000,4,0) -> 0.33 | D72: =IFERROR(VLOOKUP(B72,'코엑트 코스닥액티브(과거)'!$B$11:$E$1000,4,0),0) -> 0.35 | E72: =C72-D72 -> -0.02 | F72: =IFERROR(C72/D72-1,"신규편입") -> -0.057142857 | M72: =VLOOKUP(N72,유니버스!$C$14:$D$2561,2,0) -> KQ | N72: =플러스코스닥액티브!B78 -> 나노신소재 | O72: =VLOOKUP(N72,플러스코스닥액티브!$B$11:$E$1000,4,0) -> 0.08 | P72: =IFERROR(VLOOKUP(N72,'플러스코스닥액티브(과거)'!$B$11:$E$1000,4,0),0) -> 0.09 | Q72: =O72-P72 -> -0.01 | R72: =IFERROR(O72/P72-1,"신규편입") -> -0.11111111
A73: =VLOOKUP(B73,유니버스!$C$14:$D$2561,2,0) -> KQ | B73: ='코엑트 코스닥액티브'!B79 -> 파두 | C73: =VLOOKUP(B73,'코엑트 코스닥액티브'!$B$11:$E$1000,4,0) -> 0.28 | D73: =IFERROR(VLOOKUP(B73,'코엑트 코스닥액티브(과거)'!$B$11:$E$1000,4,0),0) -> 2.66 | E73: =C73-D73 -> -2.38 | F73: =IFERROR(C73/D73-1,"신규편입") -> -0.89473684 | M73: =VLOOKUP(N73,유니버스!$C$14:$D$2561,2,0) -> KQ | N73: =플러스코스닥액티브!B79 -> 오이솔루션 | O73: =VLOOKUP(N73,플러스코스닥액티브!$B$11:$E$1000,4,0) -> 0.07 | P73: =IFERROR(VLOOKUP(N73,'플러스코스닥액티브(과거)'!$B$11:$E$1000,4,0),0) -> 0.08 | Q73: =O73-P73 -> -0.01 | R73: =IFERROR(O73/P73-1,"신규편입") -> -0.125
A74: =VLOOKUP(B74,유니버스!$C$14:$D$2561,2,0) -> KQ | B74: ='코엑트 코스닥액티브'!B80 -> 엠케이전자 | C74: =VLOOKUP(B74,'코엑트 코스닥액티브'!$B$11:$E$1000,4,0) -> 0.25 | D74: =IFERROR(VLOOKUP(B74,'코엑트 코스닥액티브(과거)'!$B$11:$E$1000,4,0),0) -> 0.19 | E74: =C74-D74 -> 0.06 | F74: =IFERROR(C74/D74-1,"신규편입") -> 0.31578947 | M74: =VLOOKUP(N74,유니버스!$C$14:$D$2561,2,0) -> #N/A | N74: =플러스코스닥액티브!B80 -> 채비 | O74: =VLOOKUP(N74,플러스코스닥액티브!$B$11:$E$1000,4,0) -> 0.05 | P74: =IFERROR(VLOOKUP(N74,'플러스코스닥액티브(과거)'!$B$11:$E$1000,4,0),0) -> 0.05 | Q74: =O74-P74 -> 0 | R74: =IFERROR(O74/P74-1,"신규편입") -> 0
A75: =VLOOKUP(B75,유니버스!$C$14:$D$2561,2,0) -> KQ | B75: ='코엑트 코스닥액티브'!B81 -> 와이지엔터테인먼트 | C75: =VLOOKUP(B75,'코엑트 코스닥액티브'!$B$11:$E$1000,4,0) -> 0.21 | D75: =IFERROR(VLOOKUP(B75,'코엑트 코스닥액티브(과거)'!$B$11:$E$1000,4,0),0) -> 0.12 | E75: =C75-D75 -> 0.09 | F75: =IFERROR(C75/D75-1,"신규편입") -> 0.75 | M75: =VLOOKUP(N75,유니버스!$C$14:$D$2561,2,0) -> #N/A | N75: =플러스코스닥액티브!B81 -> 원화현금 | O75: =VLOOKUP(N75,플러스코스닥액티브!$B$11:$E$1000,4,0) -> 0.49 | P75: =IFERROR(VLOOKUP(N75,'플러스코스닥액티브(과거)'!$B$11:$E$1000,4,0),0) -> 0.74 | Q75: =O75-P75 -> -0.25 | R75: =IFERROR(O75/P75-1,"신규편입") -> -0.33783784
A76: =VLOOKUP(B76,유니버스!$C$14:$D$2561,2,0) -> KQ | B76: ='코엑트 코스닥액티브'!B82 -> LS머트리얼즈 | C76: =VLOOKUP(B76,'코엑트 코스닥액티브'!$B$11:$E$1000,4,0) -> 0.19 | D76: =IFERROR(VLOOKUP(B76,'코엑트 코스닥액티브(과거)'!$B$11:$E$1000,4,0),0) -> 0.26 | E76: =C76-D76 -> -0.07 | F76: =IFERROR(C76/D76-1,"신규편입") -> -0.26923077
A77: =VLOOKUP(B77,유니버스!$C$14:$D$2561,2,0) -> KQ | B77: ='코엑트 코스닥액티브'!B83 -> 알멕 | C77: =VLOOKUP(B77,'코엑트 코스닥액티브'!$B$11:$E$1000,4,0) -> 0.18 | D77: =IFERROR(VLOOKUP(B77,'코엑트 코스닥액티브(과거)'!$B$11:$E$1000,4,0),0) -> 0.56 | E77: =C77-D77 -> -0.38 | F77: =IFERROR(C77/D77-1,"신규편입") -> -0.67857143
A78: =VLOOKUP(B78,유니버스!$C$14:$D$2561,2,0) -> KQ | B78: ='코엑트 코스닥액티브'!B84 -> 레이크머티리얼즈 | C78: =VLOOKUP(B78,'코엑트 코스닥액티브'!$B$11:$E$1000,4,0) -> 0.13 | D78: =IFERROR(VLOOKUP(B78,'코엑트 코스닥액티브(과거)'!$B$11:$E$1000,4,0),0) -> 0.29 | E78: =C78-D78 -> -0.16 | F78: =IFERROR(C78/D78-1,"신규편입") -> -0.55172414

Sheet 반도체
B3: ='UNICORN SK하이닉스밸류체인액티브'!A9 -> UNICORN SK하이닉스밸류체인액티브 | H3: ='WON 반도체밸류체인액티브'!A9 -> WON 반도체밸류체인액티브 | N3: ='RISE 비메모리반도체액티브'!A9 -> RISE 비메모리반도체액티브
B4: 종목명 | C4: ='UNICORN SK하이닉스밸류체인액티브'!B4 -> CPD [20260701] | D4: ='UNICORN SK하이닉스밸류체인액티브(과거)'!B4 -> 20260619 | E4: 비중차이 | F4: 증가율 | H4: 종목명 | I4: =C4 -> CPD [20260701] | J4: =D4 -> 20260619 | K4: 비중차 | L4: 증가율 | N4: 종목명 | O4: =C4 -> CPD [20260701] | P4: =D4 -> 20260619 | Q4: 비중차이 | R4: 증가율
A5: =VLOOKUP(B5,유니버스!$C$14:$D$2561,2,0) -> KS | B5: ='UNICORN SK하이닉스밸류체인액티브'!B11 -> SK스퀘어 | C5: =VLOOKUP(B5,'UNICORN SK하이닉스밸류체인액티브'!$B$11:$E$1000,4,0) -> 21.64 | D5: =IFERROR(VLOOKUP(B5,'UNICORN SK하이닉스밸류체인액티브(과거)'!$B$11:$E$1000,4,0),0) -> 25.47 | E5: =C5-D5 -> -3.83 | F5: =IFERROR(C5/D5-1,"신규편입") -> -0.15037299 | G5: =VLOOKUP(H5,유니버스!$C$14:$D$2561,2,0) -> KS | H5: ='WON 반도체밸류체인액티브'!B11 -> SK하이닉스 | I5: =VLOOKUP(H5,'WON 반도체밸류체인액티브'!$B$11:$E$1000,4,0) -> 24.76 | J5: =IFERROR(VLOOKUP(H5,'WON 반도체밸류체인액티브(과거)'!$B$11:$E$1000,4,0),0) -> 27.1 | K5: =I5-J5 -> -2.34 | L5: =IFERROR(I5/J5-1,"신규편입") -> -0.086346863 | M5: =VLOOKUP(N5,유니버스!$C$14:$D$2561,2,0) -> KS | N5: ='RISE 비메모리반도체액티브'!B11 -> 삼성전자 | O5: =VLOOKUP(N5,'RISE 비메모리반도체액티브'!$B$11:$E$1000,4,0) -> 23.94 | P5: =IFERROR(VLOOKUP(N5,'RISE 비메모리반도체액티브(과거)'!$B$11:$E$1000,4,0),0) -> 26.03 | Q5: =O5-P5 -> -2.09 | R5: =IFERROR(O5/P5-1,"신규편입") -> -0.080291971
A6: =VLOOKUP(B6,유니버스!$C$14:$D$2561,2,0) -> KS | B6: ='UNICORN SK하이닉스밸류체인액티브'!B12 -> SK하이닉스 | C6: =VLOOKUP(B6,'UNICORN SK하이닉스밸류체인액티브'!$B$11:$E$1000,4,0) -> 21.2 | D6: =IFERROR(VLOOKUP(B6,'UNICORN SK하이닉스밸류체인액티브(과거)'!$B$11:$E$1000,4,0),0) -> 24.78 | E6: =C6-D6 -> -3.58 | F6: =IFERROR(C6/D6-1,"신규편입") -> -0.14447135 | G6: =VLOOKUP(H6,유니버스!$C$14:$D$2561,2,0) -> KS | H6: ='WON 반도체밸류체인액티브'!B12 -> 삼성전자 | I6: =VLOOKUP(H6,'WON 반도체밸류체인액티브'!$B$11:$E$1000,4,0) -> 20.67 | J6: =IFERROR(VLOOKUP(H6,'WON 반도체밸류체인액티브(과거)'!$B$11:$E$1000,4,0),0) -> 23.58 | K6: =I6-J6 -> -2.91 | L6: =IFERROR(I6/J6-1,"신규편입") -> -0.12340967 | M6: =VLOOKUP(N6,유니버스!$C$14:$D$2561,2,0) -> KS | N6: ='RISE 비메모리반도체액티브'!B12 -> SK하이닉스 | O6: =VLOOKUP(N6,'RISE 비메모리반도체액티브'!$B$11:$E$1000,4,0) -> 20.72 | P6: =IFERROR(VLOOKUP(N6,'RISE 비메모리반도체액티브(과거)'!$B$11:$E$1000,4,0),0) -> 21.62 | Q6: =O6-P6 -> -0.9 | R6: =IFERROR(O6/P6-1,"신규편입") -> -0.041628122
A7: =VLOOKUP(B7,유니버스!$C$14:$D$2561,2,0) -> KQ | B7: ='UNICORN SK하이닉스밸류체인액티브'!B13 -> 브이엠 | C7: =VLOOKUP(B7,'UNICORN SK하이닉스밸류체인액티브'!$B$11:$E$1000,4,0) -> 5.11 | D7: =IFERROR(VLOOKUP(B7,'UNICORN SK하이닉스밸류체인액티브(과거)'!$B$11:$E$1000,4,0),0) -> 3.85 | E7: =C7-D7 -> 1.26 | F7: =IFERROR(C7/D7-1,"신규편입") -> 0.32727273 | G7: =VLOOKUP(H7,유니버스!$C$14:$D$2561,2,0) -> KQ | H7: ='WON 반도체밸류체인액티브'!B13 -> 기가비스 | I7: =VLOOKUP(H7,'WON 반도체밸류체인액티브'!$B$11:$E$1000,4,0) -> 5.52 | J7: =IFERROR(VLOOKUP(H7,'WON 반도체밸류체인액티브(과거)'!$B$11:$E$1000,4,0),0) -> 4.11 | K7: =I7-J7 -> 1.41 | L7: =IFERROR(I7/J7-1,"신규편입") -> 0.34306569 | M7: =VLOOKUP(N7,유니버스!$C$14:$D$2561,2,0) -> KQ | N7: ='RISE 비메모리반도체액티브'!B13 -> 심텍 | O7: =VLOOKUP(N7,'RISE 비메모리반도체액티브'!$B$11:$E$1000,4,0) -> 7.82 | P7: =IFERROR(VLOOKUP(N7,'RISE 비메모리반도체액티브(과거)'!$B$11:$E$1000,4,0),0) -> 5.97 | Q7: =O7-P7 -> 1.85 | R7: =IFERROR(O7/P7-1,"신규편입") -> 0.30988275
A8: =VLOOKUP(B8,유니버스!$C$14:$D$2561,2,0) -> KQ | B8: ='UNICORN SK하이닉스밸류체인액티브'!B14 -> 피에스케이 | C8: =VLOOKUP(B8,'UNICORN SK하이닉스밸류체인액티브'!$B$11:$E$1000,4,0) -> 4.94 | D8: =IFERROR(VLOOKUP(B8,'UNICORN SK하이닉스밸류체인액티브(과거)'!$B$11:$E$1000,4,0),0) -> 3.93 | E8: =C8-D8 -> 1.01 | F8: =IFERROR(C8/D8-1,"신규편입") -> 0.25699746 | G8: =VLOOKUP(H8,유니버스!$C$14:$D$2561,2,0) -> KS | H8: ='WON 반도체밸류체인액티브'!B14 -> SK스퀘어 | I8: =VLOOKUP(H8,'WON 반도체밸류체인액티브'!$B$11:$E$1000,4,0) -> 5.16 | J8: =IFERROR(VLOOKUP(H8,'WON 반도체밸류체인액티브(과거)'!$B$11:$E$1000,4,0),0) -> 5.3 | K8: =I8-J8 -> -0.14 | L8: =IFERROR(I8/J8-1,"신규편입") -> -0.026415094 | M8: =VLOOKUP(N8,유니버스!$C$14:$D$2561,2,0) -> KS | N8: ='RISE 비메모리반도체액티브'!B14 -> 삼성전기 | O8: =VLOOKUP(N8,'RISE 비메모리반도체액티브'!$B$11:$E$1000,4,0) -> 6.62 | P8: =IFERROR(VLOOKUP(N8,'RISE 비메모리반도체액티브(과거)'!$B$11:$E$1000,4,0),0) -> 6.59 | Q8: =O8-P8 -> 0.03 | R8: =IFERROR(O8/P8-1,"신규편입") -> 0.004552352
A9: =VLOOKUP(B9,유니버스!$C$14:$D$2561,2,0) -> KS | B9: ='UNICORN SK하이닉스밸류체인액티브'!B15 -> 삼성전기 | C9: =VLOOKUP(B9,'UNICORN SK하이닉스밸류체인액티브'!$B$11:$E$1000,4,0) -> 4.71 | D9: =IFERROR(VLOOKUP(B9,'UNICORN SK하이닉스밸류체인액티브(과거)'!$B$11:$E$1000,4,0),0) -> 4.11 | E9: =C9-D9 -> 0.6 | F9: =IFERROR(C9/D9-1,"신규편입") -> 0.1459854 | G9: =VLOOKUP(H9,유니버스!$C$14:$D$2561,2,0) -> KS | H9: ='WON 반도체밸류체인액티브'!B15 -> 삼성전기 | I9: =VLOOKUP(H9,'WON 반도체밸류체인액티브'!$B$11:$E$1000,4,0) -> 5.05 | J9: =IFERROR(VLOOKUP(H9,'WON 반도체밸류체인액티브(과거)'!$B$11:$E$1000,4,0),0) -> 5.27 | K9: =I9-J9 -> -0.22 | L9: =IFERROR(I9/J9-1,"신규편입") -> -0.041745731 | M9: =VLOOKUP(N9,유니버스!$C$14:$D$2561,2,0) -> KQ | N9: ='RISE 비메모리반도체액티브'!B15 -> 브이엠 | O9: =VLOOKUP(N9,'RISE 비메모리반도체액티브'!$B$11:$E$1000,4,0) -> 5.92 | P9: =IFERROR(VLOOKUP(N9,'RISE 비메모리반도체액티브(과거)'!$B$11:$E$1000,4,0),0) -> 3.88 | Q9: =O9-P9 -> 2.04 | R9: =IFERROR(O9/P9-1,"신규편입") -> 0.5257732
A10: =VLOOKUP(B10,유니버스!$C$14:$D$2561,2,0) -> KQ | B10: ='UNICORN SK하이닉스밸류체인액티브'!B16 -> 피에스케이홀딩스 | C10: =VLOOKUP(B10,'UNICORN SK하이닉스밸류체인액티브'!$B$11:$E$1000,4,0) -> 4.41 | D10: =IFERROR(VLOOKUP(B10,'UNICORN SK하이닉스밸류체인액티브(과거)'!$B$11:$E$1000,4,0),0) -> 3.04 | E10: =C10-D10 -> 1.37 | F10: =IFERROR(C10/D10-1,"신규편입") -> 0.45065789 | G10: =VLOOKUP(H10,유니버스!$C$14:$D$2561,2,0) -> KQ | H10: ='WON 반도체밸류체인액티브'!B16 -> 피에스케이홀딩스 | I10: =VLOOKUP(H10,'WON 반도체밸류체인액티브'!$B$11:$E$1000,4,0) -> 4.77 | J10: =IFERROR(VLOOKUP(H10,'WON 반도체밸류체인액티브(과거)'!$B$11:$E$1000,4,0),0) -> 3.27 | K10: =I10-J10 -> 1.5 | L10: =IFERROR(I10/J10-1,"신규편입") -> 0.4587156 | M10: =VLOOKUP(N10,유니버스!$C$14:$D$2561,2,0) -> KS | N10: ='RISE 비메모리반도체액티브'!B16 -> 대덕전자 | O10: =VLOOKUP(N10,'RISE 비메모리반도체액티브'!$B$11:$E$1000,4,0) -> 4.54 | P10: =IFERROR(VLOOKUP(N10,'RISE 비메모리반도체액티브(과거)'!$B$11:$E$1000,4,0),0) -> 4.44 | Q10: =O10-P10 -> 0.1 | R10: =IFERROR(O10/P10-1,"신규편입") -> 0.022522523
A11: =VLOOKUP(B11,유니버스!$C$14:$D$2561,2,0) -> KS | B11: ='UNICORN SK하이닉스밸류체인액티브'!B17 -> LG이노텍 | C11: =VLOOKUP(B11,'UNICORN SK하이닉스밸류체인액티브'!$B$11:$E$1000,4,0) -> 4.12 | D11: =IFERROR(VLOOKUP(B11,'UNICORN SK하이닉스밸류체인액티브(과거)'!$B$11:$E$1000,4,0),0) -> 3.45 | E11: =C11-D11 -> 0.67 | F11: =IFERROR(C11/D11-1,"신규편입") -> 0.1942029 | G11: =VLOOKUP(H11,유니버스!$C$14:$D$2561,2,0) -> KQ | H11: ='WON 반도체밸류체인액티브'!B17 -> 피에스케이 | I11: =VLOOKUP(H11,'WON 반도체밸류체인액티브'!$B$11:$E$1000,4,0) -> 4.64 | J11: =IFERROR(VLOOKUP(H11,'WON 반도체밸류체인액티브(과거)'!$B$11:$E$1000,4,0),0) -> 3.67 | K11: =I11-J11 -> 0.97 | L11: =IFERROR(I11/J11-1,"신규편입") -> 0.26430518 | M11: =VLOOKUP(N11,유니버스!$C$14:$D$2561,2,0) -> KQ | N11: ='RISE 비메모리반도체액티브'!B17 -> 리노공업 | O11: =VLOOKUP(N11,'RISE 비메모리반도체액티브'!$B$11:$E$1000,4,0) -> 4.44 | P11: =IFERROR(VLOOKUP(N11,'RISE 비메모리반도체액티브(과거)'!$B$11:$E$1000,4,0),0) -> 4.86 | Q11: =O11-P11 -> -0.42 | R11: =IFERROR(O11/P11-1,"신규편입") -> -0.086419753
A12: =VLOOKUP(B12,유니버스!$C$14:$D$2561,2,0) -> KQ | B12: ='UNICORN SK하이닉스밸류체인액티브'!B18 -> 유진테크 | C12: =VLOOKUP(B12,'UNICORN SK하이닉스밸류체인액티브'!$B$11:$E$1000,4,0) -> 3.5 | D12: =IFERROR(VLOOKUP(B12,'UNICORN SK하이닉스밸류체인액티브(과거)'!$B$11:$E$1000,4,0),0) -> 2.9 | E12: =C12-D12 -> 0.6 | F12: =IFERROR(C12/D12-1,"신규편입") -> 0.20689655 | G12: =VLOOKUP(H12,유니버스!$C$14:$D$2561,2,0) -> KQ | H12: ='WON 반도체밸류체인액티브'!B18 -> 브이엠 | I12: =VLOOKUP(H12,'WON 반도체밸류체인액티브'!$B$11:$E$1000,4,0) -> 4.55 | J12: =IFERROR(VLOOKUP(H12,'WON 반도체밸류체인액티브(과거)'!$B$11:$E$1000,4,0),0) -> 3.4 | K12: =I12-J12 -> 1.15 | L12: =IFERROR(I12/J12-1,"신규편입") -> 0.33823529 | M12: =VLOOKUP(N12,유니버스!$C$14:$D$2561,2,0) -> KQ | N12: ='RISE 비메모리반도체액티브'!B18 -> 원익QnC | O12: =VLOOKUP(N12,'RISE 비메모리반도체액티브'!$B$11:$E$1000,4,0) -> 4.11 | P12: =IFERROR(VLOOKUP(N12,'RISE 비메모리반도체액티브(과거)'!$B$11:$E$1000,4,0),0) -> 3.85 | Q12: =O12-P12 -> 0.26 | R12: =IFERROR(O12/P12-1,"신규편입") -> 0.067532468
A13: =VLOOKUP(B13,유니버스!$C$14:$D$2561,2,0) -> KQ | B13: ='UNICORN SK하이닉스밸류체인액티브'!B19 -> 심텍 | C13: =VLOOKUP(B13,'UNICORN SK하이닉스밸류체인액티브'!$B$11:$E$1000,4,0) -> 3.35 | D13: =IFERROR(VLOOKUP(B13,'UNICORN SK하이닉스밸류체인액티브(과거)'!$B$11:$E$1000,4,0),0) -> 2.7 | E13: =C13-D13 -> 0.65 | F13: =IFERROR(C13/D13-1,"신규편입") -> 0.24074074 | G13: =VLOOKUP(H13,유니버스!$C$14:$D$2561,2,0) -> KS | H13: ='WON 반도체밸류체인액티브'!B19 -> 대덕전자 | I13: =VLOOKUP(H13,'WON 반도체밸류체인액티브'!$B$11:$E$1000,4,0) -> 4.04 | J13: =IFERROR(VLOOKUP(H13,'WON 반도체밸류체인액티브(과거)'!$B$11:$E$1000,4,0),0) -> 4.15 | K13: =I13-J13 -> -0.11 | L13: =IFERROR(I13/J13-1,"신규편입") -> -0.026506024 | M13: =VLOOKUP(N13,유니버스!$C$14:$D$2561,2,0) -> KS | N13: ='RISE 비메모리반도체액티브'!B19 -> 이수페타시스 | O13: =VLOOKUP(N13,'RISE 비메모리반도체액티브'!$B$11:$E$1000,4,0) -> 3.75 | P13: =IFERROR(VLOOKUP(N13,'RISE 비메모리반도체액티브(과거)'!$B$11:$E$1000,4,0),0) -> 3.79 | Q13: =O13-P13 -> -0.04 | R13: =IFERROR(O13/P13-1,"신규편입") -> -0.01055409
A14: =VLOOKUP(B14,유니버스!$C$14:$D$2561,2,0) -> KQ | B14: ='UNICORN SK하이닉스밸류체인액티브'!B20 -> 티씨케이 | C14: =VLOOKUP(B14,'UNICORN SK하이닉스밸류체인액티브'!$B$11:$E$1000,4,0) -> 3.28 | D14: =IFERROR(VLOOKUP(B14,'UNICORN SK하이닉스밸류체인액티브(과거)'!$B$11:$E$1000,4,0),0) -> 3.01 | E14: =C14-D14 -> 0.27 | F14: =IFERROR(C14/D14-1,"신규편입") -> 0.089700997 | G14: =VLOOKUP(H14,유니버스!$C$14:$D$2561,2,0) -> KQ | H14: ='WON 반도체밸류체인액티브'!B20 -> 주성엔지니어링 | I14: =VLOOKUP(H14,'WON 반도체밸류체인액티브'!$B$11:$E$1000,4,0) -> 3.33 | J14: =IFERROR(VLOOKUP(H14,'WON 반도체밸류체인액티브(과거)'!$B$11:$E$1000,4,0),0) -> 2.7 | K14: =I14-J14 -> 0.63 | L14: =IFERROR(I14/J14-1,"신규편입") -> 0.23333333 | M14: =VLOOKUP(N14,유니버스!$C$14:$D$2561,2,0) -> KQ | N14: ='RISE 비메모리반도체액티브'!B20 -> 피에스케이 | O14: =VLOOKUP(N14,'RISE 비메모리반도체액티브'!$B$11:$E$1000,4,0) -> 3.62 | P14: =IFERROR(VLOOKUP(N14,'RISE 비메모리반도체액티브(과거)'!$B$11:$E$1000,4,0),0) -> 0 | Q14: =O14-P14 -> 3.62 | R14: =IFERROR(O14/P14-1,"신규편입") -> 신규편입
A15: =VLOOKUP(B15,유니버스!$C$14:$D$2561,2,0) -> KQ | B15: ='UNICORN SK하이닉스밸류체인액티브'!B21 -> 샘씨엔에스 | C15: =VLOOKUP(B15,'UNICORN SK하이닉스밸류체인액티브'!$B$11:$E$1000,4,0) -> 2.98 | D15: =IFERROR(VLOOKUP(B15,'UNICORN SK하이닉스밸류체인액티브(과거)'!$B$11:$E$1000,4,0),0) -> 3.11 | E15: =C15-D15 -> -0.13 | F15: =IFERROR(C15/D15-1,"신규편입") -> -0.041800643 | G15: =VLOOKUP(H15,유니버스!$C$14:$D$2561,2,0) -> KQ | H15: ='WON 반도체밸류체인액티브'!B21 -> 이오테크닉스 | I15: =VLOOKUP(H15,'WON 반도체밸류체인액티브'!$B$11:$E$1000,4,0) -> 2.94 | J15: =IFERROR(VLOOKUP(H15,'WON 반도체밸류체인액티브(과거)'!$B$11:$E$1000,4,0),0) -> 3.42 | K15: =I15-J15 -> -0.48 | L15: =IFERROR(I15/J15-1,"신규편입") -> -0.14035088 | M15: =VLOOKUP(N15,유니버스!$C$14:$D$2561,2,0) -> KQ | N15: ='RISE 비메모리반도체액티브'!B21 -> 코미코 | O15: =VLOOKUP(N15,'RISE 비메모리반도체액티브'!$B$11:$E$1000,4,0) -> 3.46 | P15: =IFERROR(VLOOKUP(N15,'RISE 비메모리반도체액티브(과거)'!$B$11:$E$1000,4,0),0) -> 3.85 | Q15: =O15-P15 -> -0.39 | R15: =IFERROR(O15/P15-1,"신규편입") -> -0.1012987
A16: =VLOOKUP(B16,유니버스!$C$14:$D$2561,2,0) -> KS | B16: ='UNICORN SK하이닉스밸류체인액티브'!B22 -> 디아이 | C16: =VLOOKUP(B16,'UNICORN SK하이닉스밸류체인액티브'!$B$11:$E$1000,4,0) -> 2.56 | D16: =IFERROR(VLOOKUP(B16,'UNICORN SK하이닉스밸류체인액티브(과거)'!$B$11:$E$1000,4,0),0) -> 1.85 | E16: =C16-D16 -> 0.71 | F16: =IFERROR(C16/D16-1,"신규편입") -> 0.38378378 | G16: =VLOOKUP(H16,유니버스!$C$14:$D$2561,2,0) -> KQ | H16: ='WON 반도체밸류체인액티브'!B22 -> 테스 | I16: =VLOOKUP(H16,'WON 반도체밸류체인액티브'!$B$11:$E$1000,4,0) -> 2.86 | J16: =IFERROR(VLOOKUP(H16,'WON 반도체밸류체인액티브(과거)'!$B$11:$E$1000,4,0),0) -> 2.26 | K16: =I16-J16 -> 0.6 | L16: =IFERROR(I16/J16-1,"신규편입") -> 0.26548673 | M16: =VLOOKUP(N16,유니버스!$C$14:$D$2561,2,0) -> KQ | N16: ='RISE 비메모리반도체액티브'!B22 -> 기가비스 | O16: =VLOOKUP(N16,'RISE 비메모리반도체액티브'!$B$11:$E$1000,4,0) -> 3.41 | P16: =IFERROR(VLOOKUP(N16,'RISE 비메모리반도체액티브(과거)'!$B$11:$E$1000,4,0),0) -> 0 | Q16: =O16-P16 -> 3.41 | R16: =IFERROR(O16/P16-1,"신규편입") -> 신규편입
... A21: =VLOOKUP(B21,유니버스!$C$14:$D$2561,2,0) -> KQ | B21: ='UNICORN SK하이닉스밸류체인액티브'!B27 -> 이오테크닉스 | C21: =VLOOKUP(B21,'UNICORN SK하이닉스밸류체인액티브'!$B$11:$E$1000,4,0) -> 2.23 | D21: =IFERROR(VLOOKUP(B21,'UNICORN SK하이닉스밸류체인액티브(과거)'!$B$11:$E$1000,4,0),0) -> 2.6 | E21: =C21-D21 -> -0.37 | F21: =IFERROR(C21/D21-1,"신규편입") -> -0.14230769 | G21: =VLOOKUP(H21,유니버스!$C$14:$D$2561,2,0) -> KQ | H21: ='WON 반도체밸류체인액티브'!B27 -> 원익IPS | I21: =VLOOKUP(H21,'WON 반도체밸류체인액티브'!$B$11:$E$1000,4,0) -> 1.2 | J21: =IFERROR(VLOOKUP(H21,'WON 반도체밸류체인액티브(과거)'!$B$11:$E$1000,4,0),0) -> 1.15 | K21: =I21-J21 -> 0.05 | L21: =IFERROR(I21/J21-1,"신규편입") -> 0.043478261 | M21: =VLOOKUP(N21,유니버스!$C$14:$D$2561,2,0) -> #N/A | N21: ='RISE 비메모리반도체액티브'!B27 -> 0 | O21: =VLOOKUP(N21,'RISE 비메모리반도체액티브'!$B$11:$E$1000,4,0) -> #N/A | P21: =IFERROR(VLOOKUP(N21,'RISE 비메모리반도체액티브(과거)'!$B$11:$E$1000,4,0),0) -> 0 | Q21: =O21-P21 -> #N/A | R21: =IFERROR(O21/P21-1,"신규편입") -> 신규편입
A22: =VLOOKUP(B22,유니버스!$C$14:$D$2561,2,0) -> KQ | B22: ='UNICORN SK하이닉스밸류체인액티브'!B28 -> 테크윙 | C22: =VLOOKUP(B22,'UNICORN SK하이닉스밸류체인액티브'!$B$11:$E$1000,4,0) -> 2.05 | D22: =IFERROR(VLOOKUP(B22,'UNICORN SK하이닉스밸류체인액티브(과거)'!$B$11:$E$1000,4,0),0) -> 2.16 | E22: =C22-D22 -> -0.11 | F22: =IFERROR(C22/D22-1,"신규편입") -> -0.050925926 | G22: =VLOOKUP(H22,유니버스!$C$14:$D$2561,2,0) -> KQ | H22: ='WON 반도체밸류체인액티브'!B28 -> 코미코 | I22: =VLOOKUP(H22,'WON 반도체밸류체인액티브'!$B$11:$E$1000,4,0) -> 0.9 | J22: =IFERROR(VLOOKUP(H22,'WON 반도체밸류체인액티브(과거)'!$B$11:$E$1000,4,0),0) -> 0.81 | K22: =I22-J22 -> 0.09 | L22: =IFERROR(I22/J22-1,"신규편입") -> 0.11111111
A23: =VLOOKUP(B23,유니버스!$C$14:$D$2561,2,0) -> KQ | B23: ='UNICORN SK하이닉스밸류체인액티브'!B29 -> HPSP | C23: =VLOOKUP(B23,'UNICORN SK하이닉스밸류체인액티브'!$B$11:$E$1000,4,0) -> 1.21 | D23: =IFERROR(VLOOKUP(B23,'UNICORN SK하이닉스밸류체인액티브(과거)'!$B$11:$E$1000,4,0),0) -> 1.4 | E23: =C23-D23 -> -0.19 | F23: =IFERROR(C23/D23-1,"신규편입") -> -0.13571429 | G23: =VLOOKUP(H23,유니버스!$C$14:$D$2561,2,0) -> KS | H23: ='WON 반도체밸류체인액티브'!B29 -> 삼화콘덴서 | I23: =VLOOKUP(H23,'WON 반도체밸류체인액티브'!$B$11:$E$1000,4,0) -> 0.76 | J23: =IFERROR(VLOOKUP(H23,'WON 반도체밸류체인액티브(과거)'!$B$11:$E$1000,4,0),0) -> 0.85 | K23: =I23-J23 -> -0.09 | L23: =IFERROR(I23/J23-1,"신규편입") -> -0.10588235
A24: =VLOOKUP(B24,유니버스!$C$14:$D$2561,2,0) -> KQ | B24: ='UNICORN SK하이닉스밸류체인액티브'!B30 -> 이엔에프테크놀로지 | C24: =VLOOKUP(B24,'UNICORN SK하이닉스밸류체인액티브'!$B$11:$E$1000,4,0) -> 0.98 | D24: =IFERROR(VLOOKUP(B24,'UNICORN SK하이닉스밸류체인액티브(과거)'!$B$11:$E$1000,4,0),0) -> 0.99 | E24: =C24-D24 -> -0.01 | F24: =IFERROR(C24/D24-1,"신규편입") -> -0.01010101 | G24: =VLOOKUP(H24,유니버스!$C$14:$D$2561,2,0) -> KQ | H24: ='WON 반도체밸류체인액티브'!B30 -> 에치에프알 | I24: =VLOOKUP(H24,'WON 반도체밸류체인액티브'!$B$11:$E$1000,4,0) -> 0.49 | J24: =IFERROR(VLOOKUP(H24,'WON 반도체밸류체인액티브(과거)'!$B$11:$E$1000,4,0),0) -> 0.59 | K24: =I24-J24 -> -0.1 | L24: =IFERROR(I24/J24-1,"신규편입") -> -0.16949153
A25: =VLOOKUP(B25,유니버스!$C$14:$D$2561,2,0) -> KQ | B25: ='UNICORN SK하이닉스밸류체인액티브'!B31 -> GST | C25: =VLOOKUP(B25,'UNICORN SK하이닉스밸류체인액티브'!$B$11:$E$1000,4,0) -> 0.84 | D25: =IFERROR(VLOOKUP(B25,'UNICORN SK하이닉스밸류체인액티브(과거)'!$B$11:$E$1000,4,0),0) -> 0.86 | E25: =C25-D25 -> -0.02 | F25: =IFERROR(C25/D25-1,"신규편입") -> -0.023255814 | G25: =VLOOKUP(H25,유니버스!$C$14:$D$2561,2,0) -> KQ | H25: ='WON 반도체밸류체인액티브'!B31 -> RFHIC | I25: =VLOOKUP(H25,'WON 반도체밸류체인액티브'!$B$11:$E$1000,4,0) -> 0.4 | J25: =IFERROR(VLOOKUP(H25,'WON 반도체밸류체인액티브(과거)'!$B$11:$E$1000,4,0),0) -> 0.46 | K25: =I25-J25 -> -0.06 | L25: =IFERROR(I25/J25-1,"신규편입") -> -0.13043478
A26: =VLOOKUP(B26,유니버스!$C$14:$D$2561,2,0) -> KQ | B26: ='UNICORN SK하이닉스밸류체인액티브'!B32 -> 오로스테크놀로지 | C26: =VLOOKUP(B26,'UNICORN SK하이닉스밸류체인액티브'!$B$11:$E$1000,4,0) -> 0.69 | D26: =IFERROR(VLOOKUP(B26,'UNICORN SK하이닉스밸류체인액티브(과거)'!$B$11:$E$1000,4,0),0) -> 0.85 | E26: =C26-D26 -> -0.16 | F26: =IFERROR(C26/D26-1,"신규편입") -> -0.18823529 | G26: =VLOOKUP(H26,유니버스!$C$14:$D$2561,2,0) -> #N/A | H26: ='WON 반도체밸류체인액티브'!B32 -> 원화예금 | I26: =VLOOKUP(H26,'WON 반도체밸류체인액티브'!$B$11:$E$1000,4,0) -> 0 | J26: =IFERROR(VLOOKUP(H26,'WON 반도체밸류체인액티브(과거)'!$B$11:$E$1000,4,0),0) -> 0 | K26: =I26-J26 -> 0 | L26: =IFERROR(I26/J26-1,"신규편입") -> 신규편입
A27: =VLOOKUP(B27,유니버스!$C$14:$D$2561,2,0) -> #N/A | B27: ='UNICORN SK하이닉스밸류체인액티브'!B33 -> 원화현금 | C27: =VLOOKUP(B27,'UNICORN SK하이닉스밸류체인액티브'!$B$11:$E$1000,4,0) -> 0.52 | D27: =IFERROR(VLOOKUP(B27,'UNICORN SK하이닉스밸류체인액티브(과거)'!$B$11:$E$1000,4,0),0) -> 1.38 | E27: =C27-D27 -> -0.86 | F27: =IFERROR(C27/D27-1,"신규편입") -> -0.62318841
A28: =VLOOKUP(B28,유니버스!$C$14:$D$2561,2,0) -> #N/A | B28: ='UNICORN SK하이닉스밸류체인액티브'!B34 -> 0 | C28: =VLOOKUP(B28,'UNICORN SK하이닉스밸류체인액티브'!$B$11:$E$1000,4,0) -> #N/A | D28: =IFERROR(VLOOKUP(B28,'UNICORN SK하이닉스밸류체인액티브(과거)'!$B$11:$E$1000,4,0),0) -> 0 | E28: =C28-D28 -> #N/A | F28: =IFERROR(C28/D28-1,"신규편입") -> 신규편입

Sheet 코스닥액티브2, 배당성장
B3: ='KoAct 코스닥액티브'!A9 -> TIGER 코스닥액티브 | H3: ='KoAct 배당성장액티브'!A9 -> KoAct 배당성장액티브 | N3: ='TIMEFOLIO Korea플러스배당액티브'!A9 -> TIME Korea플러스배당액티브
B4: 종목명 | C4: ='KoAct 코스닥액티브'!B4 -> CPD [20260701] | D4: ='KoAct 코스닥액티브(과거)'!B4 -> 20260619 | E4: 비중차이 | F4: 증가율 | H4: 종목명 | I4: =C4 -> CPD [20260701] | J4: =D4 -> 20260619 | K4: 비중차 | L4: 증가율 | N4: 종목명 | O4: =C4 -> CPD [20260701] | P4: =D4 -> 20260619 | Q4: 비중차이 | R4: 증가율
A5: =VLOOKUP(B5,유니버스!$C$14:$D$2561,2,0) -> KQ | B5: ='KoAct 코스닥액티브'!B11 -> 심텍 | C5: =VLOOKUP(B5,'KoAct 코스닥액티브'!$B$11:$E$1000,4,0) -> 6.62 | D5: =IFERROR(VLOOKUP(B5,'KoAct 코스닥액티브(과거)'!$B$11:$E$1000,4,0),0) -> 3.48 | E5: =C5-D5 -> 3.14 | F5: =IFERROR(C5/D5-1,"신규편입") -> 0.90229885 | G5: =VLOOKUP(H5,유니버스!$C$14:$D$2561,2,0) -> KS | H5: ='KoAct 배당성장액티브'!B11 -> SK하이닉스 | I5: =VLOOKUP(H5,'KoAct 배당성장액티브'!$B$11:$E$1000,4,0) -> 22.68 | J5: =IFERROR(VLOOKUP(H5,'KoAct 배당성장액티브(과거)'!$B$11:$E$1000,4,0),0) -> 24.74 | K5: =I5-J5 -> -2.06 | L5: =IFERROR(I5/J5-1,"신규편입") -> -0.083265966 | M5: =VLOOKUP(N5,유니버스!$C$14:$D$2561,2,0) -> KS | N5: ='TIMEFOLIO Korea플러스배당액티브'!B11 -> SK하이닉스 | O5: =VLOOKUP(N5,'TIMEFOLIO Korea플러스배당액티브'!$B$11:$E$1000,4,0) -> 18.87 | P5: =IFERROR(VLOOKUP(N5,'TIMEFOLIO Korea플러스배당액티브(과거)'!$B$11:$E$1000,4,0),0) -> 18.83 | Q5: =O5-P5 -> 0.04 | R5: =IFERROR(O5/P5-1,"신규편입") -> 0.0021242698
A6: =VLOOKUP(B6,유니버스!$C$14:$D$2561,2,0) -> KQ | B6: ='KoAct 코스닥액티브'!B12 -> 브이엠 | C6: =VLOOKUP(B6,'KoAct 코스닥액티브'!$B$11:$E$1000,4,0) -> 6.4 | D6: =IFERROR(VLOOKUP(B6,'KoAct 코스닥액티브(과거)'!$B$11:$E$1000,4,0),0) -> 4.66 | E6: =C6-D6 -> 1.74 | F6: =IFERROR(C6/D6-1,"신규편입") -> 0.37339056 | G6: =VLOOKUP(H6,유니버스!$C$14:$D$2561,2,0) -> #N/A | H6: ='KoAct 배당성장액티브'!B12 -> 삼성전자우 | I6: =VLOOKUP(H6,'KoAct 배당성장액티브'!$B$11:$E$1000,4,0) -> 22.49 | J6: =IFERROR(VLOOKUP(H6,'KoAct 배당성장액티브(과거)'!$B$11:$E$1000,4,0),0) -> 22.65 | K6: =I6-J6 -> -0.16 | L6: =IFERROR(I6/J6-1,"신규편입") -> -0.0070640177 | M6: =VLOOKUP(N6,유니버스!$C$14:$D$2561,2,0) -> KS | N6: ='TIMEFOLIO Korea플러스배당액티브'!B12 -> 삼성전자 | O6: =VLOOKUP(N6,'TIMEFOLIO Korea플러스배당액티브'!$B$11:$E$1000,4,0) -> 13.86 | P6: =IFERROR(VLOOKUP(N6,'TIMEFOLIO Korea플러스배당액티브(과거)'!$B$11:$E$1000,4,0),0) -> 14.42 | Q6: =O6-P6 -> -0.56 | R6: =IFERROR(O6/P6-1,"신규편입") -> -0.038834951
A7: =VLOOKUP(B7,유니버스!$C$14:$D$2561,2,0) -> KQ | B7: ='KoAct 코스닥액티브'!B13 -> 엘티씨 | C7: =VLOOKUP(B7,'KoAct 코스닥액티브'!$B$11:$E$1000,4,0) -> 6.16 | D7: =IFERROR(VLOOKUP(B7,'KoAct 코스닥액티브(과거)'!$B$11:$E$1000,4,0),0) -> 6.25 | E7: =C7-D7 -> -0.09 | F7: =IFERROR(C7/D7-1,"신규편입") -> -0.0144 | G7: =VLOOKUP(H7,유니버스!$C$14:$D$2561,2,0) -> KS | H7: ='KoAct 배당성장액티브'!B13 -> HD현대중공업 | I7: =VLOOKUP(H7,'KoAct 배당성장액티브'!$B$11:$E$1000,4,0) -> 4.29 | J7: =IFERROR(VLOOKUP(H7,'KoAct 배당성장액티브(과거)'!$B$11:$E$1000,4,0),0) -> 3.91 | K7: =I7-J7 -> 0.38 | L7: =IFERROR(I7/J7-1,"신규편입") -> 0.097186701 | M7: =VLOOKUP(N7,유니버스!$C$14:$D$2561,2,0) -> KS | N7: ='TIMEFOLIO Korea플러스배당액티브'!B13 -> SK스퀘어 | O7: =VLOOKUP(N7,'TIMEFOLIO Korea플러스배당액티브'!$B$11:$E$1000,4,0) -> 5.08 | P7: =IFERROR(VLOOKUP(N7,'TIMEFOLIO Korea플러스배당액티브(과거)'!$B$11:$E$1000,4,0),0) -> 3.8 | Q7: =O7-P7 -> 1.28 | R7: =IFERROR(O7/P7-1,"신규편입") -> 0.33684211
A8: =VLOOKUP(B8,유니버스!$C$14:$D$2561,2,0) -> KQ | B8: ='KoAct 코스닥액티브'!B14 -> 제주반도체 | C8: =VLOOKUP(B8,'KoAct 코스닥액티브'!$B$11:$E$1000,4,0) -> 5.64 | D8: =IFERROR(VLOOKUP(B8,'KoAct 코스닥액티브(과거)'!$B$11:$E$1000,4,0),0) -> 5.76 | E8: =C8-D8 -> -0.12 | F8: =IFERROR(C8/D8-1,"신규편입") -> -0.020833333 | G8: =VLOOKUP(H8,유니버스!$C$14:$D$2561,2,0) -> KS | H8: ='KoAct 배당성장액티브'!B14 -> SK스퀘어 | I8: =VLOOKUP(H8,'KoAct 배당성장액티브'!$B$11:$E$1000,4,0) -> 3.58 | J8: =IFERROR(VLOOKUP(H8,'KoAct 배당성장액티브(과거)'!$B$11:$E$1000,4,0),0) -> 3.39 | K8: =I8-J8 -> 0.19 | L8: =IFERROR(I8/J8-1,"신규편입") -> 0.056047198 | M8: =VLOOKUP(N8,유니버스!$C$14:$D$2561,2,0) -> KS | N8: ='TIMEFOLIO Korea플러스배당액티브'!B14 -> 삼성전기 | O8: =VLOOKUP(N8,'TIMEFOLIO Korea플러스배당액티브'!$B$11:$E$1000,4,0) -> 4.46 | P8: =IFERROR(VLOOKUP(N8,'TIMEFOLIO Korea플러스배당액티브(과거)'!$B$11:$E$1000,4,0),0) -> 6.67 | Q8: =O8-P8 -> -2.21 | R8: =IFERROR(O8/P8-1,"신규편입") -> -0.33133433
A9: =VLOOKUP(B9,유니버스!$C$14:$D$2561,2,0) -> KQ | B9: ='KoAct 코스닥액티브'!B15 -> 테스 | C9: =VLOOKUP(B9,'KoAct 코스닥액티브'!$B$11:$E$1000,4,0) -> 5.57 | D9: =IFERROR(VLOOKUP(B9,'KoAct 코스닥액티브(과거)'!$B$11:$E$1000,4,0),0) -> 2.98 | E9: =C9-D9 -> 2.59 | F9: =IFERROR(C9/D9-1,"신규편입") -> 0.86912752 | G9: =VLOOKUP(H9,유니버스!$C$14:$D$2561,2,0) -> KS | H9: ='KoAct 배당성장액티브'!B15 -> 한국금융지주 | I9: =VLOOKUP(H9,'KoAct 배당성장액티브'!$B$11:$E$1000,4,0) -> 2.38 | J9: =IFERROR(VLOOKUP(H9,'KoAct 배당성장액티브(과거)'!$B$11:$E$1000,4,0),0) -> 2.25 | K9: =I9-J9 -> 0.13 | L9: =IFERROR(I9/J9-1,"신규편입") -> 0.057777778 | M9: =VLOOKUP(N9,유니버스!$C$14:$D$2561,2,0) -> KS | N9: ='TIMEFOLIO Korea플러스배당액티브'!B15 -> 삼양식품 | O9: =VLOOKUP(N9,'TIMEFOLIO Korea플러스배당액티브'!$B$11:$E$1000,4,0) -> 4.03 | P9: =IFERROR(VLOOKUP(N9,'TIMEFOLIO Korea플러스배당액티브(과거)'!$B$11:$E$1000,4,0),0) -> 3.68 | Q9: =O9-P9 -> 0.35 | R9: =IFERROR(O9/P9-1,"신규편입") -> 0.095108696
A10: =VLOOKUP(B10,유니버스!$C$14:$D$2561,2,0) -> KQ | B10: ='KoAct 코스닥액티브'!B16 -> 엘앤씨바이오 | C10: =VLOOKUP(B10,'KoAct 코스닥액티브'!$B$11:$E$1000,4,0) -> 4.44 | D10: =IFERROR(VLOOKUP(B10,'KoAct 코스닥액티브(과거)'!$B$11:$E$1000,4,0),0) -> 2.18 | E10: =C10-D10 -> 2.26 | F10: =IFERROR(C10/D10-1,"신규편입") -> 1.0366972 | G10: =VLOOKUP(H10,유니버스!$C$14:$D$2561,2,0) -> KS | H10: ='KoAct 배당성장액티브'!B16 -> 삼성전기 | I10: =VLOOKUP(H10,'KoAct 배당성장액티브'!$B$11:$E$1000,4,0) -> 2.25 | J10: =IFERROR(VLOOKUP(H10,'KoAct 배당성장액티브(과거)'!$B$11:$E$1000,4,0),0) -> 2.33 | K10: =I10-J10 -> -0.08 | L10: =IFERROR(I10/J10-1,"신규편입") -> -0.034334764 | M10: =VLOOKUP(N10,유니버스!$C$14:$D$2561,2,0) -> KS | N10: ='TIMEFOLIO Korea플러스배당액티브'!B16 -> 키움증권 | O10: =VLOOKUP(N10,'TIMEFOLIO Korea플러스배당액티브'!$B$11:$E$1000,4,0) -> 3.52 | P10: =IFERROR(VLOOKUP(N10,'TIMEFOLIO Korea플러스배당액티브(과거)'!$B$11:$E$1000,4,0),0) -> 2.54 | Q10: =O10-P10 -> 0.98 | R10: =IFERROR(O10/P10-1,"신규편입") -> 0.38582677
A11: =VLOOKUP(B11,유니버스!$C$14:$D$2561,2,0) -> KQ | B11: ='KoAct 코스닥액티브'!B17 -> 샘씨엔에스 | C11: =VLOOKUP(B11,'KoAct 코스닥액티브'!$B$11:$E$1000,4,0) -> 4.41 | D11: =IFERROR(VLOOKUP(B11,'KoAct 코스닥액티브(과거)'!$B$11:$E$1000,4,0),0) -> 4.44 | E11: =C11-D11 -> -0.03 | F11: =IFERROR(C11/D11-1,"신규편입") -> -0.0067567568 | G11: =VLOOKUP(H11,유니버스!$C$14:$D$2561,2,0) -> KS | H11: ='KoAct 배당성장액티브'!B17 -> KB금융 | I11: =VLOOKUP(H11,'KoAct 배당성장액티브'!$B$11:$E$1000,4,0) -> 1.95 | J11: =IFERROR(VLOOKUP(H11,'KoAct 배당성장액티브(과거)'!$B$11:$E$1000,4,0),0) -> 1.32 | K11: =I11-J11 -> 0.63 | L11: =IFERROR(I11/J11-1,"신규편입") -> 0.47727273 | M11: =VLOOKUP(N11,유니버스!$C$14:$D$2561,2,0) -> KS | N11: ='TIMEFOLIO Korea플러스배당액티브'!B17 -> 삼성물산 | O11: =VLOOKUP(N11,'TIMEFOLIO Korea플러스배당액티브'!$B$11:$E$1000,4,0) -> 3.45 | P11: =IFERROR(VLOOKUP(N11,'TIMEFOLIO Korea플러스배당액티브(과거)'!$B$11:$E$1000,4,0),0) -> 3.61 | Q11: =O11-P11 -> -0.16 | R11: =IFERROR(O11/P11-1,"신규편입") -> -0.04432133
A12: =VLOOKUP(B12,유니버스!$C$14:$D$2561,2,0) -> KQ | B12: ='KoAct 코스닥액티브'!B18 -> 디앤디파마텍 | C12: =VLOOKUP(B12,'KoAct 코스닥액티브'!$B$11:$E$1000,4,0) -> 4.2 | D12: =IFERROR(VLOOKUP(B12,'KoAct 코스닥액티브(과거)'!$B$11:$E$1000,4,0),0) -> 4.98 | E12: =C12-D12 -> -0.78 | F12: =IFERROR(C12/D12-1,"신규편입") -> -0.15662651 | G12: =VLOOKUP(H12,유니버스!$C$14:$D$2561,2,0) -> KS | H12: ='KoAct 배당성장액티브'!B18 -> 키움증권 | I12: =VLOOKUP(H12,'KoAct 배당성장액티브'!$B$11:$E$1000,4,0) -> 1.66 | J12: =IFERROR(VLOOKUP(H12,'KoAct 배당성장액티브(과거)'!$B$11:$E$1000,4,0),0) -> 1.55 | K12: =I12-J12 -> 0.11 | L12: =IFERROR(I12/J12-1,"신규편입") -> 0.070967742 | M12: =VLOOKUP(N12,유니버스!$C$14:$D$2561,2,0) -> KS | N12: ='TIMEFOLIO Korea플러스배당액티브'!B18 -> SK | O12: =VLOOKUP(N12,'TIMEFOLIO Korea플러스배당액티브'!$B$11:$E$1000,4,0) -> 3.31 | P12: =IFERROR(VLOOKUP(N12,'TIMEFOLIO Korea플러스배당액티브(과거)'!$B$11:$E$1000,4,0),0) -> 2.9 | Q12: =O12-P12 -> 0.41 | R12: =IFERROR(O12/P12-1,"신규편입") -> 0.14137931
A13: =VLOOKUP(B13,유니버스!$C$14:$D$2561,2,0) -> KQ | B13: ='KoAct 코스닥액티브'!B19 -> 알테오젠 | C13: =VLOOKUP(B13,'KoAct 코스닥액티브'!$B$11:$E$1000,4,0) -> 4.07 | D13: =IFERROR(VLOOKUP(B13,'KoAct 코스닥액티브(과거)'!$B$11:$E$1000,4,0),0) -> 4.36 | E13: =C13-D13 -> -0.29 | F13: =IFERROR(C13/D13-1,"신규편입") -> -0.066513761 | G13: =VLOOKUP(H13,유니버스!$C$14:$D$2561,2,0) -> KS | H13: ='KoAct 배당성장액티브'!B19 -> HD한국조선해양 | I13: =VLOOKUP(H13,'KoAct 배당성장액티브'!$B$11:$E$1000,4,0) -> 1.6 | J13: =IFERROR(VLOOKUP(H13,'KoAct 배당성장액티브(과거)'!$B$11:$E$1000,4,0),0) -> 1.75 | K13: =I13-J13 -> -0.15 | L13: =IFERROR(I13/J13-1,"신규편입") -> -0.085714286 | M13: =VLOOKUP(N13,유니버스!$C$14:$D$2561,2,0) -> KS | N13: ='TIMEFOLIO Korea플러스배당액티브'!B19 -> NH투자증권 | O13: =VLOOKUP(N13,'TIMEFOLIO Korea플러스배당액티브'!$B$11:$E$1000,4,0) -> 3.2 | P13: =IFERROR(VLOOKUP(N13,'TIMEFOLIO Korea플러스배당액티브(과거)'!$B$11:$E$1000,4,0),0) -> 2.99 | Q13: =O13-P13 -> 0.21 | R13: =IFERROR(O13/P13-1,"신규편입") -> 0.070234114
A14: =VLOOKUP(B14,유니버스!$C$14:$D$2561,2,0) -> KQ | B14: ='KoAct 코스닥액티브'!B20 -> 엠케이전자 | C14: =VLOOKUP(B14,'KoAct 코스닥액티브'!$B$11:$E$1000,4,0) -> 3.22 | D14: =IFERROR(VLOOKUP(B14,'KoAct 코스닥액티브(과거)'!$B$11:$E$1000,4,0),0) -> 4.83 | E14: =C14-D14 -> -1.61 | F14: =IFERROR(C14/D14-1,"신규편입") -> -0.33333333 | G14: =VLOOKUP(H14,유니버스!$C$14:$D$2561,2,0) -> KS | H14: ='KoAct 배당성장액티브'!B20 -> F&F | I14: =VLOOKUP(H14,'KoAct 배당성장액티브'!$B$11:$E$1000,4,0) -> 1.6 | J14: =IFERROR(VLOOKUP(H14,'KoAct 배당성장액티브(과거)'!$B$11:$E$1000,4,0),0) -> 1.47 | K14: =I14-J14 -> 0.13 | L14: =IFERROR(I14/J14-1,"신규편입") -> 0.088435374 | M14: =VLOOKUP(N14,유니버스!$C$14:$D$2561,2,0) -> KS | N14: ='TIMEFOLIO Korea플러스배당액티브'!B20 -> 메리츠금융지주 | O14: =VLOOKUP(N14,'TIMEFOLIO Korea플러스배당액티브'!$B$11:$E$1000,4,0) -> 3.09 | P14: =IFERROR(VLOOKUP(N14,'TIMEFOLIO Korea플러스배당액티브(과거)'!$B$11:$E$1000,4,0),0) -> 1.59 | Q14: =O14-P14 -> 1.5 | R14: =IFERROR(O14/P14-1,"신규편입") -> 0.94339623
A15: =VLOOKUP(B15,유니버스!$C$14:$D$2561,2,0) -> KQ | B15: ='KoAct 코스닥액티브'!B21 -> 피에스케이 | C15: =VLOOKUP(B15,'KoAct 코스닥액티브'!$B$11:$E$1000,4,0) -> 2.65 | D15: =IFERROR(VLOOKUP(B15,'KoAct 코스닥액티브(과거)'!$B$11:$E$1000,4,0),0) -> 2.59 | E15: =C15-D15 -> 0.06 | F15: =IFERROR(C15/D15-1,"신규편입") -> 0.023166023 | G15: =VLOOKUP(H15,유니버스!$C$14:$D$2561,2,0) -> KS | H15: ='KoAct 배당성장액티브'!B21 -> 삼성물산 | I15: =VLOOKUP(H15,'KoAct 배당성장액티브'!$B$11:$E$1000,4,0) -> 1.57 | J15: =IFERROR(VLOOKUP(H15,'KoAct 배당성장액티브(과거)'!$B$11:$E$1000,4,0),0) -> 1.19 | K15: =I15-J15 -> 0.38 | L15: =IFERROR(I15/J15-1,"신규편입") -> 0.31932773 | M15: =VLOOKUP(N15,유니버스!$C$14:$D$2561,2,0) -> KS | N15: ='TIMEFOLIO Korea플러스배당액티브'!B21 -> 한국금융지주 | O15: =VLOOKUP(N15,'TIMEFOLIO Korea플러스배당액티브'!$B$11:$E$1000,4,0) -> 2.97 | P15: =IFERROR(VLOOKUP(N15,'TIMEFOLIO Korea플러스배당액티브(과거)'!$B$11:$E$1000,4,0),0) -> 1.85 | Q15: =O15-P15 -> 1.12 | R15: =IFERROR(O15/P15-1,"신규편입") -> 0.60540541
A16: =VLOOKUP(B16,유니버스!$C$14:$D$2561,2,0) -> KQ | B16: ='KoAct 코스닥액티브'!B22 -> 리가켐바이오 | C16: =VLOOKUP(B16,'KoAct 코스닥액티브'!$B$11:$E$1000,4,0) -> 2.39 | D16: =IFERROR(VLOOKUP(B16,'KoAct 코스닥액티브(과거)'!$B$11:$E$1000,4,0),0) -> 0.9 | E16: =C16-D16 -> 1.49 | F16: =IFERROR(C16/D16-1,"신규편입") -> 1.6555556 | G16: =VLOOKUP(H16,유니버스!$C$14:$D$2561,2,0) -> KS | H16: ='KoAct 배당성장액티브'!B22 -> 더블유게임즈 | I16: =VLOOKUP(H16,'KoAct 배당성장액티브'!$B$11:$E$1000,4,0) -> 1.51 | J16: =IFERROR(VLOOKUP(H16,'KoAct 배당성장액티브(과거)'!$B$11:$E$1000,4,0),0) -> 1.41 | K16: =I16-J16 -> 0.1 | L16: =IFERROR(I16/J16-1,"신규편입") -> 0.070921986 | M16: =VLOOKUP(N16,유니버스!$C$14:$D$2561,2,0) -> KS | N16: ='TIMEFOLIO Korea플러스배당액티브'!B22 -> 삼성증권 | O16: =VLOOKUP(N16,'TIMEFOLIO Korea플러스배당액티브'!$B$11:$E$1000,4,0) -> 2.93 | P16: =IFERROR(VLOOKUP(N16,'TIMEFOLIO Korea플러스배당액티브(과거)'!$B$11:$E$1000,4,0),0) -> 3.21 | Q16: =O16-P16 -> -0.28 | R16: =IFERROR(O16/P16-1,"신규편입") -> -0.087227414
... A40: =VLOOKUP(B40,유니버스!$C$14:$D$2561,2,0) -> KQ | B40: ='KoAct 코스닥액티브'!B46 -> 에이비엘바이오 | C40: =VLOOKUP(B40,'KoAct 코스닥액티브'!$B$11:$E$1000,4,0) -> 0.92 | D40: =IFERROR(VLOOKUP(B40,'KoAct 코스닥액티브(과거)'!$B$11:$E$1000,4,0),0) -> 0.89 | E40: =C40-D40 -> 0.03 | F40: =IFERROR(C40/D40-1,"신규편입") -> 0.033707865 | G40: =VLOOKUP(H40,유니버스!$C$14:$D$2561,2,0) -> KS | H40: ='KoAct 배당성장액티브'!B46 -> SK | I40: =VLOOKUP(H40,'KoAct 배당성장액티브'!$B$11:$E$1000,4,0) -> 0.6 | J40: =IFERROR(VLOOKUP(H40,'KoAct 배당성장액티브(과거)'!$B$11:$E$1000,4,0),0) -> 0.74 | K40: =I40-J40 -> -0.14 | L40: =IFERROR(I40/J40-1,"신규편입") -> -0.18918919 | M40: =VLOOKUP(N40,유니버스!$C$14:$D$2561,2,0) -> #N/A | N40: ='TIMEFOLIO Korea플러스배당액티브'!B46 -> 원화현금 | O40: =VLOOKUP(N40,'TIMEFOLIO Korea플러스배당액티브'!$B$11:$E$1000,4,0) -> 1.89 | P40: =IFERROR(VLOOKUP(N40,'TIMEFOLIO Korea플러스배당액티브(과거)'!$B$11:$E$1000,4,0),0) -> 0.96 | Q40: =O40-P40 -> 0.93 | R40: =IFERROR(O40/P40-1,"신규편입") -> 0.96875
A41: =VLOOKUP(B41,유니버스!$C$14:$D$2561,2,0) -> KQ | B41: ='KoAct 코스닥액티브'!B47 -> 두산테스나 | C41: =VLOOKUP(B41,'KoAct 코스닥액티브'!$B$11:$E$1000,4,0) -> 0.9 | D41: =IFERROR(VLOOKUP(B41,'KoAct 코스닥액티브(과거)'!$B$11:$E$1000,4,0),0) -> 3.46 | E41: =C41-D41 -> -2.56 | F41: =IFERROR(C41/D41-1,"신규편입") -> -0.73988439 | G41: =VLOOKUP(H41,유니버스!$C$14:$D$2561,2,0) -> KS | H41: ='KoAct 배당성장액티브'!B47 -> 미스토홀딩스 | I41: =VLOOKUP(H41,'KoAct 배당성장액티브'!$B$11:$E$1000,4,0) -> 0.56 | J41: =IFERROR(VLOOKUP(H41,'KoAct 배당성장액티브(과거)'!$B$11:$E$1000,4,0),0) -> 0.29 | K41: =I41-J41 -> 0.27 | L41: =IFERROR(I41/J41-1,"신규편입") -> 0.93103448
A42: =VLOOKUP(B42,유니버스!$C$14:$D$2561,2,0) -> KQ | B42: ='KoAct 코스닥액티브'!B48 -> 다우데이타 | C42: =VLOOKUP(B42,'KoAct 코스닥액티브'!$B$11:$E$1000,4,0) -> 0.88 | D42: =IFERROR(VLOOKUP(B42,'KoAct 코스닥액티브(과거)'!$B$11:$E$1000,4,0),0) -> 1.53 | E42: =C42-D42 -> -0.65 | F42: =IFERROR(C42/D42-1,"신규편입") -> -0.4248366 | G42: =VLOOKUP(H42,유니버스!$C$14:$D$2561,2,0) -> KS | H42: ='KoAct 배당성장액티브'!B48 -> HD현대일렉트릭 | I42: =VLOOKUP(H42,'KoAct 배당성장액티브'!$B$11:$E$1000,4,0) -> 0.56 | J42: =IFERROR(VLOOKUP(H42,'KoAct 배당성장액티브(과거)'!$B$11:$E$1000,4,0),0) -> 0.55 | K42: =I42-J42 -> 0.01 | L42: =IFERROR(I42/J42-1,"신규편입") -> 0.018181818
A43: =VLOOKUP(B43,유니버스!$C$14:$D$2561,2,0) -> KQ | B43: ='KoAct 코스닥액티브'!B49 -> 에이프릴바이오 | C43: =VLOOKUP(B43,'KoAct 코스닥액티브'!$B$11:$E$1000,4,0) -> 0.75 | D43: =IFERROR(VLOOKUP(B43,'KoAct 코스닥액티브(과거)'!$B$11:$E$1000,4,0),0) -> 1.23 | E43: =C43-D43 -> -0.48 | F43: =IFERROR(C43/D43-1,"신규편입") -> -0.3902439 | G43: =VLOOKUP(H43,유니버스!$C$14:$D$2561,2,0) -> KS | H43: ='KoAct 배당성장액티브'!B49 -> 케이씨 | I43: =VLOOKUP(H43,'KoAct 배당성장액티브'!$B$11:$E$1000,4,0) -> 0.54 | J43: =IFERROR(VLOOKUP(H43,'KoAct 배당성장액티브(과거)'!$B$11:$E$1000,4,0),0) -> 0.46 | K43: =I43-J43 -> 0.08 | L43: =IFERROR(I43/J43-1,"신규편입") -> 0.17391304
A44: =VLOOKUP(B44,유니버스!$C$14:$D$2561,2,0) -> KQ | B44: ='KoAct 코스닥액티브'!B50 -> 알지노믹스 | C44: =VLOOKUP(B44,'KoAct 코스닥액티브'!$B$11:$E$1000,4,0) -> 0.7 | D44: =IFERROR(VLOOKUP(B44,'KoAct 코스닥액티브(과거)'!$B$11:$E$1000,4,0),0) -> 0.72 | E44: =C44-D44 -> -0.02 | F44: =IFERROR(C44/D44-1,"신규편입") -> -0.027777778 | G44: =VLOOKUP(H44,유니버스!$C$14:$D$2561,2,0) -> KS | H44: ='KoAct 배당성장액티브'!B50 -> 한미약품 | I44: =VLOOKUP(H44,'KoAct 배당성장액티브'!$B$11:$E$1000,4,0) -> 0.53 | J44: =IFERROR(VLOOKUP(H44,'KoAct 배당성장액티브(과거)'!$B$11:$E$1000,4,0),0) -> 0.48 | K44: =I44-J44 -> 0.05 | L44: =IFERROR(I44/J44-1,"신규편입") -> 0.10416667
A45: =VLOOKUP(B45,유니버스!$C$14:$D$2561,2,0) -> KQ | B45: ='KoAct 코스닥액티브'!B51 -> 나노 | C45: =VLOOKUP(B45,'KoAct 코스닥액티브'!$B$11:$E$1000,4,0) -> 0.68 | D45: =IFERROR(VLOOKUP(B45,'KoAct 코스닥액티브(과거)'!$B$11:$E$1000,4,0),0) -> 0.72 | E45: =C45-D45 -> -0.04 | F45: =IFERROR(C45/D45-1,"신규편입") -> -0.055555556 | G45: =VLOOKUP(H45,유니버스!$C$14:$D$2561,2,0) -> KS | H45: ='KoAct 배당성장액티브'!B51 -> GS | I45: =VLOOKUP(H45,'KoAct 배당성장액티브'!$B$11:$E$1000,4,0) -> 0.51 | J45: =IFERROR(VLOOKUP(H45,'KoAct 배당성장액티브(과거)'!$B$11:$E$1000,4,0),0) -> 0.46 | K45: =I45-J45 -> 0.05 | L45: =IFERROR(I45/J45-1,"신규편입") -> 0.10869565
A46: =VLOOKUP(B46,유니버스!$C$14:$D$2561,2,0) -> KQ | B46: ='KoAct 코스닥액티브'!B52 -> RFHIC | C46: =VLOOKUP(B46,'KoAct 코스닥액티브'!$B$11:$E$1000,4,0) -> 0.59 | D46: =IFERROR(VLOOKUP(B46,'KoAct 코스닥액티브(과거)'!$B$11:$E$1000,4,0),0) -> 0.66 | E46: =C46-D46 -> -0.07 | F46: =IFERROR(C46/D46-1,"신규편입") -> -0.10606061 | G46: =VLOOKUP(H46,유니버스!$C$14:$D$2561,2,0) -> KS | H46: ='KoAct 배당성장액티브'!B52 -> 대한항공 | I46: =VLOOKUP(H46,'KoAct 배당성장액티브'!$B$11:$E$1000,4,0) -> 0.51 | J46: =IFERROR(VLOOKUP(H46,'KoAct 배당성장액티브(과거)'!$B$11:$E$1000,4,0),0) -> 0 | K46: =I46-J46 -> 0.51 | L46: =IFERROR(I46/J46-1,"신규편입") -> 신규편입
A47: =VLOOKUP(B47,유니버스!$C$14:$D$2561,2,0) -> KQ | B47: ='KoAct 코스닥액티브'!B53 -> 성호전자 | C47: =VLOOKUP(B47,'KoAct 코스닥액티브'!$B$11:$E$1000,4,0) -> 0.52 | D47: =IFERROR(VLOOKUP(B47,'KoAct 코스닥액티브(과거)'!$B$11:$E$1000,4,0),0) -> 0.64 | E47: =C47-D47 -> -0.12 | F47: =IFERROR(C47/D47-1,"신규편입") -> -0.1875 | G47: =VLOOKUP(H47,유니버스!$C$14:$D$2561,2,0) -> KS | H47: ='KoAct 배당성장액티브'!B53 -> 두산 | I47: =VLOOKUP(H47,'KoAct 배당성장액티브'!$B$11:$E$1000,4,0) -> 0.5 | J47: =IFERROR(VLOOKUP(H47,'KoAct 배당성장액티브(과거)'!$B$11:$E$1000,4,0),0) -> 0.48 | K47: =I47-J47 -> 0.02 | L47: =IFERROR(I47/J47-1,"신규편입") -> 0.041666667
A48: =VLOOKUP(B48,유니버스!$C$14:$D$2561,2,0) -> KQ | B48: ='KoAct 코스닥액티브'!B54 -> 비나텍 | C48: =VLOOKUP(B48,'KoAct 코스닥액티브'!$B$11:$E$1000,4,0) -> 0.49 | D48: =IFERROR(VLOOKUP(B48,'KoAct 코스닥액티브(과거)'!$B$11:$E$1000,4,0),0) -> 1.36 | E48: =C48-D48 -> -0.87 | F48: =IFERROR(C48/D48-1,"신규편입") -> -0.63970588 | G48: =VLOOKUP(H48,유니버스!$C$14:$D$2561,2,0) -> KS | H48: ='KoAct 배당성장액티브'!B54 -> 현대엘리베이터 | I48: =VLOOKUP(H48,'KoAct 배당성장액티브'!$B$11:$E$1000,4,0) -> 0.48 | J48: =IFERROR(VLOOKUP(H48,'KoAct 배당성장액티브(과거)'!$B$11:$E$1000,4,0),0) -> 0.47 | K48: =I48-J48 -> 0.01 | L48: =IFERROR(I48/J48-1,"신규편입") -> 0.021276596
A49: =VLOOKUP(B49,유니버스!$C$14:$D$2561,2,0) -> KQ | B49: ='KoAct 코스닥액티브'!B55 -> 코스텍시스 | C49: =VLOOKUP(B49,'KoAct 코스닥액티브'!$B$11:$E$1000,4,0) -> 0.47 | D49: =IFERROR(VLOOKUP(B49,'KoAct 코스닥액티브(과거)'!$B$11:$E$1000,4,0),0) -> 0.53 | E49: =C49-D49 -> -0.06 | F49: =IFERROR(C49/D49-1,"신규편입") -> -0.11320755 | G49: =VLOOKUP(H49,유니버스!$C$14:$D$2561,2,0) -> KQ | H49: ='KoAct 배당성장액티브'!B55 -> 이지홀딩스 | I49: =VLOOKUP(H49,'KoAct 배당성장액티브'!$B$11:$E$1000,4,0) -> 0.46 | J49: =IFERROR(VLOOKUP(H49,'KoAct 배당성장액티브(과거)'!$B$11:$E$1000,4,0),0) -> 0.45 | K49: =I49-J49 -> 0.01 | L49: =IFERROR(I49/J49-1,"신규편입") -> 0.022222222
A50: =VLOOKUP(B50,유니버스!$C$14:$D$2561,2,0) -> KQ | B50: ='KoAct 코스닥액티브'!B56 -> 지앤비에스 에코 | C50: =VLOOKUP(B50,'KoAct 코스닥액티브'!$B$11:$E$1000,4,0) -> 0.43 | D50: =IFERROR(VLOOKUP(B50,'KoAct 코스닥액티브(과거)'!$B$11:$E$1000,4,0),0) -> 0.48 | E50: =C50-D50 -> -0.05 | F50: =IFERROR(C50/D50-1,"신규편입") -> -0.10416667 | G50: =VLOOKUP(H50,유니버스!$C$14:$D$2561,2,0) -> KS | H50: ='KoAct 배당성장액티브'!B56 -> 삼양식품 | I50: =VLOOKUP(H50,'KoAct 배당성장액티브'!$B$11:$E$1000,4,0) -> 0.46 | J50: =IFERROR(VLOOKUP(H50,'KoAct 배당성장액티브(과거)'!$B$11:$E$1000,4,0),0) -> 0.57 | K50: =I50-J50 -> -0.11 | L50: =IFERROR(I50/J50-1,"신규편입") -> -0.19298246
G51: =VLOOKUP(H51,유니버스!$C$14:$D$2561,2,0) -> KS | H51: ='KoAct 배당성장액티브'!B57 -> SK텔레콤 | I51: =VLOOKUP(H51,'KoAct 배당성장액티브'!$B$11:$E$1000,4,0) -> 0.45 | J51: =IFERROR(VLOOKUP(H51,'KoAct 배당성장액티브(과거)'!$B$11:$E$1000,4,0),0) -> 0.55 | K51: =I51-J51 -> -0.1 | L51: =IFERROR(I51/J51-1,"신규편입") -> -0.18181818
G52: =VLOOKUP(H52,유니버스!$C$14:$D$2561,2,0) -> KS | H52: ='KoAct 배당성장액티브'!B58 -> DB손해보험 | I52: =VLOOKUP(H52,'KoAct 배당성장액티브'!$B$11:$E$1000,4,0) -> 0.45 | J52: =IFERROR(VLOOKUP(H52,'KoAct 배당성장액티브(과거)'!$B$11:$E$1000,4,0),0) -> 0.45 | K52: =I52-J52 -> 0 | L52: =IFERROR(I52/J52-1,"신규편입") -> 0
G53: =VLOOKUP(H53,유니버스!$C$14:$D$2561,2,0) -> KS | H53: ='KoAct 배당성장액티브'!B59 -> 한국토지신탁 | I53: =VLOOKUP(H53,'KoAct 배당성장액티브'!$B$11:$E$1000,4,0) -> 0.42 | J53: =IFERROR(VLOOKUP(H53,'KoAct 배당성장액티브(과거)'!$B$11:$E$1000,4,0),0) -> 0.41 | K53: =I53-J53 -> 0.01 | L53: =IFERROR(I53/J53-1,"신규편입") -> 0.024390244
G54: =VLOOKUP(H54,유니버스!$C$14:$D$2561,2,0) -> KS | H54: ='KoAct 배당성장액티브'!B60 -> HL홀딩스 | I54: =VLOOKUP(H54,'KoAct 배당성장액티브'!$B$11:$E$1000,4,0) -> 0.4 | J54: =IFERROR(VLOOKUP(H54,'KoAct 배당성장액티브(과거)'!$B$11:$E$1000,4,0),0) -> 0.41 | K54: =I54-J54 -> -0.01 | L54: =IFERROR(I54/J54-1,"신규편입") -> -0.024390244
G55: =VLOOKUP(H55,유니버스!$C$14:$D$2561,2,0) -> KQ | H55: ='KoAct 배당성장액티브'!B61 -> 고영 | I55: =VLOOKUP(H55,'KoAct 배당성장액티브'!$B$11:$E$1000,4,0) -> 0.37 | J55: =IFERROR(VLOOKUP(H55,'KoAct 배당성장액티브(과거)'!$B$11:$E$1000,4,0),0) -> 0.88 | K55: =I55-J55 -> -0.51 | L55: =IFERROR(I55/J55-1,"신규편입") -> -0.57954545
G56: =VLOOKUP(H56,유니버스!$C$14:$D$2561,2,0) -> KQ | H56: ='KoAct 배당성장액티브'!B62 -> 한텍 | I56: =VLOOKUP(H56,'KoAct 배당성장액티브'!$B$11:$E$1000,4,0) -> 0.33 | J56: =IFERROR(VLOOKUP(H56,'KoAct 배당성장액티브(과거)'!$B$11:$E$1000,4,0),0) -> 0.54 | K56: =I56-J56 -> -0.21 | L56: =IFERROR(I56/J56-1,"신규편입") -> -0.38888889
G57: =VLOOKUP(H57,유니버스!$C$14:$D$2561,2,0) -> KS | H57: ='KoAct 배당성장액티브'!B63 -> LIG디펜스앤에어로스페이스 | I57: =VLOOKUP(H57,'KoAct 배당성장액티브'!$B$11:$E$1000,4,0) -> 0.3 | J57: =IFERROR(VLOOKUP(H57,'KoAct 배당성장액티브(과거)'!$B$11:$E$1000,4,0),0) -> 0.25 | K57: =I57-J57 -> 0.05 | L57: =IFERROR(I57/J57-1,"신규편입") -> 0.2
G58: =VLOOKUP(H58,유니버스!$C$14:$D$2561,2,0) -> KS | H58: ='KoAct 배당성장액티브'!B64 -> JB금융지주 | I58: =VLOOKUP(H58,'KoAct 배당성장액티브'!$B$11:$E$1000,4,0) -> 0.28 | J58: =IFERROR(VLOOKUP(H58,'KoAct 배당성장액티브(과거)'!$B$11:$E$1000,4,0),0) -> 0.28 | K58: =I58-J58 -> 0 | L58: =IFERROR(I58/J58-1,"신규편입") -> 0
G59: =VLOOKUP(H59,유니버스!$C$14:$D$2561,2,0) -> KS | H59: ='KoAct 배당성장액티브'!B65 -> 한화솔루션 | I59: =VLOOKUP(H59,'KoAct 배당성장액티브'!$B$11:$E$1000,4,0) -> 0.23 | J59: =IFERROR(VLOOKUP(H59,'KoAct 배당성장액티브(과거)'!$B$11:$E$1000,4,0),0) -> 0.23 | K59: =I59-J59 -> 0 | L59: =IFERROR(I59/J59-1,"신규편입") -> 0
G60: =VLOOKUP(H60,유니버스!$C$14:$D$2561,2,0) -> KS | H60: ='KoAct 배당성장액티브'!B66 -> 비에이치 | I60: =VLOOKUP(H60,'KoAct 배당성장액티브'!$B$11:$E$1000,4,0) -> 0.22 | J60: =IFERROR(VLOOKUP(H60,'KoAct 배당성장액티브(과거)'!$B$11:$E$1000,4,0),0) -> 1.19 | K60: =I60-J60 -> -0.97 | L60: =IFERROR(I60/J60-1,"신규편입") -> -0.81512605
G61: =VLOOKUP(H61,유니버스!$C$14:$D$2561,2,0) -> KS | H61: ='KoAct 배당성장액티브'!B67 -> 오리온홀딩스 | I61: =VLOOKUP(H61,'KoAct 배당성장액티브'!$B$11:$E$1000,4,0) -> 0.22 | J61: =IFERROR(VLOOKUP(H61,'KoAct 배당성장액티브(과거)'!$B$11:$E$1000,4,0),0) -> 0.2 | K61: =I61-J61 -> 0.02 | L61: =IFERROR(I61/J61-1,"신규편입") -> 0.1
G62: =VLOOKUP(H62,유니버스!$C$14:$D$2561,2,0) -> KS | H62: ='KoAct 배당성장액티브'!B68 -> 포스코인터내셔널 | I62: =VLOOKUP(H62,'KoAct 배당성장액티브'!$B$11:$E$1000,4,0) -> 0.19 | J62: =IFERROR(VLOOKUP(H62,'KoAct 배당성장액티브(과거)'!$B$11:$E$1000,4,0),0) -> 0.19 | K62: =I62-J62 -> 0 | L62: =IFERROR(I62/J62-1,"신규편입") -> 0
... G65: =VLOOKUP(H65,유니버스!$C$14:$D$2561,2,0) -> #N/A | H65: ='KoAct 배당성장액티브'!B71 -> 0 | I65: =VLOOKUP(H65,'KoAct 배당성장액티브'!$B$11:$E$1000,4,0) -> #N/A | J65: =IFERROR(VLOOKUP(H65,'KoAct 배당성장액티브(과거)'!$B$11:$E$1000,4,0),0) -> 0 | K65: =I65-J65 -> #N/A | L65: =IFERROR(I65/J65-1,"신규편입") -> 신규편입

Sheet 신재생, 2차전지
B3: ='KODEX 신재생에너지액티브'!A9 -> KODEX 신재생에너지액티브 | H3: ='TIMEFOLIO K신재생에너지액티브'!A9 -> TIME K신재생에너지액티브 | N3: ='RISE 2차전지액티브'!A9 -> RISE 2차전지액티브
B4: 종목명 | C4: ='KODEX 신재생에너지액티브'!B4 -> CPD [20260701] | D4: ='KODEX 신재생에너지액티브(과거)'!B4 -> 20260619 | E4: 비중차이 | F4: 증가율 | H4: 종목명 | I4: =C4 -> CPD [20260701] | J4: =D4 -> 20260619 | K4: 비중차 | L4: 증가율 | N4: 종목명 | O4: =C4 -> CPD [20260701] | P4: =D4 -> 20260619 | Q4: 비중차이 | R4: 증가율
A5: =VLOOKUP(B5,유니버스!$C$14:$D$2561,2,0) -> KS | B5: ='KODEX 신재생에너지액티브'!B11 -> SK이터닉스 | C5: =VLOOKUP(B5,'KODEX 신재생에너지액티브'!$B$11:$E$1000,4,0) -> 7.15 | D5: =IFERROR(VLOOKUP(B5,'KODEX 신재생에너지액티브(과거)'!$B$11:$E$1000,4,0),0) -> 5.05 | E5: =C5-D5 -> 2.1 | F5: =IFERROR(C5/D5-1,"신규편입") -> 0.41584158 | G5: =VLOOKUP(H5,유니버스!$C$14:$D$2561,2,0) -> KS | H5: ='TIMEFOLIO K신재생에너지액티브'!B11 -> SK하이닉스 | I5: =VLOOKUP(H5,'TIMEFOLIO K신재생에너지액티브'!$B$11:$E$1000,4,0) -> 9.69 | J5: =IFERROR(VLOOKUP(H5,'TIMEFOLIO K신재생에너지액티브(과거)'!$B$11:$E$1000,4,0),0) -> 14.05 | K5: =I5-J5 -> -4.36 | L5: =IFERROR(I5/J5-1,"신규편입") -> -0.31032028 | M5: =VLOOKUP(N5,유니버스!$C$14:$D$2561,2,0) -> KS | N5: ='RISE 2차전지액티브'!B11 -> 삼성SDI | O5: =VLOOKUP(N5,'RISE 2차전지액티브'!$B$11:$E$1000,4,0) -> 14.22 | P5: =IFERROR(VLOOKUP(N5,'RISE 2차전지액티브(과거)'!$B$11:$E$1000,4,0),0) -> 13.93 | Q5: =O5-P5 -> 0.29 | R5: =IFERROR(O5/P5-1,"신규편입") -> 0.020818378
A6: =VLOOKUP(B6,유니버스!$C$14:$D$2561,2,0) -> KS | B6: ='KODEX 신재생에너지액티브'!B12 -> HD현대에너지솔루션 | C6: =VLOOKUP(B6,'KODEX 신재생에너지액티브'!$B$11:$E$1000,4,0) -> 6.45 | D6: =IFERROR(VLOOKUP(B6,'KODEX 신재생에너지액티브(과거)'!$B$11:$E$1000,4,0),0) -> 6.46 | E6: =C6-D6 -> -0.01 | F6: =IFERROR(C6/D6-1,"신규편입") -> -0.0015479876 | G6: =VLOOKUP(H6,유니버스!$C$14:$D$2561,2,0) -> KS | H6: ='TIMEFOLIO K신재생에너지액티브'!B12 -> 삼성전자 | I6: =VLOOKUP(H6,'TIMEFOLIO K신재생에너지액티브'!$B$11:$E$1000,4,0) -> 9.2 | J6: =IFERROR(VLOOKUP(H6,'TIMEFOLIO K신재생에너지액티브(과거)'!$B$11:$E$1000,4,0),0) -> 11.24 | K6: =I6-J6 -> -2.04 | L6: =IFERROR(I6/J6-1,"신규편입") -> -0.18149466 | M6: =VLOOKUP(N6,유니버스!$C$14:$D$2561,2,0) -> KS | N6: ='RISE 2차전지액티브'!B12 -> LG에너지솔루션 | O6: =VLOOKUP(N6,'RISE 2차전지액티브'!$B$11:$E$1000,4,0) -> 9.83 | P6: =IFERROR(VLOOKUP(N6,'RISE 2차전지액티브(과거)'!$B$11:$E$1000,4,0),0) -> 9.91 | Q6: =O6-P6 -> -0.08 | R6: =IFERROR(O6/P6-1,"신규편입") -> -0.0080726539
A7: =VLOOKUP(B7,유니버스!$C$14:$D$2561,2,0) -> KS | B7: ='KODEX 신재생에너지액티브'!B13 -> OCI홀딩스 | C7: =VLOOKUP(B7,'KODEX 신재생에너지액티브'!$B$11:$E$1000,4,0) -> 6.15 | D7: =IFERROR(VLOOKUP(B7,'KODEX 신재생에너지액티브(과거)'!$B$11:$E$1000,4,0),0) -> 6.88 | E7: =C7-D7 -> -0.73 | F7: =IFERROR(C7/D7-1,"신규편입") -> -0.10610465 | G7: =VLOOKUP(H7,유니버스!$C$14:$D$2561,2,0) -> KS | H7: ='TIMEFOLIO K신재생에너지액티브'!B13 -> 삼성전기 | I7: =VLOOKUP(H7,'TIMEFOLIO K신재생에너지액티브'!$B$11:$E$1000,4,0) -> 8.95 | J7: =IFERROR(VLOOKUP(H7,'TIMEFOLIO K신재생에너지액티브(과거)'!$B$11:$E$1000,4,0),0) -> 8.51 | K7: =I7-J7 -> 0.44 | L7: =IFERROR(I7/J7-1,"신규편입") -> 0.051703878 | M7: =VLOOKUP(N7,유니버스!$C$14:$D$2561,2,0) -> KS | N7: ='RISE 2차전지액티브'!B13 -> POSCO홀딩스 | O7: =VLOOKUP(N7,'RISE 2차전지액티브'!$B$11:$E$1000,4,0) -> 9.79 | P7: =IFERROR(VLOOKUP(N7,'RISE 2차전지액티브(과거)'!$B$11:$E$1000,4,0),0) -> 9.6 | Q7: =O7-P7 -> 0.19 | R7: =IFERROR(O7/P7-1,"신규편입") -> 0.019791667
A8: =VLOOKUP(B8,유니버스!$C$14:$D$2561,2,0) -> KS | B8: ='KODEX 신재생에너지액티브'!B14 -> 삼성SDI | C8: =VLOOKUP(B8,'KODEX 신재생에너지액티브'!$B$11:$E$1000,4,0) -> 5.89 | D8: =IFERROR(VLOOKUP(B8,'KODEX 신재생에너지액티브(과거)'!$B$11:$E$1000,4,0),0) -> 6.67 | E8: =C8-D8 -> -0.78 | F8: =IFERROR(C8/D8-1,"신규편입") -> -0.11694153 | G8: =VLOOKUP(H8,유니버스!$C$14:$D$2561,2,0) -> KS | H8: ='TIMEFOLIO K신재생에너지액티브'!B14 -> 한화솔루션 | I8: =VLOOKUP(H8,'TIMEFOLIO K신재생에너지액티브'!$B$11:$E$1000,4,0) -> 8.75 | J8: =IFERROR(VLOOKUP(H8,'TIMEFOLIO K신재생에너지액티브(과거)'!$B$11:$E$1000,4,0),0) -> 8.52 | K8: =I8-J8 -> 0.23 | L8: =IFERROR(I8/J8-1,"신규편입") -> 0.026995305 | M8: =VLOOKUP(N8,유니버스!$C$14:$D$2561,2,0) -> KS | N8: ='RISE 2차전지액티브'!B14 -> 엘앤에프 | O8: =VLOOKUP(N8,'RISE 2차전지액티브'!$B$11:$E$1000,4,0) -> 8.31 | P8: =IFERROR(VLOOKUP(N8,'RISE 2차전지액티브(과거)'!$B$11:$E$1000,4,0),0) -> 8.42 | Q8: =O8-P8 -> -0.11 | R8: =IFERROR(O8/P8-1,"신규편입") -> -0.013064133
A9: =VLOOKUP(B9,유니버스!$C$14:$D$2561,2,0) -> KQ | B9: ='KODEX 신재생에너지액티브'!B15 -> 서진시스템 | C9: =VLOOKUP(B9,'KODEX 신재생에너지액티브'!$B$11:$E$1000,4,0) -> 5.67 | D9: =IFERROR(VLOOKUP(B9,'KODEX 신재생에너지액티브(과거)'!$B$11:$E$1000,4,0),0) -> 7.13 | E9: =C9-D9 -> -1.46 | F9: =IFERROR(C9/D9-1,"신규편입") -> -0.20476858 | G9: =VLOOKUP(H9,유니버스!$C$14:$D$2561,2,0) -> KS | H9: ='TIMEFOLIO K신재생에너지액티브'!B15 -> 삼성SDI | I9: =VLOOKUP(H9,'TIMEFOLIO K신재생에너지액티브'!$B$11:$E$1000,4,0) -> 7.77 | J9: =IFERROR(VLOOKUP(H9,'TIMEFOLIO K신재생에너지액티브(과거)'!$B$11:$E$1000,4,0),0) -> 6.86 | K9: =I9-J9 -> 0.91 | L9: =IFERROR(I9/J9-1,"신규편입") -> 0.13265306 | M9: =VLOOKUP(N9,유니버스!$C$14:$D$2561,2,0) -> KS | N9: ='RISE 2차전지액티브'!B15 -> 포스코퓨처엠 | O9: =VLOOKUP(N9,'RISE 2차전지액티브'!$B$11:$E$1000,4,0) -> 7.94 | P9: =IFERROR(VLOOKUP(N9,'RISE 2차전지액티브(과거)'!$B$11:$E$1000,4,0),0) -> 8.06 | Q9: =O9-P9 -> -0.12 | R9: =IFERROR(O9/P9-1,"신규편입") -> -0.014888337
A10: =VLOOKUP(B10,유니버스!$C$14:$D$2561,2,0) -> KS | B10: ='KODEX 신재생에너지액티브'!B16 -> 한화솔루션 | C10: =VLOOKUP(B10,'KODEX 신재생에너지액티브'!$B$11:$E$1000,4,0) -> 5.15 | D10: =IFERROR(VLOOKUP(B10,'KODEX 신재생에너지액티브(과거)'!$B$11:$E$1000,4,0),0) -> 5.28 | E10: =C10-D10 -> -0.13 | F10: =IFERROR(C10/D10-1,"신규편입") -> -0.024621212 | G10: =VLOOKUP(H10,유니버스!$C$14:$D$2561,2,0) -> KS | H10: ='TIMEFOLIO K신재생에너지액티브'!B16 -> 씨에스윈드 | I10: =VLOOKUP(H10,'TIMEFOLIO K신재생에너지액티브'!$B$11:$E$1000,4,0) -> 6.04 | J10: =IFERROR(VLOOKUP(H10,'TIMEFOLIO K신재생에너지액티브(과거)'!$B$11:$E$1000,4,0),0) -> 4.99 | K10: =I10-J10 -> 1.05 | L10: =IFERROR(I10/J10-1,"신규편입") -> 0.21042084 | M10: =VLOOKUP(N10,유니버스!$C$14:$D$2561,2,0) -> KQ | N10: ='RISE 2차전지액티브'!B16 -> 대주전자재료 | O10: =VLOOKUP(N10,'RISE 2차전지액티브'!$B$11:$E$1000,4,0) -> 7.23 | P10: =IFERROR(VLOOKUP(N10,'RISE 2차전지액티브(과거)'!$B$11:$E$1000,4,0),0) -> 7.31 | Q10: =O10-P10 -> -0.08 | R10: =IFERROR(O10/P10-1,"신규편입") -> -0.010943912
A11: =VLOOKUP(B11,유니버스!$C$14:$D$2561,2,0) -> KQ | B11: ='KODEX 신재생에너지액티브'!B17 -> 비나텍 | C11: =VLOOKUP(B11,'KODEX 신재생에너지액티브'!$B$11:$E$1000,4,0) -> 4.5 | D11: =IFERROR(VLOOKUP(B11,'KODEX 신재생에너지액티브(과거)'!$B$11:$E$1000,4,0),0) -> 4.94 | E11: =C11-D11 -> -0.44 | F11: =IFERROR(C11/D11-1,"신규편입") -> -0.089068826 | G11: =VLOOKUP(H11,유니버스!$C$14:$D$2561,2,0) -> KS | H11: ='TIMEFOLIO K신재생에너지액티브'!B17 -> 한화 | I11: =VLOOKUP(H11,'TIMEFOLIO K신재생에너지액티브'!$B$11:$E$1000,4,0) -> 4.19 | J11: =IFERROR(VLOOKUP(H11,'TIMEFOLIO K신재생에너지액티브(과거)'!$B$11:$E$1000,4,0),0) -> 4.39 | K11: =I11-J11 -> -0.2 | L11: =IFERROR(I11/J11-1,"신규편입") -> -0.045558087 | M11: =VLOOKUP(N11,유니버스!$C$14:$D$2561,2,0) -> KQ | N11: ='RISE 2차전지액티브'!B17 -> 에코프로비엠 | O11: =VLOOKUP(N11,'RISE 2차전지액티브'!$B$11:$E$1000,4,0) -> 7.12 | P11: =IFERROR(VLOOKUP(N11,'RISE 2차전지액티브(과거)'!$B$11:$E$1000,4,0),0) -> 7.88 | Q11: =O11-P11 -> -0.76 | R11: =IFERROR(O11/P11-1,"신규편입") -> -0.096446701
A12: =VLOOKUP(B12,유니버스!$C$14:$D$2561,2,0) -> KS | B12: ='KODEX 신재생에너지액티브'!B18 -> 산일전기 | C12: =VLOOKUP(B12,'KODEX 신재생에너지액티브'!$B$11:$E$1000,4,0) -> 4.31 | D12: =IFERROR(VLOOKUP(B12,'KODEX 신재생에너지액티브(과거)'!$B$11:$E$1000,4,0),0) -> 3.95 | E12: =C12-D12 -> 0.36 | F12: =IFERROR(C12/D12-1,"신규편입") -> 0.091139241 | G12: =VLOOKUP(H12,유니버스!$C$14:$D$2561,2,0) -> KQ | H12: ='TIMEFOLIO K신재생에너지액티브'!B18 -> 동진쎄미켐 | I12: =VLOOKUP(H12,'TIMEFOLIO K신재생에너지액티브'!$B$11:$E$1000,4,0) -> 3.4 | J12: =IFERROR(VLOOKUP(H12,'TIMEFOLIO K신재생에너지액티브(과거)'!$B$11:$E$1000,4,0),0) -> 3.35 | K12: =I12-J12 -> 0.05 | L12: =IFERROR(I12/J12-1,"신규편입") -> 0.014925373 | M12: =VLOOKUP(N12,유니버스!$C$14:$D$2561,2,0) -> KQ | N12: ='RISE 2차전지액티브'!B18 -> 에코프로 | O12: =VLOOKUP(N12,'RISE 2차전지액티브'!$B$11:$E$1000,4,0) -> 6.5 | P12: =IFERROR(VLOOKUP(N12,'RISE 2차전지액티브(과거)'!$B$11:$E$1000,4,0),0) -> 7.03 | Q12: =O12-P12 -> -0.53 | R12: =IFERROR(O12/P12-1,"신규편입") -> -0.075391181
A13: =VLOOKUP(B13,유니버스!$C$14:$D$2561,2,0) -> KS | B13: ='KODEX 신재생에너지액티브'!B19 -> 씨에스윈드 | C13: =VLOOKUP(B13,'KODEX 신재생에너지액티브'!$B$11:$E$1000,4,0) -> 4.3 | D13: =IFERROR(VLOOKUP(B13,'KODEX 신재생에너지액티브(과거)'!$B$11:$E$1000,4,0),0) -> 3.9 | E13: =C13-D13 -> 0.4 | F13: =IFERROR(C13/D13-1,"신규편입") -> 0.1025641 | G13: =VLOOKUP(H13,유니버스!$C$14:$D$2561,2,0) -> KS | H13: ='TIMEFOLIO K신재생에너지액티브'!B19 -> 현대차 | I13: =VLOOKUP(H13,'TIMEFOLIO K신재생에너지액티브'!$B$11:$E$1000,4,0) -> 3.35 | J13: =IFERROR(VLOOKUP(H13,'TIMEFOLIO K신재생에너지액티브(과거)'!$B$11:$E$1000,4,0),0) -> 5.71 | K13: =I13-J13 -> -2.36 | L13: =IFERROR(I13/J13-1,"신규편입") -> -0.41330998 | M13: =VLOOKUP(N13,유니버스!$C$14:$D$2561,2,0) -> KS | N13: ='RISE 2차전지액티브'!B19 -> 롯데에너지머티리얼즈 | O13: =VLOOKUP(N13,'RISE 2차전지액티브'!$B$11:$E$1000,4,0) -> 6.17 | P13: =IFERROR(VLOOKUP(N13,'RISE 2차전지액티브(과거)'!$B$11:$E$1000,4,0),0) -> 6.02 | Q13: =O13-P13 -> 0.15 | R13: =IFERROR(O13/P13-1,"신규편입") -> 0.024916944
A14: =VLOOKUP(B14,유니버스!$C$14:$D$2561,2,0) -> KS | B14: ='KODEX 신재생에너지액티브'!B20 -> LS ELECTRIC | C14: =VLOOKUP(B14,'KODEX 신재생에너지액티브'!$B$11:$E$1000,4,0) -> 4.07 | D14: =IFERROR(VLOOKUP(B14,'KODEX 신재생에너지액티브(과거)'!$B$11:$E$1000,4,0),0) -> 3.98 | E14: =C14-D14 -> 0.09 | F14: =IFERROR(C14/D14-1,"신규편입") -> 0.022613065 | G14: =VLOOKUP(H14,유니버스!$C$14:$D$2561,2,0) -> KQ | H14: ='TIMEFOLIO K신재생에너지액티브'!B20 -> 대주전자재료 | I14: =VLOOKUP(H14,'TIMEFOLIO K신재생에너지액티브'!$B$11:$E$1000,4,0) -> 3.29 | J14: =IFERROR(VLOOKUP(H14,'TIMEFOLIO K신재생에너지액티브(과거)'!$B$11:$E$1000,4,0),0) -> 3.54 | K14: =I14-J14 -> -0.25 | L14: =IFERROR(I14/J14-1,"신규편입") -> -0.070621469 | M14: =VLOOKUP(N14,유니버스!$C$14:$D$2561,2,0) -> KS | N14: ='RISE 2차전지액티브'!B20 -> LS | O14: =VLOOKUP(N14,'RISE 2차전지액티브'!$B$11:$E$1000,4,0) -> 5.07 | P14: =IFERROR(VLOOKUP(N14,'RISE 2차전지액티브(과거)'!$B$11:$E$1000,4,0),0) -> 3.01 | Q14: =O14-P14 -> 2.06 | R14: =IFERROR(O14/P14-1,"신규편입") -> 0.68438538
A15: =VLOOKUP(B15,유니버스!$C$14:$D$2561,2,0) -> KS | B15: ='KODEX 신재생에너지액티브'!B21 -> 효성중공업 | C15: =VLOOKUP(B15,'KODEX 신재생에너지액티브'!$B$11:$E$1000,4,0) -> 3.81 | D15: =IFERROR(VLOOKUP(B15,'KODEX 신재생에너지액티브(과거)'!$B$11:$E$1000,4,0),0) -> 4.01 | E15: =C15-D15 -> -0.2 | F15: =IFERROR(C15/D15-1,"신규편입") -> -0.049875312 | G15: =VLOOKUP(H15,유니버스!$C$14:$D$2561,2,0) -> KS | H15: ='TIMEFOLIO K신재생에너지액티브'!B21 -> SK오션플랜트 | I15: =VLOOKUP(H15,'TIMEFOLIO K신재생에너지액티브'!$B$11:$E$1000,4,0) -> 3.18 | J15: =IFERROR(VLOOKUP(H15,'TIMEFOLIO K신재생에너지액티브(과거)'!$B$11:$E$1000,4,0),0) -> 3.61 | K15: =I15-J15 -> -0.43 | L15: =IFERROR(I15/J15-1,"신규편입") -> -0.11911357 | M15: =VLOOKUP(N15,유니버스!$C$14:$D$2561,2,0) -> KS | N15: ='RISE 2차전지액티브'!B21 -> SKC | O15: =VLOOKUP(N15,'RISE 2차전지액티브'!$B$11:$E$1000,4,0) -> 4.88 | P15: =IFERROR(VLOOKUP(N15,'RISE 2차전지액티브(과거)'!$B$11:$E$1000,4,0),0) -> 4.83 | Q15: =O15-P15 -> 0.05 | R15: =IFERROR(O15/P15-1,"신규편입") -> 0.010351967
A16: =VLOOKUP(B16,유니버스!$C$14:$D$2561,2,0) -> KS | B16: ='KODEX 신재생에너지액티브'!B22 -> SK오션플랜트 | C16: =VLOOKUP(B16,'KODEX 신재생에너지액티브'!$B$11:$E$1000,4,0) -> 3.79 | D16: =IFERROR(VLOOKUP(B16,'KODEX 신재생에너지액티브(과거)'!$B$11:$E$1000,4,0),0) -> 3.69 | E16: =C16-D16 -> 0.1 | F16: =IFERROR(C16/D16-1,"신규편입") -> 0.027100271 | G16: =VLOOKUP(H16,유니버스!$C$14:$D$2561,2,0) -> KS | H16: ='TIMEFOLIO K신재생에너지액티브'!B22 -> LS ELECTRIC | I16: =VLOOKUP(H16,'TIMEFOLIO K신재생에너지액티브'!$B$11:$E$1000,4,0) -> 3.08 | J16: =IFERROR(VLOOKUP(H16,'TIMEFOLIO K신재생에너지액티브(과거)'!$B$11:$E$1000,4,0),0) -> 2.8 | K16: =I16-J16 -> 0.28 | L16: =IFERROR(I16/J16-1,"신규편입") -> 0.1 | M16: =VLOOKUP(N16,유니버스!$C$14:$D$2561,2,0) -> KS | N16: ='RISE 2차전지액티브'!B22 -> 에코프로머티 | O16: =VLOOKUP(N16,'RISE 2차전지액티브'!$B$11:$E$1000,4,0) -> 3.64 | P16: =IFERROR(VLOOKUP(N16,'RISE 2차전지액티브(과거)'!$B$11:$E$1000,4,0),0) -> 4 | Q16: =O16-P16 -> -0.36 | R16: =IFERROR(O16/P16-1,"신규편입") -> -0.09
... A23: =VLOOKUP(B23,유니버스!$C$14:$D$2561,2,0) -> KS | B23: ='KODEX 신재생에너지액티브'!B29 -> LS | C23: =VLOOKUP(B23,'KODEX 신재생에너지액티브'!$B$11:$E$1000,4,0) -> 1.6 | D23: =IFERROR(VLOOKUP(B23,'KODEX 신재생에너지액티브(과거)'!$B$11:$E$1000,4,0),0) -> 1.59 | E23: =C23-D23 -> 0.01 | F23: =IFERROR(C23/D23-1,"신규편입") -> 0.0062893082 | G23: =VLOOKUP(H23,유니버스!$C$14:$D$2561,2,0) -> KS | H23: ='TIMEFOLIO K신재생에너지액티브'!B29 -> HD한국조선해양 | I23: =VLOOKUP(H23,'TIMEFOLIO K신재생에너지액티브'!$B$11:$E$1000,4,0) -> 2.38 | J23: =IFERROR(VLOOKUP(H23,'TIMEFOLIO K신재생에너지액티브(과거)'!$B$11:$E$1000,4,0),0) -> 2.57 | K23: =I23-J23 -> -0.19 | L23: =IFERROR(I23/J23-1,"신규편입") -> -0.073929961 | M23: =VLOOKUP(N23,유니버스!$C$14:$D$2561,2,0) -> #N/A | N23: ='RISE 2차전지액티브'!B29 -> 원화현금 | O23: =VLOOKUP(N23,'RISE 2차전지액티브'!$B$11:$E$1000,4,0) -> 0.7 | P23: =IFERROR(VLOOKUP(N23,'RISE 2차전지액티브(과거)'!$B$11:$E$1000,4,0),0) -> 0.05 | Q23: =O23-P23 -> 0.65 | R23: =IFERROR(O23/P23-1,"신규편입") -> 13
A24: =VLOOKUP(B24,유니버스!$C$14:$D$2561,2,0) -> KS | B24: ='KODEX 신재생에너지액티브'!B30 -> 대원전선 | C24: =VLOOKUP(B24,'KODEX 신재생에너지액티브'!$B$11:$E$1000,4,0) -> 1.48 | D24: =IFERROR(VLOOKUP(B24,'KODEX 신재생에너지액티브(과거)'!$B$11:$E$1000,4,0),0) -> 1.19 | E24: =C24-D24 -> 0.29 | F24: =IFERROR(C24/D24-1,"신규편입") -> 0.24369748 | G24: =VLOOKUP(H24,유니버스!$C$14:$D$2561,2,0) -> KS | H24: ='TIMEFOLIO K신재생에너지액티브'!B30 -> LS | I24: =VLOOKUP(H24,'TIMEFOLIO K신재생에너지액티브'!$B$11:$E$1000,4,0) -> 1.78 | J24: =IFERROR(VLOOKUP(H24,'TIMEFOLIO K신재생에너지액티브(과거)'!$B$11:$E$1000,4,0),0) -> 1.69 | K24: =I24-J24 -> 0.09 | L24: =IFERROR(I24/J24-1,"신규편입") -> 0.053254438
A25: =VLOOKUP(B25,유니버스!$C$14:$D$2561,2,0) -> KS | B25: ='KODEX 신재생에너지액티브'!B31 -> SNT에너지 | C25: =VLOOKUP(B25,'KODEX 신재생에너지액티브'!$B$11:$E$1000,4,0) -> 1.44 | D25: =IFERROR(VLOOKUP(B25,'KODEX 신재생에너지액티브(과거)'!$B$11:$E$1000,4,0),0) -> 1.75 | E25: =C25-D25 -> -0.31 | F25: =IFERROR(C25/D25-1,"신규편입") -> -0.17714286 | G25: =VLOOKUP(H25,유니버스!$C$14:$D$2561,2,0) -> KS | H25: ='TIMEFOLIO K신재생에너지액티브'!B31 -> 포스코DX | I25: =VLOOKUP(H25,'TIMEFOLIO K신재생에너지액티브'!$B$11:$E$1000,4,0) -> 1.69 | J25: =IFERROR(VLOOKUP(H25,'TIMEFOLIO K신재생에너지액티브(과거)'!$B$11:$E$1000,4,0),0) -> 1.89 | K25: =I25-J25 -> -0.2 | L25: =IFERROR(I25/J25-1,"신규편입") -> -0.10582011
A26: =VLOOKUP(B26,유니버스!$C$14:$D$2561,2,0) -> KQ | B26: ='KODEX 신재생에너지액티브'!B32 -> 태웅 | C26: =VLOOKUP(B26,'KODEX 신재생에너지액티브'!$B$11:$E$1000,4,0) -> 1.36 | D26: =IFERROR(VLOOKUP(B26,'KODEX 신재생에너지액티브(과거)'!$B$11:$E$1000,4,0),0) -> 1.42 | E26: =C26-D26 -> -0.06 | F26: =IFERROR(C26/D26-1,"신규편입") -> -0.042253521 | G26: =VLOOKUP(H26,유니버스!$C$14:$D$2561,2,0) -> KS | H26: ='TIMEFOLIO K신재생에너지액티브'!B32 -> SK이노베이션 | I26: =VLOOKUP(H26,'TIMEFOLIO K신재생에너지액티브'!$B$11:$E$1000,4,0) -> 1.35 | J26: =IFERROR(VLOOKUP(H26,'TIMEFOLIO K신재생에너지액티브(과거)'!$B$11:$E$1000,4,0),0) -> 1.3 | K26: =I26-J26 -> 0.05 | L26: =IFERROR(I26/J26-1,"신규편입") -> 0.038461538
A27: =VLOOKUP(B27,유니버스!$C$14:$D$2561,2,0) -> KQ | B27: ='KODEX 신재생에너지액티브'!B33 -> 비츠로셀 | C27: =VLOOKUP(B27,'KODEX 신재생에너지액티브'!$B$11:$E$1000,4,0) -> 1.2 | D27: =IFERROR(VLOOKUP(B27,'KODEX 신재생에너지액티브(과거)'!$B$11:$E$1000,4,0),0) -> 1.22 | E27: =C27-D27 -> -0.02 | F27: =IFERROR(C27/D27-1,"신규편입") -> -0.016393443 | G27: =VLOOKUP(H27,유니버스!$C$14:$D$2561,2,0) -> KS | H27: ='TIMEFOLIO K신재생에너지액티브'!B33 -> 두산퓨얼셀 | I27: =VLOOKUP(H27,'TIMEFOLIO K신재생에너지액티브'!$B$11:$E$1000,4,0) -> 1.32 | J27: =IFERROR(VLOOKUP(H27,'TIMEFOLIO K신재생에너지액티브(과거)'!$B$11:$E$1000,4,0),0) -> 1.34 | K27: =I27-J27 -> -0.02 | L27: =IFERROR(I27/J27-1,"신규편입") -> -0.014925373
A28: =VLOOKUP(B28,유니버스!$C$14:$D$2561,2,0) -> KQ | B28: ='KODEX 신재생에너지액티브'!B34 -> 미코 | C28: =VLOOKUP(B28,'KODEX 신재생에너지액티브'!$B$11:$E$1000,4,0) -> 1.12 | D28: =IFERROR(VLOOKUP(B28,'KODEX 신재생에너지액티브(과거)'!$B$11:$E$1000,4,0),0) -> 1.15 | E28: =C28-D28 -> -0.03 | F28: =IFERROR(C28/D28-1,"신규편입") -> -0.026086957 | G28: =VLOOKUP(H28,유니버스!$C$14:$D$2561,2,0) -> KS | H28: ='TIMEFOLIO K신재생에너지액티브'!B34 -> LG전자 | I28: =VLOOKUP(H28,'TIMEFOLIO K신재생에너지액티브'!$B$11:$E$1000,4,0) -> 1.12 | J28: =IFERROR(VLOOKUP(H28,'TIMEFOLIO K신재생에너지액티브(과거)'!$B$11:$E$1000,4,0),0) -> 0.13 | K28: =I28-J28 -> 0.99 | L28: =IFERROR(I28/J28-1,"신규편입") -> 7.6153846
A29: =VLOOKUP(B29,유니버스!$C$14:$D$2561,2,0) -> KQ | B29: ='KODEX 신재생에너지액티브'!B35 -> 코세스 | C29: =VLOOKUP(B29,'KODEX 신재생에너지액티브'!$B$11:$E$1000,4,0) -> 0.98 | D29: =IFERROR(VLOOKUP(B29,'KODEX 신재생에너지액티브(과거)'!$B$11:$E$1000,4,0),0) -> 0.87 | E29: =C29-D29 -> 0.11 | F29: =IFERROR(C29/D29-1,"신규편입") -> 0.12643678 | G29: =VLOOKUP(H29,유니버스!$C$14:$D$2561,2,0) -> #N/A | H29: ='TIMEFOLIO K신재생에너지액티브'!B35 -> 원화현금 | I29: =VLOOKUP(H29,'TIMEFOLIO K신재생에너지액티브'!$B$11:$E$1000,4,0) -> 2.95 | J29: =IFERROR(VLOOKUP(H29,'TIMEFOLIO K신재생에너지액티브(과거)'!$B$11:$E$1000,4,0),0) -> 1.31 | K29: =I29-J29 -> 1.64 | L29: =IFERROR(I29/J29-1,"신규편입") -> 1.2519084
A30: =VLOOKUP(B30,유니버스!$C$14:$D$2561,2,0) -> KQ | B30: ='KODEX 신재생에너지액티브'!B36 -> 에코프로비엠 | C30: =VLOOKUP(B30,'KODEX 신재생에너지액티브'!$B$11:$E$1000,4,0) -> 0.92 | D30: =IFERROR(VLOOKUP(B30,'KODEX 신재생에너지액티브(과거)'!$B$11:$E$1000,4,0),0) -> 1.14 | E30: =C30-D30 -> -0.22 | F30: =IFERROR(C30/D30-1,"신규편입") -> -0.19298246
A31: =VLOOKUP(B31,유니버스!$C$14:$D$2561,2,0) -> KS | B31: ='KODEX 신재생에너지액티브'!B37 -> 후성 | C31: =VLOOKUP(B31,'KODEX 신재생에너지액티브'!$B$11:$E$1000,4,0) -> 0.92 | D31: =IFERROR(VLOOKUP(B31,'KODEX 신재생에너지액티브(과거)'!$B$11:$E$1000,4,0),0) -> 0.87 | E31: =C31-D31 -> 0.05 | F31: =IFERROR(C31/D31-1,"신규편입") -> 0.057471264
A32: =VLOOKUP(B32,유니버스!$C$14:$D$2561,2,0) -> KQ | B32: ='KODEX 신재생에너지액티브'!B38 -> 한텍 | C32: =VLOOKUP(B32,'KODEX 신재생에너지액티브'!$B$11:$E$1000,4,0) -> 0.91 | D32: =IFERROR(VLOOKUP(B32,'KODEX 신재생에너지액티브(과거)'!$B$11:$E$1000,4,0),0) -> 0.95 | E32: =C32-D32 -> -0.04 | F32: =IFERROR(C32/D32-1,"신규편입") -> -0.042105263
A33: =VLOOKUP(B33,유니버스!$C$14:$D$2561,2,0) -> KS | B33: ='KODEX 신재생에너지액티브'!B39 -> 삼아알미늄 | C33: =VLOOKUP(B33,'KODEX 신재생에너지액티브'!$B$11:$E$1000,4,0) -> 0.87 | D33: =IFERROR(VLOOKUP(B33,'KODEX 신재생에너지액티브(과거)'!$B$11:$E$1000,4,0),0) -> 1.01 | E33: =C33-D33 -> -0.14 | F33: =IFERROR(C33/D33-1,"신규편입") -> -0.13861386
A34: =VLOOKUP(B34,유니버스!$C$14:$D$2561,2,0) -> KQ | B34: ='KODEX 신재생에너지액티브'!B40 -> 한선엔지니어링 | C34: =VLOOKUP(B34,'KODEX 신재생에너지액티브'!$B$11:$E$1000,4,0) -> 0.83 | D34: =IFERROR(VLOOKUP(B34,'KODEX 신재생에너지액티브(과거)'!$B$11:$E$1000,4,0),0) -> 0.82 | E34: =C34-D34 -> 0.01 | F34: =IFERROR(C34/D34-1,"신규편입") -> 0.012195122
A35: =VLOOKUP(B35,유니버스!$C$14:$D$2561,2,0) -> KQ | B35: ='KODEX 신재생에너지액티브'!B41 -> 대명에너지 | C35: =VLOOKUP(B35,'KODEX 신재생에너지액티브'!$B$11:$E$1000,4,0) -> 0.75 | D35: =IFERROR(VLOOKUP(B35,'KODEX 신재생에너지액티브(과거)'!$B$11:$E$1000,4,0),0) -> 0.66 | E35: =C35-D35 -> 0.09 | F35: =IFERROR(C35/D35-1,"신규편입") -> 0.13636364
A36: =VLOOKUP(B36,유니버스!$C$14:$D$2561,2,0) -> KQ | B36: ='KODEX 신재생에너지액티브'!B42 -> 한중엔시에스 | C36: =VLOOKUP(B36,'KODEX 신재생에너지액티브'!$B$11:$E$1000,4,0) -> 0.7 | D36: =IFERROR(VLOOKUP(B36,'KODEX 신재생에너지액티브(과거)'!$B$11:$E$1000,4,0),0) -> 0.41 | E36: =C36-D36 -> 0.29 | F36: =IFERROR(C36/D36-1,"신규편입") -> 0.70731707
A37: =VLOOKUP(B37,유니버스!$C$14:$D$2561,2,0) -> KQ | B37: ='KODEX 신재생에너지액티브'!B43 -> 레이크머티리얼즈 | C37: =VLOOKUP(B37,'KODEX 신재생에너지액티브'!$B$11:$E$1000,4,0) -> 0.69 | D37: =IFERROR(VLOOKUP(B37,'KODEX 신재생에너지액티브(과거)'!$B$11:$E$1000,4,0),0) -> 0.75 | E37: =C37-D37 -> -0.06 | F37: =IFERROR(C37/D37-1,"신규편입") -> -0.08
A38: =VLOOKUP(B38,유니버스!$C$14:$D$2561,2,0) -> KQ | B38: ='KODEX 신재생에너지액티브'!B44 -> 상신이디피 | C38: =VLOOKUP(B38,'KODEX 신재생에너지액티브'!$B$11:$E$1000,4,0) -> 0.68 | D38: =IFERROR(VLOOKUP(B38,'KODEX 신재생에너지액티브(과거)'!$B$11:$E$1000,4,0),0) -> 0.68 | E38: =C38-D38 -> 0 | F38: =IFERROR(C38/D38-1,"신규편입") -> 0
A39: =VLOOKUP(B39,유니버스!$C$14:$D$2561,2,0) -> KS | B39: ='KODEX 신재생에너지액티브'!B45 -> 대한전선 | C39: =VLOOKUP(B39,'KODEX 신재생에너지액티브'!$B$11:$E$1000,4,0) -> 0.62 | D39: =IFERROR(VLOOKUP(B39,'KODEX 신재생에너지액티브(과거)'!$B$11:$E$1000,4,0),0) -> 0.62 | E39: =C39-D39 -> 0 | F39: =IFERROR(C39/D39-1,"신규편입") -> 0
A40: =VLOOKUP(B40,유니버스!$C$14:$D$2561,2,0) -> KQ | B40: ='KODEX 신재생에너지액티브'!B46 -> 강원에너지 | C40: =VLOOKUP(B40,'KODEX 신재생에너지액티브'!$B$11:$E$1000,4,0) -> 0.6 | D40: =IFERROR(VLOOKUP(B40,'KODEX 신재생에너지액티브(과거)'!$B$11:$E$1000,4,0),0) -> 0.69 | E40: =C40-D40 -> -0.09 | F40: =IFERROR(C40/D40-1,"신규편입") -> -0.13043478
A41: =VLOOKUP(B41,유니버스!$C$14:$D$2561,2,0) -> KS | B41: ='KODEX 신재생에너지액티브'!B47 -> 세아베스틸지주 | C41: =VLOOKUP(B41,'KODEX 신재생에너지액티브'!$B$11:$E$1000,4,0) -> 0.59 | D41: =IFERROR(VLOOKUP(B41,'KODEX 신재생에너지액티브(과거)'!$B$11:$E$1000,4,0),0) -> 0.68 | E41: =C41-D41 -> -0.09 | F41: =IFERROR(C41/D41-1,"신규편입") -> -0.13235294
... A83: =VLOOKUP(B83,유니버스!$C$14:$D$2561,2,0) -> KS | B83: ='KODEX 신재생에너지액티브'!B89 -> 코스모신소재 | C83: =VLOOKUP(B83,'KODEX 신재생에너지액티브'!$B$11:$E$1000,4,0) -> 0.02 | D83: =IFERROR(VLOOKUP(B83,'KODEX 신재생에너지액티브(과거)'!$B$11:$E$1000,4,0),0) -> 0.02 | E83: =C83-D83 -> 0 | F83: =IFERROR(C83/D83-1,"신규편입") -> 0

Sheet 이노, 소비, AI인프라
B3: ='TIMEFOLIO K이노베이션액티브'!A9 -> TIME K이노베이션액티브 | H3: ='IBK 코스피액티브'!A9 -> IBK 코스피액티브 | N3: ='KoAct AI인프라액티브'!A9 -> KoAct AI인프라액티브
B4: 종목명 | C4: ='KODEX 신재생에너지액티브'!B4 -> CPD [20260701] | D4: ='KODEX 신재생에너지액티브(과거)'!B4 -> 20260619 | E4: 비중차이 | F4: 증가율 | H4: 종목명 | I4: =C4 -> CPD [20260701] | J4: =D4 -> 20260619 | K4: 비중차 | L4: 증가율 | N4: 종목명 | O4: =C4 -> CPD [20260701] | P4: =D4 -> 20260619 | Q4: 비중차이 | R4: 증가율
A5: =VLOOKUP(B5,유니버스!$C$14:$D$2561,2,0) -> KS | B5: ='TIMEFOLIO K이노베이션액티브'!B11 -> 삼성SDI | C5: =VLOOKUP(B5,'TIMEFOLIO K이노베이션액티브'!$B$11:$E$1000,4,0) -> 10.16 | D5: =IFERROR(VLOOKUP(B5,'TIMEFOLIO K이노베이션액티브(과거)'!$B$11:$E$1000,4,0),0) -> 9.84 | E5: =C5-D5 -> 0.32 | F5: =IFERROR(C5/D5-1,"신규편입") -> 0.032520325 | G5: =VLOOKUP(H5,유니버스!$C$14:$D$2561,2,0) -> KS | H5: ='IBK 코스피액티브'!B11 -> 삼성전자 | I5: =VLOOKUP(H5,'IBK 코스피액티브'!$B$11:$E$1000,4,0) -> 26.26 | J5: =IFERROR(VLOOKUP(H5,'IBK 코스피액티브(과거)'!$B$11:$E$1000,4,0),0) -> 26.17 | K5: =I5-J5 -> 0.09 | L5: =IFERROR(I5/J5-1,"신규편입") -> 0.0034390524 | M5: =VLOOKUP(N5,유니버스!$C$14:$D$2561,2,0) -> KS | N5: ='KoAct AI인프라액티브'!B11 -> SK하이닉스 | O5: =VLOOKUP(N5,'KoAct AI인프라액티브'!$B$11:$E$1000,4,0) -> 19.17 | P5: =IFERROR(VLOOKUP(N5,'KoAct AI인프라액티브(과거)'!$B$11:$E$1000,4,0),0) -> 18.59 | Q5: =O5-P5 -> 0.58 | R5: =IFERROR(O5/P5-1,"신규편입") -> 0.03119957
A6: =VLOOKUP(B6,유니버스!$C$14:$D$2561,2,0) -> KQ | B6: ='TIMEFOLIO K이노베이션액티브'!B12 -> 알테오젠 | C6: =VLOOKUP(B6,'TIMEFOLIO K이노베이션액티브'!$B$11:$E$1000,4,0) -> 9.6 | D6: =IFERROR(VLOOKUP(B6,'TIMEFOLIO K이노베이션액티브(과거)'!$B$11:$E$1000,4,0),0) -> 4.48 | E6: =C6-D6 -> 5.12 | F6: =IFERROR(C6/D6-1,"신규편입") -> 1.1428571 | G6: =VLOOKUP(H6,유니버스!$C$14:$D$2561,2,0) -> KS | H6: ='IBK 코스피액티브'!B12 -> SK하이닉스 | I6: =VLOOKUP(H6,'IBK 코스피액티브'!$B$11:$E$1000,4,0) -> 22.39 | J6: =IFERROR(VLOOKUP(H6,'IBK 코스피액티브(과거)'!$B$11:$E$1000,4,0),0) -> 22.59 | K6: =I6-J6 -> -0.2 | L6: =IFERROR(I6/J6-1,"신규편입") -> -0.008853475 | M6: =VLOOKUP(N6,유니버스!$C$14:$D$2561,2,0) -> KS | N6: ='KoAct AI인프라액티브'!B12 -> 삼성전자 | O6: =VLOOKUP(N6,'KoAct AI인프라액티브'!$B$11:$E$1000,4,0) -> 8.7 | P6: =IFERROR(VLOOKUP(N6,'KoAct AI인프라액티브(과거)'!$B$11:$E$1000,4,0),0) -> 3.31 | Q6: =O6-P6 -> 5.39 | R6: =IFERROR(O6/P6-1,"신규편입") -> 1.6283988
A7: =VLOOKUP(B7,유니버스!$C$14:$D$2561,2,0) -> KS | B7: ='TIMEFOLIO K이노베이션액티브'!B13 -> SK하이닉스 | C7: =VLOOKUP(B7,'TIMEFOLIO K이노베이션액티브'!$B$11:$E$1000,4,0) -> 8.83 | D7: =IFERROR(VLOOKUP(B7,'TIMEFOLIO K이노베이션액티브(과거)'!$B$11:$E$1000,4,0),0) -> 8.86 | E7: =C7-D7 -> -0.03 | F7: =IFERROR(C7/D7-1,"신규편입") -> -0.0033860045 | G7: =VLOOKUP(H7,유니버스!$C$14:$D$2561,2,0) -> KS | H7: ='IBK 코스피액티브'!B13 -> SK스퀘어 | I7: =VLOOKUP(H7,'IBK 코스피액티브'!$B$11:$E$1000,4,0) -> 10.24 | J7: =IFERROR(VLOOKUP(H7,'IBK 코스피액티브(과거)'!$B$11:$E$1000,4,0),0) -> 10.8 | K7: =I7-J7 -> -0.56 | L7: =IFERROR(I7/J7-1,"신규편입") -> -0.051851852 | M7: =VLOOKUP(N7,유니버스!$C$14:$D$2561,2,0) -> KQ | N7: ='KoAct AI인프라액티브'!B13 -> 테스 | O7: =VLOOKUP(N7,'KoAct AI인프라액티브'!$B$11:$E$1000,4,0) -> 8.04 | P7: =IFERROR(VLOOKUP(N7,'KoAct AI인프라액티브(과거)'!$B$11:$E$1000,4,0),0) -> 3.37 | Q7: =O7-P7 -> 4.67 | R7: =IFERROR(O7/P7-1,"신규편입") -> 1.3857567
A8: =VLOOKUP(B8,유니버스!$C$14:$D$2561,2,0) -> KS | B8: ='TIMEFOLIO K이노베이션액티브'!B14 -> LG에너지솔루션 | C8: =VLOOKUP(B8,'TIMEFOLIO K이노베이션액티브'!$B$11:$E$1000,4,0) -> 8.19 | D8: =IFERROR(VLOOKUP(B8,'TIMEFOLIO K이노베이션액티브(과거)'!$B$11:$E$1000,4,0),0) -> 8.5 | E8: =C8-D8 -> -0.31 | F8: =IFERROR(C8/D8-1,"신규편입") -> -0.036470588 | G8: =VLOOKUP(H8,유니버스!$C$14:$D$2561,2,0) -> KS | H8: ='IBK 코스피액티브'!B14 -> 삼성전기 | I8: =VLOOKUP(H8,'IBK 코스피액티브'!$B$11:$E$1000,4,0) -> 10.1 | J8: =IFERROR(VLOOKUP(H8,'IBK 코스피액티브(과거)'!$B$11:$E$1000,4,0),0) -> 9.21 | K8: =I8-J8 -> 0.89 | L8: =IFERROR(I8/J8-1,"신규편입") -> 0.096634093 | M8: =VLOOKUP(N8,유니버스!$C$14:$D$2561,2,0) -> KS | N8: ='KoAct AI인프라액티브'!B14 -> LS ELECTRIC | O8: =VLOOKUP(N8,'KoAct AI인프라액티브'!$B$11:$E$1000,4,0) -> 5.6 | P8: =IFERROR(VLOOKUP(N8,'KoAct AI인프라액티브(과거)'!$B$11:$E$1000,4,0),0) -> 3.19 | Q8: =O8-P8 -> 2.41 | R8: =IFERROR(O8/P8-1,"신규편입") -> 0.75548589
A9: =VLOOKUP(B9,유니버스!$C$14:$D$2561,2,0) -> KS | B9: ='TIMEFOLIO K이노베이션액티브'!B15 -> POSCO홀딩스 | C9: =VLOOKUP(B9,'TIMEFOLIO K이노베이션액티브'!$B$11:$E$1000,4,0) -> 7.22 | D9: =IFERROR(VLOOKUP(B9,'TIMEFOLIO K이노베이션액티브(과거)'!$B$11:$E$1000,4,0),0) -> 6.78 | E9: =C9-D9 -> 0.44 | F9: =IFERROR(C9/D9-1,"신규편입") -> 0.064896755 | G9: =VLOOKUP(H9,유니버스!$C$14:$D$2561,2,0) -> KS | H9: ='IBK 코스피액티브'!B15 -> 삼성물산 | I9: =VLOOKUP(H9,'IBK 코스피액티브'!$B$11:$E$1000,4,0) -> 4.61 | J9: =IFERROR(VLOOKUP(H9,'IBK 코스피액티브(과거)'!$B$11:$E$1000,4,0),0) -> 4.88 | K9: =I9-J9 -> -0.27 | L9: =IFERROR(I9/J9-1,"신규편입") -> -0.055327869 | M9: =VLOOKUP(N9,유니버스!$C$14:$D$2561,2,0) -> KQ | N9: ='KoAct AI인프라액티브'!B15 -> 피에스케이 | O9: =VLOOKUP(N9,'KoAct AI인프라액티브'!$B$11:$E$1000,4,0) -> 4.87 | P9: =IFERROR(VLOOKUP(N9,'KoAct AI인프라액티브(과거)'!$B$11:$E$1000,4,0),0) -> 3.73 | Q9: =O9-P9 -> 1.14 | R9: =IFERROR(O9/P9-1,"신규편입") -> 0.30563003
A10: =VLOOKUP(B10,유니버스!$C$14:$D$2561,2,0) -> KQ | B10: ='TIMEFOLIO K이노베이션액티브'!B16 -> 심텍 | C10: =VLOOKUP(B10,'TIMEFOLIO K이노베이션액티브'!$B$11:$E$1000,4,0) -> 6.03 | D10: =IFERROR(VLOOKUP(B10,'TIMEFOLIO K이노베이션액티브(과거)'!$B$11:$E$1000,4,0),0) -> 4.43 | E10: =C10-D10 -> 1.6 | F10: =IFERROR(C10/D10-1,"신규편입") -> 0.36117381 | G10: =VLOOKUP(H10,유니버스!$C$14:$D$2561,2,0) -> KS | H10: ='IBK 코스피액티브'!B16 -> KB금융 | I10: =VLOOKUP(H10,'IBK 코스피액티브'!$B$11:$E$1000,4,0) -> 2.31 | J10: =IFERROR(VLOOKUP(H10,'IBK 코스피액티브(과거)'!$B$11:$E$1000,4,0),0) -> 2.26 | K10: =I10-J10 -> 0.05 | L10: =IFERROR(I10/J10-1,"신규편입") -> 0.022123894 | M10: =VLOOKUP(N10,유니버스!$C$14:$D$2561,2,0) -> KS | N10: ='KoAct AI인프라액티브'!B16 -> HD현대일렉트릭 | O10: =VLOOKUP(N10,'KoAct AI인프라액티브'!$B$11:$E$1000,4,0) -> 4.67 | P10: =IFERROR(VLOOKUP(N10,'KoAct AI인프라액티브(과거)'!$B$11:$E$1000,4,0),0) -> 5.93 | Q10: =O10-P10 -> -1.26 | R10: =IFERROR(O10/P10-1,"신규편입") -> -0.21247892
A11: =VLOOKUP(B11,유니버스!$C$14:$D$2561,2,0) -> KS | B11: ='TIMEFOLIO K이노베이션액티브'!B17 -> NAVER | C11: =VLOOKUP(B11,'TIMEFOLIO K이노베이션액티브'!$B$11:$E$1000,4,0) -> 5.73 | D11: =IFERROR(VLOOKUP(B11,'TIMEFOLIO K이노베이션액티브(과거)'!$B$11:$E$1000,4,0),0) -> 5.67 | E11: =C11-D11 -> 0.06 | F11: =IFERROR(C11/D11-1,"신규편입") -> 0.010582011 | G11: =VLOOKUP(H11,유니버스!$C$14:$D$2561,2,0) -> KS | H11: ='IBK 코스피액티브'!B17 -> 삼양식품 | I11: =VLOOKUP(H11,'IBK 코스피액티브'!$B$11:$E$1000,4,0) -> 1.69 | J11: =IFERROR(VLOOKUP(H11,'IBK 코스피액티브(과거)'!$B$11:$E$1000,4,0),0) -> 1.58 | K11: =I11-J11 -> 0.11 | L11: =IFERROR(I11/J11-1,"신규편입") -> 0.069620253 | M11: =VLOOKUP(N11,유니버스!$C$14:$D$2561,2,0) -> KS | N11: ='KoAct AI인프라액티브'!B17 -> 삼성전기 | O11: =VLOOKUP(N11,'KoAct AI인프라액티브'!$B$11:$E$1000,4,0) -> 4.07 | P11: =IFERROR(VLOOKUP(N11,'KoAct AI인프라액티브(과거)'!$B$11:$E$1000,4,0),0) -> 4.97 | Q11: =O11-P11 -> -0.9 | R11: =IFERROR(O11/P11-1,"신규편입") -> -0.18108652
A12: =VLOOKUP(B12,유니버스!$C$14:$D$2561,2,0) -> KS | B12: ='TIMEFOLIO K이노베이션액티브'!B18 -> 삼성전기 | C12: =VLOOKUP(B12,'TIMEFOLIO K이노베이션액티브'!$B$11:$E$1000,4,0) -> 5.07 | D12: =IFERROR(VLOOKUP(B12,'TIMEFOLIO K이노베이션액티브(과거)'!$B$11:$E$1000,4,0),0) -> 4.85 | E12: =C12-D12 -> 0.22 | F12: =IFERROR(C12/D12-1,"신규편입") -> 0.045360825 | G12: =VLOOKUP(H12,유니버스!$C$14:$D$2561,2,0) -> KS | H12: ='IBK 코스피액티브'!B18 -> 현대차 | I12: =VLOOKUP(H12,'IBK 코스피액티브'!$B$11:$E$1000,4,0) -> 1.42 | J12: =IFERROR(VLOOKUP(H12,'IBK 코스피액티브(과거)'!$B$11:$E$1000,4,0),0) -> 1.51 | K12: =I12-J12 -> -0.09 | L12: =IFERROR(I12/J12-1,"신규편입") -> -0.059602649 | M12: =VLOOKUP(N12,유니버스!$C$14:$D$2561,2,0) -> KQ | N12: ='KoAct AI인프라액티브'!B18 -> 원익IPS | O12: =VLOOKUP(N12,'KoAct AI인프라액티브'!$B$11:$E$1000,4,0) -> 4.05 | P12: =IFERROR(VLOOKUP(N12,'KoAct AI인프라액티브(과거)'!$B$11:$E$1000,4,0),0) -> 3.75 | Q12: =O12-P12 -> 0.3 | R12: =IFERROR(O12/P12-1,"신규편입") -> 0.08
A13: =VLOOKUP(B13,유니버스!$C$14:$D$2561,2,0) -> KS | B13: ='TIMEFOLIO K이노베이션액티브'!B19 -> 삼성전자 | C13: =VLOOKUP(B13,'TIMEFOLIO K이노베이션액티브'!$B$11:$E$1000,4,0) -> 4.8 | D13: =IFERROR(VLOOKUP(B13,'TIMEFOLIO K이노베이션액티브(과거)'!$B$11:$E$1000,4,0),0) -> 5.04 | E13: =C13-D13 -> -0.24 | F13: =IFERROR(C13/D13-1,"신규편입") -> -0.047619048 | G13: =VLOOKUP(H13,유니버스!$C$14:$D$2561,2,0) -> KS | H13: ='IBK 코스피액티브'!B19 -> 삼성생명 | I13: =VLOOKUP(H13,'IBK 코스피액티브'!$B$11:$E$1000,4,0) -> 1.21 | J13: =IFERROR(VLOOKUP(H13,'IBK 코스피액티브(과거)'!$B$11:$E$1000,4,0),0) -> 1.34 | K13: =I13-J13 -> -0.13 | L13: =IFERROR(I13/J13-1,"신규편입") -> -0.097014925 | M13: =VLOOKUP(N13,유니버스!$C$14:$D$2561,2,0) -> KQ | N13: ='KoAct AI인프라액티브'!B19 -> 주성엔지니어링 | O13: =VLOOKUP(N13,'KoAct AI인프라액티브'!$B$11:$E$1000,4,0) -> 3.45 | P13: =IFERROR(VLOOKUP(N13,'KoAct AI인프라액티브(과거)'!$B$11:$E$1000,4,0),0) -> 2.71 | Q13: =O13-P13 -> 0.74 | R13: =IFERROR(O13/P13-1,"신규편입") -> 0.27306273
A14: =VLOOKUP(B14,유니버스!$C$14:$D$2561,2,0) -> KQ | B14: ='TIMEFOLIO K이노베이션액티브'!B20 -> 기가비스 | C14: =VLOOKUP(B14,'TIMEFOLIO K이노베이션액티브'!$B$11:$E$1000,4,0) -> 4.06 | D14: =IFERROR(VLOOKUP(B14,'TIMEFOLIO K이노베이션액티브(과거)'!$B$11:$E$1000,4,0),0) -> 2.46 | E14: =C14-D14 -> 1.6 | F14: =IFERROR(C14/D14-1,"신규편입") -> 0.6504065 | G14: =VLOOKUP(H14,유니버스!$C$14:$D$2561,2,0) -> KS | H14: ='IBK 코스피액티브'!B20 -> HD현대중공업 | I14: =VLOOKUP(H14,'IBK 코스피액티브'!$B$11:$E$1000,4,0) -> 1.02 | J14: =IFERROR(VLOOKUP(H14,'IBK 코스피액티브(과거)'!$B$11:$E$1000,4,0),0) -> 0.99 | K14: =I14-J14 -> 0.03 | L14: =IFERROR(I14/J14-1,"신규편입") -> 0.03030303 | M14: =VLOOKUP(N14,유니버스!$C$14:$D$2561,2,0) -> KS | N14: ='KoAct AI인프라액티브'!B20 -> 산일전기 | O14: =VLOOKUP(N14,'KoAct AI인프라액티브'!$B$11:$E$1000,4,0) -> 3.45 | P14: =IFERROR(VLOOKUP(N14,'KoAct AI인프라액티브(과거)'!$B$11:$E$1000,4,0),0) -> 2.07 | Q14: =O14-P14 -> 1.38 | R14: =IFERROR(O14/P14-1,"신규편입") -> 0.66666667
A15: =VLOOKUP(B15,유니버스!$C$14:$D$2561,2,0) -> KS | B15: ='TIMEFOLIO K이노베이션액티브'!B21 -> 삼화콘덴서 | C15: =VLOOKUP(B15,'TIMEFOLIO K이노베이션액티브'!$B$11:$E$1000,4,0) -> 3.58 | D15: =IFERROR(VLOOKUP(B15,'TIMEFOLIO K이노베이션액티브(과거)'!$B$11:$E$1000,4,0),0) -> 3.66 | E15: =C15-D15 -> -0.08 | F15: =IFERROR(C15/D15-1,"신규편입") -> -0.021857923 | G15: =VLOOKUP(H15,유니버스!$C$14:$D$2561,2,0) -> KS | H15: ='IBK 코스피액티브'!B21 -> 두산 | I15: =VLOOKUP(H15,'IBK 코스피액티브'!$B$11:$E$1000,4,0) -> 0.99 | J15: =IFERROR(VLOOKUP(H15,'IBK 코스피액티브(과거)'!$B$11:$E$1000,4,0),0) -> 0.97 | K15: =I15-J15 -> 0.02 | L15: =IFERROR(I15/J15-1,"신규편입") -> 0.020618557 | M15: =VLOOKUP(N15,유니버스!$C$14:$D$2561,2,0) -> KQ | N15: ='KoAct AI인프라액티브'!B21 -> 제주반도체 | O15: =VLOOKUP(N15,'KoAct AI인프라액티브'!$B$11:$E$1000,4,0) -> 3.33 | P15: =IFERROR(VLOOKUP(N15,'KoAct AI인프라액티브(과거)'!$B$11:$E$1000,4,0),0) -> 2.73 | Q15: =O15-P15 -> 0.6 | R15: =IFERROR(O15/P15-1,"신규편입") -> 0.21978022
A16: =VLOOKUP(B16,유니버스!$C$14:$D$2561,2,0) -> KS | B16: ='TIMEFOLIO K이노베이션액티브'!B22 -> NC | C16: =VLOOKUP(B16,'TIMEFOLIO K이노베이션액티브'!$B$11:$E$1000,4,0) -> 2.94 | D16: =IFERROR(VLOOKUP(B16,'TIMEFOLIO K이노베이션액티브(과거)'!$B$11:$E$1000,4,0),0) -> 2.96 | E16: =C16-D16 -> -0.02 | F16: =IFERROR(C16/D16-1,"신규편입") -> -0.0067567568 | G16: =VLOOKUP(H16,유니버스!$C$14:$D$2561,2,0) -> KS | H16: ='IBK 코스피액티브'!B22 -> LG에너지솔루션 | I16: =VLOOKUP(H16,'IBK 코스피액티브'!$B$11:$E$1000,4,0) -> 0.94 | J16: =IFERROR(VLOOKUP(H16,'IBK 코스피액티브(과거)'!$B$11:$E$1000,4,0),0) -> 0.99 | K16: =I16-J16 -> -0.05 | L16: =IFERROR(I16/J16-1,"신규편입") -> -0.050505051 | M16: =VLOOKUP(N16,유니버스!$C$14:$D$2561,2,0) -> KS | N16: ='KoAct AI인프라액티브'!B22 -> 삼성SDI | O16: =VLOOKUP(N16,'KoAct AI인프라액티브'!$B$11:$E$1000,4,0) -> 3.28 | P16: =IFERROR(VLOOKUP(N16,'KoAct AI인프라액티브(과거)'!$B$11:$E$1000,4,0),0) -> 3.85 | Q16: =O16-P16 -> -0.57 | R16: =IFERROR(O16/P16-1,"신규편입") -> -0.14805195
... A31: =VLOOKUP(B31,유니버스!$C$14:$D$2561,2,0) -> #N/A | B31: ='TIMEFOLIO K이노베이션액티브'!B37 -> 0 | C31: =VLOOKUP(B31,'TIMEFOLIO K이노베이션액티브'!$B$11:$E$1000,4,0) -> #N/A | D31: =IFERROR(VLOOKUP(B31,'TIMEFOLIO K이노베이션액티브(과거)'!$B$11:$E$1000,4,0),0) -> 0 | E31: =C31-D31 -> #N/A | F31: =IFERROR(C31/D31-1,"신규편입") -> 신규편입 | G31: =VLOOKUP(H31,유니버스!$C$14:$D$2561,2,0) -> KS | H31: ='IBK 코스피액티브'!B37 -> 롯데쇼핑 | I31: =VLOOKUP(H31,'IBK 코스피액티브'!$B$11:$E$1000,4,0) -> 0.39 | J31: =IFERROR(VLOOKUP(H31,'IBK 코스피액티브(과거)'!$B$11:$E$1000,4,0),0) -> 0.37 | K31: =I31-J31 -> 0.02 | L31: =IFERROR(I31/J31-1,"신규편입") -> 0.054054054 | M31: =VLOOKUP(N31,유니버스!$C$14:$D$2561,2,0) -> KS | N31: ='KoAct AI인프라액티브'!B37 -> 두산에너빌리티 | O31: =VLOOKUP(N31,'KoAct AI인프라액티브'!$B$11:$E$1000,4,0) -> 0.53 | P31: =IFERROR(VLOOKUP(N31,'KoAct AI인프라액티브(과거)'!$B$11:$E$1000,4,0),0) -> 0.57 | Q31: =O31-P31 -> -0.04 | R31: =IFERROR(O31/P31-1,"신규편입") -> -0.070175439
G32: =VLOOKUP(H32,유니버스!$C$14:$D$2561,2,0) -> KS | H32: ='IBK 코스피액티브'!B38 -> 한국금융지주 | I32: =VLOOKUP(H32,'IBK 코스피액티브'!$B$11:$E$1000,4,0) -> 0.38 | J32: =IFERROR(VLOOKUP(H32,'IBK 코스피액티브(과거)'!$B$11:$E$1000,4,0),0) -> 0.35 | K32: =I32-J32 -> 0.03 | L32: =IFERROR(I32/J32-1,"신규편입") -> 0.085714286 | M32: =VLOOKUP(N32,유니버스!$C$14:$D$2561,2,0) -> KS | N32: ='KoAct AI인프라액티브'!B38 -> HD현대중공업 | O32: =VLOOKUP(N32,'KoAct AI인프라액티브'!$B$11:$E$1000,4,0) -> 0.5 | P32: =IFERROR(VLOOKUP(N32,'KoAct AI인프라액티브(과거)'!$B$11:$E$1000,4,0),0) -> 0.82 | Q32: =O32-P32 -> -0.32 | R32: =IFERROR(O32/P32-1,"신규편입") -> -0.3902439
G33: =VLOOKUP(H33,유니버스!$C$14:$D$2561,2,0) -> KS | H33: ='IBK 코스피액티브'!B39 -> LG이노텍 | I33: =VLOOKUP(H33,'IBK 코스피액티브'!$B$11:$E$1000,4,0) -> 0.38 | J33: =IFERROR(VLOOKUP(H33,'IBK 코스피액티브(과거)'!$B$11:$E$1000,4,0),0) -> 0.42 | K33: =I33-J33 -> -0.04 | L33: =IFERROR(I33/J33-1,"신규편입") -> -0.095238095 | M33: =VLOOKUP(N33,유니버스!$C$14:$D$2561,2,0) -> KS | N33: ='KoAct AI인프라액티브'!B39 -> 두산퓨얼셀 | O33: =VLOOKUP(N33,'KoAct AI인프라액티브'!$B$11:$E$1000,4,0) -> 0.48 | P33: =IFERROR(VLOOKUP(N33,'KoAct AI인프라액티브(과거)'!$B$11:$E$1000,4,0),0) -> 2.26 | Q33: =O33-P33 -> -1.78 | R33: =IFERROR(O33/P33-1,"신규편입") -> -0.78761062
G34: =VLOOKUP(H34,유니버스!$C$14:$D$2561,2,0) -> KS | H34: ='IBK 코스피액티브'!B40 -> OCI홀딩스 | I34: =VLOOKUP(H34,'IBK 코스피액티브'!$B$11:$E$1000,4,0) -> 0.35 | J34: =IFERROR(VLOOKUP(H34,'IBK 코스피액티브(과거)'!$B$11:$E$1000,4,0),0) -> 0.32 | K34: =I34-J34 -> 0.03 | L34: =IFERROR(I34/J34-1,"신규편입") -> 0.09375 | M34: =VLOOKUP(N34,유니버스!$C$14:$D$2561,2,0) -> KQ | N34: ='KoAct AI인프라액티브'!B40 -> 네패스 | O34: =VLOOKUP(N34,'KoAct AI인프라액티브'!$B$11:$E$1000,4,0) -> 0.45 | P34: =IFERROR(VLOOKUP(N34,'KoAct AI인프라액티브(과거)'!$B$11:$E$1000,4,0),0) -> 2.88 | Q34: =O34-P34 -> -2.43 | R34: =IFERROR(O34/P34-1,"신규편입") -> -0.84375
G35: =VLOOKUP(H35,유니버스!$C$14:$D$2561,2,0) -> KS | H35: ='IBK 코스피액티브'!B41 -> LIG디펜스앤에어로스페이스 | I35: =VLOOKUP(H35,'IBK 코스피액티브'!$B$11:$E$1000,4,0) -> 0.32 | J35: =IFERROR(VLOOKUP(H35,'IBK 코스피액티브(과거)'!$B$11:$E$1000,4,0),0) -> 0.34 | K35: =I35-J35 -> -0.02 | L35: =IFERROR(I35/J35-1,"신규편입") -> -0.058823529 | M35: =VLOOKUP(N35,유니버스!$C$14:$D$2561,2,0) -> KS | N35: ='KoAct AI인프라액티브'!B41 -> SK텔레콤 | O35: =VLOOKUP(N35,'KoAct AI인프라액티브'!$B$11:$E$1000,4,0) -> 0.25 | P35: =IFERROR(VLOOKUP(N35,'KoAct AI인프라액티브(과거)'!$B$11:$E$1000,4,0),0) -> 0.76 | Q35: =O35-P35 -> -0.51 | R35: =IFERROR(O35/P35-1,"신규편입") -> -0.67105263
G36: =VLOOKUP(H36,유니버스!$C$14:$D$2561,2,0) -> KS | H36: ='IBK 코스피액티브'!B42 -> SK | I36: =VLOOKUP(H36,'IBK 코스피액티브'!$B$11:$E$1000,4,0) -> 0.32 | J36: =IFERROR(VLOOKUP(H36,'IBK 코스피액티브(과거)'!$B$11:$E$1000,4,0),0) -> 0.3 | K36: =I36-J36 -> 0.02 | L36: =IFERROR(I36/J36-1,"신규편입") -> 0.066666667 | M36: =VLOOKUP(N36,유니버스!$C$14:$D$2561,2,0) -> #N/A | N36: ='KoAct AI인프라액티브'!B42 -> 원화현금 | O36: =VLOOKUP(N36,'KoAct AI인프라액티브'!$B$11:$E$1000,4,0) -> 1.11 | P36: =IFERROR(VLOOKUP(N36,'KoAct AI인프라액티브(과거)'!$B$11:$E$1000,4,0),0) -> 0.74 | Q36: =O36-P36 -> 0.37 | R36: =IFERROR(O36/P36-1,"신규편입") -> 0.5
G37: =VLOOKUP(H37,유니버스!$C$14:$D$2561,2,0) -> KQ | H37: ='IBK 코스피액티브'!B43 -> 피에스케이홀딩스 | I37: =VLOOKUP(H37,'IBK 코스피액티브'!$B$11:$E$1000,4,0) -> 0.31 | J37: =IFERROR(VLOOKUP(H37,'IBK 코스피액티브(과거)'!$B$11:$E$1000,4,0),0) -> 0.22 | K37: =I37-J37 -> 0.09 | L37: =IFERROR(I37/J37-1,"신규편입") -> 0.40909091 | M37: =VLOOKUP(N37,유니버스!$C$14:$D$2561,2,0) -> #N/A | N37: ='KoAct AI인프라액티브'!B43 -> 0 | O37: =VLOOKUP(N37,'KoAct AI인프라액티브'!$B$11:$E$1000,4,0) -> #N/A | P37: =IFERROR(VLOOKUP(N37,'KoAct AI인프라액티브(과거)'!$B$11:$E$1000,4,0),0) -> 0 | Q37: =O37-P37 -> #N/A | R37: =IFERROR(O37/P37-1,"신규편입") -> 신규편입
G38: =VLOOKUP(H38,유니버스!$C$14:$D$2561,2,0) -> KS | H38: ='IBK 코스피액티브'!B44 -> 현대모비스 | I38: =VLOOKUP(H38,'IBK 코스피액티브'!$B$11:$E$1000,4,0) -> 0.31 | J38: =IFERROR(VLOOKUP(H38,'IBK 코스피액티브(과거)'!$B$11:$E$1000,4,0),0) -> 0.32 | K38: =I38-J38 -> -0.01 | L38: =IFERROR(I38/J38-1,"신규편입") -> -0.03125
G39: =VLOOKUP(H39,유니버스!$C$14:$D$2561,2,0) -> KQ | H39: ='IBK 코스피액티브'!B45 -> 코미코 | I39: =VLOOKUP(H39,'IBK 코스피액티브'!$B$11:$E$1000,4,0) -> 0.3 | J39: =IFERROR(VLOOKUP(H39,'IBK 코스피액티브(과거)'!$B$11:$E$1000,4,0),0) -> 0.32 | K39: =I39-J39 -> -0.02 | L39: =IFERROR(I39/J39-1,"신규편입") -> -0.0625
G40: =VLOOKUP(H40,유니버스!$C$14:$D$2561,2,0) -> KS | H40: ='IBK 코스피액티브'!B46 -> 삼성중공업 | I40: =VLOOKUP(H40,'IBK 코스피액티브'!$B$11:$E$1000,4,0) -> 0.29 | J40: =IFERROR(VLOOKUP(H40,'IBK 코스피액티브(과거)'!$B$11:$E$1000,4,0),0) -> 0.3 | K40: =I40-J40 -> -0.01 | L40: =IFERROR(I40/J40-1,"신규편입") -> -0.033333333
G41: =VLOOKUP(H41,유니버스!$C$14:$D$2561,2,0) -> KQ | H41: ='IBK 코스피액티브'!B47 -> 코오롱티슈진 | I41: =VLOOKUP(H41,'IBK 코스피액티브'!$B$11:$E$1000,4,0) -> 0.29 | J41: =IFERROR(VLOOKUP(H41,'IBK 코스피액티브(과거)'!$B$11:$E$1000,4,0),0) -> 0.3 | K41: =I41-J41 -> -0.01 | L41: =IFERROR(I41/J41-1,"신규편입") -> -0.033333333
G42: =VLOOKUP(H42,유니버스!$C$14:$D$2561,2,0) -> KQ | H42: ='IBK 코스피액티브'!B48 -> 보로노이 | I42: =VLOOKUP(H42,'IBK 코스피액티브'!$B$11:$E$1000,4,0) -> 0.28 | J42: =IFERROR(VLOOKUP(H42,'IBK 코스피액티브(과거)'!$B$11:$E$1000,4,0),0) -> 0.27 | K42: =I42-J42 -> 0.01 | L42: =IFERROR(I42/J42-1,"신규편입") -> 0.037037037
G43: =VLOOKUP(H43,유니버스!$C$14:$D$2561,2,0) -> KS | H43: ='IBK 코스피액티브'!B49 -> 산일전기 | I43: =VLOOKUP(H43,'IBK 코스피액티브'!$B$11:$E$1000,4,0) -> 0.27 | J43: =IFERROR(VLOOKUP(H43,'IBK 코스피액티브(과거)'!$B$11:$E$1000,4,0),0) -> 0.23 | K43: =I43-J43 -> 0.04 | L43: =IFERROR(I43/J43-1,"신규편입") -> 0.17391304
G44: =VLOOKUP(H44,유니버스!$C$14:$D$2561,2,0) -> KS | H44: ='IBK 코스피액티브'!B50 -> LS | I44: =VLOOKUP(H44,'IBK 코스피액티브'!$B$11:$E$1000,4,0) -> 0.25 | J44: =IFERROR(VLOOKUP(H44,'IBK 코스피액티브(과거)'!$B$11:$E$1000,4,0),0) -> 0.23 | K44: =I44-J44 -> 0.02 | L44: =IFERROR(I44/J44-1,"신규편입") -> 0.086956522
G45: =VLOOKUP(H45,유니버스!$C$14:$D$2561,2,0) -> KS | H45: ='IBK 코스피액티브'!B51 -> 현대건설 | I45: =VLOOKUP(H45,'IBK 코스피액티브'!$B$11:$E$1000,4,0) -> 0.25 | J45: =IFERROR(VLOOKUP(H45,'IBK 코스피액티브(과거)'!$B$11:$E$1000,4,0),0) -> 0.24 | K45: =I45-J45 -> 0.01 | L45: =IFERROR(I45/J45-1,"신규편입") -> 0.041666667
G46: =VLOOKUP(H46,유니버스!$C$14:$D$2561,2,0) -> KS | H46: ='IBK 코스피액티브'!B52 -> 금호석유화학 | I46: =VLOOKUP(H46,'IBK 코스피액티브'!$B$11:$E$1000,4,0) -> 0.24 | J46: =IFERROR(VLOOKUP(H46,'IBK 코스피액티브(과거)'!$B$11:$E$1000,4,0),0) -> 0.24 | K46: =I46-J46 -> 0 | L46: =IFERROR(I46/J46-1,"신규편입") -> 0
G47: =VLOOKUP(H47,유니버스!$C$14:$D$2561,2,0) -> KS | H47: ='IBK 코스피액티브'!B53 -> 대덕전자 | I47: =VLOOKUP(H47,'IBK 코스피액티브'!$B$11:$E$1000,4,0) -> 0.23 | J47: =IFERROR(VLOOKUP(H47,'IBK 코스피액티브(과거)'!$B$11:$E$1000,4,0),0) -> 0.21 | K47: =I47-J47 -> 0.02 | L47: =IFERROR(I47/J47-1,"신규편입") -> 0.095238095
G48: =VLOOKUP(H48,유니버스!$C$14:$D$2561,2,0) -> KS | H48: ='IBK 코스피액티브'!B54 -> 미래에셋증권 | I48: =VLOOKUP(H48,'IBK 코스피액티브'!$B$11:$E$1000,4,0) -> 0.22 | J48: =IFERROR(VLOOKUP(H48,'IBK 코스피액티브(과거)'!$B$11:$E$1000,4,0),0) -> 0.21 | K48: =I48-J48 -> 0.01 | L48: =IFERROR(I48/J48-1,"신규편입") -> 0.047619048
G49: =VLOOKUP(H49,유니버스!$C$14:$D$2561,2,0) -> KS | H49: ='IBK 코스피액티브'!B55 -> 삼성증권 | I49: =VLOOKUP(H49,'IBK 코스피액티브'!$B$11:$E$1000,4,0) -> 0.21 | J49: =IFERROR(VLOOKUP(H49,'IBK 코스피액티브(과거)'!$B$11:$E$1000,4,0),0) -> 0.2 | K49: =I49-J49 -> 0.01 | L49: =IFERROR(I49/J49-1,"신규편입") -> 0.05
... G60: =VLOOKUP(H60,유니버스!$C$14:$D$2561,2,0) -> #N/A | H60: ='IBK 코스피액티브'!B66 -> 원화현금 | I60: =VLOOKUP(H60,'IBK 코스피액티브'!$B$11:$E$1000,4,0) -> 0.27 | J60: =IFERROR(VLOOKUP(H60,'IBK 코스피액티브(과거)'!$B$11:$E$1000,4,0),0) -> 0.93 | K60: =I60-J60 -> -0.66 | L60: =IFERROR(I60/J60-1,"신규편입") -> -0.70967742

Sheet 코스피, 조선, 테크
B3: ='TIMEFOLIO 코스피액티브'!A9 -> TIME 코스피액티브 | H3: ='KODEX 친환경조선해운액티브'!A9 -> KODEX 친환경조선해운액티브 | N3: ='TIGER 코리아테크액티브'!A9 -> TIGER 코리아테크액티브
B4: 종목명 | C4: ='KODEX 신재생에너지액티브'!B4 -> CPD [20260701] | D4: ='KODEX 신재생에너지액티브(과거)'!B4 -> 20260619 | E4: 비중차이 | F4: 증가율 | H4: 종목명 | I4: =C4 -> CPD [20260701] | J4: =D4 -> 20260619 | K4: 비중차 | L4: 증가율 | N4: 종목명 | O4: =C4 -> CPD [20260701] | P4: =D4 -> 20260619 | Q4: 비중차이 | R4: 증가율
A5: =VLOOKUP(B5,유니버스!$C$14:$D$2561,2,0) -> KS | B5: ='TIMEFOLIO 코스피액티브'!B11 -> SK하이닉스 | C5: =VLOOKUP(B5,'TIMEFOLIO 코스피액티브'!$B$11:$E$1000,4,0) -> 25.63 | D5: =IFERROR(VLOOKUP(B5,'TIMEFOLIO 코스피액티브(과거)'!$B$11:$E$1000,4,0),0) -> 26.84 | E5: =C5-D5 -> -1.21 | F5: =IFERROR(C5/D5-1,"신규편입") -> -0.045081967 | G5: =VLOOKUP(H5,유니버스!$C$14:$D$2561,2,0) -> KS | H5: ='KODEX 친환경조선해운액티브'!B11 -> HD현대중공업 | I5: =VLOOKUP(H5,'KODEX 친환경조선해운액티브'!$B$11:$E$1000,4,0) -> 10.05 | J5: =IFERROR(VLOOKUP(H5,'KODEX 친환경조선해운액티브(과거)'!$B$11:$E$1000,4,0),0) -> 9.9 | K5: =I5-J5 -> 0.15 | L5: =IFERROR(I5/J5-1,"신규편입") -> 0.015151515 | M5: =VLOOKUP(N5,유니버스!$C$14:$D$2561,2,0) -> KS | N5: ='TIGER 코리아테크액티브'!B11 -> 삼성전자 | O5: =VLOOKUP(N5,'TIGER 코리아테크액티브'!$B$11:$E$1000,4,0) -> 24.56 | P5: =IFERROR(VLOOKUP(N5,'TIGER 코리아테크액티브(과거)'!$B$11:$E$1000,4,0),0) -> 26.01 | Q5: =O5-P5 -> -1.45 | R5: =IFERROR(O5/P5-1,"신규편입") -> -0.055747789
A6: =VLOOKUP(B6,유니버스!$C$14:$D$2561,2,0) -> KS | B6: ='TIMEFOLIO 코스피액티브'!B12 -> 삼성전자 | C6: =VLOOKUP(B6,'TIMEFOLIO 코스피액티브'!$B$11:$E$1000,4,0) -> 16.52 | D6: =IFERROR(VLOOKUP(B6,'TIMEFOLIO 코스피액티브(과거)'!$B$11:$E$1000,4,0),0) -> 19.44 | E6: =C6-D6 -> -2.92 | F6: =IFERROR(C6/D6-1,"신규편입") -> -0.15020576 | G6: =VLOOKUP(H6,유니버스!$C$14:$D$2561,2,0) -> KS | H6: ='KODEX 친환경조선해운액티브'!B12 -> 한화오션 | I6: =VLOOKUP(H6,'KODEX 친환경조선해운액티브'!$B$11:$E$1000,4,0) -> 8.74 | J6: =IFERROR(VLOOKUP(H6,'KODEX 친환경조선해운액티브(과거)'!$B$11:$E$1000,4,0),0) -> 9.86 | K6: =I6-J6 -> -1.12 | L6: =IFERROR(I6/J6-1,"신규편입") -> -0.11359026 | M6: =VLOOKUP(N6,유니버스!$C$14:$D$2561,2,0) -> KS | N6: ='TIGER 코리아테크액티브'!B12 -> SK하이닉스 | O6: =VLOOKUP(N6,'TIGER 코리아테크액티브'!$B$11:$E$1000,4,0) -> 20.84 | P6: =IFERROR(VLOOKUP(N6,'TIGER 코리아테크액티브(과거)'!$B$11:$E$1000,4,0),0) -> 22.38 | Q6: =O6-P6 -> -1.54 | R6: =IFERROR(O6/P6-1,"신규편입") -> -0.068811439
A7: =VLOOKUP(B7,유니버스!$C$14:$D$2561,2,0) -> KS | B7: ='TIMEFOLIO 코스피액티브'!B13 -> 삼성전기 | C7: =VLOOKUP(B7,'TIMEFOLIO 코스피액티브'!$B$11:$E$1000,4,0) -> 7.93 | D7: =IFERROR(VLOOKUP(B7,'TIMEFOLIO 코스피액티브(과거)'!$B$11:$E$1000,4,0),0) -> 7.63 | E7: =C7-D7 -> 0.3 | F7: =IFERROR(C7/D7-1,"신규편입") -> 0.03931848 | G7: =VLOOKUP(H7,유니버스!$C$14:$D$2561,2,0) -> KS | H7: ='KODEX 친환경조선해운액티브'!B13 -> 삼성중공업 | I7: =VLOOKUP(H7,'KODEX 친환경조선해운액티브'!$B$11:$E$1000,4,0) -> 8.45 | J7: =IFERROR(VLOOKUP(H7,'KODEX 친환경조선해운액티브(과거)'!$B$11:$E$1000,4,0),0) -> 8.9 | K7: =I7-J7 -> -0.45 | L7: =IFERROR(I7/J7-1,"신규편입") -> -0.050561798 | M7: =VLOOKUP(N7,유니버스!$C$14:$D$2561,2,0) -> KS | N7: ='TIGER 코리아테크액티브'!B13 -> 삼성전기 | O7: =VLOOKUP(N7,'TIGER 코리아테크액티브'!$B$11:$E$1000,4,0) -> 13.81 | P7: =IFERROR(VLOOKUP(N7,'TIGER 코리아테크액티브(과거)'!$B$11:$E$1000,4,0),0) -> 14.24 | Q7: =O7-P7 -> -0.43 | R7: =IFERROR(O7/P7-1,"신규편입") -> -0.030196629
A8: =VLOOKUP(B8,유니버스!$C$14:$D$2561,2,0) -> KS | B8: ='TIMEFOLIO 코스피액티브'!B14 -> SK스퀘어 | C8: =VLOOKUP(B8,'TIMEFOLIO 코스피액티브'!$B$11:$E$1000,4,0) -> 4.36 | D8: =IFERROR(VLOOKUP(B8,'TIMEFOLIO 코스피액티브(과거)'!$B$11:$E$1000,4,0),0) -> 5.31 | E8: =C8-D8 -> -0.95 | F8: =IFERROR(C8/D8-1,"신규편입") -> -0.17890772 | G8: =VLOOKUP(H8,유니버스!$C$14:$D$2561,2,0) -> KS | H8: ='KODEX 친환경조선해운액티브'!B14 -> HD한국조선해양 | I8: =VLOOKUP(H8,'KODEX 친환경조선해운액티브'!$B$11:$E$1000,4,0) -> 7.5 | J8: =IFERROR(VLOOKUP(H8,'KODEX 친환경조선해운액티브(과거)'!$B$11:$E$1000,4,0),0) -> 7.96 | K8: =I8-J8 -> -0.46 | L8: =IFERROR(I8/J8-1,"신규편입") -> -0.057788945 | M8: =VLOOKUP(N8,유니버스!$C$14:$D$2561,2,0) -> KQ | N8: ='TIGER 코리아테크액티브'!B14 -> 피에스케이 | O8: =VLOOKUP(N8,'TIGER 코리아테크액티브'!$B$11:$E$1000,4,0) -> 3.89 | P8: =IFERROR(VLOOKUP(N8,'TIGER 코리아테크액티브(과거)'!$B$11:$E$1000,4,0),0) -> 3.11 | Q8: =O8-P8 -> 0.78 | R8: =IFERROR(O8/P8-1,"신규편입") -> 0.25080386
A9: =VLOOKUP(B9,유니버스!$C$14:$D$2561,2,0) -> KS | B9: ='TIMEFOLIO 코스피액티브'!B15 -> 삼양식품 | C9: =VLOOKUP(B9,'TIMEFOLIO 코스피액티브'!$B$11:$E$1000,4,0) -> 3.96 | D9: =IFERROR(VLOOKUP(B9,'TIMEFOLIO 코스피액티브(과거)'!$B$11:$E$1000,4,0),0) -> 2.72 | E9: =C9-D9 -> 1.24 | F9: =IFERROR(C9/D9-1,"신규편입") -> 0.45588235 | G9: =VLOOKUP(H9,유니버스!$C$14:$D$2561,2,0) -> KQ | H9: ='KODEX 친환경조선해운액티브'!B15 -> 동성화인텍 | I9: =VLOOKUP(H9,'KODEX 친환경조선해운액티브'!$B$11:$E$1000,4,0) -> 7.22 | J9: =IFERROR(VLOOKUP(H9,'KODEX 친환경조선해운액티브(과거)'!$B$11:$E$1000,4,0),0) -> 6.19 | K9: =I9-J9 -> 1.03 | L9: =IFERROR(I9/J9-1,"신규편입") -> 0.16639742 | M9: =VLOOKUP(N9,유니버스!$C$14:$D$2561,2,0) -> KS | N9: ='TIGER 코리아테크액티브'!B15 -> 대덕전자 | O9: =VLOOKUP(N9,'TIGER 코리아테크액티브'!$B$11:$E$1000,4,0) -> 3.87 | P9: =IFERROR(VLOOKUP(N9,'TIGER 코리아테크액티브(과거)'!$B$11:$E$1000,4,0),0) -> 3.8 | Q9: =O9-P9 -> 0.07 | R9: =IFERROR(O9/P9-1,"신규편입") -> 0.018421053
A10: =VLOOKUP(B10,유니버스!$C$14:$D$2561,2,0) -> KS | B10: ='TIMEFOLIO 코스피액티브'!B16 -> 에이피알 | C10: =VLOOKUP(B10,'TIMEFOLIO 코스피액티브'!$B$11:$E$1000,4,0) -> 3.92 | D10: =IFERROR(VLOOKUP(B10,'TIMEFOLIO 코스피액티브(과거)'!$B$11:$E$1000,4,0),0) -> 3.45 | E10: =C10-D10 -> 0.47 | F10: =IFERROR(C10/D10-1,"신규편입") -> 0.13623188 | G10: =VLOOKUP(H10,유니버스!$C$14:$D$2561,2,0) -> KS | H10: ='KODEX 친환경조선해운액티브'!B16 -> HD현대마린엔진 | I10: =VLOOKUP(H10,'KODEX 친환경조선해운액티브'!$B$11:$E$1000,4,0) -> 6.48 | J10: =IFERROR(VLOOKUP(H10,'KODEX 친환경조선해운액티브(과거)'!$B$11:$E$1000,4,0),0) -> 5.76 | K10: =I10-J10 -> 0.72 | L10: =IFERROR(I10/J10-1,"신규편입") -> 0.125 | M10: =VLOOKUP(N10,유니버스!$C$14:$D$2561,2,0) -> KQ | N10: ='TIGER 코리아테크액티브'!B16 -> 브이엠 | O10: =VLOOKUP(N10,'TIGER 코리아테크액티브'!$B$11:$E$1000,4,0) -> 3.3 | P10: =IFERROR(VLOOKUP(N10,'TIGER 코리아테크액티브(과거)'!$B$11:$E$1000,4,0),0) -> 2.36 | Q10: =O10-P10 -> 0.94 | R10: =IFERROR(O10/P10-1,"신규편입") -> 0.39830508
A11: =VLOOKUP(B11,유니버스!$C$14:$D$2561,2,0) -> KS | B11: ='TIMEFOLIO 코스피액티브'!B17 -> SK | C11: =VLOOKUP(B11,'TIMEFOLIO 코스피액티브'!$B$11:$E$1000,4,0) -> 3.31 | D11: =IFERROR(VLOOKUP(B11,'TIMEFOLIO 코스피액티브(과거)'!$B$11:$E$1000,4,0),0) -> 1.91 | E11: =C11-D11 -> 1.4 | F11: =IFERROR(C11/D11-1,"신규편입") -> 0.73298429 | G11: =VLOOKUP(H11,유니버스!$C$14:$D$2561,2,0) -> KS | H11: ='KODEX 친환경조선해운액티브'!B17 -> 대한조선 | I11: =VLOOKUP(H11,'KODEX 친환경조선해운액티브'!$B$11:$E$1000,4,0) -> 6.2 | J11: =IFERROR(VLOOKUP(H11,'KODEX 친환경조선해운액티브(과거)'!$B$11:$E$1000,4,0),0) -> 6.37 | K11: =I11-J11 -> -0.17 | L11: =IFERROR(I11/J11-1,"신규편입") -> -0.026687598 | M11: =VLOOKUP(N11,유니버스!$C$14:$D$2561,2,0) -> KQ | N11: ='TIGER 코리아테크액티브'!B17 -> 테스 | O11: =VLOOKUP(N11,'TIGER 코리아테크액티브'!$B$11:$E$1000,4,0) -> 3.25 | P11: =IFERROR(VLOOKUP(N11,'TIGER 코리아테크액티브(과거)'!$B$11:$E$1000,4,0),0) -> 2.39 | Q11: =O11-P11 -> 0.86 | R11: =IFERROR(O11/P11-1,"신규편입") -> 0.35983264
A12: =VLOOKUP(B12,유니버스!$C$14:$D$2561,2,0) -> KS | B12: ='TIMEFOLIO 코스피액티브'!B18 -> 삼성SDI | C12: =VLOOKUP(B12,'TIMEFOLIO 코스피액티브'!$B$11:$E$1000,4,0) -> 3.26 | D12: =IFERROR(VLOOKUP(B12,'TIMEFOLIO 코스피액티브(과거)'!$B$11:$E$1000,4,0),0) -> 3.22 | E12: =C12-D12 -> 0.04 | F12: =IFERROR(C12/D12-1,"신규편입") -> 0.01242236 | G12: =VLOOKUP(H12,유니버스!$C$14:$D$2561,2,0) -> KS | H12: ='KODEX 친환경조선해운액티브'!B18 -> 한국카본 | I12: =VLOOKUP(H12,'KODEX 친환경조선해운액티브'!$B$11:$E$1000,4,0) -> 6.19 | J12: =IFERROR(VLOOKUP(H12,'KODEX 친환경조선해운액티브(과거)'!$B$11:$E$1000,4,0),0) -> 5.91 | K12: =I12-J12 -> 0.28 | L12: =IFERROR(I12/J12-1,"신규편입") -> 0.047377327 | M12: =VLOOKUP(N12,유니버스!$C$14:$D$2561,2,0) -> KQ | N12: ='TIGER 코리아테크액티브'!B18 -> 기가비스 | O12: =VLOOKUP(N12,'TIGER 코리아테크액티브'!$B$11:$E$1000,4,0) -> 2.88 | P12: =IFERROR(VLOOKUP(N12,'TIGER 코리아테크액티브(과거)'!$B$11:$E$1000,4,0),0) -> 1.91 | Q12: =O12-P12 -> 0.97 | R12: =IFERROR(O12/P12-1,"신규편입") -> 0.5078534
A13: =VLOOKUP(B13,유니버스!$C$14:$D$2561,2,0) -> KS | B13: ='TIMEFOLIO 코스피액티브'!B19 -> 두산 | C13: =VLOOKUP(B13,'TIMEFOLIO 코스피액티브'!$B$11:$E$1000,4,0) -> 2.61 | D13: =IFERROR(VLOOKUP(B13,'TIMEFOLIO 코스피액티브(과거)'!$B$11:$E$1000,4,0),0) -> 2.51 | E13: =C13-D13 -> 0.1 | F13: =IFERROR(C13/D13-1,"신규편입") -> 0.039840637 | G13: =VLOOKUP(H13,유니버스!$C$14:$D$2561,2,0) -> KS | H13: ='KODEX 친환경조선해운액티브'!B19 -> 한화엔진 | I13: =VLOOKUP(H13,'KODEX 친환경조선해운액티브'!$B$11:$E$1000,4,0) -> 6.07 | J13: =IFERROR(VLOOKUP(H13,'KODEX 친환경조선해운액티브(과거)'!$B$11:$E$1000,4,0),0) -> 6.11 | K13: =I13-J13 -> -0.04 | L13: =IFERROR(I13/J13-1,"신규편입") -> -0.0065466448 | M13: =VLOOKUP(N13,유니버스!$C$14:$D$2561,2,0) -> KQ | N13: ='TIGER 코리아테크액티브'!B19 -> 올릭스 | O13: =VLOOKUP(N13,'TIGER 코리아테크액티브'!$B$11:$E$1000,4,0) -> 2.65 | P13: =IFERROR(VLOOKUP(N13,'TIGER 코리아테크액티브(과거)'!$B$11:$E$1000,4,0),0) -> 1.44 | Q13: =O13-P13 -> 1.21 | R13: =IFERROR(O13/P13-1,"신규편입") -> 0.84027778
A14: =VLOOKUP(B14,유니버스!$C$14:$D$2561,2,0) -> KS | B14: ='TIMEFOLIO 코스피액티브'!B20 -> LG에너지솔루션 | C14: =VLOOKUP(B14,'TIMEFOLIO 코스피액티브'!$B$11:$E$1000,4,0) -> 2.5 | D14: =IFERROR(VLOOKUP(B14,'TIMEFOLIO 코스피액티브(과거)'!$B$11:$E$1000,4,0),0) -> 2.72 | E14: =C14-D14 -> -0.22 | F14: =IFERROR(C14/D14-1,"신규편입") -> -0.080882353 | G14: =VLOOKUP(H14,유니버스!$C$14:$D$2561,2,0) -> KS | H14: ='KODEX 친환경조선해운액티브'!B20 -> HD현대마린솔루션 | I14: =VLOOKUP(H14,'KODEX 친환경조선해운액티브'!$B$11:$E$1000,4,0) -> 5.7 | J14: =IFERROR(VLOOKUP(H14,'KODEX 친환경조선해운액티브(과거)'!$B$11:$E$1000,4,0),0) -> 5.15 | K14: =I14-J14 -> 0.55 | L14: =IFERROR(I14/J14-1,"신규편입") -> 0.10679612 | M14: =VLOOKUP(N14,유니버스!$C$14:$D$2561,2,0) -> KS | N14: ='TIGER 코리아테크액티브'!B20 -> DB하이텍 | O14: =VLOOKUP(N14,'TIGER 코리아테크액티브'!$B$11:$E$1000,4,0) -> 2.14 | P14: =IFERROR(VLOOKUP(N14,'TIGER 코리아테크액티브(과거)'!$B$11:$E$1000,4,0),0) -> 0 | Q14: =O14-P14 -> 2.14 | R14: =IFERROR(O14/P14-1,"신규편입") -> 신규편입
A15: =VLOOKUP(B15,유니버스!$C$14:$D$2561,2,0) -> KS | B15: ='TIMEFOLIO 코스피액티브'!B21 -> 신세계 | C15: =VLOOKUP(B15,'TIMEFOLIO 코스피액티브'!$B$11:$E$1000,4,0) -> 2.41 | D15: =IFERROR(VLOOKUP(B15,'TIMEFOLIO 코스피액티브(과거)'!$B$11:$E$1000,4,0),0) -> 2.06 | E15: =C15-D15 -> 0.35 | F15: =IFERROR(C15/D15-1,"신규편입") -> 0.16990291 | G15: =VLOOKUP(H15,유니버스!$C$14:$D$2561,2,0) -> KS | H15: ='KODEX 친환경조선해운액티브'!B21 -> 팬오션 | I15: =VLOOKUP(H15,'KODEX 친환경조선해운액티브'!$B$11:$E$1000,4,0) -> 3.9 | J15: =IFERROR(VLOOKUP(H15,'KODEX 친환경조선해운액티브(과거)'!$B$11:$E$1000,4,0),0) -> 3.82 | K15: =I15-J15 -> 0.08 | L15: =IFERROR(I15/J15-1,"신규편입") -> 0.020942408 | M15: =VLOOKUP(N15,유니버스!$C$14:$D$2561,2,0) -> KQ | N15: ='TIGER 코리아테크액티브'!B21 -> 파두 | O15: =VLOOKUP(N15,'TIGER 코리아테크액티브'!$B$11:$E$1000,4,0) -> 1.85 | P15: =IFERROR(VLOOKUP(N15,'TIGER 코리아테크액티브(과거)'!$B$11:$E$1000,4,0),0) -> 1.93 | Q15: =O15-P15 -> -0.08 | R15: =IFERROR(O15/P15-1,"신규편입") -> -0.041450777
A16: =VLOOKUP(B16,유니버스!$C$14:$D$2561,2,0) -> KS | B16: ='TIMEFOLIO 코스피액티브'!B22 -> KB금융 | C16: =VLOOKUP(B16,'TIMEFOLIO 코스피액티브'!$B$11:$E$1000,4,0) -> 2.35 | D16: =IFERROR(VLOOKUP(B16,'TIMEFOLIO 코스피액티브(과거)'!$B$11:$E$1000,4,0),0) -> 2.19 | E16: =C16-D16 -> 0.16 | F16: =IFERROR(C16/D16-1,"신규편입") -> 0.073059361 | G16: =VLOOKUP(H16,유니버스!$C$14:$D$2561,2,0) -> KS | H16: ='KODEX 친환경조선해운액티브'!B22 -> 대한해운 | I16: =VLOOKUP(H16,'KODEX 친환경조선해운액티브'!$B$11:$E$1000,4,0) -> 3.07 | J16: =IFERROR(VLOOKUP(H16,'KODEX 친환경조선해운액티브(과거)'!$B$11:$E$1000,4,0),0) -> 2.96 | K16: =I16-J16 -> 0.11 | L16: =IFERROR(I16/J16-1,"신규편입") -> 0.037162162 | M16: =VLOOKUP(N16,유니버스!$C$14:$D$2561,2,0) -> KQ | N16: ='TIGER 코리아테크액티브'!B22 -> 두산테스나 | O16: =VLOOKUP(N16,'TIGER 코리아테크액티브'!$B$11:$E$1000,4,0) -> 1.76 | P16: =IFERROR(VLOOKUP(N16,'TIGER 코리아테크액티브(과거)'!$B$11:$E$1000,4,0),0) -> 2.04 | Q16: =O16-P16 -> -0.28 | R16: =IFERROR(O16/P16-1,"신규편입") -> -0.1372549
... A29: =VLOOKUP(B29,유니버스!$C$14:$D$2561,2,0) -> KS | B29: ='TIMEFOLIO 코스피액티브'!B35 -> SK텔레콤 | C29: =VLOOKUP(B29,'TIMEFOLIO 코스피액티브'!$B$11:$E$1000,4,0) -> 0.96 | D29: =IFERROR(VLOOKUP(B29,'TIMEFOLIO 코스피액티브(과거)'!$B$11:$E$1000,4,0),0) -> 0.97 | E29: =C29-D29 -> -0.01 | F29: =IFERROR(C29/D29-1,"신규편입") -> -0.010309278 | G29: =VLOOKUP(H29,유니버스!$C$14:$D$2561,2,0) -> KQ | H29: ='KODEX 친환경조선해운액티브'!B35 -> 에코프로비엠 | I29: =VLOOKUP(H29,'KODEX 친환경조선해운액티브'!$B$11:$E$1000,4,0) -> 0.88 | J29: =IFERROR(VLOOKUP(H29,'KODEX 친환경조선해운액티브(과거)'!$B$11:$E$1000,4,0),0) -> 1.02 | K29: =I29-J29 -> -0.14 | L29: =IFERROR(I29/J29-1,"신규편입") -> -0.1372549 | M29: =VLOOKUP(N29,유니버스!$C$14:$D$2561,2,0) -> #N/A | N29: ='TIGER 코리아테크액티브'!B35 -> 0 | O29: =VLOOKUP(N29,'TIGER 코리아테크액티브'!$B$11:$E$1000,4,0) -> #N/A | P29: =IFERROR(VLOOKUP(N29,'TIGER 코리아테크액티브(과거)'!$B$11:$E$1000,4,0),0) -> 0 | Q29: =O29-P29 -> #N/A | R29: =IFERROR(O29/P29-1,"신규편입") -> 신규편입
A30: =VLOOKUP(B30,유니버스!$C$14:$D$2561,2,0) -> KS | B30: ='TIMEFOLIO 코스피액티브'!B36 -> LIG디펜스앤에어로스페이스 | C30: =VLOOKUP(B30,'TIMEFOLIO 코스피액티브'!$B$11:$E$1000,4,0) -> 0.93 | D30: =IFERROR(VLOOKUP(B30,'TIMEFOLIO 코스피액티브(과거)'!$B$11:$E$1000,4,0),0) -> 0.96 | E30: =C30-D30 -> -0.03 | F30: =IFERROR(C30/D30-1,"신규편입") -> -0.03125 | G30: =VLOOKUP(H30,유니버스!$C$14:$D$2561,2,0) -> #N/A | H30: ='KODEX 친환경조선해운액티브'!B36 -> 원화현금 | I30: =VLOOKUP(H30,'KODEX 친환경조선해운액티브'!$B$11:$E$1000,4,0) -> 0.69 | J30: =IFERROR(VLOOKUP(H30,'KODEX 친환경조선해운액티브(과거)'!$B$11:$E$1000,4,0),0) -> 0 | K30: =I30-J30 -> 0.69 | L30: =IFERROR(I30/J30-1,"신규편입") -> 신규편입
A31: =VLOOKUP(B31,유니버스!$C$14:$D$2561,2,0) -> KS | B31: ='TIMEFOLIO 코스피액티브'!B37 -> 한국콜마 | C31: =VLOOKUP(B31,'TIMEFOLIO 코스피액티브'!$B$11:$E$1000,4,0) -> 0.88 | D31: =IFERROR(VLOOKUP(B31,'TIMEFOLIO 코스피액티브(과거)'!$B$11:$E$1000,4,0),0) -> 0 | E31: =C31-D31 -> 0.88 | F31: =IFERROR(C31/D31-1,"신규편입") -> 신규편입
A32: =VLOOKUP(B32,유니버스!$C$14:$D$2561,2,0) -> KS | B32: ='TIMEFOLIO 코스피액티브'!B38 -> 삼성증권 | C32: =VLOOKUP(B32,'TIMEFOLIO 코스피액티브'!$B$11:$E$1000,4,0) -> 0.87 | D32: =IFERROR(VLOOKUP(B32,'TIMEFOLIO 코스피액티브(과거)'!$B$11:$E$1000,4,0),0) -> 0 | E32: =C32-D32 -> 0.87 | F32: =IFERROR(C32/D32-1,"신규편입") -> 신규편입
A33: =VLOOKUP(B33,유니버스!$C$14:$D$2561,2,0) -> KS | B33: ='TIMEFOLIO 코스피액티브'!B39 -> KT&G | C33: =VLOOKUP(B33,'TIMEFOLIO 코스피액티브'!$B$11:$E$1000,4,0) -> 0.73 | D33: =IFERROR(VLOOKUP(B33,'TIMEFOLIO 코스피액티브(과거)'!$B$11:$E$1000,4,0),0) -> 0.52 | E33: =C33-D33 -> 0.21 | F33: =IFERROR(C33/D33-1,"신규편입") -> 0.40384615
A34: =VLOOKUP(B34,유니버스!$C$14:$D$2561,2,0) -> KS | B34: ='TIMEFOLIO 코스피액티브'!B40 -> LS ELECTRIC | C34: =VLOOKUP(B34,'TIMEFOLIO 코스피액티브'!$B$11:$E$1000,4,0) -> 0.65 | D34: =IFERROR(VLOOKUP(B34,'TIMEFOLIO 코스피액티브(과거)'!$B$11:$E$1000,4,0),0) -> 0 | E34: =C34-D34 -> 0.65 | F34: =IFERROR(C34/D34-1,"신규편입") -> 신규편입
A35: =VLOOKUP(B35,유니버스!$C$14:$D$2561,2,0) -> KS | B35: ='TIMEFOLIO 코스피액티브'!B41 -> 달바글로벌 | C35: =VLOOKUP(B35,'TIMEFOLIO 코스피액티브'!$B$11:$E$1000,4,0) -> 0.65 | D35: =IFERROR(VLOOKUP(B35,'TIMEFOLIO 코스피액티브(과거)'!$B$11:$E$1000,4,0),0) -> 0 | E35: =C35-D35 -> 0.65 | F35: =IFERROR(C35/D35-1,"신규편입") -> 신규편입

Sheet 수출, 로봇, 컬쳐
B3: ='KoAct K수출핵심기업TOP30액티브'!A9 -> KoAct K수출핵심기업TOP30액티브 | H3: ='KODEX 로봇액티브'!A9 -> KODEX 로봇액티브 | N3: ='TIMEFOLIO K컬처액티브'!A9 -> TIME K컬처액티브
B4: 종목명 | C4: ='KODEX 신재생에너지액티브'!B4 -> CPD [20260701] | D4: ='KODEX 신재생에너지액티브(과거)'!B4 -> 20260619 | E4: 비중차이 | F4: 증가율 | H4: 종목명 | I4: =C4 -> CPD [20260701] | J4: =D4 -> 20260619 | K4: 비중차 | L4: 증가율 | N4: 종목명 | O4: =C4 -> CPD [20260701] | P4: =D4 -> 20260619 | Q4: 비중차이 | R4: 증가율
A5: =VLOOKUP(B5,유니버스!$C$14:$D$2561,2,0) -> KS | B5: ='KoAct K수출핵심기업TOP30액티브'!B11 -> SK하이닉스 | C5: =VLOOKUP(B5,'KoAct K수출핵심기업TOP30액티브'!$B$11:$E$1000,4,0) -> 19.84 | D5: =IFERROR(VLOOKUP(B5,'KoAct K수출핵심기업TOP30액티브(과거)'!$B$11:$E$1000,4,0),0) -> 19.8 | E5: =C5-D5 -> 0.04 | F5: =IFERROR(C5/D5-1,"신규편입") -> 0.002020202 | G5: =VLOOKUP(H5,유니버스!$C$14:$D$2561,2,0) -> KS | H5: ='KODEX 로봇액티브'!B11 -> 삼성전자 | I5: =VLOOKUP(H5,'KODEX 로봇액티브'!$B$11:$E$1000,4,0) -> 11.3 | J5: =IFERROR(VLOOKUP(H5,'KODEX 로봇액티브(과거)'!$B$11:$E$1000,4,0),0) -> 11.14 | K5: =I5-J5 -> 0.16 | L5: =IFERROR(I5/J5-1,"신규편입") -> 0.014362657 | M5: =VLOOKUP(N5,유니버스!$C$14:$D$2561,2,0) -> KS | N5: ='TIMEFOLIO K컬처액티브'!B11 -> 삼양식품 | O5: =VLOOKUP(N5,'TIMEFOLIO K컬처액티브'!$B$11:$E$1000,4,0) -> 6.33 | P5: =IFERROR(VLOOKUP(N5,'TIMEFOLIO K컬처액티브(과거)'!$B$11:$E$1000,4,0),0) -> 6.18 | Q5: =O5-P5 -> 0.15 | R5: =IFERROR(O5/P5-1,"신규편입") -> 0.024271845
A6: =VLOOKUP(B6,유니버스!$C$14:$D$2561,2,0) -> KS | B6: ='KoAct K수출핵심기업TOP30액티브'!B12 -> 삼성전자 | C6: =VLOOKUP(B6,'KoAct K수출핵심기업TOP30액티브'!$B$11:$E$1000,4,0) -> 9.66 | D6: =IFERROR(VLOOKUP(B6,'KoAct K수출핵심기업TOP30액티브(과거)'!$B$11:$E$1000,4,0),0) -> 10.05 | E6: =C6-D6 -> -0.39 | F6: =IFERROR(C6/D6-1,"신규편입") -> -0.03880597 | G6: =VLOOKUP(H6,유니버스!$C$14:$D$2561,2,0) -> KQ | H6: ='KODEX 로봇액티브'!B12 -> 로보티즈 | I6: =VLOOKUP(H6,'KODEX 로봇액티브'!$B$11:$E$1000,4,0) -> 8.31 | J6: =IFERROR(VLOOKUP(H6,'KODEX 로봇액티브(과거)'!$B$11:$E$1000,4,0),0) -> 7.51 | K6: =I6-J6 -> 0.8 | L6: =IFERROR(I6/J6-1,"신규편입") -> 0.10652463 | M6: =VLOOKUP(N6,유니버스!$C$14:$D$2561,2,0) -> KQ | N6: ='TIMEFOLIO K컬처액티브'!B12 -> 휴젤 | O6: =VLOOKUP(N6,'TIMEFOLIO K컬처액티브'!$B$11:$E$1000,4,0) -> 6.23 | P6: =IFERROR(VLOOKUP(N6,'TIMEFOLIO K컬처액티브(과거)'!$B$11:$E$1000,4,0),0) -> 5.65 | Q6: =O6-P6 -> 0.58 | R6: =IFERROR(O6/P6-1,"신규편입") -> 0.10265487
A7: =VLOOKUP(B7,유니버스!$C$14:$D$2561,2,0) -> KS | B7: ='KoAct K수출핵심기업TOP30액티브'!B13 -> 삼성전기 | C7: =VLOOKUP(B7,'KoAct K수출핵심기업TOP30액티브'!$B$11:$E$1000,4,0) -> 7.81 | D7: =IFERROR(VLOOKUP(B7,'KoAct K수출핵심기업TOP30액티브(과거)'!$B$11:$E$1000,4,0),0) -> 7.43 | E7: =C7-D7 -> 0.38 | F7: =IFERROR(C7/D7-1,"신규편입") -> 0.051144011 | G7: =VLOOKUP(H7,유니버스!$C$14:$D$2561,2,0) -> KS | H7: ='KODEX 로봇액티브'!B13 -> 현대모비스 | I7: =VLOOKUP(H7,'KODEX 로봇액티브'!$B$11:$E$1000,4,0) -> 7.19 | J7: =IFERROR(VLOOKUP(H7,'KODEX 로봇액티브(과거)'!$B$11:$E$1000,4,0),0) -> 7.8 | K7: =I7-J7 -> -0.61 | L7: =IFERROR(I7/J7-1,"신규편입") -> -0.078205128 | M7: =VLOOKUP(N7,유니버스!$C$14:$D$2561,2,0) -> KS | N7: ='TIMEFOLIO K컬처액티브'!B13 -> 에이피알 | O7: =VLOOKUP(N7,'TIMEFOLIO K컬처액티브'!$B$11:$E$1000,4,0) -> 5.56 | P7: =IFERROR(VLOOKUP(N7,'TIMEFOLIO K컬처액티브(과거)'!$B$11:$E$1000,4,0),0) -> 5.44 | Q7: =O7-P7 -> 0.12 | R7: =IFERROR(O7/P7-1,"신규편입") -> 0.022058824
A8: =VLOOKUP(B8,유니버스!$C$14:$D$2561,2,0) -> KQ | B8: ='KoAct K수출핵심기업TOP30액티브'!B14 -> 제주반도체 | C8: =VLOOKUP(B8,'KoAct K수출핵심기업TOP30액티브'!$B$11:$E$1000,4,0) -> 7.35 | D8: =IFERROR(VLOOKUP(B8,'KoAct K수출핵심기업TOP30액티브(과거)'!$B$11:$E$1000,4,0),0) -> 10 | E8: =C8-D8 -> -2.65 | F8: =IFERROR(C8/D8-1,"신규편입") -> -0.265 | G8: =VLOOKUP(H8,유니버스!$C$14:$D$2561,2,0) -> KS | H8: ='KODEX 로봇액티브'!B14 -> SK하이닉스 | I8: =VLOOKUP(H8,'KODEX 로봇액티브'!$B$11:$E$1000,4,0) -> 6.76 | J8: =IFERROR(VLOOKUP(H8,'KODEX 로봇액티브(과거)'!$B$11:$E$1000,4,0),0) -> 7.53 | K8: =I8-J8 -> -0.77 | L8: =IFERROR(I8/J8-1,"신규편입") -> -0.10225764 | M8: =VLOOKUP(N8,유니버스!$C$14:$D$2561,2,0) -> KQ | N8: ='TIMEFOLIO K컬처액티브'!B14 -> 펄어비스 | O8: =VLOOKUP(N8,'TIMEFOLIO K컬처액티브'!$B$11:$E$1000,4,0) -> 5.46 | P8: =IFERROR(VLOOKUP(N8,'TIMEFOLIO K컬처액티브(과거)'!$B$11:$E$1000,4,0),0) -> 5.87 | Q8: =O8-P8 -> -0.41 | R8: =IFERROR(O8/P8-1,"신규편입") -> -0.069846678
A9: =VLOOKUP(B9,유니버스!$C$14:$D$2561,2,0) -> KS | B9: ='KoAct K수출핵심기업TOP30액티브'!B15 -> LIG디펜스앤에어로스페이스 | C9: =VLOOKUP(B9,'KoAct K수출핵심기업TOP30액티브'!$B$11:$E$1000,4,0) -> 4.79 | D9: =IFERROR(VLOOKUP(B9,'KoAct K수출핵심기업TOP30액티브(과거)'!$B$11:$E$1000,4,0),0) -> 5.05 | E9: =C9-D9 -> -0.26 | F9: =IFERROR(C9/D9-1,"신규편입") -> -0.051485149 | G9: =VLOOKUP(H9,유니버스!$C$14:$D$2561,2,0) -> KS | H9: ='KODEX 로봇액티브'!B15 -> LG전자 | I9: =VLOOKUP(H9,'KODEX 로봇액티브'!$B$11:$E$1000,4,0) -> 6.72 | J9: =IFERROR(VLOOKUP(H9,'KODEX 로봇액티브(과거)'!$B$11:$E$1000,4,0),0) -> 6.44 | K9: =I9-J9 -> 0.28 | L9: =IFERROR(I9/J9-1,"신규편입") -> 0.043478261 | M9: =VLOOKUP(N9,유니버스!$C$14:$D$2561,2,0) -> KS | N9: ='TIMEFOLIO K컬처액티브'!B15 -> NC | O9: =VLOOKUP(N9,'TIMEFOLIO K컬처액티브'!$B$11:$E$1000,4,0) -> 5.34 | P9: =IFERROR(VLOOKUP(N9,'TIMEFOLIO K컬처액티브(과거)'!$B$11:$E$1000,4,0),0) -> 6.47 | Q9: =O9-P9 -> -1.13 | R9: =IFERROR(O9/P9-1,"신규편입") -> -0.17465224
A10: =VLOOKUP(B10,유니버스!$C$14:$D$2561,2,0) -> KS | B10: ='KoAct K수출핵심기업TOP30액티브'!B16 -> 산일전기 | C10: =VLOOKUP(B10,'KoAct K수출핵심기업TOP30액티브'!$B$11:$E$1000,4,0) -> 3.9 | D10: =IFERROR(VLOOKUP(B10,'KoAct K수출핵심기업TOP30액티브(과거)'!$B$11:$E$1000,4,0),0) -> 3.25 | E10: =C10-D10 -> 0.65 | F10: =IFERROR(C10/D10-1,"신규편입") -> 0.2 | G10: =VLOOKUP(H10,유니버스!$C$14:$D$2561,2,0) -> KS | H10: ='KODEX 로봇액티브'!B16 -> 현대오토에버 | I10: =VLOOKUP(H10,'KODEX 로봇액티브'!$B$11:$E$1000,4,0) -> 6.46 | J10: =IFERROR(VLOOKUP(H10,'KODEX 로봇액티브(과거)'!$B$11:$E$1000,4,0),0) -> 7.15 | K10: =I10-J10 -> -0.69 | L10: =IFERROR(I10/J10-1,"신규편입") -> -0.096503497 | M10: =VLOOKUP(N10,유니버스!$C$14:$D$2561,2,0) -> KS | N10: ='TIMEFOLIO K컬처액티브'!B16 -> 현대백화점 | O10: =VLOOKUP(N10,'TIMEFOLIO K컬처액티브'!$B$11:$E$1000,4,0) -> 5.28 | P10: =IFERROR(VLOOKUP(N10,'TIMEFOLIO K컬처액티브(과거)'!$B$11:$E$1000,4,0),0) -> 3.64 | Q10: =O10-P10 -> 1.64 | R10: =IFERROR(O10/P10-1,"신규편입") -> 0.45054945
A11: =VLOOKUP(B11,유니버스!$C$14:$D$2561,2,0) -> KS | B11: ='KoAct K수출핵심기업TOP30액티브'!B17 -> LS ELECTRIC | C11: =VLOOKUP(B11,'KoAct K수출핵심기업TOP30액티브'!$B$11:$E$1000,4,0) -> 3.86 | D11: =IFERROR(VLOOKUP(B11,'KoAct K수출핵심기업TOP30액티브(과거)'!$B$11:$E$1000,4,0),0) -> 3.18 | E11: =C11-D11 -> 0.68 | F11: =IFERROR(C11/D11-1,"신규편입") -> 0.21383648 | G11: =VLOOKUP(H11,유니버스!$C$14:$D$2561,2,0) -> KQ | H11: ='KODEX 로봇액티브'!B17 -> 레인보우로보틱스 | I11: =VLOOKUP(H11,'KODEX 로봇액티브'!$B$11:$E$1000,4,0) -> 6.31 | J11: =IFERROR(VLOOKUP(H11,'KODEX 로봇액티브(과거)'!$B$11:$E$1000,4,0),0) -> 5.86 | K11: =I11-J11 -> 0.45 | L11: =IFERROR(I11/J11-1,"신규편입") -> 0.076791809 | M11: =VLOOKUP(N11,유니버스!$C$14:$D$2561,2,0) -> KS | N11: ='TIMEFOLIO K컬처액티브'!B17 -> 롯데쇼핑 | O11: =VLOOKUP(N11,'TIMEFOLIO K컬처액티브'!$B$11:$E$1000,4,0) -> 5.04 | P11: =IFERROR(VLOOKUP(N11,'TIMEFOLIO K컬처액티브(과거)'!$B$11:$E$1000,4,0),0) -> 6.72 | Q11: =O11-P11 -> -1.68 | R11: =IFERROR(O11/P11-1,"신규편입") -> -0.25
A12: =VLOOKUP(B12,유니버스!$C$14:$D$2561,2,0) -> KS | B12: ='KoAct K수출핵심기업TOP30액티브'!B18 -> HD현대중공업 | C12: =VLOOKUP(B12,'KoAct K수출핵심기업TOP30액티브'!$B$11:$E$1000,4,0) -> 3.77 | D12: =IFERROR(VLOOKUP(B12,'KoAct K수출핵심기업TOP30액티브(과거)'!$B$11:$E$1000,4,0),0) -> 3.48 | E12: =C12-D12 -> 0.29 | F12: =IFERROR(C12/D12-1,"신규편입") -> 0.083333333 | G12: =VLOOKUP(H12,유니버스!$C$14:$D$2561,2,0) -> KS | H12: ='KODEX 로봇액티브'!B18 -> 두산로보틱스 | I12: =VLOOKUP(H12,'KODEX 로봇액티브'!$B$11:$E$1000,4,0) -> 5.62 | J12: =IFERROR(VLOOKUP(H12,'KODEX 로봇액티브(과거)'!$B$11:$E$1000,4,0),0) -> 5.61 | K12: =I12-J12 -> 0.01 | L12: =IFERROR(I12/J12-1,"신규편입") -> 0.0017825312 | M12: =VLOOKUP(N12,유니버스!$C$14:$D$2561,2,0) -> KQ | N12: ='TIMEFOLIO K컬처액티브'!B18 -> 파마리서치 | O12: =VLOOKUP(N12,'TIMEFOLIO K컬처액티브'!$B$11:$E$1000,4,0) -> 4.99 | P12: =IFERROR(VLOOKUP(N12,'TIMEFOLIO K컬처액티브(과거)'!$B$11:$E$1000,4,0),0) -> 2.66 | Q12: =O12-P12 -> 2.33 | R12: =IFERROR(O12/P12-1,"신규편입") -> 0.87593985
A13: =VLOOKUP(B13,유니버스!$C$14:$D$2561,2,0) -> KS | B13: ='KoAct K수출핵심기업TOP30액티브'!B19 -> 에이피알 | C13: =VLOOKUP(B13,'KoAct K수출핵심기업TOP30액티브'!$B$11:$E$1000,4,0) -> 3.36 | D13: =IFERROR(VLOOKUP(B13,'KoAct K수출핵심기업TOP30액티브(과거)'!$B$11:$E$1000,4,0),0) -> 2.18 | E13: =C13-D13 -> 1.18 | F13: =IFERROR(C13/D13-1,"신규편입") -> 0.5412844 | G13: =VLOOKUP(H13,유니버스!$C$14:$D$2561,2,0) -> KS | H13: ='KODEX 로봇액티브'!B19 -> 현대차 | I13: =VLOOKUP(H13,'KODEX 로봇액티브'!$B$11:$E$1000,4,0) -> 5.44 | J13: =IFERROR(VLOOKUP(H13,'KODEX 로봇액티브(과거)'!$B$11:$E$1000,4,0),0) -> 5.99 | K13: =I13-J13 -> -0.55 | L13: =IFERROR(I13/J13-1,"신규편입") -> -0.091819699 | M13: =VLOOKUP(N13,유니버스!$C$14:$D$2561,2,0) -> KQ | N13: ='TIMEFOLIO K컬처액티브'!B19 -> 올릭스 | O13: =VLOOKUP(N13,'TIMEFOLIO K컬처액티브'!$B$11:$E$1000,4,0) -> 4.56 | P13: =IFERROR(VLOOKUP(N13,'TIMEFOLIO K컬처액티브(과거)'!$B$11:$E$1000,4,0),0) -> 3.71 | Q13: =O13-P13 -> 0.85 | R13: =IFERROR(O13/P13-1,"신규편입") -> 0.22911051
A14: =VLOOKUP(B14,유니버스!$C$14:$D$2561,2,0) -> KS | B14: ='KoAct K수출핵심기업TOP30액티브'!B20 -> 한화비전 | C14: =VLOOKUP(B14,'KoAct K수출핵심기업TOP30액티브'!$B$11:$E$1000,4,0) -> 2.77 | D14: =IFERROR(VLOOKUP(B14,'KoAct K수출핵심기업TOP30액티브(과거)'!$B$11:$E$1000,4,0),0) -> 3.14 | E14: =C14-D14 -> -0.37 | F14: =IFERROR(C14/D14-1,"신규편입") -> -0.11783439 | G14: =VLOOKUP(H14,유니버스!$C$14:$D$2561,2,0) -> KS | H14: ='KODEX 로봇액티브'!B20 -> NAVER | I14: =VLOOKUP(H14,'KODEX 로봇액티브'!$B$11:$E$1000,4,0) -> 3.96 | J14: =IFERROR(VLOOKUP(H14,'KODEX 로봇액티브(과거)'!$B$11:$E$1000,4,0),0) -> 4.04 | K14: =I14-J14 -> -0.08 | L14: =IFERROR(I14/J14-1,"신규편입") -> -0.01980198 | M14: =VLOOKUP(N14,유니버스!$C$14:$D$2561,2,0) -> KS | N14: ='TIMEFOLIO K컬처액티브'!B20 -> 하이브 | O14: =VLOOKUP(N14,'TIMEFOLIO K컬처액티브'!$B$11:$E$1000,4,0) -> 4.45 | P14: =IFERROR(VLOOKUP(N14,'TIMEFOLIO K컬처액티브(과거)'!$B$11:$E$1000,4,0),0) -> 4.18 | Q14: =O14-P14 -> 0.27 | R14: =IFERROR(O14/P14-1,"신규편입") -> 0.064593301
A15: =VLOOKUP(B15,유니버스!$C$14:$D$2561,2,0) -> KS | B15: ='KoAct K수출핵심기업TOP30액티브'!B21 -> 한화시스템 | C15: =VLOOKUP(B15,'KoAct K수출핵심기업TOP30액티브'!$B$11:$E$1000,4,0) -> 2.65 | D15: =IFERROR(VLOOKUP(B15,'KoAct K수출핵심기업TOP30액티브(과거)'!$B$11:$E$1000,4,0),0) -> 2.89 | E15: =C15-D15 -> -0.24 | F15: =IFERROR(C15/D15-1,"신규편입") -> -0.083044983 | G15: =VLOOKUP(H15,유니버스!$C$14:$D$2561,2,0) -> KS | H15: ='KODEX 로봇액티브'!B21 -> LG이노텍 | I15: =VLOOKUP(H15,'KODEX 로봇액티브'!$B$11:$E$1000,4,0) -> 3.67 | J15: =IFERROR(VLOOKUP(H15,'KODEX 로봇액티브(과거)'!$B$11:$E$1000,4,0),0) -> 4.06 | K15: =I15-J15 -> -0.39 | L15: =IFERROR(I15/J15-1,"신규편입") -> -0.096059113 | M15: =VLOOKUP(N15,유니버스!$C$14:$D$2561,2,0) -> KS | N15: ='TIMEFOLIO K컬처액티브'!B21 -> 달바글로벌 | O15: =VLOOKUP(N15,'TIMEFOLIO K컬처액티브'!$B$11:$E$1000,4,0) -> 4.39 | P15: =IFERROR(VLOOKUP(N15,'TIMEFOLIO K컬처액티브(과거)'!$B$11:$E$1000,4,0),0) -> 6.02 | Q15: =O15-P15 -> -1.63 | R15: =IFERROR(O15/P15-1,"신규편입") -> -0.27076412
A16: =VLOOKUP(B16,유니버스!$C$14:$D$2561,2,0) -> KS | B16: ='KoAct K수출핵심기업TOP30액티브'!B22 -> 현대차 | C16: =VLOOKUP(B16,'KoAct K수출핵심기업TOP30액티브'!$B$11:$E$1000,4,0) -> 2.52 | D16: =IFERROR(VLOOKUP(B16,'KoAct K수출핵심기업TOP30액티브(과거)'!$B$11:$E$1000,4,0),0) -> 2.93 | E16: =C16-D16 -> -0.41 | F16: =IFERROR(C16/D16-1,"신규편입") -> -0.13993174 | G16: =VLOOKUP(H16,유니버스!$C$14:$D$2561,2,0) -> KQ | H16: ='KODEX 로봇액티브'!B22 -> 에스피지 | I16: =VLOOKUP(H16,'KODEX 로봇액티브'!$B$11:$E$1000,4,0) -> 3.23 | J16: =IFERROR(VLOOKUP(H16,'KODEX 로봇액티브(과거)'!$B$11:$E$1000,4,0),0) -> 3.04 | K16: =I16-J16 -> 0.19 | L16: =IFERROR(I16/J16-1,"신규편입") -> 0.0625 | M16: =VLOOKUP(N16,유니버스!$C$14:$D$2561,2,0) -> KS | N16: ='TIMEFOLIO K컬처액티브'!B22 -> CJ | O16: =VLOOKUP(N16,'TIMEFOLIO K컬처액티브'!$B$11:$E$1000,4,0) -> 4.36 | P16: =IFERROR(VLOOKUP(N16,'TIMEFOLIO K컬처액티브(과거)'!$B$11:$E$1000,4,0),0) -> 4.99 | Q16: =O16-P16 -> -0.63 | R16: =IFERROR(O16/P16-1,"신규편입") -> -0.12625251
... A30: =VLOOKUP(B30,유니버스!$C$14:$D$2561,2,0) -> KS | B30: ='KoAct K수출핵심기업TOP30액티브'!B36 -> 한미반도체 | C30: =VLOOKUP(B30,'KoAct K수출핵심기업TOP30액티브'!$B$11:$E$1000,4,0) -> 0.78 | D30: =IFERROR(VLOOKUP(B30,'KoAct K수출핵심기업TOP30액티브(과거)'!$B$11:$E$1000,4,0),0) -> 0.86 | E30: =C30-D30 -> -0.08 | F30: =IFERROR(C30/D30-1,"신규편입") -> -0.093023256 | G30: =VLOOKUP(H30,유니버스!$C$14:$D$2561,2,0) -> KQ | H30: ='KODEX 로봇액티브'!B36 -> 제이브이엠 | I30: =VLOOKUP(H30,'KODEX 로봇액티브'!$B$11:$E$1000,4,0) -> 0.67 | J30: =IFERROR(VLOOKUP(H30,'KODEX 로봇액티브(과거)'!$B$11:$E$1000,4,0),0) -> 0.58 | K30: =I30-J30 -> 0.09 | L30: =IFERROR(I30/J30-1,"신규편입") -> 0.15517241 | M30: =VLOOKUP(N30,유니버스!$C$14:$D$2561,2,0) -> #N/A | N30: ='TIMEFOLIO K컬처액티브'!B36 -> 원화현금 | O30: =VLOOKUP(N30,'TIMEFOLIO K컬처액티브'!$B$11:$E$1000,4,0) -> 2.1 | P30: =IFERROR(VLOOKUP(N30,'TIMEFOLIO K컬처액티브(과거)'!$B$11:$E$1000,4,0),0) -> 1.53 | Q30: =O30-P30 -> 0.57 | R30: =IFERROR(O30/P30-1,"신규편입") -> 0.37254902
A31: =VLOOKUP(B31,유니버스!$C$14:$D$2561,2,0) -> KQ | B31: ='KoAct K수출핵심기업TOP30액티브'!B37 -> 에코프로 | C31: =VLOOKUP(B31,'KoAct K수출핵심기업TOP30액티브'!$B$11:$E$1000,4,0) -> 0.77 | D31: =IFERROR(VLOOKUP(B31,'KoAct K수출핵심기업TOP30액티브(과거)'!$B$11:$E$1000,4,0),0) -> 0.88 | E31: =C31-D31 -> -0.11 | F31: =IFERROR(C31/D31-1,"신규편입") -> -0.125 | G31: =VLOOKUP(H31,유니버스!$C$14:$D$2561,2,0) -> KS | H31: ='KODEX 로봇액티브'!B37 -> 카카오 | I31: =VLOOKUP(H31,'KODEX 로봇액티브'!$B$11:$E$1000,4,0) -> 0.49 | J31: =IFERROR(VLOOKUP(H31,'KODEX 로봇액티브(과거)'!$B$11:$E$1000,4,0),0) -> 0.46 | K31: =I31-J31 -> 0.03 | L31: =IFERROR(I31/J31-1,"신규편입") -> 0.065217391
A32: =VLOOKUP(B32,유니버스!$C$14:$D$2561,2,0) -> KQ | B32: ='KoAct K수출핵심기업TOP30액티브'!B38 -> 성호전자 | C32: =VLOOKUP(B32,'KoAct K수출핵심기업TOP30액티브'!$B$11:$E$1000,4,0) -> 0.68 | D32: =IFERROR(VLOOKUP(B32,'KoAct K수출핵심기업TOP30액티브(과거)'!$B$11:$E$1000,4,0),0) -> 0.78 | E32: =C32-D32 -> -0.1 | F32: =IFERROR(C32/D32-1,"신규편입") -> -0.12820513 | G32: =VLOOKUP(H32,유니버스!$C$14:$D$2561,2,0) -> KQ | H32: ='KODEX 로봇액티브'!B38 -> 엔젤로보틱스 | I32: =VLOOKUP(H32,'KODEX 로봇액티브'!$B$11:$E$1000,4,0) -> 0.36 | J32: =IFERROR(VLOOKUP(H32,'KODEX 로봇액티브(과거)'!$B$11:$E$1000,4,0),0) -> 0.34 | K32: =I32-J32 -> 0.02 | L32: =IFERROR(I32/J32-1,"신규편입") -> 0.058823529
A33: =VLOOKUP(B33,유니버스!$C$14:$D$2561,2,0) -> KS | B33: ='KoAct K수출핵심기업TOP30액티브'!B39 -> 삼성바이오로직스 | C33: =VLOOKUP(B33,'KoAct K수출핵심기업TOP30액티브'!$B$11:$E$1000,4,0) -> 0.67 | D33: =IFERROR(VLOOKUP(B33,'KoAct K수출핵심기업TOP30액티브(과거)'!$B$11:$E$1000,4,0),0) -> 0.24 | E33: =C33-D33 -> 0.43 | F33: =IFERROR(C33/D33-1,"신규편입") -> 1.7916667 | G33: =VLOOKUP(H33,유니버스!$C$14:$D$2561,2,0) -> KQ | H33: ='KODEX 로봇액티브'!B39 -> 하이젠알앤엠 | I33: =VLOOKUP(H33,'KODEX 로봇액티브'!$B$11:$E$1000,4,0) -> 0.3 | J33: =IFERROR(VLOOKUP(H33,'KODEX 로봇액티브(과거)'!$B$11:$E$1000,4,0),0) -> 0.32 | K33: =I33-J33 -> -0.02 | L33: =IFERROR(I33/J33-1,"신규편입") -> -0.0625
A34: =VLOOKUP(B34,유니버스!$C$14:$D$2561,2,0) -> KQ | B34: ='KoAct K수출핵심기업TOP30액티브'!B40 -> 리노공업 | C34: =VLOOKUP(B34,'KoAct K수출핵심기업TOP30액티브'!$B$11:$E$1000,4,0) -> 0.41 | D34: =IFERROR(VLOOKUP(B34,'KoAct K수출핵심기업TOP30액티브(과거)'!$B$11:$E$1000,4,0),0) -> 0.33 | E34: =C34-D34 -> 0.08 | F34: =IFERROR(C34/D34-1,"신규편입") -> 0.24242424 | G34: =VLOOKUP(H34,유니버스!$C$14:$D$2561,2,0) -> KS | H34: ='KODEX 로봇액티브'!B40 -> 비에이치 | I34: =VLOOKUP(H34,'KODEX 로봇액티브'!$B$11:$E$1000,4,0) -> 0.26 | J34: =IFERROR(VLOOKUP(H34,'KODEX 로봇액티브(과거)'!$B$11:$E$1000,4,0),0) -> 0.28 | K34: =I34-J34 -> -0.02 | L34: =IFERROR(I34/J34-1,"신규편입") -> -0.071428571
A35: =VLOOKUP(B35,유니버스!$C$14:$D$2561,2,0) -> KS | B35: ='KoAct K수출핵심기업TOP30액티브'!B41 -> 하이브 | C35: =VLOOKUP(B35,'KoAct K수출핵심기업TOP30액티브'!$B$11:$E$1000,4,0) -> 0.35 | D35: =IFERROR(VLOOKUP(B35,'KoAct K수출핵심기업TOP30액티브(과거)'!$B$11:$E$1000,4,0),0) -> 0.36 | E35: =C35-D35 -> -0.01 | F35: =IFERROR(C35/D35-1,"신규편입") -> -0.027777778 | G35: =VLOOKUP(H35,유니버스!$C$14:$D$2561,2,0) -> KQ | H35: ='KODEX 로봇액티브'!B41 -> 에스오에스랩 | I35: =VLOOKUP(H35,'KODEX 로봇액티브'!$B$11:$E$1000,4,0) -> 0.25 | J35: =IFERROR(VLOOKUP(H35,'KODEX 로봇액티브(과거)'!$B$11:$E$1000,4,0),0) -> 0.24 | K35: =I35-J35 -> 0.01 | L35: =IFERROR(I35/J35-1,"신규편입") -> 0.041666667
A36: =VLOOKUP(B36,유니버스!$C$14:$D$2561,2,0) -> KQ | B36: ='KoAct K수출핵심기업TOP30액티브'!B42 -> 에이비엘바이오 | C36: =VLOOKUP(B36,'KoAct K수출핵심기업TOP30액티브'!$B$11:$E$1000,4,0) -> 0.21 | D36: =IFERROR(VLOOKUP(B36,'KoAct K수출핵심기업TOP30액티브(과거)'!$B$11:$E$1000,4,0),0) -> 0.19 | E36: =C36-D36 -> 0.02 | F36: =IFERROR(C36/D36-1,"신규편입") -> 0.10526316 | G36: =VLOOKUP(H36,유니버스!$C$14:$D$2561,2,0) -> KQ | H36: ='KODEX 로봇액티브'!B42 -> 나우로보틱스 | I36: =VLOOKUP(H36,'KODEX 로봇액티브'!$B$11:$E$1000,4,0) -> 0.23 | J36: =IFERROR(VLOOKUP(H36,'KODEX 로봇액티브(과거)'!$B$11:$E$1000,4,0),0) -> 0.22 | K36: =I36-J36 -> 0.01 | L36: =IFERROR(I36/J36-1,"신규편입") -> 0.045454545
A37: =VLOOKUP(B37,유니버스!$C$14:$D$2561,2,0) -> KQ | B37: ='KoAct K수출핵심기업TOP30액티브'!B43 -> 에스티팜 | C37: =VLOOKUP(B37,'KoAct K수출핵심기업TOP30액티브'!$B$11:$E$1000,4,0) -> 0.2 | D37: =IFERROR(VLOOKUP(B37,'KoAct K수출핵심기업TOP30액티브(과거)'!$B$11:$E$1000,4,0),0) -> 0.09 | E37: =C37-D37 -> 0.11 | F37: =IFERROR(C37/D37-1,"신규편입") -> 1.2222222 | G37: =VLOOKUP(H37,유니버스!$C$14:$D$2561,2,0) -> KS | H37: ='KODEX 로봇액티브'!B43 -> LIG디펜스앤에어로스페이스 | I37: =VLOOKUP(H37,'KODEX 로봇액티브'!$B$11:$E$1000,4,0) -> 0.23 | J37: =IFERROR(VLOOKUP(H37,'KODEX 로봇액티브(과거)'!$B$11:$E$1000,4,0),0) -> 0.31 | K37: =I37-J37 -> -0.08 | L37: =IFERROR(I37/J37-1,"신규편입") -> -0.25806452
A38: =VLOOKUP(B38,유니버스!$C$14:$D$2561,2,0) -> #N/A | B38: ='KoAct K수출핵심기업TOP30액티브'!B44 -> 원화현금 | C38: =VLOOKUP(B38,'KoAct K수출핵심기업TOP30액티브'!$B$11:$E$1000,4,0) -> 0.71 | D38: =IFERROR(VLOOKUP(B38,'KoAct K수출핵심기업TOP30액티브(과거)'!$B$11:$E$1000,4,0),0) -> 0.43 | E38: =C38-D38 -> 0.28 | F38: =IFERROR(C38/D38-1,"신규편입") -> 0.65116279 | G38: =VLOOKUP(H38,유니버스!$C$14:$D$2561,2,0) -> #N/A | H38: ='KODEX 로봇액티브'!B44 -> 원화현금 | I38: =VLOOKUP(H38,'KODEX 로봇액티브'!$B$11:$E$1000,4,0) -> 1.9 | J38: =IFERROR(VLOOKUP(H38,'KODEX 로봇액티브(과거)'!$B$11:$E$1000,4,0),0) -> 1.49 | K38: =I38-J38 -> 0.41 | L38: =IFERROR(I38/J38-1,"신규편입") -> 0.27516779

Sheet 코엑트 코스닥액티브
A1: Refresh | B1: Last Update : 2026-07-01 17:01:32 | C1: 코드|구성종목|주식수(계약수)|금액|금액기준 구성비중(%)|
C2: A|B|C|D|
C3: ETP Components per CU
A4: Date | B4: CPD [20260701] | C4: Korean
A5: BaseOrder | B5: D | C5: Descending
A8: A0163Y0
A9: KoAct 코스닥액티브
A10: 코드 | B10: 구성종목 | C10: 주식수(계약수) | D10: 금액 | E10: 금액기준 구성비중(%)
A11: A095610 | B11: 테스 | C11: 276 | D11: 58788000 | E11: 10.34
A12: A058470 | B12: 리노공업 | C12: 398 | D12: 32516600 | E12: 5.72
A13: A222800 | B13: 심텍 | C13: 160 | D13: 25168000 | E13: 4.42
A14: A043260 | B14: 성호전자 | C14: 787 | D14: 24082200 | E14: 4.23
A15: A031980 | B15: 피에스케이홀딩스 | C15: 116 | D15: 19314000 | E15: 3.4
A16: A319660 | B16: 피에스케이 | C16: 84 | D16: 17766000 | E16: 3.12
A17: A196170 | B17: 알테오젠 | C17: 48 | D17: 17184000 | E17: 3.02
A18: A183300 | B18: 코미코 | C18: 166 | D18: 15189000 | E18: 2.67
A19: A356860 | B19: 티엘비 | C19: 174 | D19: 14146200 | E19: 2.49
A20: A298380 | B20: 에이비엘바이오 | C20: 138 | D20: 14007000 | E20: 2.46
A21: A080220 | B21: 제주반도체 | C21: 133 | D21: 13738900 | E21: 2.42
A22: A214450 | B22: 파마리서치 | C22: 37 | D22: 13560500 | E22: 2.38
... A84: A281740 | B84: 레이크머티리얼즈 | C84: 50 | D84: 715000 | E84: 0.13
B85: 원화현금 | C85: 6268294 | D85: 6268294 | E85: 1.1

Sheet 밸류업, 제조업, 바이오
B3: ='TIMEFOLIO 코리아밸류업액티브'!A9 -> TIME 코리아밸류업액티브 | H3: ='PLUS K제조업핵심기업액티브'!A9 -> PLUS K제조업핵심기업액티브 | N3: ='타이커 기술이전'!A9 -> TIGER 기술이전바이오액티브
B4: 종목명 | C4: ='KODEX 신재생에너지액티브'!B4 -> CPD [20260701] | D4: ='KODEX 신재생에너지액티브(과거)'!B4 -> 20260619 | E4: 비중차이 | F4: 증가율 | H4: 종목명 | I4: =C4 -> CPD [20260701] | J4: =D4 -> 20260619 | K4: 비중차 | L4: 증가율 | N4: 종목명 | O4: =C4 -> CPD [20260701] | P4: =D4 -> 20260619 | Q4: 비중차이 | R4: 증가율
A5: =VLOOKUP(B5,유니버스!$C$14:$D$2561,2,0) -> KS | B5: ='TIMEFOLIO 코리아밸류업액티브'!B11 -> SK하이닉스 | C5: =VLOOKUP(B5,'TIMEFOLIO 코리아밸류업액티브'!$B$11:$E$1000,4,0) -> 24.96 | D5: =IFERROR(VLOOKUP(B5,'TIMEFOLIO 코리아밸류업액티브(과거)'!$B$11:$E$1000,4,0),0) -> 18.83 | E5: =C5-D5 -> 6.13 | F5: =IFERROR(C5/D5-1,"신규편입") -> 0.32554434 | G5: =VLOOKUP(H5,유니버스!$C$14:$D$2561,2,0) -> KS | H5: ='PLUS K제조업핵심기업액티브'!B11 -> SK하이닉스 | I5: =VLOOKUP(H5,'PLUS K제조업핵심기업액티브'!$B$11:$E$1000,4,0) -> 25.04 | J5: =IFERROR(VLOOKUP(H5,'PLUS K제조업핵심기업액티브(과거)'!$B$11:$E$1000,4,0),0) -> 24.49 | K5: =I5-J5 -> 0.55 | L5: =IFERROR(I5/J5-1,"신규편입") -> 0.022458146 | M5: =VLOOKUP(N5,유니버스!$C$14:$D$2561,2,0) -> KQ | N5: ='타이커 기술이전'!B11 -> 올릭스 | O5: =VLOOKUP(N5,'타이커 기술이전'!$B$11:$E$1000,4,0) -> 15.61 | P5: =IFERROR(VLOOKUP(N5,'타이커 기술이전(과거)'!$B$11:$E$1000,4,0),0) -> 13.01 | Q5: =O5-P5 -> 2.6 | R5: =IFERROR(O5/P5-1,"신규편입") -> 0.19984627
A6: =VLOOKUP(B6,유니버스!$C$14:$D$2561,2,0) -> KS | B6: ='TIMEFOLIO 코리아밸류업액티브'!B12 -> SK스퀘어 | C6: =VLOOKUP(B6,'TIMEFOLIO 코리아밸류업액티브'!$B$11:$E$1000,4,0) -> 14.05 | D6: =IFERROR(VLOOKUP(B6,'TIMEFOLIO 코리아밸류업액티브(과거)'!$B$11:$E$1000,4,0),0) -> 3.8 | E6: =C6-D6 -> 10.25 | F6: =IFERROR(C6/D6-1,"신규편입") -> 2.6973684 | G6: =VLOOKUP(H6,유니버스!$C$14:$D$2561,2,0) -> KS | H6: ='PLUS K제조업핵심기업액티브'!B12 -> 삼성전자 | I6: =VLOOKUP(H6,'PLUS K제조업핵심기업액티브'!$B$11:$E$1000,4,0) -> 22.98 | J6: =IFERROR(VLOOKUP(H6,'PLUS K제조업핵심기업액티브(과거)'!$B$11:$E$1000,4,0),0) -> 23.48 | K6: =I6-J6 -> -0.5 | L6: =IFERROR(I6/J6-1,"신규편입") -> -0.021294719 | M6: =VLOOKUP(N6,유니버스!$C$14:$D$2561,2,0) -> KQ | N6: ='타이커 기술이전'!B12 -> 리가켐바이오 | O6: =VLOOKUP(N6,'타이커 기술이전'!$B$11:$E$1000,4,0) -> 11.65 | P6: =IFERROR(VLOOKUP(N6,'타이커 기술이전(과거)'!$B$11:$E$1000,4,0),0) -> 11.06 | Q6: =O6-P6 -> 0.59 | R6: =IFERROR(O6/P6-1,"신규편입") -> 0.053345389
A7: =VLOOKUP(B7,유니버스!$C$14:$D$2561,2,0) -> KS | B7: ='TIMEFOLIO 코리아밸류업액티브'!B13 -> 삼성전자 | C7: =VLOOKUP(B7,'TIMEFOLIO 코리아밸류업액티브'!$B$11:$E$1000,4,0) -> 10.14 | D7: =IFERROR(VLOOKUP(B7,'TIMEFOLIO 코리아밸류업액티브(과거)'!$B$11:$E$1000,4,0),0) -> 14.42 | E7: =C7-D7 -> -4.28 | F7: =IFERROR(C7/D7-1,"신규편입") -> -0.29680999 | G7: =VLOOKUP(H7,유니버스!$C$14:$D$2561,2,0) -> KS | H7: ='PLUS K제조업핵심기업액티브'!B13 -> SK스퀘어 | I7: =VLOOKUP(H7,'PLUS K제조업핵심기업액티브'!$B$11:$E$1000,4,0) -> 5.31 | J7: =IFERROR(VLOOKUP(H7,'PLUS K제조업핵심기업액티브(과거)'!$B$11:$E$1000,4,0),0) -> 3.71 | K7: =I7-J7 -> 1.6 | L7: =IFERROR(I7/J7-1,"신규편입") -> 0.43126685 | M7: =VLOOKUP(N7,유니버스!$C$14:$D$2561,2,0) -> KQ | N7: ='타이커 기술이전'!B13 -> 알테오젠 | O7: =VLOOKUP(N7,'타이커 기술이전'!$B$11:$E$1000,4,0) -> 8.48 | P7: =IFERROR(VLOOKUP(N7,'타이커 기술이전(과거)'!$B$11:$E$1000,4,0),0) -> 7.74 | Q7: =O7-P7 -> 0.74 | R7: =IFERROR(O7/P7-1,"신규편입") -> 0.095607235
A8: =VLOOKUP(B8,유니버스!$C$14:$D$2561,2,0) -> KS | B8: ='TIMEFOLIO 코리아밸류업액티브'!B14 -> 삼성전기 | C8: =VLOOKUP(B8,'TIMEFOLIO 코리아밸류업액티브'!$B$11:$E$1000,4,0) -> 4.66 | D8: =IFERROR(VLOOKUP(B8,'TIMEFOLIO 코리아밸류업액티브(과거)'!$B$11:$E$1000,4,0),0) -> 6.67 | E8: =C8-D8 -> -2.01 | F8: =IFERROR(C8/D8-1,"신규편입") -> -0.30134933 | G8: =VLOOKUP(H8,유니버스!$C$14:$D$2561,2,0) -> #N/A | H8: ='PLUS K제조업핵심기업액티브'!B14 -> 삼성전자우 | I8: =VLOOKUP(H8,'PLUS K제조업핵심기업액티브'!$B$11:$E$1000,4,0) -> 5.12 | J8: =IFERROR(VLOOKUP(H8,'PLUS K제조업핵심기업액티브(과거)'!$B$11:$E$1000,4,0),0) -> 3.76 | K8: =I8-J8 -> 1.36 | L8: =IFERROR(I8/J8-1,"신규편입") -> 0.36170213 | M8: =VLOOKUP(N8,유니버스!$C$14:$D$2561,2,0) -> KQ | N8: ='타이커 기술이전'!B14 -> 디앤디파마텍 | O8: =VLOOKUP(N8,'타이커 기술이전'!$B$11:$E$1000,4,0) -> 5.96 | P8: =IFERROR(VLOOKUP(N8,'타이커 기술이전(과거)'!$B$11:$E$1000,4,0),0) -> 7.77 | Q8: =O8-P8 -> -1.81 | R8: =IFERROR(O8/P8-1,"신규편입") -> -0.23294723
A9: =VLOOKUP(B9,유니버스!$C$14:$D$2561,2,0) -> KS | B9: ='TIMEFOLIO 코리아밸류업액티브'!B15 -> 삼성물산 | C9: =VLOOKUP(B9,'TIMEFOLIO 코리아밸류업액티브'!$B$11:$E$1000,4,0) -> 3.74 | D9: =IFERROR(VLOOKUP(B9,'TIMEFOLIO 코리아밸류업액티브(과거)'!$B$11:$E$1000,4,0),0) -> 3.61 | E9: =C9-D9 -> 0.13 | F9: =IFERROR(C9/D9-1,"신규편입") -> 0.03601108 | G9: =VLOOKUP(H9,유니버스!$C$14:$D$2561,2,0) -> KS | H9: ='PLUS K제조업핵심기업액티브'!B15 -> 삼성물산 | I9: =VLOOKUP(H9,'PLUS K제조업핵심기업액티브'!$B$11:$E$1000,4,0) -> 3.93 | J9: =IFERROR(VLOOKUP(H9,'PLUS K제조업핵심기업액티브(과거)'!$B$11:$E$1000,4,0),0) -> 1.02 | K9: =I9-J9 -> 2.91 | L9: =IFERROR(I9/J9-1,"신규편입") -> 2.8529412 | M9: =VLOOKUP(N9,유니버스!$C$14:$D$2561,2,0) -> KQ | N9: ='타이커 기술이전'!B15 -> 에이비엘바이오 | O9: =VLOOKUP(N9,'타이커 기술이전'!$B$11:$E$1000,4,0) -> 4.68 | P9: =IFERROR(VLOOKUP(N9,'타이커 기술이전(과거)'!$B$11:$E$1000,4,0),0) -> 5.84 | Q9: =O9-P9 -> -1.16 | R9: =IFERROR(O9/P9-1,"신규편입") -> -0.19863014
A10: =VLOOKUP(B10,유니버스!$C$14:$D$2561,2,0) -> KS | B10: ='TIMEFOLIO 코리아밸류업액티브'!B16 -> 삼성생명 | C10: =VLOOKUP(B10,'TIMEFOLIO 코리아밸류업액티브'!$B$11:$E$1000,4,0) -> 3.59 | D10: =IFERROR(VLOOKUP(B10,'TIMEFOLIO 코리아밸류업액티브(과거)'!$B$11:$E$1000,4,0),0) -> 3.25 | E10: =C10-D10 -> 0.34 | F10: =IFERROR(C10/D10-1,"신규편입") -> 0.10461538 | G10: =VLOOKUP(H10,유니버스!$C$14:$D$2561,2,0) -> KS | H10: ='PLUS K제조업핵심기업액티브'!B16 -> LS | I10: =VLOOKUP(H10,'PLUS K제조업핵심기업액티브'!$B$11:$E$1000,4,0) -> 3.73 | J10: =IFERROR(VLOOKUP(H10,'PLUS K제조업핵심기업액티브(과거)'!$B$11:$E$1000,4,0),0) -> 1.87 | K10: =I10-J10 -> 1.86 | L10: =IFERROR(I10/J10-1,"신규편입") -> 0.99465241 | M10: =VLOOKUP(N10,유니버스!$C$14:$D$2561,2,0) -> KQ | N10: ='타이커 기술이전'!B16 -> 에스티팜 | O10: =VLOOKUP(N10,'타이커 기술이전'!$B$11:$E$1000,4,0) -> 4.5 | P10: =IFERROR(VLOOKUP(N10,'타이커 기술이전(과거)'!$B$11:$E$1000,4,0),0) -> 4.34 | Q10: =O10-P10 -> 0.16 | R10: =IFERROR(O10/P10-1,"신규편입") -> 0.036866359
A11: =VLOOKUP(B11,유니버스!$C$14:$D$2561,2,0) -> KQ | B11: ='TIMEFOLIO 코리아밸류업액티브'!B17 -> 테스 | C11: =VLOOKUP(B11,'TIMEFOLIO 코리아밸류업액티브'!$B$11:$E$1000,4,0) -> 3.32 | D11: =IFERROR(VLOOKUP(B11,'TIMEFOLIO 코리아밸류업액티브(과거)'!$B$11:$E$1000,4,0),0) -> 0 | E11: =C11-D11 -> 3.32 | F11: =IFERROR(C11/D11-1,"신규편입") -> 신규편입 | G11: =VLOOKUP(H11,유니버스!$C$14:$D$2561,2,0) -> KS | H11: ='PLUS K제조업핵심기업액티브'!B17 -> LG에너지솔루션 | I11: =VLOOKUP(H11,'PLUS K제조업핵심기업액티브'!$B$11:$E$1000,4,0) -> 2.5 | J11: =IFERROR(VLOOKUP(H11,'PLUS K제조업핵심기업액티브(과거)'!$B$11:$E$1000,4,0),0) -> 2.64 | K11: =I11-J11 -> -0.14 | L11: =IFERROR(I11/J11-1,"신규편입") -> -0.053030303 | M11: =VLOOKUP(N11,유니버스!$C$14:$D$2561,2,0) -> KS | N11: ='타이커 기술이전'!B17 -> 한미약품 | O11: =VLOOKUP(N11,'타이커 기술이전'!$B$11:$E$1000,4,0) -> 4.44 | P11: =IFERROR(VLOOKUP(N11,'타이커 기술이전(과거)'!$B$11:$E$1000,4,0),0) -> 4.5 | Q11: =O11-P11 -> -0.06 | R11: =IFERROR(O11/P11-1,"신규편입") -> -0.013333333
A12: =VLOOKUP(B12,유니버스!$C$14:$D$2561,2,0) -> KS | B12: ='TIMEFOLIO 코리아밸류업액티브'!B18 -> SK | C12: =VLOOKUP(B12,'TIMEFOLIO 코리아밸류업액티브'!$B$11:$E$1000,4,0) -> 3.31 | D12: =IFERROR(VLOOKUP(B12,'TIMEFOLIO 코리아밸류업액티브(과거)'!$B$11:$E$1000,4,0),0) -> 2.9 | E12: =C12-D12 -> 0.41 | F12: =IFERROR(C12/D12-1,"신규편입") -> 0.14137931 | G12: =VLOOKUP(H12,유니버스!$C$14:$D$2561,2,0) -> KS | H12: ='PLUS K제조업핵심기업액티브'!B18 -> 한화오션 | I12: =VLOOKUP(H12,'PLUS K제조업핵심기업액티브'!$B$11:$E$1000,4,0) -> 2.27 | J12: =IFERROR(VLOOKUP(H12,'PLUS K제조업핵심기업액티브(과거)'!$B$11:$E$1000,4,0),0) -> 2.56 | K12: =I12-J12 -> -0.29 | L12: =IFERROR(I12/J12-1,"신규편입") -> -0.11328125 | M12: =VLOOKUP(N12,유니버스!$C$14:$D$2561,2,0) -> KS | N12: ='타이커 기술이전'!B18 -> 한올바이오파마 | O12: =VLOOKUP(N12,'타이커 기술이전'!$B$11:$E$1000,4,0) -> 4.38 | P12: =IFERROR(VLOOKUP(N12,'타이커 기술이전(과거)'!$B$11:$E$1000,4,0),0) -> 4.38 | Q12: =O12-P12 -> 0 | R12: =IFERROR(O12/P12-1,"신규편입") -> 0
A13: =VLOOKUP(B13,유니버스!$C$14:$D$2561,2,0) -> KQ | B13: ='TIMEFOLIO 코리아밸류업액티브'!B19 -> 피에스케이 | C13: =VLOOKUP(B13,'TIMEFOLIO 코리아밸류업액티브'!$B$11:$E$1000,4,0) -> 3.24 | D13: =IFERROR(VLOOKUP(B13,'TIMEFOLIO 코리아밸류업액티브(과거)'!$B$11:$E$1000,4,0),0) -> 0 | E13: =C13-D13 -> 3.24 | F13: =IFERROR(C13/D13-1,"신규편입") -> 신규편입 | G13: =VLOOKUP(H13,유니버스!$C$14:$D$2561,2,0) -> KS | H13: ='PLUS K제조업핵심기업액티브'!B19 -> 두산에너빌리티 | I13: =VLOOKUP(H13,'PLUS K제조업핵심기업액티브'!$B$11:$E$1000,4,0) -> 2.23 | J13: =IFERROR(VLOOKUP(H13,'PLUS K제조업핵심기업액티브(과거)'!$B$11:$E$1000,4,0),0) -> 2.23 | K13: =I13-J13 -> 0 | L13: =IFERROR(I13/J13-1,"신규편입") -> 0 | M13: =VLOOKUP(N13,유니버스!$C$14:$D$2561,2,0) -> KS | N13: ='타이커 기술이전'!B19 -> 셀트리온 | O13: =VLOOKUP(N13,'타이커 기술이전'!$B$11:$E$1000,4,0) -> 4.36 | P13: =IFERROR(VLOOKUP(N13,'타이커 기술이전(과거)'!$B$11:$E$1000,4,0),0) -> 4.43 | Q13: =O13-P13 -> -0.07 | R13: =IFERROR(O13/P13-1,"신규편입") -> -0.015801354
A14: =VLOOKUP(B14,유니버스!$C$14:$D$2561,2,0) -> KS | B14: ='TIMEFOLIO 코리아밸류업액티브'!B20 -> 한화에어로스페이스 | C14: =VLOOKUP(B14,'TIMEFOLIO 코리아밸류업액티브'!$B$11:$E$1000,4,0) -> 2.53 | D14: =IFERROR(VLOOKUP(B14,'TIMEFOLIO 코리아밸류업액티브(과거)'!$B$11:$E$1000,4,0),0) -> 0 | E14: =C14-D14 -> 2.53 | F14: =IFERROR(C14/D14-1,"신규편입") -> 신규편입 | G14: =VLOOKUP(H14,유니버스!$C$14:$D$2561,2,0) -> KS | H14: ='PLUS K제조업핵심기업액티브'!B20 -> 삼성전기 | I14: =VLOOKUP(H14,'PLUS K제조업핵심기업액티브'!$B$11:$E$1000,4,0) -> 2.22 | J14: =IFERROR(VLOOKUP(H14,'PLUS K제조업핵심기업액티브(과거)'!$B$11:$E$1000,4,0),0) -> 0 | K14: =I14-J14 -> 2.22 | L14: =IFERROR(I14/J14-1,"신규편입") -> 신규편입 | M14: =VLOOKUP(N14,유니버스!$C$14:$D$2561,2,0) -> KQ | N14: ='타이커 기술이전'!B20 -> 에이프릴바이오 | O14: =VLOOKUP(N14,'타이커 기술이전'!$B$11:$E$1000,4,0) -> 3.97 | P14: =IFERROR(VLOOKUP(N14,'타이커 기술이전(과거)'!$B$11:$E$1000,4,0),0) -> 3.78 | Q14: =O14-P14 -> 0.19 | R14: =IFERROR(O14/P14-1,"신규편입") -> 0.05026455
A15: =VLOOKUP(B15,유니버스!$C$14:$D$2561,2,0) -> KS | B15: ='TIMEFOLIO 코리아밸류업액티브'!B21 -> 산일전기 | C15: =VLOOKUP(B15,'TIMEFOLIO 코리아밸류업액티브'!$B$11:$E$1000,4,0) -> 2.16 | D15: =IFERROR(VLOOKUP(B15,'TIMEFOLIO 코리아밸류업액티브(과거)'!$B$11:$E$1000,4,0),0) -> 0 | E15: =C15-D15 -> 2.16 | F15: =IFERROR(C15/D15-1,"신규편입") -> 신규편입 | G15: =VLOOKUP(H15,유니버스!$C$14:$D$2561,2,0) -> KS | H15: ='PLUS K제조업핵심기업액티브'!B21 -> 한화에어로스페이스 | I15: =VLOOKUP(H15,'PLUS K제조업핵심기업액티브'!$B$11:$E$1000,4,0) -> 2.04 | J15: =IFERROR(VLOOKUP(H15,'PLUS K제조업핵심기업액티브(과거)'!$B$11:$E$1000,4,0),0) -> 1.9 | K15: =I15-J15 -> 0.14 | L15: =IFERROR(I15/J15-1,"신규편입") -> 0.073684211 | M15: =VLOOKUP(N15,유니버스!$C$14:$D$2561,2,0) -> KQ | N15: ='타이커 기술이전'!B21 -> 알지노믹스 | O15: =VLOOKUP(N15,'타이커 기술이전'!$B$11:$E$1000,4,0) -> 3.88 | P15: =IFERROR(VLOOKUP(N15,'타이커 기술이전(과거)'!$B$11:$E$1000,4,0),0) -> 3.75 | Q15: =O15-P15 -> 0.13 | R15: =IFERROR(O15/P15-1,"신규편입") -> 0.034666667
A16: =VLOOKUP(B16,유니버스!$C$14:$D$2561,2,0) -> KS | B16: ='TIMEFOLIO 코리아밸류업액티브'!B22 -> 신한지주 | C16: =VLOOKUP(B16,'TIMEFOLIO 코리아밸류업액티브'!$B$11:$E$1000,4,0) -> 2.15 | D16: =IFERROR(VLOOKUP(B16,'TIMEFOLIO 코리아밸류업액티브(과거)'!$B$11:$E$1000,4,0),0) -> 0.81 | E16: =C16-D16 -> 1.34 | F16: =IFERROR(C16/D16-1,"신규편입") -> 1.654321 | G16: =VLOOKUP(H16,유니버스!$C$14:$D$2561,2,0) -> KS | H16: ='PLUS K제조업핵심기업액티브'!B22 -> 삼성SDI | I16: =VLOOKUP(H16,'PLUS K제조업핵심기업액티브'!$B$11:$E$1000,4,0) -> 1.77 | J16: =IFERROR(VLOOKUP(H16,'PLUS K제조업핵심기업액티브(과거)'!$B$11:$E$1000,4,0),0) -> 1.81 | K16: =I16-J16 -> -0.04 | L16: =IFERROR(I16/J16-1,"신규편입") -> -0.022099448 | M16: =VLOOKUP(N16,유니버스!$C$14:$D$2561,2,0) -> KS | N16: ='타이커 기술이전'!B22 -> 삼성바이오로직스 | O16: =VLOOKUP(N16,'타이커 기술이전'!$B$11:$E$1000,4,0) -> 3.67 | P16: =IFERROR(VLOOKUP(N16,'타이커 기술이전(과거)'!$B$11:$E$1000,4,0),0) -> 3.76 | Q16: =O16-P16 -> -0.09 | R16: =IFERROR(O16/P16-1,"신규편입") -> -0.02393617
... A35: =VLOOKUP(B35,유니버스!$C$14:$D$2561,2,0) -> KS | B35: ='TIMEFOLIO 코리아밸류업액티브'!B41 -> 키움증권 | C35: =VLOOKUP(B35,'TIMEFOLIO 코리아밸류업액티브'!$B$11:$E$1000,4,0) -> 0.41 | D35: =IFERROR(VLOOKUP(B35,'TIMEFOLIO 코리아밸류업액티브(과거)'!$B$11:$E$1000,4,0),0) -> 2.54 | E35: =C35-D35 -> -2.13 | F35: =IFERROR(C35/D35-1,"신규편입") -> -0.83858268 | G35: =VLOOKUP(H35,유니버스!$C$14:$D$2561,2,0) -> KS | H35: ='PLUS K제조업핵심기업액티브'!B41 -> 한화솔루션 | I35: =VLOOKUP(H35,'PLUS K제조업핵심기업액티브'!$B$11:$E$1000,4,0) -> 0.23 | J35: =IFERROR(VLOOKUP(H35,'PLUS K제조업핵심기업액티브(과거)'!$B$11:$E$1000,4,0),0) -> 1.1 | K35: =I35-J35 -> -0.87 | L35: =IFERROR(I35/J35-1,"신규편입") -> -0.79090909 | M35: =VLOOKUP(N35,유니버스!$C$14:$D$2561,2,0) -> #N/A | N35: ='타이커 기술이전'!B41 -> 0 | O35: =VLOOKUP(N35,'타이커 기술이전'!$B$11:$E$1000,4,0) -> #N/A | P35: =IFERROR(VLOOKUP(N35,'타이커 기술이전(과거)'!$B$11:$E$1000,4,0),0) -> 0 | Q35: =O35-P35 -> #N/A | R35: =IFERROR(O35/P35-1,"신규편입") -> 신규편입
H36: ='PLUS K제조업핵심기업액티브'!B42 -> 원화현금 | I36: =VLOOKUP(H36,'PLUS K제조업핵심기업액티브'!$B$11:$E$1000,4,0) -> 0.02 | J36: =IFERROR(VLOOKUP(H36,'PLUS K제조업핵심기업액티브(과거)'!$B$11:$E$1000,4,0),0) -> 0 | K36: =I36-J36 -> 0.02 | L36: =IFERROR(I36/J36-1,"신규편입") -> 신규편입

Sheet 바이오
B3: TIMEFOLIO K바이오액티브 | H3: KoAct 바이오헬스케어액티브 | N3: RISE 바이오TOP10액티브
B4: 종목명 | C4: ='KODEX 신재생에너지액티브'!B4 -> CPD [20260701] | D4: ='KODEX 신재생에너지액티브(과거)'!B4 -> 20260619 | E4: 비중차이 | F4: 증가율 | H4: 종목명 | I4: =C4 -> CPD [20260701] | J4: =D4 -> 20260619 | K4: 비중차 | L4: 증가율 | N4: 종목명 | O4: =C4 -> CPD [20260701] | P4: =D4 -> 20260619 | Q4: 비중차이 | R4: 증가율
A5: =VLOOKUP(B5,유니버스!$C$14:$D$2561,2,0) -> KS | B5: ='TIMEFOLIO K바이오액티브'!B11 -> 셀트리온 | C5: =VLOOKUP(B5,'TIMEFOLIO K바이오액티브'!$B$11:$E$1000,4,0) -> 11.86 | D5: =IFERROR(VLOOKUP(B5,'TIMEFOLIO K바이오액티브(과거)'!$B$11:$E$1000,4,0),0) -> 10.14 | E5: =C5-D5 -> 1.72 | F5: =IFERROR(C5/D5-1,"신규편입") -> 0.16962525 | G5: =VLOOKUP(H5,유니버스!$C$14:$D$2561,2,0) -> KQ | H5: ='KoAct 바이오헬스케어액티브'!B11 -> 올릭스 | I5: =VLOOKUP(H5,'KoAct 바이오헬스케어액티브'!$B$11:$E$1000,4,0) -> 10 | J5: =IFERROR(VLOOKUP(H5,'KoAct 바이오헬스케어액티브(과거)'!$B$11:$E$1000,4,0),0) -> 8.26 | K5: =I5-J5 -> 1.74 | L5: =IFERROR(I5/J5-1,"신규편입") -> 0.21065375 | M5: =VLOOKUP(N5,유니버스!$C$14:$D$2561,2,0) -> KQ | N5: ='RISE 바이오TOP10액티브'!B11 -> 올릭스 | O5: =VLOOKUP(N5,'RISE 바이오TOP10액티브'!$B$11:$E$1000,4,0) -> 13.66 | P5: =IFERROR(VLOOKUP(N5,'RISE 바이오TOP10액티브(과거)'!$B$11:$E$1000,4,0),0) -> 11.07 | Q5: =O5-P5 -> 2.59 | R5: =IFERROR(O5/P5-1,"신규편입") -> 0.23396567
A6: =VLOOKUP(B6,유니버스!$C$14:$D$2561,2,0) -> KQ | B6: ='TIMEFOLIO K바이오액티브'!B12 -> 알테오젠 | C6: =VLOOKUP(B6,'TIMEFOLIO K바이오액티브'!$B$11:$E$1000,4,0) -> 10.77 | D6: =IFERROR(VLOOKUP(B6,'TIMEFOLIO K바이오액티브(과거)'!$B$11:$E$1000,4,0),0) -> 11.03 | E6: =C6-D6 -> -0.26 | F6: =IFERROR(C6/D6-1,"신규편입") -> -0.023572076 | G6: =VLOOKUP(H6,유니버스!$C$14:$D$2561,2,0) -> KQ | H6: ='KoAct 바이오헬스케어액티브'!B12 -> 리가켐바이오 | I6: =VLOOKUP(H6,'KoAct 바이오헬스케어액티브'!$B$11:$E$1000,4,0) -> 8.75 | J6: =IFERROR(VLOOKUP(H6,'KoAct 바이오헬스케어액티브(과거)'!$B$11:$E$1000,4,0),0) -> 8.21 | K6: =I6-J6 -> 0.54 | L6: =IFERROR(I6/J6-1,"신규편입") -> 0.065773447 | M6: =VLOOKUP(N6,유니버스!$C$14:$D$2561,2,0) -> KQ | N6: ='RISE 바이오TOP10액티브'!B12 -> 리가켐바이오 | O6: =VLOOKUP(N6,'RISE 바이오TOP10액티브'!$B$11:$E$1000,4,0) -> 10.49 | P6: =IFERROR(VLOOKUP(N6,'RISE 바이오TOP10액티브(과거)'!$B$11:$E$1000,4,0),0) -> 9.65 | Q6: =O6-P6 -> 0.84 | R6: =IFERROR(O6/P6-1,"신규편입") -> 0.087046632
A7: =VLOOKUP(B7,유니버스!$C$14:$D$2561,2,0) -> KQ | B7: ='TIMEFOLIO K바이오액티브'!B13 -> 올릭스 | C7: =VLOOKUP(B7,'TIMEFOLIO K바이오액티브'!$B$11:$E$1000,4,0) -> 7.98 | D7: =IFERROR(VLOOKUP(B7,'TIMEFOLIO K바이오액티브(과거)'!$B$11:$E$1000,4,0),0) -> 6.51 | E7: =C7-D7 -> 1.47 | F7: =IFERROR(C7/D7-1,"신규편입") -> 0.22580645 | G7: =VLOOKUP(H7,유니버스!$C$14:$D$2561,2,0) -> KQ | H7: ='KoAct 바이오헬스케어액티브'!B13 -> 에이비엘바이오 | I7: =VLOOKUP(H7,'KoAct 바이오헬스케어액티브'!$B$11:$E$1000,4,0) -> 8.06 | J7: =IFERROR(VLOOKUP(H7,'KoAct 바이오헬스케어액티브(과거)'!$B$11:$E$1000,4,0),0) -> 7.93 | K7: =I7-J7 -> 0.13 | L7: =IFERROR(I7/J7-1,"신규편입") -> 0.016393443 | M7: =VLOOKUP(N7,유니버스!$C$14:$D$2561,2,0) -> KQ | N7: ='RISE 바이오TOP10액티브'!B13 -> 알테오젠 | O7: =VLOOKUP(N7,'RISE 바이오TOP10액티브'!$B$11:$E$1000,4,0) -> 9.95 | P7: =IFERROR(VLOOKUP(N7,'RISE 바이오TOP10액티브(과거)'!$B$11:$E$1000,4,0),0) -> 11.17 | Q7: =O7-P7 -> -1.22 | R7: =IFERROR(O7/P7-1,"신규편입") -> -0.10922113
A8: =VLOOKUP(B8,유니버스!$C$14:$D$2561,2,0) -> KS | B8: ='TIMEFOLIO K바이오액티브'!B14 -> 삼성바이오로직스 | C8: =VLOOKUP(B8,'TIMEFOLIO K바이오액티브'!$B$11:$E$1000,4,0) -> 7.67 | D8: =IFERROR(VLOOKUP(B8,'TIMEFOLIO K바이오액티브(과거)'!$B$11:$E$1000,4,0),0) -> 7.79 | E8: =C8-D8 -> -0.12 | F8: =IFERROR(C8/D8-1,"신규편입") -> -0.015404365 | G8: =VLOOKUP(H8,유니버스!$C$14:$D$2561,2,0) -> KQ | H8: ='KoAct 바이오헬스케어액티브'!B14 -> 에스티팜 | I8: =VLOOKUP(H8,'KoAct 바이오헬스케어액티브'!$B$11:$E$1000,4,0) -> 7.88 | J8: =IFERROR(VLOOKUP(H8,'KoAct 바이오헬스케어액티브(과거)'!$B$11:$E$1000,4,0),0) -> 7.62 | K8: =I8-J8 -> 0.26 | L8: =IFERROR(I8/J8-1,"신규편입") -> 0.034120735 | M8: =VLOOKUP(N8,유니버스!$C$14:$D$2561,2,0) -> KQ | N8: ='RISE 바이오TOP10액티브'!B14 -> 에이비엘바이오 | O8: =VLOOKUP(N8,'RISE 바이오TOP10액티브'!$B$11:$E$1000,4,0) -> 7.35 | P8: =IFERROR(VLOOKUP(N8,'RISE 바이오TOP10액티브(과거)'!$B$11:$E$1000,4,0),0) -> 7.36 | Q8: =O8-P8 -> -0.01 | R8: =IFERROR(O8/P8-1,"신규편입") -> -0.0013586957
A9: =VLOOKUP(B9,유니버스!$C$14:$D$2561,2,0) -> KS | B9: ='TIMEFOLIO K바이오액티브'!B15 -> 한미약품 | C9: =VLOOKUP(B9,'TIMEFOLIO K바이오액티브'!$B$11:$E$1000,4,0) -> 6.95 | D9: =IFERROR(VLOOKUP(B9,'TIMEFOLIO K바이오액티브(과거)'!$B$11:$E$1000,4,0),0) -> 6.99 | E9: =C9-D9 -> -0.04 | F9: =IFERROR(C9/D9-1,"신규편입") -> -0.0057224607 | G9: =VLOOKUP(H9,유니버스!$C$14:$D$2561,2,0) -> KQ | H9: ='KoAct 바이오헬스케어액티브'!B15 -> 알테오젠 | I9: =VLOOKUP(H9,'KoAct 바이오헬스케어액티브'!$B$11:$E$1000,4,0) -> 7.76 | J9: =IFERROR(VLOOKUP(H9,'KoAct 바이오헬스케어액티브(과거)'!$B$11:$E$1000,4,0),0) -> 8.31 | K9: =I9-J9 -> -0.55 | L9: =IFERROR(I9/J9-1,"신규편입") -> -0.066185319 | M9: =VLOOKUP(N9,유니버스!$C$14:$D$2561,2,0) -> KQ | N9: ='RISE 바이오TOP10액티브'!B15 -> 디앤디파마텍 | O9: =VLOOKUP(N9,'RISE 바이오TOP10액티브'!$B$11:$E$1000,4,0) -> 6.51 | P9: =IFERROR(VLOOKUP(N9,'RISE 바이오TOP10액티브(과거)'!$B$11:$E$1000,4,0),0) -> 7.15 | Q9: =O9-P9 -> -0.64 | R9: =IFERROR(O9/P9-1,"신규편입") -> -0.08951049
A10: =VLOOKUP(B10,유니버스!$C$14:$D$2561,2,0) -> KQ | B10: ='TIMEFOLIO K바이오액티브'!B16 -> 리가켐바이오 | C10: =VLOOKUP(B10,'TIMEFOLIO K바이오액티브'!$B$11:$E$1000,4,0) -> 6.16 | D10: =IFERROR(VLOOKUP(B10,'TIMEFOLIO K바이오액티브(과거)'!$B$11:$E$1000,4,0),0) -> 5.73 | E10: =C10-D10 -> 0.43 | F10: =IFERROR(C10/D10-1,"신규편입") -> 0.07504363 | G10: =VLOOKUP(H10,유니버스!$C$14:$D$2561,2,0) -> KQ | H10: ='KoAct 바이오헬스케어액티브'!B16 -> 디앤디파마텍 | I10: =VLOOKUP(H10,'KoAct 바이오헬스케어액티브'!$B$11:$E$1000,4,0) -> 6.73 | J10: =IFERROR(VLOOKUP(H10,'KoAct 바이오헬스케어액티브(과거)'!$B$11:$E$1000,4,0),0) -> 8.46 | K10: =I10-J10 -> -1.73 | L10: =IFERROR(I10/J10-1,"신규편입") -> -0.20449173 | M10: =VLOOKUP(N10,유니버스!$C$14:$D$2561,2,0) -> KS | N10: ='RISE 바이오TOP10액티브'!B16 -> 셀트리온 | O10: =VLOOKUP(N10,'RISE 바이오TOP10액티브'!$B$11:$E$1000,4,0) -> 4.7 | P10: =IFERROR(VLOOKUP(N10,'RISE 바이오TOP10액티브(과거)'!$B$11:$E$1000,4,0),0) -> 4.7 | Q10: =O10-P10 -> 0 | R10: =IFERROR(O10/P10-1,"신규편입") -> 0
A11: =VLOOKUP(B11,유니버스!$C$14:$D$2561,2,0) -> KQ | B11: ='TIMEFOLIO K바이오액티브'!B17 -> 에스티팜 | C11: =VLOOKUP(B11,'TIMEFOLIO K바이오액티브'!$B$11:$E$1000,4,0) -> 4.52 | D11: =IFERROR(VLOOKUP(B11,'TIMEFOLIO K바이오액티브(과거)'!$B$11:$E$1000,4,0),0) -> 4.32 | E11: =C11-D11 -> 0.2 | F11: =IFERROR(C11/D11-1,"신규편입") -> 0.046296296 | G11: =VLOOKUP(H11,유니버스!$C$14:$D$2561,2,0) -> KS | H11: ='KoAct 바이오헬스케어액티브'!B17 -> 셀트리온 | I11: =VLOOKUP(H11,'KoAct 바이오헬스케어액티브'!$B$11:$E$1000,4,0) -> 6.46 | J11: =IFERROR(VLOOKUP(H11,'KoAct 바이오헬스케어액티브(과거)'!$B$11:$E$1000,4,0),0) -> 6.59 | K11: =I11-J11 -> -0.13 | L11: =IFERROR(I11/J11-1,"신규편입") -> -0.019726859 | M11: =VLOOKUP(N11,유니버스!$C$14:$D$2561,2,0) -> KS | N11: ='RISE 바이오TOP10액티브'!B17 -> 한올바이오파마 | O11: =VLOOKUP(N11,'RISE 바이오TOP10액티브'!$B$11:$E$1000,4,0) -> 4.46 | P11: =IFERROR(VLOOKUP(N11,'RISE 바이오TOP10액티브(과거)'!$B$11:$E$1000,4,0),0) -> 3.77 | Q11: =O11-P11 -> 0.69 | R11: =IFERROR(O11/P11-1,"신규편입") -> 0.18302387
A12: =VLOOKUP(B12,유니버스!$C$14:$D$2561,2,0) -> KQ | B12: ='TIMEFOLIO K바이오액티브'!B18 -> 디앤디파마텍 | C12: =VLOOKUP(B12,'TIMEFOLIO K바이오액티브'!$B$11:$E$1000,4,0) -> 3.76 | D12: =IFERROR(VLOOKUP(B12,'TIMEFOLIO K바이오액티브(과거)'!$B$11:$E$1000,4,0),0) -> 4.73 | E12: =C12-D12 -> -0.97 | F12: =IFERROR(C12/D12-1,"신규편입") -> -0.205074 | G12: =VLOOKUP(H12,유니버스!$C$14:$D$2561,2,0) -> KQ | H12: ='KoAct 바이오헬스케어액티브'!B18 -> 알지노믹스 | I12: =VLOOKUP(H12,'KoAct 바이오헬스케어액티브'!$B$11:$E$1000,4,0) -> 5.05 | J12: =IFERROR(VLOOKUP(H12,'KoAct 바이오헬스케어액티브(과거)'!$B$11:$E$1000,4,0),0) -> 5.17 | K12: =I12-J12 -> -0.12 | L12: =IFERROR(I12/J12-1,"신규편입") -> -0.023210832 | M12: =VLOOKUP(N12,유니버스!$C$14:$D$2561,2,0) -> KS | N12: ='RISE 바이오TOP10액티브'!B18 -> 한미약품 | O12: =VLOOKUP(N12,'RISE 바이오TOP10액티브'!$B$11:$E$1000,4,0) -> 4.41 | P12: =IFERROR(VLOOKUP(N12,'RISE 바이오TOP10액티브(과거)'!$B$11:$E$1000,4,0),0) -> 3.43 | Q12: =O12-P12 -> 0.98 | R12: =IFERROR(O12/P12-1,"신규편입") -> 0.28571429
A13: =VLOOKUP(B13,유니버스!$C$14:$D$2561,2,0) -> KQ | B13: ='TIMEFOLIO K바이오액티브'!B19 -> 에이비엘바이오 | C13: =VLOOKUP(B13,'TIMEFOLIO K바이오액티브'!$B$11:$E$1000,4,0) -> 3.48 | D13: =IFERROR(VLOOKUP(B13,'TIMEFOLIO K바이오액티브(과거)'!$B$11:$E$1000,4,0),0) -> 3.51 | E13: =C13-D13 -> -0.03 | F13: =IFERROR(C13/D13-1,"신규편입") -> -0.0085470085 | G13: =VLOOKUP(H13,유니버스!$C$14:$D$2561,2,0) -> KS | H13: ='KoAct 바이오헬스케어액티브'!B19 -> 한미약품 | I13: =VLOOKUP(H13,'KoAct 바이오헬스케어액티브'!$B$11:$E$1000,4,0) -> 4.91 | J13: =IFERROR(VLOOKUP(H13,'KoAct 바이오헬스케어액티브(과거)'!$B$11:$E$1000,4,0),0) -> 4.5 | K13: =I13-J13 -> 0.41 | L13: =IFERROR(I13/J13-1,"신규편입") -> 0.091111111 | M13: =VLOOKUP(N13,유니버스!$C$14:$D$2561,2,0) -> KQ | N13: ='RISE 바이오TOP10액티브'!B19 -> 에스티팜 | O13: =VLOOKUP(N13,'RISE 바이오TOP10액티브'!$B$11:$E$1000,4,0) -> 4.29 | P13: =IFERROR(VLOOKUP(N13,'RISE 바이오TOP10액티브(과거)'!$B$11:$E$1000,4,0),0) -> 4.07 | Q13: =O13-P13 -> 0.22 | R13: =IFERROR(O13/P13-1,"신규편입") -> 0.054054054
A14: =VLOOKUP(B14,유니버스!$C$14:$D$2561,2,0) -> KQ | B14: ='TIMEFOLIO K바이오액티브'!B20 -> 에이프릴바이오 | C14: =VLOOKUP(B14,'TIMEFOLIO K바이오액티브'!$B$11:$E$1000,4,0) -> 2.53 | D14: =IFERROR(VLOOKUP(B14,'TIMEFOLIO K바이오액티브(과거)'!$B$11:$E$1000,4,0),0) -> 2.55 | E14: =C14-D14 -> -0.02 | F14: =IFERROR(C14/D14-1,"신규편입") -> -0.0078431373 | G14: =VLOOKUP(H14,유니버스!$C$14:$D$2561,2,0) -> KQ | H14: ='KoAct 바이오헬스케어액티브'!B20 -> 에이프릴바이오 | I14: =VLOOKUP(H14,'KoAct 바이오헬스케어액티브'!$B$11:$E$1000,4,0) -> 4.5 | J14: =IFERROR(VLOOKUP(H14,'KoAct 바이오헬스케어액티브(과거)'!$B$11:$E$1000,4,0),0) -> 4.6 | K14: =I14-J14 -> -0.1 | L14: =IFERROR(I14/J14-1,"신규편입") -> -0.02173913 | M14: =VLOOKUP(N14,유니버스!$C$14:$D$2561,2,0) -> KQ | N14: ='RISE 바이오TOP10액티브'!B20 -> 휴젤 | O14: =VLOOKUP(N14,'RISE 바이오TOP10액티브'!$B$11:$E$1000,4,0) -> 3.89 | P14: =IFERROR(VLOOKUP(N14,'RISE 바이오TOP10액티브(과거)'!$B$11:$E$1000,4,0),0) -> 3.52 | Q14: =O14-P14 -> 0.37 | R14: =IFERROR(O14/P14-1,"신규편입") -> 0.10511364
A15: =VLOOKUP(B15,유니버스!$C$14:$D$2561,2,0) -> KS | B15: ='TIMEFOLIO K바이오액티브'!B21 -> 삼성에피스홀딩스 | C15: =VLOOKUP(B15,'TIMEFOLIO K바이오액티브'!$B$11:$E$1000,4,0) -> 2.29 | D15: =IFERROR(VLOOKUP(B15,'TIMEFOLIO K바이오액티브(과거)'!$B$11:$E$1000,4,0),0) -> 2.43 | E15: =C15-D15 -> -0.14 | F15: =IFERROR(C15/D15-1,"신규편입") -> -0.057613169 | G15: =VLOOKUP(H15,유니버스!$C$14:$D$2561,2,0) -> KS | H15: ='KoAct 바이오헬스케어액티브'!B21 -> 한올바이오파마 | I15: =VLOOKUP(H15,'KoAct 바이오헬스케어액티브'!$B$11:$E$1000,4,0) -> 4.44 | J15: =IFERROR(VLOOKUP(H15,'KoAct 바이오헬스케어액티브(과거)'!$B$11:$E$1000,4,0),0) -> 3.83 | K15: =I15-J15 -> 0.61 | L15: =IFERROR(I15/J15-1,"신규편입") -> 0.15926893 | M15: =VLOOKUP(N15,유니버스!$C$14:$D$2561,2,0) -> KQ | N15: ='RISE 바이오TOP10액티브'!B21 -> 코오롱티슈진 | O15: =VLOOKUP(N15,'RISE 바이오TOP10액티브'!$B$11:$E$1000,4,0) -> 3.24 | P15: =IFERROR(VLOOKUP(N15,'RISE 바이오TOP10액티브(과거)'!$B$11:$E$1000,4,0),0) -> 3.65 | Q15: =O15-P15 -> -0.41 | R15: =IFERROR(O15/P15-1,"신규편입") -> -0.11232877
A16: =VLOOKUP(B16,유니버스!$C$14:$D$2561,2,0) -> KQ | B16: ='TIMEFOLIO K바이오액티브'!B22 -> 셀트리온제약 | C16: =VLOOKUP(B16,'TIMEFOLIO K바이오액티브'!$B$11:$E$1000,4,0) -> 2.26 | D16: =IFERROR(VLOOKUP(B16,'TIMEFOLIO K바이오액티브(과거)'!$B$11:$E$1000,4,0),0) -> 2.38 | E16: =C16-D16 -> -0.12 | F16: =IFERROR(C16/D16-1,"신규편입") -> -0.050420168 | G16: =VLOOKUP(H16,유니버스!$C$14:$D$2561,2,0) -> KQ | H16: ='KoAct 바이오헬스케어액티브'!B22 -> 파마리서치 | I16: =VLOOKUP(H16,'KoAct 바이오헬스케어액티브'!$B$11:$E$1000,4,0) -> 3.84 | J16: =IFERROR(VLOOKUP(H16,'KoAct 바이오헬스케어액티브(과거)'!$B$11:$E$1000,4,0),0) -> 3.22 | K16: =I16-J16 -> 0.62 | L16: =IFERROR(I16/J16-1,"신규편입") -> 0.19254658 | M16: =VLOOKUP(N16,유니버스!$C$14:$D$2561,2,0) -> KQ | N16: ='RISE 바이오TOP10액티브'!B22 -> 에이프릴바이오 | O16: =VLOOKUP(N16,'RISE 바이오TOP10액티브'!$B$11:$E$1000,4,0) -> 3.17 | P16: =IFERROR(VLOOKUP(N16,'RISE 바이오TOP10액티브(과거)'!$B$11:$E$1000,4,0),0) -> 3.18 | Q16: =O16-P16 -> -0.01 | R16: =IFERROR(O16/P16-1,"신규편입") -> -0.0031446541
... A29: =VLOOKUP(B29,유니버스!$C$14:$D$2561,2,0) -> KQ | B29: ='TIMEFOLIO K바이오액티브'!B35 -> 리브스메드 | C29: =VLOOKUP(B29,'TIMEFOLIO K바이오액티브'!$B$11:$E$1000,4,0) -> 1.02 | D29: =IFERROR(VLOOKUP(B29,'TIMEFOLIO K바이오액티브(과거)'!$B$11:$E$1000,4,0),0) -> 1.13 | E29: =C29-D29 -> -0.11 | F29: =IFERROR(C29/D29-1,"신규편입") -> -0.097345133 | G29: =VLOOKUP(H29,유니버스!$C$14:$D$2561,2,0) -> #N/A | H29: ='KoAct 바이오헬스케어액티브'!B35 -> 원화현금 | I29: =VLOOKUP(H29,'KoAct 바이오헬스케어액티브'!$B$11:$E$1000,4,0) -> 0.39 | J29: =IFERROR(VLOOKUP(H29,'KoAct 바이오헬스케어액티브(과거)'!$B$11:$E$1000,4,0),0) -> 0.38 | K29: =I29-J29 -> 0.01 | L29: =IFERROR(I29/J29-1,"신규편입") -> 0.026315789 | M29: =VLOOKUP(N29,유니버스!$C$14:$D$2561,2,0) -> #N/A | N29: ='RISE 바이오TOP10액티브'!B35 -> 0 | O29: =VLOOKUP(N29,'RISE 바이오TOP10액티브'!$B$11:$E$1000,4,0) -> #N/A | P29: =IFERROR(VLOOKUP(N29,'RISE 바이오TOP10액티브(과거)'!$B$11:$E$1000,4,0),0) -> 0 | Q29: =O29-P29 -> #N/A | R29: =IFERROR(O29/P29-1,"신규편입") -> 신규편입
A30: =VLOOKUP(B30,유니버스!$C$14:$D$2561,2,0) -> KQ | B30: ='TIMEFOLIO K바이오액티브'!B36 -> 펩트론 | C30: =VLOOKUP(B30,'TIMEFOLIO K바이오액티브'!$B$11:$E$1000,4,0) -> 1 | D30: =IFERROR(VLOOKUP(B30,'TIMEFOLIO K바이오액티브(과거)'!$B$11:$E$1000,4,0),0) -> 1.45 | E30: =C30-D30 -> -0.45 | F30: =IFERROR(C30/D30-1,"신규편입") -> -0.31034483 | M30: =VLOOKUP(N30,유니버스!$C$14:$D$2561,2,0) -> #N/A | N30: ='RISE 바이오TOP10액티브'!B36 -> 0 | O30: =VLOOKUP(N30,'RISE 바이오TOP10액티브'!$B$11:$E$1000,4,0) -> #N/A | P30: =IFERROR(VLOOKUP(N30,'RISE 바이오TOP10액티브(과거)'!$B$11:$E$1000,4,0),0) -> 0 | Q30: =O30-P30 -> #N/A | R30: =IFERROR(O30/P30-1,"신규편입") -> 신규편입
A31: =VLOOKUP(B31,유니버스!$C$14:$D$2561,2,0) -> KS | B31: ='TIMEFOLIO K바이오액티브'!B37 -> 일동제약 | C31: =VLOOKUP(B31,'TIMEFOLIO K바이오액티브'!$B$11:$E$1000,4,0) -> 0.92 | D31: =IFERROR(VLOOKUP(B31,'TIMEFOLIO K바이오액티브(과거)'!$B$11:$E$1000,4,0),0) -> 1.04 | E31: =C31-D31 -> -0.12 | F31: =IFERROR(C31/D31-1,"신규편입") -> -0.11538462
A32: =VLOOKUP(B32,유니버스!$C$14:$D$2561,2,0) -> KQ | B32: ='TIMEFOLIO K바이오액티브'!B38 -> 고영 | C32: =VLOOKUP(B32,'TIMEFOLIO K바이오액티브'!$B$11:$E$1000,4,0) -> 0.9 | D32: =IFERROR(VLOOKUP(B32,'TIMEFOLIO K바이오액티브(과거)'!$B$11:$E$1000,4,0),0) -> 0.91 | E32: =C32-D32 -> -0.01 | F32: =IFERROR(C32/D32-1,"신규편입") -> -0.010989011
A33: =VLOOKUP(B33,유니버스!$C$14:$D$2561,2,0) -> KQ | B33: ='TIMEFOLIO K바이오액티브'!B39 -> 오름테라퓨틱 | C33: =VLOOKUP(B33,'TIMEFOLIO K바이오액티브'!$B$11:$E$1000,4,0) -> 0.79 | D33: =IFERROR(VLOOKUP(B33,'TIMEFOLIO K바이오액티브(과거)'!$B$11:$E$1000,4,0),0) -> 1.76 | E33: =C33-D33 -> -0.97 | F33: =IFERROR(C33/D33-1,"신규편입") -> -0.55113636
A34: =VLOOKUP(B34,유니버스!$C$14:$D$2561,2,0) -> KQ | B34: ='TIMEFOLIO K바이오액티브'!B40 -> 에임드바이오 | C34: =VLOOKUP(B34,'TIMEFOLIO K바이오액티브'!$B$11:$E$1000,4,0) -> 0.75 | D34: =IFERROR(VLOOKUP(B34,'TIMEFOLIO K바이오액티브(과거)'!$B$11:$E$1000,4,0),0) -> 0.74 | E34: =C34-D34 -> 0.01 | F34: =IFERROR(C34/D34-1,"신규편입") -> 0.013513514
A35: =VLOOKUP(B35,유니버스!$C$14:$D$2561,2,0) -> KQ | B35: ='TIMEFOLIO K바이오액티브'!B41 -> 네이처셀 | C35: =VLOOKUP(B35,'TIMEFOLIO K바이오액티브'!$B$11:$E$1000,4,0) -> 0.64 | D35: =IFERROR(VLOOKUP(B35,'TIMEFOLIO K바이오액티브(과거)'!$B$11:$E$1000,4,0),0) -> 0.82 | E35: =C35-D35 -> -0.18 | F35: =IFERROR(C35/D35-1,"신규편입") -> -0.2195122
A36: =VLOOKUP(B36,유니버스!$C$14:$D$2561,2,0) -> KQ | B36: ='TIMEFOLIO K바이오액티브'!B42 -> HK이노엔 | C36: =VLOOKUP(B36,'TIMEFOLIO K바이오액티브'!$B$11:$E$1000,4,0) -> 0.58 | D36: =IFERROR(VLOOKUP(B36,'TIMEFOLIO K바이오액티브(과거)'!$B$11:$E$1000,4,0),0) -> 0.58 | E36: =C36-D36 -> 0 | F36: =IFERROR(C36/D36-1,"신규편입") -> 0
A37: =VLOOKUP(B37,유니버스!$C$14:$D$2561,2,0) -> KQ | B37: ='TIMEFOLIO K바이오액티브'!B43 -> 앱클론 | C37: =VLOOKUP(B37,'TIMEFOLIO K바이오액티브'!$B$11:$E$1000,4,0) -> 0.58 | D37: =IFERROR(VLOOKUP(B37,'TIMEFOLIO K바이오액티브(과거)'!$B$11:$E$1000,4,0),0) -> 0.63 | E37: =C37-D37 -> -0.05 | F37: =IFERROR(C37/D37-1,"신규편입") -> -0.079365079
A38: =VLOOKUP(B38,유니버스!$C$14:$D$2561,2,0) -> KQ | B38: ='TIMEFOLIO K바이오액티브'!B44 -> 토모큐브 | C38: =VLOOKUP(B38,'TIMEFOLIO K바이오액티브'!$B$11:$E$1000,4,0) -> 0.49 | D38: =IFERROR(VLOOKUP(B38,'TIMEFOLIO K바이오액티브(과거)'!$B$11:$E$1000,4,0),0) -> 0.53 | E38: =C38-D38 -> -0.04 | F38: =IFERROR(C38/D38-1,"신규편입") -> -0.075471698
A39: =VLOOKUP(B39,유니버스!$C$14:$D$2561,2,0) -> KQ | B39: ='TIMEFOLIO K바이오액티브'!B45 -> 지아이이노베이션 | C39: =VLOOKUP(B39,'TIMEFOLIO K바이오액티브'!$B$11:$E$1000,4,0) -> 0.27 | D39: =IFERROR(VLOOKUP(B39,'TIMEFOLIO K바이오액티브(과거)'!$B$11:$E$1000,4,0),0) -> 0.33 | E39: =C39-D39 -> -0.06 | F39: =IFERROR(C39/D39-1,"신규편입") -> -0.18181818
A40: =VLOOKUP(B40,유니버스!$C$14:$D$2561,2,0) -> #N/A | B40: ='TIMEFOLIO K바이오액티브'!B46 -> 원화현금 | C40: =VLOOKUP(B40,'TIMEFOLIO K바이오액티브'!$B$11:$E$1000,4,0) -> 0.96 | D40: =IFERROR(VLOOKUP(B40,'TIMEFOLIO K바이오액티브(과거)'!$B$11:$E$1000,4,0),0) -> 1.07 | E40: =C40-D40 -> -0.11 | F40: =IFERROR(C40/D40-1,"신규편입") -> -0.10280374

Sheet 유니버스
B1: Refresh | C1: Last Update : 2026-07-01 17:01:41 | E1: =COLUMN()-1 -> 4 | F1: =COLUMN()-1 -> 5 | G1: =COLUMN()-1 -> 6
B3: Peer Analysis (In Sector) 전체기업
B4: Sector | C4: W00 | D4: Korean
B5: Account Type | C5: All Listed | D5: Co
B6: Composition Date | C6: 20260227 | D6: COM
D7: 0
F8: 0 | G8: 0.5
C9: Account | D9: R100100 | E9: S102100 | F9: S107810 | G9: E610550.M
C10: Period | E10: =C6 -> 20260227 | F10: =C6 -> 20260227
C11: Unit | D11: Txt | E11: KRW BIL | F11: KRW BIL | G11: #
C12: Base Date | G12: =C6 -> 20260227
B13: Code | C13: Name | D13: 시장구분 | E13: 시가총액 | F13: 120일평균거래대금 | G13: EPS참여증권사(지배)
B14: A000020 | C14: 동화약품 | D14: KS | E14: 175.97 | F14: 0.45 | I14: =IF((G14>$G$8),E14+ROW()/100000,"") | J14: =C14 -> 동화약품 | K14: =B14 -> A000020
B15: A000040 | C15: KR모터스 | D15: KS | E15: 34.2 | F15: 0.14 | I15: =IF((G15>$G$8),E15+ROW()/100000,"") | J15: =C15 -> KR모터스 | K15: =B15 -> A000040
B16: A000050 | C16: 경방 | D16: KS | E16: 279.64 | F16: 4.57 | I16: =IF((G16>$G$8),E16+ROW()/100000,"") | J16: =C16 -> 경방 | K16: =B16 -> A000050
B17: A000070 | C17: 삼양홀딩스 | D17: KS | E17: 578.36 | F17: 2.19 | I17: =IF((G17>$G$8),E17+ROW()/100000,"") | J17: =C17 -> 삼양홀딩스 | K17: =B17 -> A000070
B18: A000080 | C18: 하이트진로 | D18: KS | E18: 1246.27 | F18: 3.05 | G18: 7 | I18: =IF((G18>$G$8),E18+ROW()/100000,"") -> 1246.2702 | J18: =C18 -> 하이트진로 | K18: =B18 -> A000080
B19: A000100 | C19: 유한양행 | D19: KS | E19: 8777.17 | F19: 45.58 | G19: 17 | J19: =C19 -> 유한양행 | K19: =B19 -> A000100
B20: A000120 | C20: CJ대한통운 | D20: KS | E20: 3011.23 | F20: 8.93 | G20: 12 | I20: =IF((G20>$G$8),E20+ROW()/100000,"") -> 3011.2302 | J20: =C20 -> CJ대한통운 | K20: =B20 -> A000120
B21: A000140 | C21: 하이트진로홀딩스 | D21: KS | E21: 226.03 | F21: 0.29 | I21: =IF((G21>$G$8),E21+ROW()/100000,"") | J21: =C21 -> 하이트진로홀딩스 | K21: =B21 -> A000140
B22: A000150 | C22: 두산 | D22: KS | E22: 20695.72 | F22: 118.13 | G22: 9 | I22: =IF((G22>$G$8),E22+ROW()/100000,"") -> 20695.72 | J22: =C22 -> 두산 | K22: =B22 -> A000150
B23: A000180 | C23: 성창기업지주 | D23: KS | E23: 116.28 | F23: 0.2 | I23: =IF((G23>$G$8),E23+ROW()/100000,"") | J23: =C23 -> 성창기업지주 | K23: =B23 -> A000180
B24: A0001A0 | C24: 덕양에너젠 | D24: KQ | E24: 536.73 | F24: 289.79 | I24: =IF((G24>$G$8),E24+ROW()/100000,"") | J24: =C24 -> 덕양에너젠 | K24: =B24 -> A0001A0
B25: A000210 | C25: DL | D25: KS | E25: 1083.42 | F25: 3.81 | G25: 1 | I25: =IF((G25>$G$8),E25+ROW()/100000,"") -> 1083.4203 | J25: =C25 -> DL | K25: =B25 -> A000210
B26: A000220 | C26: 유유제약 | D26: KS | E26: 78.6 | F26: 0.59 | J26: =C26 -> 유유제약 | K26: =B26 -> A000220
B27: A000230 | C27: 일동홀딩스 | D27: KS | E27: 133.18 | F27: 6.02 | I27: =IF((G27>$G$8),E27+ROW()/100000,"") | J27: =C27 -> 일동홀딩스 | K27: =B27 -> A000230
B28: A000240 | C28: 한국앤컴퍼니 | D28: KS | E28: 2971.47 | F28: 3 | G28: 1 | I28: =IF((G28>$G$8),E28+ROW()/100000,"") -> 2971.4703 | J28: =C28 -> 한국앤컴퍼니 | K28: =B28 -> A000240
B29: A000250 | C29: 삼천당제약 | D29: KQ | E29: 19352.41 | F29: 78.16 | G29: 1 | I29: =IF((G29>$G$8),E29+ROW()/100000,"") -> 19352.41 | J29: =C29 -> 삼천당제약 | K29: =B29 -> A000250
B30: A000270 | C30: 기아 | D30: KS | E30: 80229.87 | F30: 174.2 | G30: 26 | I30: =IF((G30>$G$8),E30+ROW()/100000,"") -> 80229.87 | J30: =C30 -> 기아 | K30: =B30 -> A000270
B31: A000300 | C31: DH오토넥스 | D31: KS | E31: 174.04 | F31: 0 | I31: =IF((G31>$G$8),E31+ROW()/100000,"") | J31: =C31 -> DH오토넥스 | K31: =B31 -> A000300
B32: A000320 | C32: 노루홀딩스 | D32: KS | E32: 357.53 | F32: 1.15 | I32: =IF((G32>$G$8),E32+ROW()/100000,"") | J32: =C32 -> 노루홀딩스 | K32: =B32 -> A000320
B33: A000370 | C33: 한화손해보험 | D33: KS | E33: 888.38 | F33: 8.16 | G33: 4 | I33: =IF((G33>$G$8),E33+ROW()/100000,"") -> 888.38033 | J33: =C33 -> 한화손해보험 | K33: =B33 -> A000370
B34: A000390 | C34: SP삼화 | D34: KS | E34: 235.85 | F34: 11.29 | I34: =IF((G34>$G$8),E34+ROW()/100000,"") | J34: =C34 -> SP삼화 | K34: =B34 -> A000390
B35: A000400 | C35: 롯데손해보험 | D35: KS | E35: 713.77 | F35: 4.72 | I35: =IF((G35>$G$8),E35+ROW()/100000,"") | J35: =C35 -> 롯데손해보험 | K35: =B35 -> A000400
B36: A000430 | C36: 대원강업 | D36: KS | E36: 274.04 | F36: 0.59 | I36: =IF((G36>$G$8),E36+ROW()/100000,"") | J36: =C36 -> 대원강업 | K36: =B36 -> A000430
B37: A000440 | C37: 중앙에너비스 | D37: KQ | E37: 121.06 | F37: 2.05 | I37: =IF((G37>$G$8),E37+ROW()/100000,"") | J37: =C37 -> 중앙에너비스 | K37: =B37 -> A000440
B38: A000480 | C38: CR홀딩스 | D38: KS | E38: 237.27 | F38: 0.28 | I38: =IF((G38>$G$8),E38+ROW()/100000,"") | J38: =C38 -> CR홀딩스 | K38: =B38 -> A000480
B39: A000490 | C39: 대동 | D39: KS | E39: 325.74 | F39: 4.85 | I39: =IF((G39>$G$8),E39+ROW()/100000,"") | J39: =C39 -> 대동 | K39: =B39 -> A000490
B40: A0004V0 | C40: 엔비알모션 | D40: KQ | E40: 229.94 | F40: 69.54 | I40: =IF((G40>$G$8),E40+ROW()/100000,"") | J40: =C40 -> 엔비알모션 | K40: =B40 -> A0004V0
B41: A000500 | C41: 가온전선 | D41: KS | E41: 1960.36 | F41: 6.73 | I41: =IF((G41>$G$8),E41+ROW()/100000,"") | J41: =C41 -> 가온전선 | K41: =B41 -> A000500
B42: A000520 | C42: 삼일제약 | D42: KS | E42: 242.51 | F42: 3.99 | G42: 1 | J42: =C42 -> 삼일제약 | K42: =B42 -> A000520
B43: A000540 | C43: 흥국화재 | D43: KS | E43: 337.27 | F43: 2.3 | I43: =IF((G43>$G$8),E43+ROW()/100000,"") | J43: =C43 -> 흥국화재 | K43: =B43 -> A000540
B44: A000590 | C44: CS홀딩스 | D44: KS | E44: 101.36 | F44: 0.1 | I44: =IF((G44>$G$8),E44+ROW()/100000,"") | J44: =C44 -> CS홀딩스 | K44: =B44 -> A000590
B45: A000640 | C45: 동아쏘시오홀딩스 | D45: KS | E45: 764.11 | F45: 1.66 | I45: =IF((G45>$G$8),E45+ROW()/100000,"") | J45: =C45 -> 동아쏘시오홀딩스 | K45: =B45 -> A000640
B46: A000650 | C46: 천일고속 | D46: KS | E46: 386.6 | F46: 22.31 | I46: =IF((G46>$G$8),E46+ROW()/100000,"") | J46: =C46 -> 천일고속 | K46: =B46 -> A000650
B47: A000660 | C47: SK하이닉스 | D47: KS | E47: 756177.21 | F47: 2520.34 | G47: 25 | I47: =IF((G47>$G$8),E47+ROW()/100000,"") -> 756177.21 | J47: =C47 -> SK하이닉스 | K47: =B47 -> A000660
B48: A000670 | C48: 영풍 | D48: KS | E48: 1167.84 | F48: 3.04 | I48: =IF((G48>$G$8),E48+ROW()/100000,"") | J48: =C48 -> 영풍 | K48: =B48 -> A000670
B49: A000680 | C49: LS네트웍스 | D49: KS | E49: 270.69 | F49: 0.95 | I49: =IF((G49>$G$8),E49+ROW()/100000,"") | J49: =C49 -> LS네트웍스 | K49: =B49 -> A000680
B50: A000700 | C50: 유수홀딩스 | D50: KS | E50: 161.46 | F50: 0.14 | I50: =IF((G50>$G$8),E50+ROW()/100000,"") | J50: =C50 -> 유수홀딩스 | K50: =B50 -> A000700
B51: A000720 | C51: 현대건설 | D51: KS | E51: 18340.29 | F51: 151.66 | G51: 21 | I51: =IF((G51>$G$8),E51+ROW()/100000,"") -> 18340.291 | J51: =C51 -> 현대건설 | K51: =B51 -> A000720
B52: A000760 | C52: 이화산업 | D52: KS | E52: 47.6 | F52: 0.66 | I52: =IF((G52>$G$8),E52+ROW()/100000,"") | J52: =C52 -> 이화산업 | K52: =B52 -> A000760
B53: A0007C0 | C53: 아크릴 | D53: KQ | E53: 328.44 | F53: 94.8 | I53: =IF((G53>$G$8),E53+ROW()/100000,"") | J53: =C53 -> 아크릴 | K53: =B53 -> A0007C0
B54: A000810 | C54: 삼성화재 | D54: KS | E54: 24385.91 | F54: 47.82 | G54: 14 | J54: =C54 -> 삼성화재 | K54: =B54 -> A000810
B55: A000850 | C55: 화천기공 | D55: KS | E55: 87.89 | F55: 1.09 | I55: =IF((G55>$G$8),E55+ROW()/100000,"") | J55: =C55 -> 화천기공 | K55: =B55 -> A000850
B56: A000860 | C56: 강남제비스코 | D56: KS | E56: 230.75 | F56: 0.93 | I56: =IF((G56>$G$8),E56+ROW()/100000,"") | J56: =C56 -> 강남제비스코 | K56: =B56 -> A000860
B57: A000880 | C57: 한화 | D57: KS | E57: 10239.36 | F57: 47.82 | G57: 10 | I57: =IF((G57>$G$8),E57+ROW()/100000,"") -> 10239.361 | J57: =C57 -> 한화 | K57: =B57 -> A000880
B58: A000890 | C58: 보해양조 | D58: KS | E58: 68.23 | F58: 0.35 | I58: =IF((G58>$G$8),E58+ROW()/100000,"") | J58: =C58 -> 보해양조 | K58: =B58 -> A000890
B59: A0008Z0 | C59: 에스엔시스 | D59: KQ | E59: 307.16 | F59: 7.46 | G59: 1 | I59: =IF((G59>$G$8),E59+ROW()/100000,"") -> 307.16059 | J59: =C59 -> 에스엔시스 | K59: =B59 -> A0008Z0
B60: A000910 | C60: 유니온 | D60: KS | E60: 67.36 | F60: 2.78 | I60: =IF((G60>$G$8),E60+ROW()/100000,"") | J60: =C60 -> 유니온 | K60: =B60 -> A000910
B61: A000950 | C61: 전방 | D61: KS | E61: 67.37 | F61: 0.19 | I61: =IF((G61>$G$8),E61+ROW()/100000,"") | J61: =C61 -> 전방 | K61: =B61 -> A000950
B62: A000970 | C62: 한국주철관 | D62: KS | E62: 158.92 | F62: 0.25 | J62: =C62 -> 한국주철관 | K62: =B62 -> A000970
B63: A000990 | C63: DB하이텍 | D63: KS | E63: 4163.39 | F63: 39.29 | G63: 2 | I63: =IF((G63>$G$8),E63+ROW()/100000,"") -> 4163.3906 | J63: =C63 -> DB하이텍 | K63: =B63 -> A000990
B64: A0009K0 | C64: 에임드바이오 | D64: KQ | E64: 3977.28 | F64: 108.5 | I64: =IF((G64>$G$8),E64+ROW()/100000,"") | J64: =C64 -> 에임드바이오 | K64: =B64 -> A0009K0
B65: A001000 | C65: 신라섬유 | D65: KQ | E65: 54.75 | F65: 0.76 | I65: =IF((G65>$G$8),E65+ROW()/100000,"") | J65: =C65 -> 신라섬유 | K65: =B65 -> A001000
B66: A001020 | C66: 페이퍼코리아 | D66: KS | E66: 151.11 | F66: 0.2 | I66: =IF((G66>$G$8),E66+ROW()/100000,"") | J66: =C66 -> 페이퍼코리아 | K66: =B66 -> A001020
B67: A001040 | C67: CJ | D67: KS | E67: 6375.17 | F67: 28.65 | G67: 6 | I67: =IF((G67>$G$8),E67+ROW()/100000,"") -> 6375.1707 | J67: =C67 -> CJ | K67: =B67 -> A001040
B68: A001060 | C68: JW중외제약 | D68: KS | E68: 842.95 | F68: 3.28 | I68: =IF((G68>$G$8),E68+ROW()/100000,"") | J68: =C68 -> JW중외제약 | K68: =B68 -> A001060
B69: A001070 | C69: 대한방직 | D69: KS | E69: 39.59 | F69: 0.15 | I69: =IF((G69>$G$8),E69+ROW()/100000,"") | J69: =C69 -> 대한방직 | K69: =B69 -> A001070
B70: A001080 | C70: 만호제강 | D70: KS | E70: 225.76 | F70: 0.95 | I70: =IF((G70>$G$8),E70+ROW()/100000,"") | J70: =C70 -> 만호제강 | K70: =B70 -> A001080
B71: A0010V0 | C71: 제이피아이헬스케어 | D71: KQ | E71: 67.9 | F71: 6.47 | I71: =IF((G71>$G$8),E71+ROW()/100000,"") | J71: =C71 -> 제이피아이헬스케어 | K71: =B71 -> A0010V0
B72: A001120 | C72: LX인터내셔널 | D72: KS | E72: 1651.18 | F72: 4.84 | G72: 7 | J72: =C72 -> LX인터내셔널 | K72: =B72 -> A001120
B73: A001130 | C73: 대한제분 | D73: KS | E73: 262.96 | F73: 0.45 | I73: =IF((G73>$G$8),E73+ROW()/100000,"") | J73: =C73 -> 대한제분 | K73: =B73 -> A001130
B74: A001200 | C74: 유진투자증권 | D74: KS | E74: 513.39 | F74: 8.3 | I74: =IF((G74>$G$8),E74+ROW()/100000,"") | J74: =C74 -> 유진투자증권 | K74: =B74 -> A001200
B75: A001210 | C75: 금호전기 | D75: KS | E75: 57.74 | F75: 2.79 | I75: =IF((G75>$G$8),E75+ROW()/100000,"") | J75: =C75 -> 금호전기 | K75: =B75 -> A001210
B76: A001230 | C76: 동국홀딩스 | D76: KS | E76: 313.55 | F76: 0.6 | I76: =IF((G76>$G$8),E76+ROW()/100000,"") | J76: =C76 -> 동국홀딩스 | K76: =B76 -> A001230
B77: A001250 | C77: GS글로벌 | D77: KS | E77: 214.59 | F77: 1.16 | I77: =IF((G77>$G$8),E77+ROW()/100000,"") | J77: =C77 -> GS글로벌 | K77: =B77 -> A001250
B78: A001260 | C78: 남광토건 | D78: KS | E78: 86.43 | F78: 0.78 | I78: =IF((G78>$G$8),E78+ROW()/100000,"") | J78: =C78 -> 남광토건 | K78: =B78 -> A001260
B79: A001270 | C79: 부국증권 | D79: KS | E79: 936.4 | F79: 6.59 | I79: =IF((G79>$G$8),E79+ROW()/100000,"") | J79: =C79 -> 부국증권 | K79: =B79 -> A001270
B80: A001290 | C80: 상상인증권 | D80: KS | E80: 162.51 | F80: 2.86 | J80: =C80 -> 상상인증권 | K80: =B80 -> A001290
B81: A001340 | C81: PKC | D81: KS | E81: 309.49 | F81: 1.18 | G81: 1 | J81: =C81 -> PKC | K81: =B81 -> A001340
B82: A001360 | C82: 삼성제약 | D82: KS | E82: 187.48 | F82: 3.77 | I82: =IF((G82>$G$8),E82+ROW()/100000,"") | J82: =C82 -> 삼성제약 | K82: =B82 -> A001360
B83: A001380 | C83: SG글로벌 | D83: KS | E83: 70.95 | F83: 0.5 | I83: =IF((G83>$G$8),E83+ROW()/100000,"") | J83: =C83 -> SG글로벌 | K83: =B83 -> A001380
B84: A001390 | C84: KG케미칼 | D84: KS | E84: 365.75 | F84: 2.58 | I84: =IF((G84>$G$8),E84+ROW()/100000,"") | J84: =C84 -> KG케미칼 | K84: =B84 -> A001390
B85: A0013V0 | C85: 삼진식품 | D85: KQ | E85: 107.02 | F85: 35.43 | G85: 1 | I85: =IF((G85>$G$8),E85+ROW()/100000,"") -> 107.02085 | J85: =C85 -> 삼진식품 | K85: =B85 -> A0013V0
B86: A001420 | C86: 태원물산 | D86: KS | E86: 22.31 | F86: 0.04 | I86: =IF((G86>$G$8),E86+ROW()/100000,"") | J86: =C86 -> 태원물산 | K86: =B86 -> A001420
B87: A001430 | C87: 세아베스틸지주 | D87: KS | E87: 2478.07 | F87: 17.83 | G87: 9 | J87: =C87 -> 세아베스틸지주 | K87: =B87 -> A001430
B88: A001440 | C88: 대한전선 | D88: KS | E88: 6712.1 | F88: 112.8 | G88: 5 | I88: =IF((G88>$G$8),E88+ROW()/100000,"") -> 6712.1009 | J88: =C88 -> 대한전선 | K88: =B88 -> A001440
B89: A001450 | C89: 현대해상 | D89: KS | E89: 3070.89 | F89: 16.58 | G89: 12 | I89: =IF((G89>$G$8),E89+ROW()/100000,"") -> 3070.8909 | J89: =C89 -> 현대해상 | K89: =B89 -> A001450
B90: A001460 | C90: BYC | D90: KS | E90: 327.92 | F90: 0.52 | I90: =IF((G90>$G$8),E90+ROW()/100000,"") | J90: =C90 -> BYC | K90: =B90 -> A001460
B91: A001470 | C91: 삼부토건 | D91: KS | E91: 79.7 | F91: 0 | I91: =IF((G91>$G$8),E91+ROW()/100000,"") | J91: =C91 -> 삼부토건 | K91: =B91 -> A001470
B92: A001500 | C92: 현대차증권 | D92: KS | E92: 806.92 | F92: 4.69 | I92: =IF((G92>$G$8),E92+ROW()/100000,"") | J92: =C92 -> 현대차증권 | K92: =B92 -> A001500
B93: A001510 | C93: SK증권 | D93: KS | E93: 1004.25 | F93: 25.9 | I93: =IF((G93>$G$8),E93+ROW()/100000,"") | J93: =C93 -> SK증권 | K93: =B93 -> A001510
B94: A001520 | C94: 동양 | D94: KS | E94: 230.57 | F94: 15.36 | I94: =IF((G94>$G$8),E94+ROW()/100000,"") | J94: =C94 -> 동양 | K94: =B94 -> A001520
B95: A001530 | C95: DI동일 | D95: KS | E95: 474.49 | F95: 2.76 | G95: 1 | I95: =IF((G95>$G$8),E95+ROW()/100000,"") -> 474.49095 | J95: =C95 -> DI동일 | K95: =B95 -> A001530
B96: A001540 | C96: 안국약품 | D96: KQ | E96: 105.25 | F96: 0.36 | J96: =C96 -> 안국약품 | K96: =B96 -> A001540
B97: A001550 | C97: 조비 | D97: KS | E97: 75.75 | F97: 1.87 | I97: =IF((G97>$G$8),E97+ROW()/100000,"") | J97: =C97 -> 조비 | K97: =B97 -> A001550
B98: A001560 | C98: 제일연마 | D98: KS | E98: 97.8 | F98: 0.08 | I98: =IF((G98>$G$8),E98+ROW()/100000,"") | J98: =C98 -> 제일연마 | K98: =B98 -> A001560
B99: A001570 | C99: 금양 | D99: KS | E99: 633.28 | F99: 0 | J99: =C99 -> 금양 | K99: =B99 -> A001570
B100: A0015G0 | C100: 그린광학 | D100: KQ | E100: 488 | F100: 81.76 | G100: 1 | I100: =IF((G100>$G$8),E100+ROW()/100000,"") -> 488.001 | J100: =C100 -> 그린광학 | K100: =B100 -> A0015G0
B101: A0015N0 | C101: 아로마티카 | D101: KQ | E101: 165.3 | F101: 32.08 | I101: =IF((G101>$G$8),E101+ROW()/100000,"") | J101: =C101 -> 아로마티카 | K101: =B101 -> A0015N0
...

Sheet 코엑트 코스닥액티브(과거)
A1: Refresh | B1: Last Update : 2026-07-01 17:01:48 | C1: 코드|구성종목|주식수(계약수)|금액|금액기준 구성비중(%)|
C2: A|B|C|D|
C3: ETP Components per CU
A4: Date | B4: 20260619 | C4: Korean
A5: BaseOrder | B5: D | C5: Descending
A8: A0163Y0
A9: KoAct 코스닥액티브
A10: 코드 | B10: 구성종목 | C10: 주식수(계약수) | D10: 금액 | E10: 금액기준 구성비중(%)
A11: A095610 | B11: 테스 | C11: 280 | D11: 46536000 | E11: 8.1
A12: A058470 | B12: 리노공업 | C12: 403 | D12: 37317800 | E12: 6.49
A13: A043260 | B13: 성호전자 | C13: 796 | D13: 30367400 | E13: 5.28
A14: A222800 | B14: 심텍 | C14: 162 | D14: 20136600 | E14: 3.5
A15: A183300 | B15: 코미코 | C15: 168 | D15: 17673600 | E15: 3.08
A16: A356860 | B16: 티엘비 | C16: 199 | D16: 17253300 | E16: 3
A17: A196170 | B17: 알테오젠 | C17: 48 | D17: 16968000 | E17: 2.95
A18: A178320 | B18: 서진시스템 | C18: 239 | D18: 16132500 | E18: 2.81
A19: A440110 | B19: 파두 | C19: 151 | D19: 15311400 | E19: 2.66
A20: A131970 | B20: 두산테스나 | C20: 112 | D20: 15052800 | E20: 2.62
A21: A319660 | B21: 피에스케이 | C21: 85 | D21: 14025000 | E21: 2.44
A22: A298380 | B22: 에이비엘바이오 | C22: 140 | D22: 13874000 | E22: 2.41
... A89: A206640 | B89: 바디텍메드 | C89: 25 | D89: 266250 | E89: 0.05
B90: 원화현금 | C90: -5285493 | D90: -5285493

Sheet 타임 코스닥액티브
A1: Refresh | B1: Last Update : 2026-07-01 17:01:56 | C1: 코드|구성종목|주식수(계약수)|금액|금액기준 구성비중(%)|
C2: A|B|C|D|
C3: ETP Components per CU
A4: Date | B4: CPD [20260701] | C4: Korean
A5: BaseOrder | B5: D | C5: Descending
A8: A0162Y0
A9: TIME 코스닥액티브
A10: 코드 | B10: 구성종목 | C10: 주식수(계약수) | D10: 금액 | E10: 금액기준 구성비중(%)
A11: A095610 | B11: 테스 | C11: 236 | D11: 50268000 | E11: 10.24
A12: A064290 | B12: 인텍플러스 | C12: 549 | D12: 26626500 | E12: 5.42
A13: A240810 | B13: 원익IPS | C13: 156 | D13: 25833600 | E13: 5.26
A14: A036930 | B14: 주성엔지니어링 | C14: 101 | D14: 24442000 | E14: 4.98
A15: A420770 | B15: 기가비스 | C15: 100 | D15: 18920000 | E15: 3.85
A16: A196170 | B16: 알테오젠 | C16: 49 | D16: 17542000 | E16: 3.57
A17: A319660 | B17: 피에스케이 | C17: 79 | D17: 16708500 | E17: 3.4
A18: A222800 | B18: 심텍 | C18: 99 | D18: 15572700 | E18: 3.17
A19: A080220 | B19: 제주반도체 | C19: 150 | D19: 15495000 | E19: 3.16
A20: A067310 | B20: 하나마이크론 | C20: 249 | D20: 12773700 | E20: 2.6
A21: A031980 | B21: 피에스케이홀딩스 | C21: 69 | D21: 11488500 | E21: 2.34
A22: A059090 | B22: 미코 | C22: 521 | D22: 10154290 | E22: 2.07
... A71: A310210 | B71: 보로노이 | C71: 7 | D71: 1327200 | E71: 0.27
B72: 원화현금 | C72: 6747417 | D72: 6747417 | E72: 1.37

Sheet 타임코스닥액티브(과거)
A1: Refresh | B1: Last Update : 2026-07-01 17:02:03 | C1: 코드|구성종목|주식수(계약수)|금액|금액기준 구성비중(%)|
C2: A|B|C|D|
C3: ETP Components per CU
A4: Date | B4: 20260619 | C4: Korean
A5: BaseOrder | B5: D | C5: Descending
A8: A0162Y0
A9: TIME 코스닥액티브
A10: 코드 | B10: 구성종목 | C10: 주식수(계약수) | D10: 금액 | E10: 금액기준 구성비중(%)
A11: A095610 | B11: 테스 | C11: 236 | D11: 39223200 | E11: 8.18
A12: A064290 | B12: 인텍플러스 | C12: 549 | D12: 25391250 | E12: 5.3
A13: A240810 | B13: 원익IPS | C13: 156 | D13: 24336000 | E13: 5.08
A14: A080220 | B14: 제주반도체 | C14: 210 | D14: 24003000 | E14: 5.01
A15: A403870 | B15: HPSP | C15: 351 | D15: 19866600 | E15: 4.15
A16: A036930 | B16: 주성엔지니어링 | C16: 101 | D16: 19503100 | E16: 4.07
A17: A420770 | B17: 기가비스 | C17: 100 | D17: 13900000 | E17: 2.9
A18: A222800 | B18: 심텍 | C18: 99 | D18: 12305700 | E18: 2.57
A19: A067310 | B19: 하나마이크론 | C19: 249 | D19: 12201000 | E19: 2.55
A20: A183300 | B20: 코미코 | C20: 109 | D20: 11466800 | E20: 2.39
A21: A059090 | B21: 미코 | C21: 521 | D21: 10758650 | E21: 2.25
A22: A108490 | B22: 로보티즈 | C22: 36 | D22: 10332000 | E22: 2.16
... A70: A310210 | B70: 보로노이 | C70: 7 | D70: 1364300 | E70: 0.28
B71: 원화현금 | C71: 8111117 | D71: 8111117 | E71: 1.69

Sheet 플러스코스닥액티브
A1: Refresh | B1: Last Update : 2026-07-01 17:02:09 | C1: 코드|구성종목|주식수(계약수)|금액|금액기준 구성비중(%)|
C2: A|B|C|D|
C3: ETP Components per CU
A4: Date | B4: CPD [20260701] | C4: Korean
A5: BaseOrder | B5: D | C5: Descending
A8: A0166N0
A9: PLUS 코스닥150액티브
A10: 코드 | B10: 구성종목 | C10: 주식수(계약수) | D10: 금액 | E10: 금액기준 구성비중(%)
A11: A178320 | B11: 서진시스템 | C11: 655 | D11: 36942000 | E11: 7.5
A12: A393890 | B12: 더블유씨피 | C12: 3020 | D12: 32767000 | E12: 6.65
A13: A458870 | B13: 씨어스 | C13: 756 | D13: 30126600 | E13: 6.11
A14: A089970 | B14: 브이엠 | C14: 150 | D14: 17955000 | E14: 3.64
A15: A031980 | B15: 피에스케이홀딩스 | C15: 107 | D15: 17815500 | E15: 3.61
A16: A347700 | B16: 스피어 | C16: 612 | D16: 17166600 | E16: 3.48
A17: A126340 | B17: 비나텍 | C17: 140 | D17: 15078000 | E17: 3.06
A18: A095610 | B18: 테스 | C18: 65 | D18: 13845000 | E18: 2.81
A19: A297090 | B19: 씨에스베어링 | C19: 3054 | D19: 13559760 | E19: 2.75
A20: A183300 | B20: 코미코 | C20: 142 | D20: 12993000 | E20: 2.64
A21: A107640 | B21: 한중엔시에스 | C21: 340 | D21: 12784000 | E21: 2.59
A22: A319660 | B22: 피에스케이 | C22: 60 | D22: 12690000 | E22: 2.57
... A80: A0011T0 | B80: 채비 | C80: 34 | D80: 234600 | E80: 0.05
B81: 원화현금 | C81: 2429119 | D81: 2429119 | E81: 0.49

Sheet 플러스코스닥액티브(과거)
A1: Refresh | B1: Last Update : 2026-07-01 17:02:12 | C1: 코드|구성종목|주식수(계약수)|금액|금액기준 구성비중(%)|
C2: A|B|C|D|
C3: ETP Components per CU
A4: Date | B4: 20260619 | C4: Korean
A5: BaseOrder | B5: D | C5: Descending
A8: A0166N0
A9: PLUS 코스닥150액티브
A10: 코드 | B10: 구성종목 | C10: 주식수(계약수) | D10: 금액 | E10: 금액기준 구성비중(%)
A11: A178320 | B11: 서진시스템 | C11: 491 | D11: 33142500 | E11: 6.82
A12: A393890 | B12: 더블유씨피 | C12: 2663 | D12: 31236990 | E12: 6.43
A13: A458870 | B13: 씨어스 | C13: 944 | D13: 30585600 | E13: 6.3
A14: A126340 | B14: 비나텍 | C14: 142 | D14: 17295600 | E14: 3.56
A15: A183300 | B15: 코미코 | C15: 142 | D15: 14938400 | E15: 3.08
A16: A064850 | B16: 에프앤가이드 | C16: 567 | D16: 14515200 | E16: 2.99
A17: A107640 | B17: 한중엔시에스 | C17: 340 | D17: 13515000 | E17: 2.78
A18: A297090 | B18: 씨에스베어링 | C18: 3054 | D18: 13376520 | E18: 2.75
A19: A131970 | B19: 두산테스나 | C19: 98 | D19: 13171200 | E19: 2.71
A20: A031980 | B20: 피에스케이홀딩스 | C20: 116 | D20: 13050000 | E20: 2.69
A21: A089970 | B21: 브이엠 | C21: 144 | D21: 12729600 | E21: 2.62
A22: A347700 | B22: 스피어 | C22: 493 | D22: 12448250 | E22: 2.56
... A84: A0011T0 | B84: 채비 | C84: 34 | D84: 263500 | E84: 0.05
B85: 원화현금 | C85: 3594595 | D85: 3594595 | E85: 0.74

Sheet UNICORN SK하이닉스밸류체인액티브
A1: Refresh | B1: Last Update : 2026-07-01 17:02:16 | C1: 코드|구성종목|주식수(계약수)|금액|금액기준 구성비중(%)|
C2: A|B|C|D|
C3: ETP Components per CU
A4: Date | B4: CPD [20260701] | C4: Korean
A5: BaseOrder | B5: D | C5: Descending
A8: A494220
A9: UNICORN SK하이닉스밸류체인액티브
A10: 코드 | B10: 구성종목 | C10: 주식수(계약수) | D10: 금액 | E10: 금액기준 구성비중(%)
A11: A402340 | B11: SK스퀘어 | C11: 409 | D11: 718613000 | E11: 21.64
A12: A000660 | B12: SK하이닉스 | C12: 275 | D12: 704000000 | E12: 21.2
A13: A089970 | B13: 브이엠 | C13: 1419 | D13: 169854300 | E13: 5.11
A14: A319660 | B14: 피에스케이 | C14: 775 | D14: 163912500 | E14: 4.94
A15: A009150 | B15: 삼성전기 | C15: 71 | D15: 156555000 | E15: 4.71
A16: A031980 | B16: 피에스케이홀딩스 | C16: 879 | D16: 146353500 | E16: 4.41
A17: A011070 | B17: LG이노텍 | C17: 151 | D17: 136957000 | E17: 4.12
A18: A084370 | B18: 유진테크 | C18: 563 | D18: 116259500 | E18: 3.5
A19: A222800 | B19: 심텍 | C19: 708 | D19: 111368400 | E19: 3.35
A20: A064760 | B20: 티씨케이 | C20: 379 | D20: 108962500 | E20: 3.28
A21: A252990 | B21: 샘씨엔에스 | C21: 7076 | D21: 99064000 | E21: 2.98
A22: A003160 | B22: 디아이 | C22: 2964 | D22: 85066800 | E22: 2.56
... A32: A322310 | B32: 오로스테크놀로지 | C32: 1005 | D32: 23064750 | E32: 0.69
B33: 원화현금 | C33: 17256163 | D33: 17256163 | E33: 0.52

Sheet UNICORN SK하이닉스밸류체인액티브(과거)
A1: Refresh | B1: Last Update : 2026-07-01 17:02:21 | C1: 코드|구성종목|주식수(계약수)|금액|금액기준 구성비중(%)|
C2: A|B|C|D|
C3: ETP Components per CU
A4: Date | B4: 20260619 | C4: Korean
A5: BaseOrder | B5: D | C5: Descending
A8: A494220
A9: UNICORN SK하이닉스밸류체인액티브
A10: 코드 | B10: 구성종목 | C10: 주식수(계약수) | D10: 금액 | E10: 금액기준 구성비중(%)
A11: A402340 | B11: SK스퀘어 | C11: 466 | D11: 829480000 | E11: 25.47
A12: A000660 | B12: SK하이닉스 | C12: 292 | D12: 807088000 | E12: 24.78
A13: A009150 | B13: 삼성전기 | C13: 59 | D13: 133930000 | E13: 4.11
A14: A319660 | B14: 피에스케이 | C14: 775 | D14: 127875000 | E14: 3.93
A15: A089970 | B15: 브이엠 | C15: 1419 | D15: 125439600 | E15: 3.85
A16: A011070 | B16: LG이노텍 | C16: 98 | D16: 112210000 | E16: 3.45
A17: A252990 | B17: 샘씨엔에스 | C17: 7076 | D17: 101257560 | E17: 3.11
A18: A031980 | B18: 피에스케이홀딩스 | C18: 879 | D18: 98887500 | E18: 3.04
A19: A064760 | B19: 티씨케이 | C19: 379 | D19: 97971500 | E19: 3.01
A20: A084370 | B20: 유진테크 | C20: 563 | D20: 94358800 | E20: 2.9
A21: A222800 | B21: 심텍 | C21: 708 | D21: 88004400 | E21: 2.7
A22: A039030 | B22: 이오테크닉스 | C22: 170 | D22: 84745000 | E22: 2.6
... A32: A322310 | B32: 오로스테크놀로지 | C32: 1005 | D32: 27738000 | E32: 0.85
B33: 원화현금 | C33: 45095434 | D33: 45095434 | E33: 1.38

Sheet WON 반도체밸류체인액티브
A1: Refresh | B1: Last Update : 2026-07-01 17:02:24 | C1: 코드|구성종목|주식수(계약수)|금액|금액기준 구성비중(%)|
C2: A|B|C|D|
C3: ETP Components per CU
A4: Date | B4: CPD [20260701] | C4: Korean
A5: BaseOrder | B5: D | C5: Descending
A8: A474590
A9: WON 반도체밸류체인액티브
A10: 코드 | B10: 구성종목 | C10: 주식수(계약수) | D10: 금액 | E10: 금액기준 구성비중(%)
A11: A000660 | B11: SK하이닉스 | C11: 283 | D11: 724480000 | E11: 24.76
A12: A005930 | B12: 삼성전자 | C12: 1923 | D12: 604783500 | E12: 20.67
A13: A420770 | B13: 기가비스 | C13: 853 | D13: 161387600 | E13: 5.52
A14: A402340 | B14: SK스퀘어 | C14: 86 | D14: 151102000 | E14: 5.16
A15: A009150 | B15: 삼성전기 | C15: 67 | D15: 147735000 | E15: 5.05
A16: A031980 | B16: 피에스케이홀딩스 | C16: 839 | D16: 139693500 | E16: 4.77
A17: A319660 | B17: 피에스케이 | C17: 642 | D17: 135783000 | E17: 4.64
A18: A089970 | B18: 브이엠 | C18: 1111 | D18: 132986700 | E18: 4.55
A19: A353200 | B19: 대덕전자 | C19: 766 | D19: 118270400 | E19: 4.04
A20: A036930 | B20: 주성엔지니어링 | C20: 403 | D20: 97526000 | E20: 3.33
A21: A039030 | B21: 이오테크닉스 | C21: 198 | D21: 86130000 | E21: 2.94
A22: A095610 | B22: 테스 | C22: 393 | D22: 83709000 | E22: 2.86
... A31: A218410 | B31: RFHIC | C31: 181 | D31: 11674500 | E31: 0.4
B32: 원화예금 | C32: 56510574

Sheet WON 반도체밸류체인액티브(과거)
A1: Refresh | B1: Last Update : 2026-07-01 17:02:28 | C1: 코드|구성종목|주식수(계약수)|금액|금액기준 구성비중(%)|
C2: A|B|C|D|
C3: ETP Components per CU
A4: Date | B4: 20260619 | C4: Korean
A5: BaseOrder | B5: D | C5: Descending
A8: A474590
A9: WON 반도체밸류체인액티브
A10: 코드 | B10: 구성종목 | C10: 주식수(계약수) | D10: 금액 | E10: 금액기준 구성비중(%)
A11: A000660 | B11: SK하이닉스 | C11: 283 | D11: 782212000 | E11: 27.1
A12: A005930 | B12: 삼성전자 | C12: 1923 | D12: 680742000 | E12: 23.58
A13: A402340 | B13: SK스퀘어 | C13: 86 | D13: 153080000 | E13: 5.3
A14: A009150 | B14: 삼성전기 | C14: 67 | D14: 152090000 | E14: 5.27
A15: A353200 | B15: 대덕전자 | C15: 766 | D15: 119725800 | E15: 4.15
A16: A420770 | B16: 기가비스 | C16: 853 | D16: 118567000 | E16: 4.11
A17: A319660 | B17: 피에스케이 | C17: 642 | D17: 105930000 | E17: 3.67
A18: A039030 | B18: 이오테크닉스 | C18: 198 | D18: 98703000 | E18: 3.42
A19: A089970 | B19: 브이엠 | C19: 1111 | D19: 98212400 | E19: 3.4
A20: A031980 | B20: 피에스케이홀딩스 | C20: 839 | D20: 94387500 | E20: 3.27
A21: A036930 | B21: 주성엔지니어링 | C21: 403 | D21: 77819300 | E21: 2.7
A22: A095610 | B22: 테스 | C22: 393 | D22: 65316600 | E22: 2.26
... A31: A218410 | B31: RFHIC | C31: 181 | D31: 13231100 | E31: 0.46
B32: 원화예금 | C32: 63837002

Sheet RISE 비메모리반도체액티브
A1: Refresh | B1: Last Update : 2026-07-01 17:02:31 | C1: 코드|구성종목|주식수(계약수)|금액|금액기준 구성비중(%)|
C2: A|B|C|D|
C3: ETP Components per CU
A4: Date | B4: CPD [20260701] | C4: Korean
A5: BaseOrder | B5: D | C5: Descending
A8: A388420
A9: RISE 비메모리반도체액티브
A10: 코드 | B10: 구성종목 | C10: 주식수(계약수) | D10: 금액 | E10: 금액기준 구성비중(%)
A11: A005930 | B11: 삼성전자 | C11: 583 | D11: 183353500 | E11: 23.94
A12: A000660 | B12: SK하이닉스 | C12: 62 | D12: 158720000 | E12: 20.72
A13: A222800 | B13: 심텍 | C13: 381 | D13: 59931300 | E13: 7.82
A14: A009150 | B14: 삼성전기 | C14: 23 | D14: 50715000 | E14: 6.62
A15: A089970 | B15: 브이엠 | C15: 379 | D15: 45366300 | E15: 5.92
A16: A353200 | B16: 대덕전자 | C16: 225 | D16: 34740000 | E16: 4.54
A17: A058470 | B17: 리노공업 | C17: 416 | D17: 33987200 | E17: 4.44
A18: A074600 | B18: 원익QnC | C18: 855 | D18: 31506750 | E18: 4.11
A19: A007660 | B19: 이수페타시스 | C19: 216 | D19: 28706400 | E19: 3.75
A20: A319660 | B20: 피에스케이 | C20: 131 | D20: 27706500 | E20: 3.62
A21: A183300 | B21: 코미코 | C21: 290 | D21: 26535000 | E21: 3.46
A22: A420770 | B22: 기가비스 | C22: 138 | D22: 26109600 | E22: 3.41
... A25: A403870 | B25: HPSP | C25: 189 | D25: 9487800 | E25: 1.24
B26: 원화현금 | C26: -1913109 | D26: -1913109

Sheet RISE 비메모리반도체액티브(과거)
A1: Refresh | B1: Last Update : 2026-07-01 17:02:34 | C1: 코드|구성종목|주식수(계약수)|금액|금액기준 구성비중(%)|
C2: A|B|C|D|
C3: ETP Components per CU
A4: Date | B4: 20260619 | C4: Korean
A5: BaseOrder | B5: D | C5: Descending
A8: A388420
A9: RISE 비메모리반도체액티브
A10: 코드 | B10: 구성종목 | C10: 주식수(계약수) | D10: 금액 | E10: 금액기준 구성비중(%)
A11: A005930 | B11: 삼성전자 | C11: 583 | D11: 206382000 | E11: 26.03
A12: A000660 | B12: SK하이닉스 | C12: 62 | D12: 171368000 | E12: 21.62
A13: A009150 | B13: 삼성전기 | C13: 23 | D13: 52210000 | E13: 6.59
A14: A222800 | B14: 심텍 | C14: 381 | D14: 47358300 | E14: 5.97
A15: A058470 | B15: 리노공업 | C15: 416 | D15: 38521600 | E15: 4.86
A16: A353200 | B16: 대덕전자 | C16: 225 | D16: 35167500 | E16: 4.44
A17: A330860 | B17: 네패스아크 | C17: 637 | D17: 32041100 | E17: 4.04
A18: A089970 | B18: 브이엠 | C18: 348 | D18: 30763200 | E18: 3.88
A19: A403870 | B19: HPSP | C19: 541 | D19: 30620600 | E19: 3.86
A20: A183300 | B20: 코미코 | C20: 290 | D20: 30508000 | E20: 3.85
A21: A074600 | B21: 원익QnC | C21: 855 | D21: 30480750 | E21: 3.85
A22: A007660 | B22: 이수페타시스 | C22: 261 | D22: 30041100 | E22: 3.79
... A24: A036930 | B24: 주성엔지니어링 | C24: 140 | D24: 27034000 | E24: 3.41
B25: 원화현금 | C25: 1065682 | D25: 1065682 | E25: 0.13

Sheet KoAct 코스닥액티브
A1: Refresh | B1: Last Update : 2026-07-01 17:02:37 | C1: 코드|구성종목|주식수(계약수)|금액|금액기준 구성비중(%)|
C2: A|B|C|D|
C3: ETP Components per CU
A4: Date | B4: CPD [20260701] | C4: Korean
A5: BaseOrder | B5: D | C5: Descending
A8: 0204S0
A9: TIGER 코스닥액티브
A10: 코드 | B10: 구성종목 | C10: 주식수(계약수) | D10: 금액 | E10: 금액기준 구성비중(%)
A11: A222800 | B11: 심텍 | C11: 37 | D11: 5820100 | E11: 6.62
A12: A089970 | B12: 브이엠 | C12: 47 | D12: 5625900 | E12: 6.4
A13: A170920 | B13: 엘티씨 | C13: 98 | D13: 5419400 | E13: 6.16
A14: A080220 | B14: 제주반도체 | C14: 48 | D14: 4958400 | E14: 5.64
A15: A095610 | B15: 테스 | C15: 23 | D15: 4899000 | E15: 5.57
A16: A290650 | B16: 엘앤씨바이오 | C16: 43 | D16: 3900100 | E16: 4.44
A17: A252990 | B17: 샘씨엔에스 | C17: 277 | D17: 3878000 | E17: 4.41
A18: A347850 | B18: 디앤디파마텍 | C18: 40 | D18: 3696000 | E18: 4.2
A19: A196170 | B19: 알테오젠 | C19: 10 | D19: 3580000 | E19: 4.07
A20: A033160 | B20: 엠케이전자 | C20: 154 | D20: 2830520 | E20: 3.22
A21: A319660 | B21: 피에스케이 | C21: 11 | D21: 2326500 | E21: 2.65
A22: A141080 | B22: 리가켐바이오 | C22: 14 | D22: 2100000 | E22: 2.39
... A56: A382800 | B56: 지앤비에스 에코 | C56: 75 | D56: 381000 | E56: 0.43
B57: 원화현금 | C57: -262497 | D57: -262497

Sheet KoAct 코스닥액티브(과거)
A1: Refresh | B1: Last Update : 2026-07-01 17:02:41 | C1: 코드|구성종목|주식수(계약수)|금액|금액기준 구성비중(%)|
C2: A|B|C|D|
C3: ETP Components per CU
A4: Date | B4: 20260619 | C4: Korean
A5: BaseOrder | B5: D | C5: Descending
A8: 0204S0
A9: TIGER 코스닥액티브
A10: 코드 | B10: 구성종목 | C10: 주식수(계약수) | D10: 금액 | E10: 금액기준 구성비중(%)
A11: A170920 | B11: 엘티씨 | C11: 110 | D11: 5577000 | E11: 6.25
A12: A080220 | B12: 제주반도체 | C12: 45 | D12: 5143500 | E12: 5.76
A13: A347850 | B13: 디앤디파마텍 | C13: 40 | D13: 4448000 | E13: 4.98
A14: A033160 | B14: 엠케이전자 | C14: 154 | D14: 4312000 | E14: 4.83
A15: A089970 | B15: 브이엠 | C15: 47 | D15: 4154800 | E15: 4.66
A16: A252990 | B16: 샘씨엔에스 | C16: 277 | D16: 3963870 | E16: 4.44
A17: A196170 | B17: 알테오젠 | C17: 11 | D17: 3888500 | E17: 4.36
A18: A356860 | B18: 티엘비 | C18: 38 | D18: 3294600 | E18: 3.69
A19: A095340 | B19: ISC | C19: 17 | D19: 3162000 | E19: 3.54
A20: A222800 | B20: 심텍 | C20: 25 | D20: 3107500 | E20: 3.48
A21: A131970 | B21: 두산테스나 | C21: 23 | D21: 3091200 | E21: 3.46
A22: A095610 | B22: 테스 | C22: 16 | D22: 2659200 | E22: 2.98
... A54: A452430 | B54: 사피엔반도체 | C54: 6 | D54: 199500 | E54: 0.22
B55: 원화현금 | C55: 1730637 | D55: 1730637 | E55: 1.94

Sheet KoAct 배당성장액티브
A1: Refresh | B1: Last Update : 2026-07-01 17:02:47 | C1: 코드|구성종목|주식수(계약수)|금액|금액기준 구성비중(%)|
C2: A|B|C|D|
C3: ETP Components per CU
A4: Date | B4: CPD [20260701] | C4: Korean
A5: BaseOrder | B5: D | C5: Descending
A8: A476850
A9: KoAct 배당성장액티브
A10: 코드 | B10: 구성종목 | C10: 주식수(계약수) | D10: 금액 | E10: 금액기준 구성비중(%)
A11: A000660 | B11: SK하이닉스 | C11: 113 | D11: 289280000 | E11: 22.68
A12: A005935 | B12: 삼성전자우 | C12: 1403 | D12: 286913500 | E12: 22.49
A13: A329180 | B13: HD현대중공업 | C13: 89 | D13: 54735000 | E13: 4.29
A14: A402340 | B14: SK스퀘어 | C14: 26 | D14: 45682000 | E14: 3.58
A15: A071050 | B15: 한국금융지주 | C15: 133 | D15: 30324000 | E15: 2.38
A16: A009150 | B16: 삼성전기 | C16: 13 | D16: 28665000 | E16: 2.25
A17: A105560 | B17: KB금융 | C17: 157 | D17: 24884500 | E17: 1.95
A18: A039490 | B18: 키움증권 | C18: 61 | D18: 21197500 | E18: 1.66
A19: A009540 | B19: HD한국조선해양 | C19: 57 | D19: 20434500 | E19: 1.6
A20: A383220 | B20: F&F | C20: 264 | D20: 20433600 | E20: 1.6
A21: A028260 | B21: 삼성물산 | C21: 46 | D21: 19964000 | E21: 1.57
A22: A192080 | B22: 더블유게임즈 | C22: 296 | D22: 19240000 | E22: 1.51
... A69: A006730 | B69: 서부T&D | C69: 206 | D69: 2119740 | E69: 0.17
B70: 원화현금 | C70: 8884805 | D70: 8884805 | E70: 0.7

Sheet KoAct 배당성장액티브(과거)
A1: Refresh | B1: Last Update : 2026-07-01 17:02:51 | C1: 코드|구성종목|주식수(계약수)|금액|금액기준 구성비중(%)|
C2: A|B|C|D|
C3: ETP Components per CU
A4: Date | B4: 20260619 | C4: Korean
A5: BaseOrder | B5: D | C5: Descending
A8: A476850
A9: KoAct 배당성장액티브
A10: 코드 | B10: 구성종목 | C10: 주식수(계약수) | D10: 금액 | E10: 금액기준 구성비중(%)
A11: A000660 | B11: SK하이닉스 | C11: 122 | D11: 337208000 | E11: 24.74
A12: A005935 | B12: 삼성전자우 | C12: 1391 | D12: 308802000 | E12: 22.65
A13: A329180 | B13: HD현대중공업 | C13: 80 | D13: 53360000 | E13: 3.91
A14: A402340 | B14: SK스퀘어 | C14: 26 | D14: 46280000 | E14: 3.39
A15: A009150 | B15: 삼성전기 | C15: 14 | D15: 31780000 | E15: 2.33
A16: A071050 | B16: 한국금융지주 | C16: 133 | D16: 30723000 | E16: 2.25
A17: A009540 | B17: HD한국조선해양 | C17: 57 | D17: 23883000 | E17: 1.75
A18: A058470 | B18: 리노공업 | C18: 231 | D18: 21390600 | E18: 1.57
A19: A039490 | B19: 키움증권 | C19: 61 | D19: 21106000 | E19: 1.55
A20: A383220 | B20: F&F | C20: 247 | D20: 20081100 | E20: 1.47
A21: A192080 | B21: 더블유게임즈 | C21: 296 | D21: 19180800 | E21: 1.41
A22: A035420 | B22: NAVER | C22: 81 | D22: 18589500 | E22: 1.36
... A70: A126720 | B70: 수산인더스트리 | C70: 86 | D70: 1969400 | E70: 0.14
B71: 원화현금 | C71: 3033679 | D71: 3033679 | E71: 0.22

Sheet TIMEFOLIO Korea플러스배당액티브
A1: Refresh | B1: Last Update : 2026-07-01 17:02:56 | C1: 코드|구성종목|주식수(계약수)|금액|금액기준 구성비중(%)|
C2: A|B|C|D|
C3: ETP Components per CU
A4: Date | B4: CPD [20260701] | C4: Korean
A5: BaseOrder | B5: D | C5: Descending
A8: A441800
A9: TIME Korea플러스배당액티브
A10: 코드 | B10: 구성종목 | C10: 주식수(계약수) | D10: 금액 | E10: 금액기준 구성비중(%)
A11: A000660 | B11: SK하이닉스 | C11: 51 | D11: 130560000 | E11: 18.87
A12: A005930 | B12: 삼성전자 | C12: 305 | D12: 95922500 | E12: 13.86
A13: A402340 | B13: SK스퀘어 | C13: 20 | D13: 35140000 | E13: 5.08
A14: A009150 | B14: 삼성전기 | C14: 14 | D14: 30870000 | E14: 4.46
A15: A003230 | B15: 삼양식품 | C15: 24 | D15: 27888000 | E15: 4.03
A16: A039490 | B16: 키움증권 | C16: 70 | D16: 24325000 | E16: 3.52
A17: A028260 | B17: 삼성물산 | C17: 55 | D17: 23870000 | E17: 3.45
A18: A034730 | B18: SK | C18: 30 | D18: 22890000 | E18: 3.31
A19: A005940 | B19: NH투자증권 | C19: 750 | D19: 22162500 | E19: 3.2
A20: A138040 | B20: 메리츠금융지주 | C20: 200 | D20: 21380000 | E20: 3.09
A21: A071050 | B21: 한국금융지주 | C21: 90 | D21: 20520000 | E21: 2.97
A22: A016360 | B22: 삼성증권 | C22: 180 | D22: 20286000 | E22: 2.93
... A45: A005490 | B45: POSCO홀딩스 | C45: 10 | D45: 3150000 | E45: 0.46
B46: 원화현금 | C46: 13059056 | D46: 13059056 | E46: 1.89

Sheet TIMEFOLIO Korea플러스배당액티브(과거)
A1: Refresh | B1: Last Update : 2026-07-01 17:02:59 | C1: 코드|구성종목|주식수(계약수)|금액|금액기준 구성비중(%)|
C2: A|B|C|D|
C3: ETP Components per CU
A4: Date | B4: 20260619 | C4: Korean
A5: BaseOrder | B5: D | C5: Descending
A8: A441800
A9: TIME Korea플러스배당액티브
A10: 코드 | B10: 구성종목 | C10: 주식수(계약수) | D10: 금액 | E10: 금액기준 구성비중(%)
A11: A000660 | B11: SK하이닉스 | C11: 51 | D11: 140964000 | E11: 18.83
A12: A005930 | B12: 삼성전자 | C12: 305 | D12: 107970000 | E12: 14.42
A13: A009150 | B13: 삼성전기 | C13: 22 | D13: 49940000 | E13: 6.67
A14: A402340 | B14: SK스퀘어 | C14: 16 | D14: 28480000 | E14: 3.8
A15: A003230 | B15: 삼양식품 | C15: 25 | D15: 27575000 | E15: 3.68
A16: A028260 | B16: 삼성물산 | C16: 55 | D16: 27032500 | E16: 3.61
A17: A032830 | B17: 삼성생명 | C17: 49 | D17: 24353000 | E17: 3.25
A18: A016360 | B18: 삼성증권 | C18: 202 | D18: 24017800 | E18: 3.21
A19: A005940 | B19: NH투자증권 | C19: 700 | D19: 22400000 | E19: 2.99
A20: A034730 | B20: SK | C20: 30 | D20: 21720000 | E20: 2.9
A21: A039490 | B21: 키움증권 | C21: 55 | D21: 19030000 | E21: 2.54
A22: A069960 | B22: 현대백화점 | C22: 95 | D22: 18496500 | E22: 2.47
... A45: A017670 | B45: SK텔레콤 | C45: 50 | D45: 4745000 | E45: 0.63
B46: 원화현금 | C46: 7192887 | D46: 7192887 | E46: 0.96

Sheet KODEX 신재생에너지액티브
A1: Refresh | B1: Last Update : 2026-07-01 17:03:06 | C1: 코드|구성종목|주식수(계약수)|금액|금액기준 구성비중(%)|
C2: A|B|C|D|
C3: ETP Components per CU
A4: Date | B4: CPD [20260701] | C4: Korean
A5: BaseOrder | B5: D | C5: Descending
A8: A385510
A9: KODEX 신재생에너지액티브
A10: 코드 | B10: 구성종목 | C10: 주식수(계약수) | D10: 금액 | E10: 금액기준 구성비중(%)
A11: A475150 | B11: SK이터닉스 | C11: 2585 | D11: 153549000 | E11: 7.15
A12: A322000 | B12: HD현대에너지솔루션 | C12: 910 | D12: 138502000 | E12: 6.45
A13: A010060 | B13: OCI홀딩스 | C13: 551 | D13: 132240000 | E13: 6.15
A14: A006400 | B14: 삼성SDI | C14: 258 | D14: 126678000 | E14: 5.89
A15: A178320 | B15: 서진시스템 | C15: 2162 | D15: 121936800 | E15: 5.67
A16: A009830 | B16: 한화솔루션 | C16: 3067 | D16: 110718700 | E16: 5.15
A17: A126340 | B17: 비나텍 | C17: 898 | D17: 96714600 | E17: 4.5
A18: A062040 | B18: 산일전기 | C18: 354 | D18: 92571000 | E18: 4.31
A19: A112610 | B19: 씨에스윈드 | C19: 2034 | D19: 92343600 | E19: 4.3
A20: A010120 | B20: LS ELECTRIC | C20: 332 | D20: 87482000 | E20: 4.07
A21: A298040 | B21: 효성중공업 | C21: 22 | D21: 81796000 | E21: 3.81
A22: A100090 | B22: SK오션플랜트 | C22: 5027 | D22: 81487670 | E22: 3.79
... A89: A005070 | B89: 코스모신소재 | C89: 11 | D89: 444400 | E89: 0.02
B90: 원화현금 | C90: 19377071 | D90: 19377071 | E90: 0.9

Sheet KODEX 신재생에너지액티브(과거)
A1: Refresh | B1: Last Update : 2026-07-01 17:03:14 | C1: 코드|구성종목|주식수(계약수)|금액|금액기준 구성비중(%)|
C2: A|B|C|D|
C3: ETP Components per CU
A4: Date | B4: 20260619 | C4: Korean
A5: BaseOrder | B5: D | C5: Descending
A8: A385510
A9: KODEX 신재생에너지액티브
A10: 코드 | B10: 구성종목 | C10: 주식수(계약수) | D10: 금액 | E10: 금액기준 구성비중(%)
A11: A178320 | B11: 서진시스템 | C11: 2338 | D11: 157815000 | E11: 7.13
A12: A010060 | B12: OCI홀딩스 | C12: 593 | D12: 152104500 | E12: 6.88
A13: A006400 | B13: 삼성SDI | C13: 266 | D13: 147630000 | E13: 6.67
A14: A322000 | B14: HD현대에너지솔루션 | C14: 1020 | D14: 142800000 | E14: 6.46
A15: A009830 | B15: 한화솔루션 | C15: 3067 | D15: 116699350 | E15: 5.28
A16: A475150 | B16: SK이터닉스 | C16: 2585 | D16: 111672000 | E16: 5.05
A17: A126340 | B17: 비나텍 | C17: 898 | D17: 109376400 | E17: 4.94
A18: A298040 | B18: 효성중공업 | C18: 23 | D18: 88665000 | E18: 4.01
A19: A010120 | B19: LS ELECTRIC | C19: 340 | D19: 88060000 | E19: 3.98
A20: A062040 | B20: 산일전기 | C20: 371 | D20: 87370500 | E20: 3.95
A21: A112610 | B21: 씨에스윈드 | C21: 2034 | D21: 86343300 | E21: 3.9
A22: A100090 | B22: SK오션플랜트 | C22: 5027 | D22: 81688750 | E22: 3.69
... A88: A005070 | B88: 코스모신소재 | C88: 11 | D88: 477400 | E88: 0.02
B89: 원화현금 | C89: 13277196 | D89: 13277196 | E89: 0.6

Sheet TIMEFOLIO K신재생에너지액티브
A1: Refresh | B1: Last Update : 2026-07-01 17:03:18 | C1: 코드|구성종목|주식수(계약수)|금액|금액기준 구성비중(%)|
C2: A|B|C|D|
C3: ETP Components per CU
A4: Date | B4: CPD [20260701] | C4: Korean
A5: BaseOrder | B5: D | C5: Descending
A8: A404120
A9: TIME K신재생에너지액티브
A10: 코드 | B10: 구성종목 | C10: 주식수(계약수) | D10: 금액 | E10: 금액기준 구성비중(%)
A11: A000660 | B11: SK하이닉스 | C11: 110 | D11: 281600000 | E11: 9.69
A12: A005930 | B12: 삼성전자 | C12: 850 | D12: 267325000 | E12: 9.2
A13: A009150 | B13: 삼성전기 | C13: 118 | D13: 260190000 | E13: 8.95
A14: A009830 | B14: 한화솔루션 | C14: 7047 | D14: 254396700 | E14: 8.75
A15: A006400 | B15: 삼성SDI | C15: 460 | D15: 225860000 | E15: 7.77
A16: A112610 | B16: 씨에스윈드 | C16: 3868 | D16: 175607200 | E16: 6.04
A17: A000880 | B17: 한화 | C17: 1199 | D17: 121938300 | E17: 4.19
A18: A005290 | B18: 동진쎄미켐 | C18: 1747 | D18: 98705500 | E18: 3.4
A19: A005380 | B19: 현대차 | C19: 200 | D19: 97500000 | E19: 3.35
A20: A078600 | B20: 대주전자재료 | C20: 1000 | D20: 95700000 | E20: 3.29
A21: A100090 | B21: SK오션플랜트 | C21: 5700 | D21: 92397000 | E21: 3.18
A22: A010120 | B22: LS ELECTRIC | C22: 340 | D22: 89590000 | E22: 3.08
... A34: A066570 | B34: LG전자 | C34: 169 | D34: 32667700 | E34: 1.12
B35: 원화현금 | C35: 85648567 | D35: 85648567 | E35: 2.95

Sheet TIMEFOLIO K신재생에너지액티브(과거)
A1: Refresh | B1: Last Update : 2026-07-01 17:03:22 | C1: 코드|구성종목|주식수(계약수)|금액|금액기준 구성비중(%)|
C2: A|B|C|D|
C3: ETP Components per CU
A4: Date | B4: 20260619 | C4: Korean
A5: BaseOrder | B5: D | C5: Descending
A8: A404120
A9: TIME K신재생에너지액티브
A10: 코드 | B10: 구성종목 | C10: 주식수(계약수) | D10: 금액 | E10: 금액기준 구성비중(%)
A11: A000660 | B11: SK하이닉스 | C11: 160 | D11: 442240000 | E11: 14.05
A12: A005930 | B12: 삼성전자 | C12: 1000 | D12: 354000000 | E12: 11.24
A13: A009830 | B13: 한화솔루션 | C13: 7047 | D13: 268138350 | E13: 8.52
A14: A009150 | B14: 삼성전기 | C14: 118 | D14: 267860000 | E14: 8.51
A15: A006400 | B15: 삼성SDI | C15: 389 | D15: 215895000 | E15: 6.86
A16: A005380 | B16: 현대차 | C16: 293 | D16: 179609000 | E16: 5.71
A17: A112610 | B17: 씨에스윈드 | C17: 3700 | D17: 157065000 | E17: 4.99
A18: A000880 | B18: 한화 | C18: 1199 | D18: 138124800 | E18: 4.39
A19: A100090 | B19: SK오션플랜트 | C19: 7000 | D19: 113750000 | E19: 3.61
A20: A078600 | B20: 대주전자재료 | C20: 1000 | D20: 111600000 | E20: 3.54
A21: A005290 | B21: 동진쎄미켐 | C21: 1747 | D21: 105344100 | E21: 3.35
A22: A028260 | B22: 삼성물산 | C22: 200 | D22: 98300000 | E22: 3.12
... A33: A066570 | B33: LG전자 | C33: 19 | D33: 4018500 | E33: 0.13
B34: 원화현금 | C34: 41299456 | D34: 41299456 | E34: 1.31

Sheet RISE 2차전지액티브
A1: Refresh | B1: Last Update : 2026-07-01 17:03:26 | C1: 코드|구성종목|주식수(계약수)|금액|금액기준 구성비중(%)|
C2: A|B|C|D|
C3: ETP Components per CU
A4: Date | B4: CPD [20260701] | C4: Korean
A5: BaseOrder | B5: D | C5: Descending
A8: A422420
A9: RISE 2차전지액티브
A10: 코드 | B10: 구성종목 | C10: 주식수(계약수) | D10: 금액 | E10: 금액기준 구성비중(%)
A11: A006400 | B11: 삼성SDI | C11: 41 | D11: 20131000 | E11: 14.22
A12: A373220 | B12: LG에너지솔루션 | C12: 40 | D12: 13920000 | E12: 9.83
A13: A005490 | B13: POSCO홀딩스 | C13: 44 | D13: 13860000 | E13: 9.79
A14: A066970 | B14: 엘앤에프 | C14: 107 | D14: 11770000 | E14: 8.31
A15: A003670 | B15: 포스코퓨처엠 | C15: 66 | D15: 11233200 | E15: 7.94
A16: A078600 | B16: 대주전자재료 | C16: 107 | D16: 10239900 | E16: 7.23
A17: A247540 | B17: 에코프로비엠 | C17: 76 | D17: 10085200 | E17: 7.12
A18: A086520 | B18: 에코프로 | C18: 99 | D18: 9207000 | E18: 6.5
A19: A020150 | B19: 롯데에너지머티리얼즈 | C19: 200 | D19: 8740000 | E19: 6.17
A20: A006260 | B20: LS | C20: 18 | D20: 7182000 | E20: 5.07
A21: A011790 | B21: SKC | C21: 66 | D21: 6910200 | E21: 4.88
A22: A450080 | B22: 에코프로머티 | C22: 123 | D22: 5153700 | E22: 3.64
... A28: A096770 | B28: SK이노베이션 | C28: 7 | D28: 686000 | E28: 0.48
B29: 원화현금 | C29: 987966 | D29: 987966 | E29: 0.7

Sheet RISE 2차전지액티브(과거)
A1: Refresh | B1: Last Update : 2026-07-01 17:03:29 | C1: 코드|구성종목|주식수(계약수)|금액|금액기준 구성비중(%)|
C2: A|B|C|D|
C3: ETP Components per CU
A4: Date | B4: 20260619 | C4: Korean
A5: BaseOrder | B5: D | C5: Descending
A8: A422420
A9: RISE 2차전지액티브
