Workbook
Name bench2_list: [1]combo_lists!$C$1:$C$5
Name bench3_list: [1]combo_lists!$D$1:$D$2
Name benchmark_list: [1]combo_lists!$A$1:$A$2
Name Bm_Cushion: OFFSET([2]Work!$S$12,0,0,COUNT([2]Work!$S$12:$S$65536),1)
Name Bm_Floor: OFFSET([2]Work!$R$13,0,0,COUNT([2]Work!$R$13:$R$65536),1)
Name Bm_NAV: OFFSET([2]Work!$O$12,0,0,COUNT([2]Work!$O$12:$O$65536),1)
Name BM_Return: OFFSET([2]Work!$P$13,0,0,COUNT([2]Work!$P$13:$P$65536),1)
Name chart_name: '[1]Valuation Charts'!$B$29
Name chart_type: [1]lists!$A$1:$A$9
Name checklist: '[1]Valuation Charts'!$B$2:$B$28
Name chk_400: '[1]Valuation Charts'!$B$13
Name chk_400g: '[1]Valuation Charts'!$B$11
Name chk_400v: '[1]Valuation Charts'!$B$12
Name chk_500: '[1]Valuation Charts'!$B$16
Name chk_500g: '[1]Valuation Charts'!$B$14
Name chk_500v: '[1]Valuation Charts'!$B$15
Name chk_600: '[1]Valuation Charts'!$B$19
Name chk_600g: '[1]Valuation Charts'!$B$17
Name chk_600v: '[1]Valuation Charts'!$B$18
Name chk_r1000: '[1]Valuation Charts'!$B$2
Name chk_r1000g: '[1]Valuation Charts'!$B$3
Name chk_r1000v: '[1]Valuation Charts'!$B$4
Name chk_r2000: '[1]Valuation Charts'!$B$5
Name chk_r2000g: '[1]Valuation Charts'!$B$6
Name chk_r2000v: '[1]Valuation Charts'!$B$7
Name chk_rMid: '[1]Valuation Charts'!$B$8
Name chk_rMidG: '[1]Valuation Charts'!$B$9
Name chk_rMidV: '[1]Valuation Charts'!$B$10
Name CMA: #REF!
Name CMAG: #REF!
Name CMQ: #REF!
Name CMQG: #REF!
Name CNA: #REF!
Name CNQ: #REF!
Name Date: OFFSET([2]Work!$B$12,0,0,COUNT([2]Work!$B$12:$B$65536),1)
Name date_from: '[1]Valuation Charts'!$A$30
Name date_to: '[1]Valuation Charts'!$A$31
Name dates: [1]lists!$C$1:$C$92
Name full_date: [1]combo_lists!$B$3
Name Fund_Cushion: OFFSET([2]Work!$J$12,0,0,COUNT([2]Work!$J$12:$J$65536),1)
Name Fund_Floor: OFFSET([2]Work!$I$12,0,0,COUNT([2]Work!$I$12:$I$65536),1)
Name Fund_NAV: OFFSET([2]Work!$E$12,0,0,COUNT([2]Work!$E$12:$E$65536),1)
Name Fund_Return: OFFSET([2]Work!$F$13,0,0,COUNT([2]Work!$F$13:$F$65536),1)
Name GS건설_순매수대금: OFFSET([3]data!$AA$15,COUNT([3]data!$AA$15:$AA$65536)-90,0,93,1)
Name GS건설_외국인보유비중: OFFSET([3]data!$Z$15,COUNT([3]data!$Z$15:$Z$65536)-90,0,93,1)
Name index: '[1]Monthly Return Charts'!$A$1
Name index_type: '[1]Valuation Charts'!$A$28
Name indices: [1]lists!$D$1:$D$18
Name indices_list: [1]lists!$E$1:$E$2
Name Kospi_1000: OFFSET('[2]BM Data'!$O$16,0,0,COUNT('[2]BM Data'!$O$16:$O$65536),1)
Name KT_순매수대금: OFFSET([3]data!$AK$15,COUNT([3]data!$AK$15:$AK$65536)-90,0,93,1)
Name KT_외국인보유비중: OFFSET([3]data!$AJ$15,COUNT([3]data!$AJ$15:$AJ$65536)-90,0,93,1)
Name LG디스플레이_순매수대금: OFFSET([3]data!$I$15,COUNT([3]data!$I$15:$I$65536)-90,0,93,1)
Name LG디스플레이_외국인보유비중: OFFSET([3]data!$H$15,COUNT([3]data!$H$15:$H$65536)-90,0,93,1)
Name LG전자_순매수대금: OFFSET([3]data!$G$15,COUNT([3]data!$G$15:$G$65536)-90,0,93,1)
Name LG전자_외국인보유비중: OFFSET([3]data!$F$15,COUNT([3]data!$F$15:$F$65536)-90,0,93,1)
Name LG화학_순매수대금: OFFSET([3]data!$AM$15,COUNT([3]data!$AM$15:$AM$65536)-90,0,93,1)
Name LG화학_외국인보유비중: OFFSET([3]data!$AL$15,COUNT([3]data!$AL$15:$AL$65536)-90,0,93,1)
Name LS_순매수대금: OFFSET([3]data!$BE$15,COUNT([3]data!$BE$15:$BE$65536)-90,0,93,1)
Name LS_외국인보유비중: OFFSET([3]data!$BD$15,COUNT([3]data!$BD$15:$BD$65536)-90,0,93,1)

Sheet 코스닥액티브
B3: ='코엑트 코스닥액티브'!A9 -> KoAct 코스닥액티브 | H3: ='타임 코스닥액티브'!A9 -> TIME 코스닥액티브 | N3: =플러스코스닥액티브!A9 -> PLUS 코스닥150액티브
B4: 종목명 | C4: ='코엑트 코스닥액티브'!B4 -> CPD [20260522] | D4: ='코엑트 코스닥액티브(과거)'!B4 -> 20260515 | E4: 비중차이 | F4: 증가율 | H4: 종목명 | I4: =C4 -> CPD [20260522] | J4: =D4 -> 20260515 | K4: 비중차 | L4: 증가율 | N4: 종목명 | O4: =C4 -> CPD [20260522] | P4: =D4 -> 20260515 | Q4: 비중차이 | R4: 증가율
A5: =VLOOKUP(B5,유니버스!$C$14:$D$2561,2,0) -> KQ | B5: ='코엑트 코스닥액티브'!B11 -> 성호전자 | C5: =VLOOKUP(B5,'코엑트 코스닥액티브'!$B$11:$E$1000,4,0) -> 5.86 | D5: =IFERROR(VLOOKUP(B5,'코엑트 코스닥액티브(과거)'!$B$11:$E$1000,4,0),0) -> 6.15 | E5: =C5-D5 -> -0.29 | F5: =IFERROR(C5/D5-1,"신규편입") -> -0.047154472 | G5: =VLOOKUP(H5,유니버스!$C$14:$D$2561,2,0) -> KQ | H5: ='타임 코스닥액티브'!B11 -> 파두 | I5: =VLOOKUP(H5,'타임 코스닥액티브'!$B$11:$E$1000,4,0) -> 9.64 | J5: =IFERROR(VLOOKUP(H5,'타임코스닥액티브(과거)'!$B$11:$E$1000,4,0),0) -> 9.03 | K5: =I5-J5 -> 0.61 | L5: =IFERROR(I5/J5-1,"신규편입") -> 0.067552602 | M5: =VLOOKUP(N5,유니버스!$C$14:$D$2561,2,0) -> KQ | N5: =플러스코스닥액티브!B11 -> 더블유씨피 | O5: =VLOOKUP(N5,플러스코스닥액티브!$B$11:$E$1000,4,0) -> 6.1 | P5: =IFERROR(VLOOKUP(N5,'플러스코스닥액티브(과거)'!$B$11:$E$1000,4,0),0) -> 5.44 | Q5: =O5-P5 -> 0.66 | R5: =IFERROR(O5/P5-1,"신규편입") -> 0.12132353
A6: =VLOOKUP(B6,유니버스!$C$14:$D$2561,2,0) -> KQ | B6: ='코엑트 코스닥액티브'!B12 -> 테스 | C6: =VLOOKUP(B6,'코엑트 코스닥액티브'!$B$11:$E$1000,4,0) -> 5.56 | D6: =IFERROR(VLOOKUP(B6,'코엑트 코스닥액티브(과거)'!$B$11:$E$1000,4,0),0) -> 4.64 | E6: =C6-D6 -> 0.92 | F6: =IFERROR(C6/D6-1,"신규편입") -> 0.19827586 | G6: =VLOOKUP(H6,유니버스!$C$14:$D$2561,2,0) -> KQ | H6: ='타임 코스닥액티브'!B12 -> 제주반도체 | I6: =VLOOKUP(H6,'타임 코스닥액티브'!$B$11:$E$1000,4,0) -> 7.26 | J6: =IFERROR(VLOOKUP(H6,'타임코스닥액티브(과거)'!$B$11:$E$1000,4,0),0) -> 0 | K6: =I6-J6 -> 7.26 | L6: =IFERROR(I6/J6-1,"신규편입") -> 신규편입 | M6: =VLOOKUP(N6,유니버스!$C$14:$D$2561,2,0) -> KQ | N6: =플러스코스닥액티브!B12 -> 씨어스 | O6: =VLOOKUP(N6,플러스코스닥액티브!$B$11:$E$1000,4,0) -> 5.46 | P6: =IFERROR(VLOOKUP(N6,'플러스코스닥액티브(과거)'!$B$11:$E$1000,4,0),0) -> 4.86 | Q6: =O6-P6 -> 0.6 | R6: =IFERROR(O6/P6-1,"신규편입") -> 0.12345679
A7: =VLOOKUP(B7,유니버스!$C$14:$D$2561,2,0) -> KQ | B7: ='코엑트 코스닥액티브'!B13 -> 리노공업 | C7: =VLOOKUP(B7,'코엑트 코스닥액티브'!$B$11:$E$1000,4,0) -> 5 | D7: =IFERROR(VLOOKUP(B7,'코엑트 코스닥액티브(과거)'!$B$11:$E$1000,4,0),0) -> 4.82 | E7: =C7-D7 -> 0.18 | F7: =IFERROR(C7/D7-1,"신규편입") -> 0.037344398 | G7: =VLOOKUP(H7,유니버스!$C$14:$D$2561,2,0) -> KQ | H7: ='타임 코스닥액티브'!B13 -> 레인보우로보틱스 | I7: =VLOOKUP(H7,'타임 코스닥액티브'!$B$11:$E$1000,4,0) -> 3.96 | J7: =IFERROR(VLOOKUP(H7,'타임코스닥액티브(과거)'!$B$11:$E$1000,4,0),0) -> 5.95 | K7: =I7-J7 -> -1.99 | L7: =IFERROR(I7/J7-1,"신규편입") -> -0.33445378 | M7: =VLOOKUP(N7,유니버스!$C$14:$D$2561,2,0) -> KQ | N7: =플러스코스닥액티브!B13 -> 비나텍 | O7: =VLOOKUP(N7,플러스코스닥액티브!$B$11:$E$1000,4,0) -> 5.18 | P7: =IFERROR(VLOOKUP(N7,'플러스코스닥액티브(과거)'!$B$11:$E$1000,4,0),0) -> 5.05 | Q7: =O7-P7 -> 0.13 | R7: =IFERROR(O7/P7-1,"신규편입") -> 0.025742574
A8: =VLOOKUP(B8,유니버스!$C$14:$D$2561,2,0) -> KQ | B8: ='코엑트 코스닥액티브'!B14 -> 파두 | C8: =VLOOKUP(B8,'코엑트 코스닥액티브'!$B$11:$E$1000,4,0) -> 4.44 | D8: =IFERROR(VLOOKUP(B8,'코엑트 코스닥액티브(과거)'!$B$11:$E$1000,4,0),0) -> 3.78 | E8: =C8-D8 -> 0.66 | F8: =IFERROR(C8/D8-1,"신규편입") -> 0.17460317 | G8: =VLOOKUP(H8,유니버스!$C$14:$D$2561,2,0) -> KQ | H8: ='타임 코스닥액티브'!B14 -> 두산테스나 | I8: =VLOOKUP(H8,'타임 코스닥액티브'!$B$11:$E$1000,4,0) -> 3.76 | J8: =IFERROR(VLOOKUP(H8,'타임코스닥액티브(과거)'!$B$11:$E$1000,4,0),0) -> 3.25 | K8: =I8-J8 -> 0.51 | L8: =IFERROR(I8/J8-1,"신규편입") -> 0.15692308 | M8: =VLOOKUP(N8,유니버스!$C$14:$D$2561,2,0) -> KQ | N8: =플러스코스닥액티브!B14 -> 서진시스템 | O8: =VLOOKUP(N8,플러스코스닥액티브!$B$11:$E$1000,4,0) -> 4.82 | P8: =IFERROR(VLOOKUP(N8,'플러스코스닥액티브(과거)'!$B$11:$E$1000,4,0),0) -> 3.83 | Q8: =O8-P8 -> 0.99 | R8: =IFERROR(O8/P8-1,"신규편입") -> 0.25848564
A9: =VLOOKUP(B9,유니버스!$C$14:$D$2561,2,0) -> KQ | B9: ='코엑트 코스닥액티브'!B15 -> 두산테스나 | C9: =VLOOKUP(B9,'코엑트 코스닥액티브'!$B$11:$E$1000,4,0) -> 3.19 | D9: =IFERROR(VLOOKUP(B9,'코엑트 코스닥액티브(과거)'!$B$11:$E$1000,4,0),0) -> 2.93 | E9: =C9-D9 -> 0.26 | F9: =IFERROR(C9/D9-1,"신규편입") -> 0.088737201 | G9: =VLOOKUP(H9,유니버스!$C$14:$D$2561,2,0) -> KQ | H9: ='타임 코스닥액티브'!B15 -> 한선엔지니어링 | I9: =VLOOKUP(H9,'타임 코스닥액티브'!$B$11:$E$1000,4,0) -> 3.03 | J9: =IFERROR(VLOOKUP(H9,'타임코스닥액티브(과거)'!$B$11:$E$1000,4,0),0) -> 1.08 | K9: =I9-J9 -> 1.95 | L9: =IFERROR(I9/J9-1,"신규편입") -> 1.8055556 | M9: =VLOOKUP(N9,유니버스!$C$14:$D$2561,2,0) -> KQ | N9: =플러스코스닥액티브!B15 -> 두산테스나 | O9: =VLOOKUP(N9,플러스코스닥액티브!$B$11:$E$1000,4,0) -> 3.6 | P9: =IFERROR(VLOOKUP(N9,'플러스코스닥액티브(과거)'!$B$11:$E$1000,4,0),0) -> 3.69 | Q9: =O9-P9 -> -0.09 | R9: =IFERROR(O9/P9-1,"신규편입") -> -0.024390244
A10: =VLOOKUP(B10,유니버스!$C$14:$D$2561,2,0) -> KQ | B10: ='코엑트 코스닥액티브'!B16 -> 심텍 | C10: =VLOOKUP(B10,'코엑트 코스닥액티브'!$B$11:$E$1000,4,0) -> 2.95 | D10: =IFERROR(VLOOKUP(B10,'코엑트 코스닥액티브(과거)'!$B$11:$E$1000,4,0),0) -> 2.17 | E10: =C10-D10 -> 0.78 | F10: =IFERROR(C10/D10-1,"신규편입") -> 0.359447 | G10: =VLOOKUP(H10,유니버스!$C$14:$D$2561,2,0) -> KQ | H10: ='타임 코스닥액티브'!B16 -> 미래에셋벤처투자 | I10: =VLOOKUP(H10,'타임 코스닥액티브'!$B$11:$E$1000,4,0) -> 2.99 | J10: =IFERROR(VLOOKUP(H10,'타임코스닥액티브(과거)'!$B$11:$E$1000,4,0),0) -> 2.99 | K10: =I10-J10 -> 0 | L10: =IFERROR(I10/J10-1,"신규편입") -> 0 | M10: =VLOOKUP(N10,유니버스!$C$14:$D$2561,2,0) -> KQ | N10: =플러스코스닥액티브!B16 -> 스피어 | O10: =VLOOKUP(N10,플러스코스닥액티브!$B$11:$E$1000,4,0) -> 3.42 | P10: =IFERROR(VLOOKUP(N10,'플러스코스닥액티브(과거)'!$B$11:$E$1000,4,0),0) -> 3.3 | Q10: =O10-P10 -> 0.12 | R10: =IFERROR(O10/P10-1,"신규편입") -> 0.036363636
A11: =VLOOKUP(B11,유니버스!$C$14:$D$2561,2,0) -> KQ | B11: ='코엑트 코스닥액티브'!B17 -> 에이치브이엠 | C11: =VLOOKUP(B11,'코엑트 코스닥액티브'!$B$11:$E$1000,4,0) -> 2.82 | D11: =IFERROR(VLOOKUP(B11,'코엑트 코스닥액티브(과거)'!$B$11:$E$1000,4,0),0) -> 2.29 | E11: =C11-D11 -> 0.53 | F11: =IFERROR(C11/D11-1,"신규편입") -> 0.23144105 | G11: =VLOOKUP(H11,유니버스!$C$14:$D$2561,2,0) -> KQ | H11: ='타임 코스닥액티브'!B17 -> 테스 | I11: =VLOOKUP(H11,'타임 코스닥액티브'!$B$11:$E$1000,4,0) -> 2.76 | J11: =IFERROR(VLOOKUP(H11,'타임코스닥액티브(과거)'!$B$11:$E$1000,4,0),0) -> 1.78 | K11: =I11-J11 -> 0.98 | L11: =IFERROR(I11/J11-1,"신규편입") -> 0.5505618 | M11: =VLOOKUP(N11,유니버스!$C$14:$D$2561,2,0) -> KQ | N11: =플러스코스닥액티브!B17 -> 코미코 | O11: =VLOOKUP(N11,플러스코스닥액티브!$B$11:$E$1000,4,0) -> 3.23 | P11: =IFERROR(VLOOKUP(N11,'플러스코스닥액티브(과거)'!$B$11:$E$1000,4,0),0) -> 3.07 | Q11: =O11-P11 -> 0.16 | R11: =IFERROR(O11/P11-1,"신규편입") -> 0.052117264
A12: =VLOOKUP(B12,유니버스!$C$14:$D$2561,2,0) -> KQ | B12: ='코엑트 코스닥액티브'!B18 -> 티엘비 | C12: =VLOOKUP(B12,'코엑트 코스닥액티브'!$B$11:$E$1000,4,0) -> 2.8 | D12: =IFERROR(VLOOKUP(B12,'코엑트 코스닥액티브(과거)'!$B$11:$E$1000,4,0),0) -> 1.95 | E12: =C12-D12 -> 0.85 | F12: =IFERROR(C12/D12-1,"신규편입") -> 0.43589744 | G12: =VLOOKUP(H12,유니버스!$C$14:$D$2561,2,0) -> KQ | H12: ='타임 코스닥액티브'!B18 -> 서진시스템 | I12: =VLOOKUP(H12,'타임 코스닥액티브'!$B$11:$E$1000,4,0) -> 2.4 | J12: =IFERROR(VLOOKUP(H12,'타임코스닥액티브(과거)'!$B$11:$E$1000,4,0),0) -> 1.26 | K12: =I12-J12 -> 1.14 | L12: =IFERROR(I12/J12-1,"신규편입") -> 0.9047619 | M12: =VLOOKUP(N12,유니버스!$C$14:$D$2561,2,0) -> KQ | N12: =플러스코스닥액티브!B18 -> 에프앤가이드 | O12: =VLOOKUP(N12,플러스코스닥액티브!$B$11:$E$1000,4,0) -> 3.2 | P12: =IFERROR(VLOOKUP(N12,'플러스코스닥액티브(과거)'!$B$11:$E$1000,4,0),0) -> 3.22 | Q12: =O12-P12 -> -0.02 | R12: =IFERROR(O12/P12-1,"신규편입") -> -0.0062111801
A13: =VLOOKUP(B13,유니버스!$C$14:$D$2561,2,0) -> KQ | B13: ='코엑트 코스닥액티브'!B19 -> 서진시스템 | C13: =VLOOKUP(B13,'코엑트 코스닥액티브'!$B$11:$E$1000,4,0) -> 2.51 | D13: =IFERROR(VLOOKUP(B13,'코엑트 코스닥액티브(과거)'!$B$11:$E$1000,4,0),0) -> 2.23 | E13: =C13-D13 -> 0.28 | F13: =IFERROR(C13/D13-1,"신규편입") -> 0.12556054 | G13: =VLOOKUP(H13,유니버스!$C$14:$D$2561,2,0) -> KQ | H13: ='타임 코스닥액티브'!B19 -> 티엘비 | I13: =VLOOKUP(H13,'타임 코스닥액티브'!$B$11:$E$1000,4,0) -> 2.34 | J13: =IFERROR(VLOOKUP(H13,'타임코스닥액티브(과거)'!$B$11:$E$1000,4,0),0) -> 2.28 | K13: =I13-J13 -> 0.06 | L13: =IFERROR(I13/J13-1,"신규편입") -> 0.026315789 | M13: =VLOOKUP(N13,유니버스!$C$14:$D$2561,2,0) -> KQ | N13: =플러스코스닥액티브!B19 -> 새로닉스 | O13: =VLOOKUP(N13,플러스코스닥액티브!$B$11:$E$1000,4,0) -> 3 | P13: =IFERROR(VLOOKUP(N13,'플러스코스닥액티브(과거)'!$B$11:$E$1000,4,0),0) -> 2.91 | Q13: =O13-P13 -> 0.09 | R13: =IFERROR(O13/P13-1,"신규편입") -> 0.030927835
A14: =VLOOKUP(B14,유니버스!$C$14:$D$2561,2,0) -> KQ | B14: ='코엑트 코스닥액티브'!B20 -> 주성엔지니어링 | C14: =VLOOKUP(B14,'코엑트 코스닥액티브'!$B$11:$E$1000,4,0) -> 2.45 | D14: =IFERROR(VLOOKUP(B14,'코엑트 코스닥액티브(과거)'!$B$11:$E$1000,4,0),0) -> 2.13 | E14: =C14-D14 -> 0.32 | F14: =IFERROR(C14/D14-1,"신규편입") -> 0.15023474 | G14: =VLOOKUP(H14,유니버스!$C$14:$D$2561,2,0) -> KQ | H14: ='타임 코스닥액티브'!B20 -> 기가비스 | I14: =VLOOKUP(H14,'타임 코스닥액티브'!$B$11:$E$1000,4,0) -> 2.31 | J14: =IFERROR(VLOOKUP(H14,'타임코스닥액티브(과거)'!$B$11:$E$1000,4,0),0) -> 2.26 | K14: =I14-J14 -> 0.05 | L14: =IFERROR(I14/J14-1,"신규편입") -> 0.022123894 | M14: =VLOOKUP(N14,유니버스!$C$14:$D$2561,2,0) -> KQ | N14: =플러스코스닥액티브!B20 -> 씨에스베어링 | O14: =VLOOKUP(N14,플러스코스닥액티브!$B$11:$E$1000,4,0) -> 2.93 | P14: =IFERROR(VLOOKUP(N14,'플러스코스닥액티브(과거)'!$B$11:$E$1000,4,0),0) -> 2.82 | Q14: =O14-P14 -> 0.11 | R14: =IFERROR(O14/P14-1,"신규편입") -> 0.039007092
A15: =VLOOKUP(B15,유니버스!$C$14:$D$2561,2,0) -> KQ | B15: ='코엑트 코스닥액티브'!B21 -> 에이비엘바이오 | C15: =VLOOKUP(B15,'코엑트 코스닥액티브'!$B$11:$E$1000,4,0) -> 2.34 | D15: =IFERROR(VLOOKUP(B15,'코엑트 코스닥액티브(과거)'!$B$11:$E$1000,4,0),0) -> 2.52 | E15: =C15-D15 -> -0.18 | F15: =IFERROR(C15/D15-1,"신규편입") -> -0.071428571 | G15: =VLOOKUP(H15,유니버스!$C$14:$D$2561,2,0) -> KQ | H15: ='타임 코스닥액티브'!B21 -> 대주전자재료 | I15: =VLOOKUP(H15,'타임 코스닥액티브'!$B$11:$E$1000,4,0) -> 2.27 | J15: =IFERROR(VLOOKUP(H15,'타임코스닥액티브(과거)'!$B$11:$E$1000,4,0),0) -> 1.38 | K15: =I15-J15 -> 0.89 | L15: =IFERROR(I15/J15-1,"신규편입") -> 0.64492754 | M15: =VLOOKUP(N15,유니버스!$C$14:$D$2561,2,0) -> KQ | N15: =플러스코스닥액티브!B21 -> 한중엔시에스 | O15: =VLOOKUP(N15,플러스코스닥액티브!$B$11:$E$1000,4,0) -> 2.93 | P15: =IFERROR(VLOOKUP(N15,'플러스코스닥액티브(과거)'!$B$11:$E$1000,4,0),0) -> 3.09 | Q15: =O15-P15 -> -0.16 | R15: =IFERROR(O15/P15-1,"신규편입") -> -0.051779935
A16: =VLOOKUP(B16,유니버스!$C$14:$D$2561,2,0) -> KQ | B16: ='코엑트 코스닥액티브'!B22 -> 알테오젠 | C16: =VLOOKUP(B16,'코엑트 코스닥액티브'!$B$11:$E$1000,4,0) -> 2.27 | D16: =IFERROR(VLOOKUP(B16,'코엑트 코스닥액티브(과거)'!$B$11:$E$1000,4,0),0) -> 2.19 | E16: =C16-D16 -> 0.08 | F16: =IFERROR(C16/D16-1,"신규편입") -> 0.03652968 | G16: =VLOOKUP(H16,유니버스!$C$14:$D$2561,2,0) -> KQ | H16: ='타임 코스닥액티브'!B22 -> 주성엔지니어링 | I16: =VLOOKUP(H16,'타임 코스닥액티브'!$B$11:$E$1000,4,0) -> 2.22 | J16: =IFERROR(VLOOKUP(H16,'타임코스닥액티브(과거)'!$B$11:$E$1000,4,0),0) -> 5.1 | K16: =I16-J16 -> -2.88 | L16: =IFERROR(I16/J16-1,"신규편입") -> -0.56470588 | M16: =VLOOKUP(N16,유니버스!$C$14:$D$2561,2,0) -> KQ | N16: =플러스코스닥액티브!B22 -> 피에스케이홀딩스 | O16: =VLOOKUP(N16,플러스코스닥액티브!$B$11:$E$1000,4,0) -> 2.74 | P16: =IFERROR(VLOOKUP(N16,'플러스코스닥액티브(과거)'!$B$11:$E$1000,4,0),0) -> 2.8 | Q16: =O16-P16 -> -0.06 | R16: =IFERROR(O16/P16-1,"신규편입") -> -0.021428571
... A70: =VLOOKUP(B70,유니버스!$C$14:$D$2561,2,0) -> KQ | B70: ='코엑트 코스닥액티브'!B76 -> 오이솔루션 | C70: =VLOOKUP(B70,'코엑트 코스닥액티브'!$B$11:$E$1000,4,0) -> 0.34 | D70: =IFERROR(VLOOKUP(B70,'코엑트 코스닥액티브(과거)'!$B$11:$E$1000,4,0),0) -> 0.36 | E70: =C70-D70 -> -0.02 | F70: =IFERROR(C70/D70-1,"신규편입") -> -0.055555556 | G70: =VLOOKUP(H70,유니버스!$C$14:$D$2561,2,0) -> #N/A | H70: ='타임 코스닥액티브'!B76 -> 원화현금 | I70: =VLOOKUP(H70,'타임 코스닥액티브'!$B$11:$E$1000,4,0) -> 0.91 | J70: =IFERROR(VLOOKUP(H70,'타임코스닥액티브(과거)'!$B$11:$E$1000,4,0),0) -> 1.19 | K70: =I70-J70 -> -0.28 | L70: =IFERROR(I70/J70-1,"신규편입") -> -0.23529412 | M70: =VLOOKUP(N70,유니버스!$C$14:$D$2561,2,0) -> KQ | N70: =플러스코스닥액티브!B76 -> HPSP | O70: =VLOOKUP(N70,플러스코스닥액티브!$B$11:$E$1000,4,0) -> 0.1 | P70: =IFERROR(VLOOKUP(N70,'플러스코스닥액티브(과거)'!$B$11:$E$1000,4,0),0) -> 0 | Q70: =O70-P70 -> 0.1 | R70: =IFERROR(O70/P70-1,"신규편입") -> 신규편입
A71: =VLOOKUP(B71,유니버스!$C$14:$D$2561,2,0) -> KQ | B71: ='코엑트 코스닥액티브'!B77 -> LS머트리얼즈 | C71: =VLOOKUP(B71,'코엑트 코스닥액티브'!$B$11:$E$1000,4,0) -> 0.33 | D71: =IFERROR(VLOOKUP(B71,'코엑트 코스닥액티브(과거)'!$B$11:$E$1000,4,0),0) -> 0.33 | E71: =C71-D71 -> 0 | F71: =IFERROR(C71/D71-1,"신규편입") -> 0 | M71: =VLOOKUP(N71,유니버스!$C$14:$D$2561,2,0) -> KQ | N71: =플러스코스닥액티브!B77 -> 에스티팜 | O71: =VLOOKUP(N71,플러스코스닥액티브!$B$11:$E$1000,4,0) -> 0.09 | P71: =IFERROR(VLOOKUP(N71,'플러스코스닥액티브(과거)'!$B$11:$E$1000,4,0),0) -> 0.1 | Q71: =O71-P71 -> -0.01 | R71: =IFERROR(O71/P71-1,"신규편입") -> -0.1
A72: =VLOOKUP(B72,유니버스!$C$14:$D$2561,2,0) -> KQ | B72: ='코엑트 코스닥액티브'!B78 -> 씨어스 | C72: =VLOOKUP(B72,'코엑트 코스닥액티브'!$B$11:$E$1000,4,0) -> 0.32 | D72: =IFERROR(VLOOKUP(B72,'코엑트 코스닥액티브(과거)'!$B$11:$E$1000,4,0),0) -> 0.34 | E72: =C72-D72 -> -0.02 | F72: =IFERROR(C72/D72-1,"신규편입") -> -0.058823529 | M72: =VLOOKUP(N72,유니버스!$C$14:$D$2561,2,0) -> #N/A | N72: =플러스코스닥액티브!B78 -> 채비 | O72: =VLOOKUP(N72,플러스코스닥액티브!$B$11:$E$1000,4,0) -> 0.09 | P72: =IFERROR(VLOOKUP(N72,'플러스코스닥액티브(과거)'!$B$11:$E$1000,4,0),0) -> 0.1 | Q72: =O72-P72 -> -0.01 | R72: =IFERROR(O72/P72-1,"신규편입") -> -0.1
A73: =VLOOKUP(B73,유니버스!$C$14:$D$2561,2,0) -> KQ | B73: ='코엑트 코스닥액티브'!B79 -> 레이크머티리얼즈 | C73: =VLOOKUP(B73,'코엑트 코스닥액티브'!$B$11:$E$1000,4,0) -> 0.31 | D73: =IFERROR(VLOOKUP(B73,'코엑트 코스닥액티브(과거)'!$B$11:$E$1000,4,0),0) -> 0.32 | E73: =C73-D73 -> -0.01 | F73: =IFERROR(C73/D73-1,"신규편입") -> -0.03125 | M73: =VLOOKUP(N73,유니버스!$C$14:$D$2561,2,0) -> KQ | N73: =플러스코스닥액티브!B79 -> 큐리언트 | O73: =VLOOKUP(N73,플러스코스닥액티브!$B$11:$E$1000,4,0) -> 0.08 | P73: =IFERROR(VLOOKUP(N73,'플러스코스닥액티브(과거)'!$B$11:$E$1000,4,0),0) -> 0.08 | Q73: =O73-P73 -> 0 | R73: =IFERROR(O73/P73-1,"신규편입") -> 0
A74: =VLOOKUP(B74,유니버스!$C$14:$D$2561,2,0) -> KQ | B74: ='코엑트 코스닥액티브'!B80 -> 삼현 | C74: =VLOOKUP(B74,'코엑트 코스닥액티브'!$B$11:$E$1000,4,0) -> 0.3 | D74: =IFERROR(VLOOKUP(B74,'코엑트 코스닥액티브(과거)'!$B$11:$E$1000,4,0),0) -> 0.29 | E74: =C74-D74 -> 0.01 | F74: =IFERROR(C74/D74-1,"신규편입") -> 0.034482759 | M74: =VLOOKUP(N74,유니버스!$C$14:$D$2561,2,0) -> #N/A | N74: =플러스코스닥액티브!B80 -> 원화현금 | O74: =VLOOKUP(N74,플러스코스닥액티브!$B$11:$E$1000,4,0) -> 0.79 | P74: =IFERROR(VLOOKUP(N74,'플러스코스닥액티브(과거)'!$B$11:$E$1000,4,0),0) -> 1.41 | Q74: =O74-P74 -> -0.62 | R74: =IFERROR(O74/P74-1,"신규편입") -> -0.43971631
A75: =VLOOKUP(B75,유니버스!$C$14:$D$2561,2,0) -> KQ | B75: ='코엑트 코스닥액티브'!B81 -> 에치에프알 | C75: =VLOOKUP(B75,'코엑트 코스닥액티브'!$B$11:$E$1000,4,0) -> 0.26 | D75: =IFERROR(VLOOKUP(B75,'코엑트 코스닥액티브(과거)'!$B$11:$E$1000,4,0),0) -> 0.37 | E75: =C75-D75 -> -0.11 | F75: =IFERROR(C75/D75-1,"신규편입") -> -0.2972973
A76: =VLOOKUP(B76,유니버스!$C$14:$D$2561,2,0) -> KQ | B76: ='코엑트 코스닥액티브'!B82 -> 에스엔시스 | C76: =VLOOKUP(B76,'코엑트 코스닥액티브'!$B$11:$E$1000,4,0) -> 0.25 | D76: =IFERROR(VLOOKUP(B76,'코엑트 코스닥액티브(과거)'!$B$11:$E$1000,4,0),0) -> 0.29 | E76: =C76-D76 -> -0.04 | F76: =IFERROR(C76/D76-1,"신규편입") -> -0.13793103
A77: =VLOOKUP(B77,유니버스!$C$14:$D$2561,2,0) -> KQ | B77: ='코엑트 코스닥액티브'!B83 -> 아모그린텍 | C77: =VLOOKUP(B77,'코엑트 코스닥액티브'!$B$11:$E$1000,4,0) -> 0.25 | D77: =IFERROR(VLOOKUP(B77,'코엑트 코스닥액티브(과거)'!$B$11:$E$1000,4,0),0) -> 0.28 | E77: =C77-D77 -> -0.03 | F77: =IFERROR(C77/D77-1,"신규편입") -> -0.10714286
A78: =VLOOKUP(B78,유니버스!$C$14:$D$2561,2,0) -> KQ | B78: ='코엑트 코스닥액티브'!B84 -> 쎄트렉아이 | C78: =VLOOKUP(B78,'코엑트 코스닥액티브'!$B$11:$E$1000,4,0) -> 0.21 | D78: =IFERROR(VLOOKUP(B78,'코엑트 코스닥액티브(과거)'!$B$11:$E$1000,4,0),0) -> 0.23 | E78: =C78-D78 -> -0.02 | F78: =IFERROR(C78/D78-1,"신규편입") -> -0.086956522
A79: =VLOOKUP(B79,유니버스!$C$14:$D$2561,2,0) -> KQ | B79: ='코엑트 코스닥액티브'!B85 -> 브이엠 | C79: =VLOOKUP(B79,'코엑트 코스닥액티브'!$B$11:$E$1000,4,0) -> 0.21 | D79: =IFERROR(VLOOKUP(B79,'코엑트 코스닥액티브(과거)'!$B$11:$E$1000,4,0),0) -> 0.39 | E79: =C79-D79 -> -0.18 | F79: =IFERROR(C79/D79-1,"신규편입") -> -0.46153846
A80: =VLOOKUP(B80,유니버스!$C$14:$D$2561,2,0) -> KQ | B80: ='코엑트 코스닥액티브'!B86 -> 이지홀딩스 | C80: =VLOOKUP(B80,'코엑트 코스닥액티브'!$B$11:$E$1000,4,0) -> 0.2 | D80: =IFERROR(VLOOKUP(B80,'코엑트 코스닥액티브(과거)'!$B$11:$E$1000,4,0),0) -> 0.24 | E80: =C80-D80 -> -0.04 | F80: =IFERROR(C80/D80-1,"신규편입") -> -0.16666667
A81: =VLOOKUP(B81,유니버스!$C$14:$D$2561,2,0) -> KQ | B81: ='코엑트 코스닥액티브'!B87 -> 한라캐스트 | C81: =VLOOKUP(B81,'코엑트 코스닥액티브'!$B$11:$E$1000,4,0) -> 0.19 | D81: =IFERROR(VLOOKUP(B81,'코엑트 코스닥액티브(과거)'!$B$11:$E$1000,4,0),0) -> 0.2 | E81: =C81-D81 -> -0.01 | F81: =IFERROR(C81/D81-1,"신규편입") -> -0.05
A82: =VLOOKUP(B82,유니버스!$C$14:$D$2561,2,0) -> KQ | B82: ='코엑트 코스닥액티브'!B88 -> 제이브이엠 | C82: =VLOOKUP(B82,'코엑트 코스닥액티브'!$B$11:$E$1000,4,0) -> 0.19 | D82: =IFERROR(VLOOKUP(B82,'코엑트 코스닥액티브(과거)'!$B$11:$E$1000,4,0),0) -> 0.24 | E82: =C82-D82 -> -0.05 | F82: =IFERROR(C82/D82-1,"신규편입") -> -0.20833333
A83: =VLOOKUP(B83,유니버스!$C$14:$D$2561,2,0) -> KQ | B83: ='코엑트 코스닥액티브'!B89 -> 코오롱생명과학 | C83: =VLOOKUP(B83,'코엑트 코스닥액티브'!$B$11:$E$1000,4,0) -> 0.19 | D83: =IFERROR(VLOOKUP(B83,'코엑트 코스닥액티브(과거)'!$B$11:$E$1000,4,0),0) -> 0.19 | E83: =C83-D83 -> 0 | F83: =IFERROR(C83/D83-1,"신규편입") -> 0
A84: =VLOOKUP(B84,유니버스!$C$14:$D$2561,2,0) -> KQ | B84: ='코엑트 코스닥액티브'!B90 -> 바디텍메드 | C84: =VLOOKUP(B84,'코엑트 코스닥액티브'!$B$11:$E$1000,4,0) -> 0.18 | D84: =IFERROR(VLOOKUP(B84,'코엑트 코스닥액티브(과거)'!$B$11:$E$1000,4,0),0) -> 0.23 | E84: =C84-D84 -> -0.05 | F84: =IFERROR(C84/D84-1,"신규편입") -> -0.2173913
A85: =VLOOKUP(B85,유니버스!$C$14:$D$2561,2,0) -> KQ | B85: ='코엑트 코스닥액티브'!B91 -> 아이티센글로벌 | C85: =VLOOKUP(B85,'코엑트 코스닥액티브'!$B$11:$E$1000,4,0) -> 0.12 | D85: =IFERROR(VLOOKUP(B85,'코엑트 코스닥액티브(과거)'!$B$11:$E$1000,4,0),0) -> 0.92 | E85: =C85-D85 -> -0.8 | F85: =IFERROR(C85/D85-1,"신규편입") -> -0.86956522
A86: =VLOOKUP(B86,유니버스!$C$14:$D$2561,2,0) -> KQ | B86: ='코엑트 코스닥액티브'!B92 -> 와이지엔터테인먼트 | C86: =VLOOKUP(B86,'코엑트 코스닥액티브'!$B$11:$E$1000,4,0) -> 0.09 | D86: =IFERROR(VLOOKUP(B86,'코엑트 코스닥액티브(과거)'!$B$11:$E$1000,4,0),0) -> 0.1 | E86: =C86-D86 -> -0.01 | F86: =IFERROR(C86/D86-1,"신규편입") -> -0.1
A87: =VLOOKUP(B87,유니버스!$C$14:$D$2561,2,0) -> #N/A | B87: ='코엑트 코스닥액티브'!B93 -> 원화현금 | C87: =VLOOKUP(B87,'코엑트 코스닥액티브'!$B$11:$E$1000,4,0) -> 0.17 | D87: =IFERROR(VLOOKUP(B87,'코엑트 코스닥액티브(과거)'!$B$11:$E$1000,4,0),0) -> 0 | E87: =C87-D87 -> 0.17 | F87: =IFERROR(C87/D87-1,"신규편입") -> 신규편입

Sheet 반도체
B3: ='UNICORN SK하이닉스밸류체인액티브'!A9 -> UNICORN SK하이닉스밸류체인액티브 | H3: ='WON 반도체밸류체인액티브'!A9 -> WON 반도체밸류체인액티브 | N3: ='RISE 비메모리반도체액티브'!A9 -> RISE 비메모리반도체액티브
B4: 종목명 | C4: ='UNICORN SK하이닉스밸류체인액티브'!B4 -> CPD [20260522] | D4: ='UNICORN SK하이닉스밸류체인액티브(과거)'!B4 -> 20260515 | E4: 비중차이 | F4: 증가율 | H4: 종목명 | I4: =C4 -> CPD [20260522] | J4: =D4 -> 20260515 | K4: 비중차 | L4: 증가율 | N4: 종목명 | O4: =C4 -> CPD [20260522] | P4: =D4 -> 20260515 | Q4: 비중차이 | R4: 증가율
A5: =VLOOKUP(B5,유니버스!$C$14:$D$2561,2,0) -> KS | B5: ='UNICORN SK하이닉스밸류체인액티브'!B11 -> SK스퀘어 | C5: =VLOOKUP(B5,'UNICORN SK하이닉스밸류체인액티브'!$B$11:$E$1000,4,0) -> 24.4 | D5: =IFERROR(VLOOKUP(B5,'UNICORN SK하이닉스밸류체인액티브(과거)'!$B$11:$E$1000,4,0),0) -> 24.31 | E5: =C5-D5 -> 0.09 | F5: =IFERROR(C5/D5-1,"신규편입") -> 0.0037021802 | G5: =VLOOKUP(H5,유니버스!$C$14:$D$2561,2,0) -> KS | H5: ='WON 반도체밸류체인액티브'!B11 -> SK하이닉스 | I5: =VLOOKUP(H5,'WON 반도체밸류체인액티브'!$B$11:$E$1000,4,0) -> 28.88 | J5: =IFERROR(VLOOKUP(H5,'WON 반도체밸류체인액티브(과거)'!$B$11:$E$1000,4,0),0) -> 29.34 | K5: =I5-J5 -> -0.46 | L5: =IFERROR(I5/J5-1,"신규편입") -> -0.015678255 | M5: =VLOOKUP(N5,유니버스!$C$14:$D$2561,2,0) -> KS | N5: ='RISE 비메모리반도체액티브'!B11 -> 삼성전자 | O5: =VLOOKUP(N5,'RISE 비메모리반도체액티브'!$B$11:$E$1000,4,0) -> 23.97 | P5: =IFERROR(VLOOKUP(N5,'RISE 비메모리반도체액티브(과거)'!$B$11:$E$1000,4,0),0) -> 23.23 | Q5: =O5-P5 -> 0.74 | R5: =IFERROR(O5/P5-1,"신규편입") -> 0.031855359
A6: =VLOOKUP(B6,유니버스!$C$14:$D$2561,2,0) -> KS | B6: ='UNICORN SK하이닉스밸류체인액티브'!B12 -> SK하이닉스 | C6: =VLOOKUP(B6,'UNICORN SK하이닉스밸류체인액티브'!$B$11:$E$1000,4,0) -> 24.16 | D6: =IFERROR(VLOOKUP(B6,'UNICORN SK하이닉스밸류체인액티브(과거)'!$B$11:$E$1000,4,0),0) -> 24.24 | E6: =C6-D6 -> -0.08 | F6: =IFERROR(C6/D6-1,"신규편입") -> -0.00330033 | G6: =VLOOKUP(H6,유니버스!$C$14:$D$2561,2,0) -> KS | H6: ='WON 반도체밸류체인액티브'!B12 -> 삼성전자 | I6: =VLOOKUP(H6,'WON 반도체밸류체인액티브'!$B$11:$E$1000,4,0) -> 24.34 | J6: =IFERROR(VLOOKUP(H6,'WON 반도체밸류체인액티브(과거)'!$B$11:$E$1000,4,0),0) -> 23.83 | K6: =I6-J6 -> 0.51 | L6: =IFERROR(I6/J6-1,"신규편입") -> 0.021401595 | M6: =VLOOKUP(N6,유니버스!$C$14:$D$2561,2,0) -> KS | N6: ='RISE 비메모리반도체액티브'!B12 -> SK하이닉스 | O6: =VLOOKUP(N6,'RISE 비메모리반도체액티브'!$B$11:$E$1000,4,0) -> 19.1 | P6: =IFERROR(VLOOKUP(N6,'RISE 비메모리반도체액티브(과거)'!$B$11:$E$1000,4,0),0) -> 19.21 | Q6: =O6-P6 -> -0.11 | R6: =IFERROR(O6/P6-1,"신규편입") -> -0.0057261843
A7: =VLOOKUP(B7,유니버스!$C$14:$D$2561,2,0) -> KQ | B7: ='UNICORN SK하이닉스밸류체인액티브'!B13 -> 티씨케이 | C7: =VLOOKUP(B7,'UNICORN SK하이닉스밸류체인액티브'!$B$11:$E$1000,4,0) -> 4.35 | D7: =IFERROR(VLOOKUP(B7,'UNICORN SK하이닉스밸류체인액티브(과거)'!$B$11:$E$1000,4,0),0) -> 4.7 | E7: =C7-D7 -> -0.35 | F7: =IFERROR(C7/D7-1,"신규편입") -> -0.074468085 | G7: =VLOOKUP(H7,유니버스!$C$14:$D$2561,2,0) -> KS | H7: ='WON 반도체밸류체인액티브'!B13 -> 삼성전기 | I7: =VLOOKUP(H7,'WON 반도체밸류체인액티브'!$B$11:$E$1000,4,0) -> 5.51 | J7: =IFERROR(VLOOKUP(H7,'WON 반도체밸류체인액티브(과거)'!$B$11:$E$1000,4,0),0) -> 5.01 | K7: =I7-J7 -> 0.5 | L7: =IFERROR(I7/J7-1,"신규편입") -> 0.099800399 | M7: =VLOOKUP(N7,유니버스!$C$14:$D$2561,2,0) -> KS | N7: ='RISE 비메모리반도체액티브'!B13 -> SK스퀘어 | O7: =VLOOKUP(N7,'RISE 비메모리반도체액티브'!$B$11:$E$1000,4,0) -> 7.06 | P7: =IFERROR(VLOOKUP(N7,'RISE 비메모리반도체액티브(과거)'!$B$11:$E$1000,4,0),0) -> 7.06 | Q7: =O7-P7 -> 0 | R7: =IFERROR(O7/P7-1,"신규편입") -> 0
A8: =VLOOKUP(B8,유니버스!$C$14:$D$2561,2,0) -> KQ | B8: ='UNICORN SK하이닉스밸류체인액티브'!B14 -> 피에스케이홀딩스 | C8: =VLOOKUP(B8,'UNICORN SK하이닉스밸류체인액티브'!$B$11:$E$1000,4,0) -> 4.33 | D8: =IFERROR(VLOOKUP(B8,'UNICORN SK하이닉스밸류체인액티브(과거)'!$B$11:$E$1000,4,0),0) -> 4.32 | E8: =C8-D8 -> 0.01 | F8: =IFERROR(C8/D8-1,"신규편입") -> 0.0023148148 | G8: =VLOOKUP(H8,유니버스!$C$14:$D$2561,2,0) -> KS | H8: ='WON 반도체밸류체인액티브'!B14 -> SK스퀘어 | I8: =VLOOKUP(H8,'WON 반도체밸류체인액티브'!$B$11:$E$1000,4,0) -> 5.4 | J8: =IFERROR(VLOOKUP(H8,'WON 반도체밸류체인액티브(과거)'!$B$11:$E$1000,4,0),0) -> 5.45 | K8: =I8-J8 -> -0.05 | L8: =IFERROR(I8/J8-1,"신규편입") -> -0.0091743119 | M8: =VLOOKUP(N8,유니버스!$C$14:$D$2561,2,0) -> KS | N8: ='RISE 비메모리반도체액티브'!B14 -> DB하이텍 | O8: =VLOOKUP(N8,'RISE 비메모리반도체액티브'!$B$11:$E$1000,4,0) -> 6.56 | P8: =IFERROR(VLOOKUP(N8,'RISE 비메모리반도체액티브(과거)'!$B$11:$E$1000,4,0),0) -> 6.36 | Q8: =O8-P8 -> 0.2 | R8: =IFERROR(O8/P8-1,"신규편입") -> 0.031446541
A9: =VLOOKUP(B9,유니버스!$C$14:$D$2561,2,0) -> KQ | B9: ='UNICORN SK하이닉스밸류체인액티브'!B15 -> 피에스케이 | C9: =VLOOKUP(B9,'UNICORN SK하이닉스밸류체인액티브'!$B$11:$E$1000,4,0) -> 4 | D9: =IFERROR(VLOOKUP(B9,'UNICORN SK하이닉스밸류체인액티브(과거)'!$B$11:$E$1000,4,0),0) -> 3.95 | E9: =C9-D9 -> 0.05 | F9: =IFERROR(C9/D9-1,"신규편입") -> 0.012658228 | G9: =VLOOKUP(H9,유니버스!$C$14:$D$2561,2,0) -> KQ | H9: ='WON 반도체밸류체인액티브'!B15 -> 기가비스 | I9: =VLOOKUP(H9,'WON 반도체밸류체인액티브'!$B$11:$E$1000,4,0) -> 4.48 | J9: =IFERROR(VLOOKUP(H9,'WON 반도체밸류체인액티브(과거)'!$B$11:$E$1000,4,0),0) -> 4.63 | K9: =I9-J9 -> -0.15 | L9: =IFERROR(I9/J9-1,"신규편입") -> -0.032397408 | M9: =VLOOKUP(N9,유니버스!$C$14:$D$2561,2,0) -> KQ | N9: ='RISE 비메모리반도체액티브'!B15 -> 심텍 | O9: =VLOOKUP(N9,'RISE 비메모리반도체액티브'!$B$11:$E$1000,4,0) -> 5.69 | P9: =IFERROR(VLOOKUP(N9,'RISE 비메모리반도체액티브(과거)'!$B$11:$E$1000,4,0),0) -> 4.88 | Q9: =O9-P9 -> 0.81 | R9: =IFERROR(O9/P9-1,"신규편입") -> 0.16598361
A10: =VLOOKUP(B10,유니버스!$C$14:$D$2561,2,0) -> KQ | B10: ='UNICORN SK하이닉스밸류체인액티브'!B16 -> 브이엠 | C10: =VLOOKUP(B10,'UNICORN SK하이닉스밸류체인액티브'!$B$11:$E$1000,4,0) -> 3.87 | D10: =IFERROR(VLOOKUP(B10,'UNICORN SK하이닉스밸류체인액티브(과거)'!$B$11:$E$1000,4,0),0) -> 3.74 | E10: =C10-D10 -> 0.13 | F10: =IFERROR(C10/D10-1,"신규편입") -> 0.034759358 | G10: =VLOOKUP(H10,유니버스!$C$14:$D$2561,2,0) -> KQ | H10: ='WON 반도체밸류체인액티브'!B16 -> 이오테크닉스 | I10: =VLOOKUP(H10,'WON 반도체밸류체인액티브'!$B$11:$E$1000,4,0) -> 3.92 | J10: =IFERROR(VLOOKUP(H10,'WON 반도체밸류체인액티브(과거)'!$B$11:$E$1000,4,0),0) -> 3.42 | K10: =I10-J10 -> 0.5 | L10: =IFERROR(I10/J10-1,"신규편입") -> 0.14619883 | M10: =VLOOKUP(N10,유니버스!$C$14:$D$2561,2,0) -> KS | N10: ='RISE 비메모리반도체액티브'!B16 -> 대덕전자 | O10: =VLOOKUP(N10,'RISE 비메모리반도체액티브'!$B$11:$E$1000,4,0) -> 5.64 | P10: =IFERROR(VLOOKUP(N10,'RISE 비메모리반도체액티브(과거)'!$B$11:$E$1000,4,0),0) -> 5.61 | Q10: =O10-P10 -> 0.03 | R10: =IFERROR(O10/P10-1,"신규편입") -> 0.0053475936
A11: =VLOOKUP(B11,유니버스!$C$14:$D$2561,2,0) -> KQ | B11: ='UNICORN SK하이닉스밸류체인액티브'!B17 -> 덕산하이메탈 | C11: =VLOOKUP(B11,'UNICORN SK하이닉스밸류체인액티브'!$B$11:$E$1000,4,0) -> 3.82 | D11: =IFERROR(VLOOKUP(B11,'UNICORN SK하이닉스밸류체인액티브(과거)'!$B$11:$E$1000,4,0),0) -> 4.26 | E11: =C11-D11 -> -0.44 | F11: =IFERROR(C11/D11-1,"신규편입") -> -0.10328638 | G11: =VLOOKUP(H11,유니버스!$C$14:$D$2561,2,0) -> KQ | H11: ='WON 반도체밸류체인액티브'!B17 -> 피에스케이홀딩스 | I11: =VLOOKUP(H11,'WON 반도체밸류체인액티브'!$B$11:$E$1000,4,0) -> 3.78 | J11: =IFERROR(VLOOKUP(H11,'WON 반도체밸류체인액티브(과거)'!$B$11:$E$1000,4,0),0) -> 3.83 | K11: =I11-J11 -> -0.05 | L11: =IFERROR(I11/J11-1,"신규편입") -> -0.01305483 | M11: =VLOOKUP(N11,유니버스!$C$14:$D$2561,2,0) -> KS | N11: ='RISE 비메모리반도체액티브'!B17 -> 삼성전기 | O11: =VLOOKUP(N11,'RISE 비메모리반도체액티브'!$B$11:$E$1000,4,0) -> 5.32 | P11: =IFERROR(VLOOKUP(N11,'RISE 비메모리반도체액티브(과거)'!$B$11:$E$1000,4,0),0) -> 4.79 | Q11: =O11-P11 -> 0.53 | R11: =IFERROR(O11/P11-1,"신규편입") -> 0.11064718
A12: =VLOOKUP(B12,유니버스!$C$14:$D$2561,2,0) -> KS | B12: ='UNICORN SK하이닉스밸류체인액티브'!B18 -> 두산 | C12: =VLOOKUP(B12,'UNICORN SK하이닉스밸류체인액티브'!$B$11:$E$1000,4,0) -> 3.77 | D12: =IFERROR(VLOOKUP(B12,'UNICORN SK하이닉스밸류체인액티브(과거)'!$B$11:$E$1000,4,0),0) -> 4.07 | E12: =C12-D12 -> -0.3 | F12: =IFERROR(C12/D12-1,"신규편입") -> -0.073710074 | G12: =VLOOKUP(H12,유니버스!$C$14:$D$2561,2,0) -> KQ | H12: ='WON 반도체밸류체인액티브'!B18 -> 티에스이 | I12: =VLOOKUP(H12,'WON 반도체밸류체인액티브'!$B$11:$E$1000,4,0) -> 2.97 | J12: =IFERROR(VLOOKUP(H12,'WON 반도체밸류체인액티브(과거)'!$B$11:$E$1000,4,0),0) -> 2.58 | K12: =I12-J12 -> 0.39 | L12: =IFERROR(I12/J12-1,"신규편입") -> 0.15116279 | M12: =VLOOKUP(N12,유니버스!$C$14:$D$2561,2,0) -> KS | N12: ='RISE 비메모리반도체액티브'!B18 -> 이수페타시스 | O12: =VLOOKUP(N12,'RISE 비메모리반도체액티브'!$B$11:$E$1000,4,0) -> 4.76 | P12: =IFERROR(VLOOKUP(N12,'RISE 비메모리반도체액티브(과거)'!$B$11:$E$1000,4,0),0) -> 5.11 | Q12: =O12-P12 -> -0.35 | R12: =IFERROR(O12/P12-1,"신규편입") -> -0.068493151
A13: =VLOOKUP(B13,유니버스!$C$14:$D$2561,2,0) -> KQ | B13: ='UNICORN SK하이닉스밸류체인액티브'!B19 -> 이오테크닉스 | C13: =VLOOKUP(B13,'UNICORN SK하이닉스밸류체인액티브'!$B$11:$E$1000,4,0) -> 3.54 | D13: =IFERROR(VLOOKUP(B13,'UNICORN SK하이닉스밸류체인액티브(과거)'!$B$11:$E$1000,4,0),0) -> 3.05 | E13: =C13-D13 -> 0.49 | F13: =IFERROR(C13/D13-1,"신규편입") -> 0.16065574 | G13: =VLOOKUP(H13,유니버스!$C$14:$D$2561,2,0) -> KQ | H13: ='WON 반도체밸류체인액티브'!B19 -> 피에스케이 | I13: =VLOOKUP(H13,'WON 반도체밸류체인액티브'!$B$11:$E$1000,4,0) -> 2.88 | J13: =IFERROR(VLOOKUP(H13,'WON 반도체밸류체인액티브(과거)'!$B$11:$E$1000,4,0),0) -> 2.89 | K13: =I13-J13 -> -0.01 | L13: =IFERROR(I13/J13-1,"신규편입") -> -0.0034602076 | M13: =VLOOKUP(N13,유니버스!$C$14:$D$2561,2,0) -> KQ | N13: ='RISE 비메모리반도체액티브'!B19 -> 두산테스나 | O13: =VLOOKUP(N13,'RISE 비메모리반도체액티브'!$B$11:$E$1000,4,0) -> 4.04 | P13: =IFERROR(VLOOKUP(N13,'RISE 비메모리반도체액티브(과거)'!$B$11:$E$1000,4,0),0) -> 4.52 | Q13: =O13-P13 -> -0.48 | R13: =IFERROR(O13/P13-1,"신규편입") -> -0.10619469
A14: =VLOOKUP(B14,유니버스!$C$14:$D$2561,2,0) -> KQ | B14: ='UNICORN SK하이닉스밸류체인액티브'!B20 -> 샘씨엔에스 | C14: =VLOOKUP(B14,'UNICORN SK하이닉스밸류체인액티브'!$B$11:$E$1000,4,0) -> 3.51 | D14: =IFERROR(VLOOKUP(B14,'UNICORN SK하이닉스밸류체인액티브(과거)'!$B$11:$E$1000,4,0),0) -> 3.37 | E14: =C14-D14 -> 0.14 | F14: =IFERROR(C14/D14-1,"신규편입") -> 0.041543027 | G14: =VLOOKUP(H14,유니버스!$C$14:$D$2561,2,0) -> KQ | H14: ='WON 반도체밸류체인액티브'!B20 -> 브이엠 | I14: =VLOOKUP(H14,'WON 반도체밸류체인액티브'!$B$11:$E$1000,4,0) -> 2.85 | J14: =IFERROR(VLOOKUP(H14,'WON 반도체밸류체인액티브(과거)'!$B$11:$E$1000,4,0),0) -> 2.79 | K14: =I14-J14 -> 0.06 | L14: =IFERROR(I14/J14-1,"신규편입") -> 0.021505376 | M14: =VLOOKUP(N14,유니버스!$C$14:$D$2561,2,0) -> KQ | N14: ='RISE 비메모리반도체액티브'!B20 -> 리노공업 | O14: =VLOOKUP(N14,'RISE 비메모리반도체액티브'!$B$11:$E$1000,4,0) -> 3.83 | P14: =IFERROR(VLOOKUP(N14,'RISE 비메모리반도체액티브(과거)'!$B$11:$E$1000,4,0),0) -> 3.99 | Q14: =O14-P14 -> -0.16 | R14: =IFERROR(O14/P14-1,"신규편입") -> -0.040100251
A15: =VLOOKUP(B15,유니버스!$C$14:$D$2561,2,0) -> KQ | B15: ='UNICORN SK하이닉스밸류체인액티브'!B21 -> 오킨스전자 | C15: =VLOOKUP(B15,'UNICORN SK하이닉스밸류체인액티브'!$B$11:$E$1000,4,0) -> 3.42 | D15: =IFERROR(VLOOKUP(B15,'UNICORN SK하이닉스밸류체인액티브(과거)'!$B$11:$E$1000,4,0),0) -> 3.48 | E15: =C15-D15 -> -0.06 | F15: =IFERROR(C15/D15-1,"신규편입") -> -0.017241379 | G15: =VLOOKUP(H15,유니버스!$C$14:$D$2561,2,0) -> KS | H15: ='WON 반도체밸류체인액티브'!B21 -> 대덕전자 | I15: =VLOOKUP(H15,'WON 반도체밸류체인액티브'!$B$11:$E$1000,4,0) -> 2.05 | J15: =IFERROR(VLOOKUP(H15,'WON 반도체밸류체인액티브(과거)'!$B$11:$E$1000,4,0),0) -> 2.06 | K15: =I15-J15 -> -0.01 | L15: =IFERROR(I15/J15-1,"신규편입") -> -0.0048543689 | M15: =VLOOKUP(N15,유니버스!$C$14:$D$2561,2,0) -> KQ | N15: ='RISE 비메모리반도체액티브'!B21 -> 테스 | O15: =VLOOKUP(N15,'RISE 비메모리반도체액티브'!$B$11:$E$1000,4,0) -> 3.8 | P15: =IFERROR(VLOOKUP(N15,'RISE 비메모리반도체액티브(과거)'!$B$11:$E$1000,4,0),0) -> 4.01 | Q15: =O15-P15 -> -0.21 | R15: =IFERROR(O15/P15-1,"신규편입") -> -0.052369077
A16: =VLOOKUP(B16,유니버스!$C$14:$D$2561,2,0) -> KQ | B16: ='UNICORN SK하이닉스밸류체인액티브'!B22 -> 심텍 | C16: =VLOOKUP(B16,'UNICORN SK하이닉스밸류체인액티브'!$B$11:$E$1000,4,0) -> 3.37 | D16: =IFERROR(VLOOKUP(B16,'UNICORN SK하이닉스밸류체인액티브(과거)'!$B$11:$E$1000,4,0),0) -> 2.89 | E16: =C16-D16 -> 0.48 | F16: =IFERROR(C16/D16-1,"신규편입") -> 0.16608997 | G16: =VLOOKUP(H16,유니버스!$C$14:$D$2561,2,0) -> KQ | H16: ='WON 반도체밸류체인액티브'!B22 -> RFHIC | I16: =VLOOKUP(H16,'WON 반도체밸류체인액티브'!$B$11:$E$1000,4,0) -> 1.95 | J16: =IFERROR(VLOOKUP(H16,'WON 반도체밸류체인액티브(과거)'!$B$11:$E$1000,4,0),0) -> 2.07 | K16: =I16-J16 -> -0.12 | L16: =IFERROR(I16/J16-1,"신규편입") -> -0.057971014 | M16: =VLOOKUP(N16,유니버스!$C$14:$D$2561,2,0) -> KS | N16: ='RISE 비메모리반도체액티브'!B22 -> 한솔테크닉스 | O16: =VLOOKUP(N16,'RISE 비메모리반도체액티브'!$B$11:$E$1000,4,0) -> 3.27 | P16: =IFERROR(VLOOKUP(N16,'RISE 비메모리반도체액티브(과거)'!$B$11:$E$1000,4,0),0) -> 3.15 | Q16: =O16-P16 -> 0.12 | R16: =IFERROR(O16/P16-1,"신규편입") -> 0.038095238
... A22: =VLOOKUP(B22,유니버스!$C$14:$D$2561,2,0) -> KQ | B22: ='UNICORN SK하이닉스밸류체인액티브'!B28 -> GST | C22: =VLOOKUP(B22,'UNICORN SK하이닉스밸류체인액티브'!$B$11:$E$1000,4,0) -> 1.12 | D22: =IFERROR(VLOOKUP(B22,'UNICORN SK하이닉스밸류체인액티브(과거)'!$B$11:$E$1000,4,0),0) -> 1.23 | E22: =C22-D22 -> -0.11 | F22: =IFERROR(C22/D22-1,"신규편입") -> -0.089430894 | G22: =VLOOKUP(H22,유니버스!$C$14:$D$2561,2,0) -> KQ | H22: ='WON 반도체밸류체인액티브'!B28 -> 샘씨엔에스 | I22: =VLOOKUP(H22,'WON 반도체밸류체인액티브'!$B$11:$E$1000,4,0) -> 1.01 | J22: =IFERROR(VLOOKUP(H22,'WON 반도체밸류체인액티브(과거)'!$B$11:$E$1000,4,0),0) -> 0.98 | K22: =I22-J22 -> 0.03 | L22: =IFERROR(I22/J22-1,"신규편입") -> 0.030612245 | M22: =VLOOKUP(N22,유니버스!$C$14:$D$2561,2,0) -> #N/A | N22: ='RISE 비메모리반도체액티브'!B28 -> 원화현금 | O22: =VLOOKUP(N22,'RISE 비메모리반도체액티브'!$B$11:$E$1000,4,0) -> 0 | P22: =IFERROR(VLOOKUP(N22,'RISE 비메모리반도체액티브(과거)'!$B$11:$E$1000,4,0),0) -> 0 | Q22: =O22-P22 -> 0 | R22: =IFERROR(O22/P22-1,"신규편입") -> 신규편입
A23: =VLOOKUP(B23,유니버스!$C$14:$D$2561,2,0) -> KQ | B23: ='UNICORN SK하이닉스밸류체인액티브'!B29 -> 오로스테크놀로지 | C23: =VLOOKUP(B23,'UNICORN SK하이닉스밸류체인액티브'!$B$11:$E$1000,4,0) -> 0.77 | D23: =IFERROR(VLOOKUP(B23,'UNICORN SK하이닉스밸류체인액티브(과거)'!$B$11:$E$1000,4,0),0) -> 0.79 | E23: =C23-D23 -> -0.02 | F23: =IFERROR(C23/D23-1,"신규편입") -> -0.025316456 | G23: =VLOOKUP(H23,유니버스!$C$14:$D$2561,2,0) -> KQ | H23: ='WON 반도체밸류체인액티브'!B29 -> 인텍플러스 | I23: =VLOOKUP(H23,'WON 반도체밸류체인액티브'!$B$11:$E$1000,4,0) -> 0.76 | J23: =IFERROR(VLOOKUP(H23,'WON 반도체밸류체인액티브(과거)'!$B$11:$E$1000,4,0),0) -> 0.78 | K23: =I23-J23 -> -0.02 | L23: =IFERROR(I23/J23-1,"신규편입") -> -0.025641026
A24: =VLOOKUP(B24,유니버스!$C$14:$D$2561,2,0) -> KQ | B24: ='UNICORN SK하이닉스밸류체인액티브'!B30 -> HPSP | C24: =VLOOKUP(B24,'UNICORN SK하이닉스밸류체인액티브'!$B$11:$E$1000,4,0) -> 0.54 | D24: =IFERROR(VLOOKUP(B24,'UNICORN SK하이닉스밸류체인액티브(과거)'!$B$11:$E$1000,4,0),0) -> 0.53 | E24: =C24-D24 -> 0.01 | F24: =IFERROR(C24/D24-1,"신규편입") -> 0.018867925 | G24: =VLOOKUP(H24,유니버스!$C$14:$D$2561,2,0) -> KQ | H24: ='WON 반도체밸류체인액티브'!B30 -> 덕산테코피아 | I24: =VLOOKUP(H24,'WON 반도체밸류체인액티브'!$B$11:$E$1000,4,0) -> 0.74 | J24: =IFERROR(VLOOKUP(H24,'WON 반도체밸류체인액티브(과거)'!$B$11:$E$1000,4,0),0) -> 0.92 | K24: =I24-J24 -> -0.18 | L24: =IFERROR(I24/J24-1,"신규편입") -> -0.19565217
A25: =VLOOKUP(B25,유니버스!$C$14:$D$2561,2,0) -> KQ | B25: ='UNICORN SK하이닉스밸류체인액티브'!B31 -> 이엔에프테크놀로지 | C25: =VLOOKUP(B25,'UNICORN SK하이닉스밸류체인액티브'!$B$11:$E$1000,4,0) -> 0.12 | D25: =IFERROR(VLOOKUP(B25,'UNICORN SK하이닉스밸류체인액티브(과거)'!$B$11:$E$1000,4,0),0) -> 0.12 | E25: =C25-D25 -> 0 | F25: =IFERROR(C25/D25-1,"신규편입") -> 0 | G25: =VLOOKUP(H25,유니버스!$C$14:$D$2561,2,0) -> KQ | H25: ='WON 반도체밸류체인액티브'!B31 -> 에이디테크놀로지 | I25: =VLOOKUP(H25,'WON 반도체밸류체인액티브'!$B$11:$E$1000,4,0) -> 0.6 | J25: =IFERROR(VLOOKUP(H25,'WON 반도체밸류체인액티브(과거)'!$B$11:$E$1000,4,0),0) -> 0.66 | K25: =I25-J25 -> -0.06 | L25: =IFERROR(I25/J25-1,"신규편입") -> -0.090909091
A26: =VLOOKUP(B26,유니버스!$C$14:$D$2561,2,0) -> #N/A | B26: ='UNICORN SK하이닉스밸류체인액티브'!B32 -> 원화현금 | C26: =VLOOKUP(B26,'UNICORN SK하이닉스밸류체인액티브'!$B$11:$E$1000,4,0) -> 0.86 | D26: =IFERROR(VLOOKUP(B26,'UNICORN SK하이닉스밸류체인액티브(과거)'!$B$11:$E$1000,4,0),0) -> 0.93 | E26: =C26-D26 -> -0.07 | F26: =IFERROR(C26/D26-1,"신규편입") -> -0.075268817 | G26: =VLOOKUP(H26,유니버스!$C$14:$D$2561,2,0) -> KQ | H26: ='WON 반도체밸류체인액티브'!B32 -> 에치에프알 | I26: =VLOOKUP(H26,'WON 반도체밸류체인액티브'!$B$11:$E$1000,4,0) -> 0.56 | J26: =IFERROR(VLOOKUP(H26,'WON 반도체밸류체인액티브(과거)'!$B$11:$E$1000,4,0),0) -> 0.63 | K26: =I26-J26 -> -0.07 | L26: =IFERROR(I26/J26-1,"신규편입") -> -0.11111111
G27: =VLOOKUP(H27,유니버스!$C$14:$D$2561,2,0) -> #N/A | H27: ='WON 반도체밸류체인액티브'!B33 -> 원화예금 | I27: =VLOOKUP(H27,'WON 반도체밸류체인액티브'!$B$11:$E$1000,4,0) -> 0 | J27: =IFERROR(VLOOKUP(H27,'WON 반도체밸류체인액티브(과거)'!$B$11:$E$1000,4,0),0) -> 0 | K27: =I27-J27 -> 0 | L27: =IFERROR(I27/J27-1,"신규편입") -> 신규편입

Sheet 수급, 배당성장
B3: ='SOL 코리아메가테크액티브'!A9 -> SOL 코리아메가테크액티브 | H3: ='KoAct 배당성장액티브'!A9 -> KoAct 배당성장액티브 | N3: ='TIMEFOLIO Korea플러스배당액티브'!A9 -> TIME Korea플러스배당액티브
B4: 종목명 | C4: ='SOL 코리아메가테크액티브'!B4 -> CPD [20260522] | D4: ='SOL 코리아메가테크액티브(과거)'!B4 -> 20260515 | E4: 비중차이 | F4: 증가율 | H4: 종목명 | I4: =C4 -> CPD [20260522] | J4: =D4 -> 20260515 | K4: 비중차 | L4: 증가율 | N4: 종목명 | O4: =C4 -> CPD [20260522] | P4: =D4 -> 20260515 | Q4: 비중차이 | R4: 증가율
A5: =VLOOKUP(B5,유니버스!$C$14:$D$2561,2,0) -> KS | B5: ='SOL 코리아메가테크액티브'!B11 -> 삼성전자 | C5: =VLOOKUP(B5,'SOL 코리아메가테크액티브'!$B$11:$E$1000,4,0) -> 17.02 | D5: =IFERROR(VLOOKUP(B5,'SOL 코리아메가테크액티브(과거)'!$B$11:$E$1000,4,0),0) -> 15.76 | E5: =C5-D5 -> 1.26 | F5: =IFERROR(C5/D5-1,"신규편입") -> 0.079949239 | G5: =VLOOKUP(H5,유니버스!$C$14:$D$2561,2,0) -> #N/A | H5: ='KoAct 배당성장액티브'!B11 -> 삼성전자우 | I5: =VLOOKUP(H5,'KoAct 배당성장액티브'!$B$11:$E$1000,4,0) -> 23.19 | J5: =IFERROR(VLOOKUP(H5,'KoAct 배당성장액티브(과거)'!$B$11:$E$1000,4,0),0) -> 23.11 | K5: =I5-J5 -> 0.08 | L5: =IFERROR(I5/J5-1,"신규편입") -> 0.0034617049 | M5: =VLOOKUP(N5,유니버스!$C$14:$D$2561,2,0) -> KS | N5: ='TIMEFOLIO Korea플러스배당액티브'!B11 -> SK하이닉스 | O5: =VLOOKUP(N5,'TIMEFOLIO Korea플러스배당액티브'!$B$11:$E$1000,4,0) -> 28.71 | P5: =IFERROR(VLOOKUP(N5,'TIMEFOLIO Korea플러스배당액티브(과거)'!$B$11:$E$1000,4,0),0) -> 27.59 | Q5: =O5-P5 -> 1.12 | R5: =IFERROR(O5/P5-1,"신규편입") -> 0.040594418
A6: =VLOOKUP(B6,유니버스!$C$14:$D$2561,2,0) -> KS | B6: ='SOL 코리아메가테크액티브'!B12 -> SK하이닉스 | C6: =VLOOKUP(B6,'SOL 코리아메가테크액티브'!$B$11:$E$1000,4,0) -> 16.48 | D6: =IFERROR(VLOOKUP(B6,'SOL 코리아메가테크액티브(과거)'!$B$11:$E$1000,4,0),0) -> 15.85 | E6: =C6-D6 -> 0.63 | F6: =IFERROR(C6/D6-1,"신규편입") -> 0.039747634 | G6: =VLOOKUP(H6,유니버스!$C$14:$D$2561,2,0) -> KS | H6: ='KoAct 배당성장액티브'!B12 -> SK하이닉스 | I6: =VLOOKUP(H6,'KoAct 배당성장액티브'!$B$11:$E$1000,4,0) -> 22.33 | J6: =IFERROR(VLOOKUP(H6,'KoAct 배당성장액티브(과거)'!$B$11:$E$1000,4,0),0) -> 21.41 | K6: =I6-J6 -> 0.92 | L6: =IFERROR(I6/J6-1,"신규편입") -> 0.042970574 | M6: =VLOOKUP(N6,유니버스!$C$14:$D$2561,2,0) -> KS | N6: ='TIMEFOLIO Korea플러스배당액티브'!B12 -> 삼성전자 | O6: =VLOOKUP(N6,'TIMEFOLIO Korea플러스배당액티브'!$B$11:$E$1000,4,0) -> 11.64 | P6: =IFERROR(VLOOKUP(N6,'TIMEFOLIO Korea플러스배당액티브(과거)'!$B$11:$E$1000,4,0),0) -> 10.77 | Q6: =O6-P6 -> 0.87 | R6: =IFERROR(O6/P6-1,"신규편입") -> 0.080779944
A7: =VLOOKUP(B7,유니버스!$C$14:$D$2561,2,0) -> KS | B7: ='SOL 코리아메가테크액티브'!B13 -> 현대차 | C7: =VLOOKUP(B7,'SOL 코리아메가테크액티브'!$B$11:$E$1000,4,0) -> 7.63 | D7: =IFERROR(VLOOKUP(B7,'SOL 코리아메가테크액티브(과거)'!$B$11:$E$1000,4,0),0) -> 8.22 | E7: =C7-D7 -> -0.59 | F7: =IFERROR(C7/D7-1,"신규편입") -> -0.071776156 | G7: =VLOOKUP(H7,유니버스!$C$14:$D$2561,2,0) -> KS | H7: ='KoAct 배당성장액티브'!B13 -> HD현대중공업 | I7: =VLOOKUP(H7,'KoAct 배당성장액티브'!$B$11:$E$1000,4,0) -> 3.17 | J7: =IFERROR(VLOOKUP(H7,'KoAct 배당성장액티브(과거)'!$B$11:$E$1000,4,0),0) -> 3.09 | K7: =I7-J7 -> 0.08 | L7: =IFERROR(I7/J7-1,"신규편입") -> 0.025889968 | M7: =VLOOKUP(N7,유니버스!$C$14:$D$2561,2,0) -> KS | N7: ='TIMEFOLIO Korea플러스배당액티브'!B13 -> 현대차 | O7: =VLOOKUP(N7,'TIMEFOLIO Korea플러스배당액티브'!$B$11:$E$1000,4,0) -> 6.16 | P7: =IFERROR(VLOOKUP(N7,'TIMEFOLIO Korea플러스배당액티브(과거)'!$B$11:$E$1000,4,0),0) -> 6.64 | Q7: =O7-P7 -> -0.48 | R7: =IFERROR(O7/P7-1,"신규편입") -> -0.072289157
A8: =VLOOKUP(B8,유니버스!$C$14:$D$2561,2,0) -> KS | B8: ='SOL 코리아메가테크액티브'!B14 -> SK스퀘어 | C8: =VLOOKUP(B8,'SOL 코리아메가테크액티브'!$B$11:$E$1000,4,0) -> 5.19 | D8: =IFERROR(VLOOKUP(B8,'SOL 코리아메가테크액티브(과거)'!$B$11:$E$1000,4,0),0) -> 4.96 | E8: =C8-D8 -> 0.23 | F8: =IFERROR(C8/D8-1,"신규편입") -> 0.046370968 | G8: =VLOOKUP(H8,유니버스!$C$14:$D$2561,2,0) -> KS | H8: ='KoAct 배당성장액티브'!B14 -> HD한국조선해양 | I8: =VLOOKUP(H8,'KoAct 배당성장액티브'!$B$11:$E$1000,4,0) -> 1.96 | J8: =IFERROR(VLOOKUP(H8,'KoAct 배당성장액티브(과거)'!$B$11:$E$1000,4,0),0) -> 2.01 | K8: =I8-J8 -> -0.05 | L8: =IFERROR(I8/J8-1,"신규편입") -> -0.024875622 | M8: =VLOOKUP(N8,유니버스!$C$14:$D$2561,2,0) -> KS | N8: ='TIMEFOLIO Korea플러스배당액티브'!B14 -> LS | O8: =VLOOKUP(N8,'TIMEFOLIO Korea플러스배당액티브'!$B$11:$E$1000,4,0) -> 4.08 | P8: =IFERROR(VLOOKUP(N8,'TIMEFOLIO Korea플러스배당액티브(과거)'!$B$11:$E$1000,4,0),0) -> 3.79 | Q8: =O8-P8 -> 0.29 | R8: =IFERROR(O8/P8-1,"신규편입") -> 0.07651715
A9: =VLOOKUP(B9,유니버스!$C$14:$D$2561,2,0) -> KS | B9: ='SOL 코리아메가테크액티브'!B15 -> LS ELECTRIC | C9: =VLOOKUP(B9,'SOL 코리아메가테크액티브'!$B$11:$E$1000,4,0) -> 4.65 | D9: =IFERROR(VLOOKUP(B9,'SOL 코리아메가테크액티브(과거)'!$B$11:$E$1000,4,0),0) -> 4.55 | E9: =C9-D9 -> 0.1 | F9: =IFERROR(C9/D9-1,"신규편입") -> 0.021978022 | G9: =VLOOKUP(H9,유니버스!$C$14:$D$2561,2,0) -> KS | H9: ='KoAct 배당성장액티브'!B15 -> KB금융 | I9: =VLOOKUP(H9,'KoAct 배당성장액티브'!$B$11:$E$1000,4,0) -> 1.83 | J9: =IFERROR(VLOOKUP(H9,'KoAct 배당성장액티브(과거)'!$B$11:$E$1000,4,0),0) -> 1.46 | K9: =I9-J9 -> 0.37 | L9: =IFERROR(I9/J9-1,"신규편입") -> 0.25342466 | M9: =VLOOKUP(N9,유니버스!$C$14:$D$2561,2,0) -> KS | N9: ='TIMEFOLIO Korea플러스배당액티브'!B15 -> 미래에셋증권 | O9: =VLOOKUP(N9,'TIMEFOLIO Korea플러스배당액티브'!$B$11:$E$1000,4,0) -> 3.79 | P9: =IFERROR(VLOOKUP(N9,'TIMEFOLIO Korea플러스배당액티브(과거)'!$B$11:$E$1000,4,0),0) -> 4.08 | Q9: =O9-P9 -> -0.29 | R9: =IFERROR(O9/P9-1,"신규편입") -> -0.071078431
A10: =VLOOKUP(B10,유니버스!$C$14:$D$2561,2,0) -> KS | B10: ='SOL 코리아메가테크액티브'!B16 -> 한화에어로스페이스 | C10: =VLOOKUP(B10,'SOL 코리아메가테크액티브'!$B$11:$E$1000,4,0) -> 4.31 | D10: =IFERROR(VLOOKUP(B10,'SOL 코리아메가테크액티브(과거)'!$B$11:$E$1000,4,0),0) -> 4.31 | E10: =C10-D10 -> 0 | F10: =IFERROR(C10/D10-1,"신규편입") -> 0 | G10: =VLOOKUP(H10,유니버스!$C$14:$D$2561,2,0) -> KQ | H10: ='KoAct 배당성장액티브'!B16 -> 코나아이 | I10: =VLOOKUP(H10,'KoAct 배당성장액티브'!$B$11:$E$1000,4,0) -> 1.79 | J10: =IFERROR(VLOOKUP(H10,'KoAct 배당성장액티브(과거)'!$B$11:$E$1000,4,0),0) -> 2.12 | K10: =I10-J10 -> -0.33 | L10: =IFERROR(I10/J10-1,"신규편입") -> -0.15566038 | M10: =VLOOKUP(N10,유니버스!$C$14:$D$2561,2,0) -> KS | N10: ='TIMEFOLIO Korea플러스배당액티브'!B16 -> 삼성증권 | O10: =VLOOKUP(N10,'TIMEFOLIO Korea플러스배당액티브'!$B$11:$E$1000,4,0) -> 3.52 | P10: =IFERROR(VLOOKUP(N10,'TIMEFOLIO Korea플러스배당액티브(과거)'!$B$11:$E$1000,4,0),0) -> 3.63 | Q10: =O10-P10 -> -0.11 | R10: =IFERROR(O10/P10-1,"신규편입") -> -0.03030303
A11: =VLOOKUP(B11,유니버스!$C$14:$D$2561,2,0) -> KS | B11: ='SOL 코리아메가테크액티브'!B17 -> 기아 | C11: =VLOOKUP(B11,'SOL 코리아메가테크액티브'!$B$11:$E$1000,4,0) -> 3.36 | D11: =IFERROR(VLOOKUP(B11,'SOL 코리아메가테크액티브(과거)'!$B$11:$E$1000,4,0),0) -> 3.44 | E11: =C11-D11 -> -0.08 | F11: =IFERROR(C11/D11-1,"신규편입") -> -0.023255814 | G11: =VLOOKUP(H11,유니버스!$C$14:$D$2561,2,0) -> KS | H11: ='KoAct 배당성장액티브'!B17 -> 현대차 | I11: =VLOOKUP(H11,'KoAct 배당성장액티브'!$B$11:$E$1000,4,0) -> 1.77 | J11: =IFERROR(VLOOKUP(H11,'KoAct 배당성장액티브(과거)'!$B$11:$E$1000,4,0),0) -> 1.9 | K11: =I11-J11 -> -0.13 | L11: =IFERROR(I11/J11-1,"신규편입") -> -0.068421053 | M11: =VLOOKUP(N11,유니버스!$C$14:$D$2561,2,0) -> KS | N11: ='TIMEFOLIO Korea플러스배당액티브'!B17 -> 삼성물산 | O11: =VLOOKUP(N11,'TIMEFOLIO Korea플러스배당액티브'!$B$11:$E$1000,4,0) -> 3.51 | P11: =IFERROR(VLOOKUP(N11,'TIMEFOLIO Korea플러스배당액티브(과거)'!$B$11:$E$1000,4,0),0) -> 3.41 | Q11: =O11-P11 -> 0.1 | R11: =IFERROR(O11/P11-1,"신규편입") -> 0.029325513
A12: =VLOOKUP(B12,유니버스!$C$14:$D$2561,2,0) -> KS | B12: ='SOL 코리아메가테크액티브'!B18 -> 현대모비스 | C12: =VLOOKUP(B12,'SOL 코리아메가테크액티브'!$B$11:$E$1000,4,0) -> 3.26 | D12: =IFERROR(VLOOKUP(B12,'SOL 코리아메가테크액티브(과거)'!$B$11:$E$1000,4,0),0) -> 3.14 | E12: =C12-D12 -> 0.12 | F12: =IFERROR(C12/D12-1,"신규편입") -> 0.038216561 | G12: =VLOOKUP(H12,유니버스!$C$14:$D$2561,2,0) -> KS | H12: ='KoAct 배당성장액티브'!B18 -> 한국금융지주 | I12: =VLOOKUP(H12,'KoAct 배당성장액티브'!$B$11:$E$1000,4,0) -> 1.67 | J12: =IFERROR(VLOOKUP(H12,'KoAct 배당성장액티브(과거)'!$B$11:$E$1000,4,0),0) -> 1.77 | K12: =I12-J12 -> -0.1 | L12: =IFERROR(I12/J12-1,"신규편입") -> -0.056497175 | M12: =VLOOKUP(N12,유니버스!$C$14:$D$2561,2,0) -> KS | N12: ='TIMEFOLIO Korea플러스배당액티브'!B18 -> 키움증권 | O12: =VLOOKUP(N12,'TIMEFOLIO Korea플러스배당액티브'!$B$11:$E$1000,4,0) -> 3.21 | P12: =IFERROR(VLOOKUP(N12,'TIMEFOLIO Korea플러스배당액티브(과거)'!$B$11:$E$1000,4,0),0) -> 3.18 | Q12: =O12-P12 -> 0.03 | R12: =IFERROR(O12/P12-1,"신규편입") -> 0.0094339623
A13: =VLOOKUP(B13,유니버스!$C$14:$D$2561,2,0) -> KS | B13: ='SOL 코리아메가테크액티브'!B19 -> HD현대일렉트릭 | C13: =VLOOKUP(B13,'SOL 코리아메가테크액티브'!$B$11:$E$1000,4,0) -> 2.96 | D13: =IFERROR(VLOOKUP(B13,'SOL 코리아메가테크액티브(과거)'!$B$11:$E$1000,4,0),0) -> 3.15 | E13: =C13-D13 -> -0.19 | F13: =IFERROR(C13/D13-1,"신규편입") -> -0.06031746 | G13: =VLOOKUP(H13,유니버스!$C$14:$D$2561,2,0) -> KS | H13: ='KoAct 배당성장액티브'!B19 -> 키움증권 | I13: =VLOOKUP(H13,'KoAct 배당성장액티브'!$B$11:$E$1000,4,0) -> 1.49 | J13: =IFERROR(VLOOKUP(H13,'KoAct 배당성장액티브(과거)'!$B$11:$E$1000,4,0),0) -> 1.48 | K13: =I13-J13 -> 0.01 | L13: =IFERROR(I13/J13-1,"신규편입") -> 0.0067567568 | M13: =VLOOKUP(N13,유니버스!$C$14:$D$2561,2,0) -> KS | N13: ='TIMEFOLIO Korea플러스배당액티브'!B19 -> 삼성생명 | O13: =VLOOKUP(N13,'TIMEFOLIO Korea플러스배당액티브'!$B$11:$E$1000,4,0) -> 2.48 | P13: =IFERROR(VLOOKUP(N13,'TIMEFOLIO Korea플러스배당액티브(과거)'!$B$11:$E$1000,4,0),0) -> 2.22 | Q13: =O13-P13 -> 0.26 | R13: =IFERROR(O13/P13-1,"신규편입") -> 0.11711712
A14: =VLOOKUP(B14,유니버스!$C$14:$D$2561,2,0) -> KS | B14: ='SOL 코리아메가테크액티브'!B20 -> LIG디펜스앤에어로스페이스 | C14: =VLOOKUP(B14,'SOL 코리아메가테크액티브'!$B$11:$E$1000,4,0) -> 2.83 | D14: =IFERROR(VLOOKUP(B14,'SOL 코리아메가테크액티브(과거)'!$B$11:$E$1000,4,0),0) -> 2.8 | E14: =C14-D14 -> 0.03 | F14: =IFERROR(C14/D14-1,"신규편입") -> 0.010714286 | G14: =VLOOKUP(H14,유니버스!$C$14:$D$2561,2,0) -> KS | H14: ='KoAct 배당성장액티브'!B20 -> SK스퀘어 | I14: =VLOOKUP(H14,'KoAct 배당성장액티브'!$B$11:$E$1000,4,0) -> 1.46 | J14: =IFERROR(VLOOKUP(H14,'KoAct 배당성장액티브(과거)'!$B$11:$E$1000,4,0),0) -> 1.39 | K14: =I14-J14 -> 0.07 | L14: =IFERROR(I14/J14-1,"신규편입") -> 0.050359712 | M14: =VLOOKUP(N14,유니버스!$C$14:$D$2561,2,0) -> KS | N14: ='TIMEFOLIO Korea플러스배당액티브'!B20 -> SK | O14: =VLOOKUP(N14,'TIMEFOLIO Korea플러스배당액티브'!$B$11:$E$1000,4,0) -> 2.46 | P14: =IFERROR(VLOOKUP(N14,'TIMEFOLIO Korea플러스배당액티브(과거)'!$B$11:$E$1000,4,0),0) -> 2.2 | Q14: =O14-P14 -> 0.26 | R14: =IFERROR(O14/P14-1,"신규편입") -> 0.11818182
A15: =VLOOKUP(B15,유니버스!$C$14:$D$2561,2,0) -> KS | B15: ='SOL 코리아메가테크액티브'!B21 -> 한국항공우주 | C15: =VLOOKUP(B15,'SOL 코리아메가테크액티브'!$B$11:$E$1000,4,0) -> 2.82 | D15: =IFERROR(VLOOKUP(B15,'SOL 코리아메가테크액티브(과거)'!$B$11:$E$1000,4,0),0) -> 2.83 | E15: =C15-D15 -> -0.01 | F15: =IFERROR(C15/D15-1,"신규편입") -> -0.0035335689 | G15: =VLOOKUP(H15,유니버스!$C$14:$D$2561,2,0) -> KQ | H15: ='KoAct 배당성장액티브'!B21 -> 다우데이타 | I15: =VLOOKUP(H15,'KoAct 배당성장액티브'!$B$11:$E$1000,4,0) -> 1.45 | J15: =IFERROR(VLOOKUP(H15,'KoAct 배당성장액티브(과거)'!$B$11:$E$1000,4,0),0) -> 1.53 | K15: =I15-J15 -> -0.08 | L15: =IFERROR(I15/J15-1,"신규편입") -> -0.052287582 | M15: =VLOOKUP(N15,유니버스!$C$14:$D$2561,2,0) -> KS | N15: ='TIMEFOLIO Korea플러스배당액티브'!B21 -> 삼양식품 | O15: =VLOOKUP(N15,'TIMEFOLIO Korea플러스배당액티브'!$B$11:$E$1000,4,0) -> 2.44 | P15: =IFERROR(VLOOKUP(N15,'TIMEFOLIO Korea플러스배당액티브(과거)'!$B$11:$E$1000,4,0),0) -> 2.74 | Q15: =O15-P15 -> -0.3 | R15: =IFERROR(O15/P15-1,"신규편입") -> -0.10948905
A16: =VLOOKUP(B16,유니버스!$C$14:$D$2561,2,0) -> KS | B16: ='SOL 코리아메가테크액티브'!B22 -> 두산에너빌리티 | C16: =VLOOKUP(B16,'SOL 코리아메가테크액티브'!$B$11:$E$1000,4,0) -> 2.7 | D16: =IFERROR(VLOOKUP(B16,'SOL 코리아메가테크액티브(과거)'!$B$11:$E$1000,4,0),0) -> 2.83 | E16: =C16-D16 -> -0.13 | F16: =IFERROR(C16/D16-1,"신규편입") -> -0.045936396 | G16: =VLOOKUP(H16,유니버스!$C$14:$D$2561,2,0) -> KS | H16: ='KoAct 배당성장액티브'!B22 -> 삼성전기 | I16: =VLOOKUP(H16,'KoAct 배당성장액티브'!$B$11:$E$1000,4,0) -> 1.4 | J16: =IFERROR(VLOOKUP(H16,'KoAct 배당성장액티브(과거)'!$B$11:$E$1000,4,0),0) -> 1.2 | K16: =I16-J16 -> 0.2 | L16: =IFERROR(I16/J16-1,"신규편입") -> 0.16666667 | M16: =VLOOKUP(N16,유니버스!$C$14:$D$2561,2,0) -> KS | N16: ='TIMEFOLIO Korea플러스배당액티브'!B22 -> KB금융 | O16: =VLOOKUP(N16,'TIMEFOLIO Korea플러스배당액티브'!$B$11:$E$1000,4,0) -> 2.44 | P16: =IFERROR(VLOOKUP(N16,'TIMEFOLIO Korea플러스배당액티브(과거)'!$B$11:$E$1000,4,0),0) -> 2.5 | Q16: =O16-P16 -> -0.06 | R16: =IFERROR(O16/P16-1,"신규편입") -> -0.024
... A37: =VLOOKUP(B37,유니버스!$C$14:$D$2561,2,0) -> KQ | B37: ='SOL 코리아메가테크액티브'!B43 -> 리가켐바이오 | C37: =VLOOKUP(B37,'SOL 코리아메가테크액티브'!$B$11:$E$1000,4,0) -> 0.36 | D37: =IFERROR(VLOOKUP(B37,'SOL 코리아메가테크액티브(과거)'!$B$11:$E$1000,4,0),0) -> 0.51 | E37: =C37-D37 -> -0.15 | F37: =IFERROR(C37/D37-1,"신규편입") -> -0.29411765 | G37: =VLOOKUP(H37,유니버스!$C$14:$D$2561,2,0) -> KS | H37: ='KoAct 배당성장액티브'!B43 -> 삼성화재 | I37: =VLOOKUP(H37,'KoAct 배당성장액티브'!$B$11:$E$1000,4,0) -> 0.61 | J37: =IFERROR(VLOOKUP(H37,'KoAct 배당성장액티브(과거)'!$B$11:$E$1000,4,0),0) -> 0.33 | K37: =I37-J37 -> 0.28 | L37: =IFERROR(I37/J37-1,"신규편입") -> 0.84848485 | M37: =VLOOKUP(N37,유니버스!$C$14:$D$2561,2,0) -> #N/A | N37: ='TIMEFOLIO Korea플러스배당액티브'!B43 -> 원화현금 | O37: =VLOOKUP(N37,'TIMEFOLIO Korea플러스배당액티브'!$B$11:$E$1000,4,0) -> 0.76 | P37: =IFERROR(VLOOKUP(N37,'TIMEFOLIO Korea플러스배당액티브(과거)'!$B$11:$E$1000,4,0),0) -> 0.97 | Q37: =O37-P37 -> -0.21 | R37: =IFERROR(O37/P37-1,"신규편입") -> -0.21649485
A38: =VLOOKUP(B38,유니버스!$C$14:$D$2561,2,0) -> KS | B38: ='SOL 코리아메가테크액티브'!B44 -> NAVER | C38: =VLOOKUP(B38,'SOL 코리아메가테크액티브'!$B$11:$E$1000,4,0) -> 0.31 | D38: =IFERROR(VLOOKUP(B38,'SOL 코리아메가테크액티브(과거)'!$B$11:$E$1000,4,0),0) -> 0.32 | E38: =C38-D38 -> -0.01 | F38: =IFERROR(C38/D38-1,"신규편입") -> -0.03125 | G38: =VLOOKUP(H38,유니버스!$C$14:$D$2561,2,0) -> KS | H38: ='KoAct 배당성장액티브'!B44 -> 롯데쇼핑 | I38: =VLOOKUP(H38,'KoAct 배당성장액티브'!$B$11:$E$1000,4,0) -> 0.59 | J38: =IFERROR(VLOOKUP(H38,'KoAct 배당성장액티브(과거)'!$B$11:$E$1000,4,0),0) -> 0.63 | K38: =I38-J38 -> -0.04 | L38: =IFERROR(I38/J38-1,"신규편입") -> -0.063492063
A39: =VLOOKUP(B39,유니버스!$C$14:$D$2561,2,0) -> KS | B39: ='SOL 코리아메가테크액티브'!B45 -> 한화비전 | C39: =VLOOKUP(B39,'SOL 코리아메가테크액티브'!$B$11:$E$1000,4,0) -> 0.3 | D39: =IFERROR(VLOOKUP(B39,'SOL 코리아메가테크액티브(과거)'!$B$11:$E$1000,4,0),0) -> 0.3 | E39: =C39-D39 -> 0 | F39: =IFERROR(C39/D39-1,"신규편입") -> 0 | G39: =VLOOKUP(H39,유니버스!$C$14:$D$2561,2,0) -> KS | H39: ='KoAct 배당성장액티브'!B45 -> 이노션 | I39: =VLOOKUP(H39,'KoAct 배당성장액티브'!$B$11:$E$1000,4,0) -> 0.59 | J39: =IFERROR(VLOOKUP(H39,'KoAct 배당성장액티브(과거)'!$B$11:$E$1000,4,0),0) -> 0 | K39: =I39-J39 -> 0.59 | L39: =IFERROR(I39/J39-1,"신규편입") -> 신규편입
A40: =VLOOKUP(B40,유니버스!$C$14:$D$2561,2,0) -> KQ | B40: ='SOL 코리아메가테크액티브'!B46 -> 에이비엘바이오 | C40: =VLOOKUP(B40,'SOL 코리아메가테크액티브'!$B$11:$E$1000,4,0) -> 0.29 | D40: =IFERROR(VLOOKUP(B40,'SOL 코리아메가테크액티브(과거)'!$B$11:$E$1000,4,0),0) -> 0.32 | E40: =C40-D40 -> -0.03 | F40: =IFERROR(C40/D40-1,"신규편입") -> -0.09375 | G40: =VLOOKUP(H40,유니버스!$C$14:$D$2561,2,0) -> KS | H40: ='KoAct 배당성장액티브'!B46 -> 크래프톤 | I40: =VLOOKUP(H40,'KoAct 배당성장액티브'!$B$11:$E$1000,4,0) -> 0.58 | J40: =IFERROR(VLOOKUP(H40,'KoAct 배당성장액티브(과거)'!$B$11:$E$1000,4,0),0) -> 0.64 | K40: =I40-J40 -> -0.06 | L40: =IFERROR(I40/J40-1,"신규편입") -> -0.09375
A41: =VLOOKUP(B41,유니버스!$C$14:$D$2561,2,0) -> KQ | B41: ='SOL 코리아메가테크액티브'!B47 -> 인텔리안테크 | C41: =VLOOKUP(B41,'SOL 코리아메가테크액티브'!$B$11:$E$1000,4,0) -> 0.26 | D41: =IFERROR(VLOOKUP(B41,'SOL 코리아메가테크액티브(과거)'!$B$11:$E$1000,4,0),0) -> 0.31 | E41: =C41-D41 -> -0.05 | F41: =IFERROR(C41/D41-1,"신규편입") -> -0.16129032 | G41: =VLOOKUP(H41,유니버스!$C$14:$D$2561,2,0) -> KS | H41: ='KoAct 배당성장액티브'!B47 -> 한화시스템 | I41: =VLOOKUP(H41,'KoAct 배당성장액티브'!$B$11:$E$1000,4,0) -> 0.57 | J41: =IFERROR(VLOOKUP(H41,'KoAct 배당성장액티브(과거)'!$B$11:$E$1000,4,0),0) -> 0.58 | K41: =I41-J41 -> -0.01 | L41: =IFERROR(I41/J41-1,"신규편입") -> -0.017241379
A42: =VLOOKUP(B42,유니버스!$C$14:$D$2561,2,0) -> KQ | B42: ='SOL 코리아메가테크액티브'!B48 -> 에코프로 | C42: =VLOOKUP(B42,'SOL 코리아메가테크액티브'!$B$11:$E$1000,4,0) -> 0.25 | D42: =IFERROR(VLOOKUP(B42,'SOL 코리아메가테크액티브(과거)'!$B$11:$E$1000,4,0),0) -> 0.25 | E42: =C42-D42 -> 0 | F42: =IFERROR(C42/D42-1,"신규편입") -> 0 | G42: =VLOOKUP(H42,유니버스!$C$14:$D$2561,2,0) -> KS | H42: ='KoAct 배당성장액티브'!B48 -> GS | I42: =VLOOKUP(H42,'KoAct 배당성장액티브'!$B$11:$E$1000,4,0) -> 0.56 | J42: =IFERROR(VLOOKUP(H42,'KoAct 배당성장액티브(과거)'!$B$11:$E$1000,4,0),0) -> 0.58 | K42: =I42-J42 -> -0.02 | L42: =IFERROR(I42/J42-1,"신규편입") -> -0.034482759
A43: =VLOOKUP(B43,유니버스!$C$14:$D$2561,2,0) -> KQ | B43: ='SOL 코리아메가테크액티브'!B49 -> 쎄트렉아이 | C43: =VLOOKUP(B43,'SOL 코리아메가테크액티브'!$B$11:$E$1000,4,0) -> 0.25 | D43: =IFERROR(VLOOKUP(B43,'SOL 코리아메가테크액티브(과거)'!$B$11:$E$1000,4,0),0) -> 0.27 | E43: =C43-D43 -> -0.02 | F43: =IFERROR(C43/D43-1,"신규편입") -> -0.074074074 | G43: =VLOOKUP(H43,유니버스!$C$14:$D$2561,2,0) -> KS | H43: ='KoAct 배당성장액티브'!B49 -> 현대백화점 | I43: =VLOOKUP(H43,'KoAct 배당성장액티브'!$B$11:$E$1000,4,0) -> 0.55 | J43: =IFERROR(VLOOKUP(H43,'KoAct 배당성장액티브(과거)'!$B$11:$E$1000,4,0),0) -> 0.55 | K43: =I43-J43 -> 0 | L43: =IFERROR(I43/J43-1,"신규편입") -> 0
A44: =VLOOKUP(B44,유니버스!$C$14:$D$2561,2,0) -> KS | B44: ='SOL 코리아메가테크액티브'!B50 -> 유한양행 | C44: =VLOOKUP(B44,'SOL 코리아메가테크액티브'!$B$11:$E$1000,4,0) -> 0.23 | D44: =IFERROR(VLOOKUP(B44,'SOL 코리아메가테크액티브(과거)'!$B$11:$E$1000,4,0),0) -> 0.25 | E44: =C44-D44 -> -0.02 | F44: =IFERROR(C44/D44-1,"신규편입") -> -0.08 | G44: =VLOOKUP(H44,유니버스!$C$14:$D$2561,2,0) -> KS | H44: ='KoAct 배당성장액티브'!B50 -> 한국토지신탁 | I44: =VLOOKUP(H44,'KoAct 배당성장액티브'!$B$11:$E$1000,4,0) -> 0.55 | J44: =IFERROR(VLOOKUP(H44,'KoAct 배당성장액티브(과거)'!$B$11:$E$1000,4,0),0) -> 0.61 | K44: =I44-J44 -> -0.06 | L44: =IFERROR(I44/J44-1,"신규편입") -> -0.098360656
A45: =VLOOKUP(B45,유니버스!$C$14:$D$2561,2,0) -> KQ | B45: ='SOL 코리아메가테크액티브'!B51 -> ISC | C45: =VLOOKUP(B45,'SOL 코리아메가테크액티브'!$B$11:$E$1000,4,0) -> 0.16 | D45: =IFERROR(VLOOKUP(B45,'SOL 코리아메가테크액티브(과거)'!$B$11:$E$1000,4,0),0) -> 0.17 | E45: =C45-D45 -> -0.01 | F45: =IFERROR(C45/D45-1,"신규편입") -> -0.058823529 | G45: =VLOOKUP(H45,유니버스!$C$14:$D$2561,2,0) -> KS | H45: ='KoAct 배당성장액티브'!B51 -> DB손해보험 | I45: =VLOOKUP(H45,'KoAct 배당성장액티브'!$B$11:$E$1000,4,0) -> 0.54 | J45: =IFERROR(VLOOKUP(H45,'KoAct 배당성장액티브(과거)'!$B$11:$E$1000,4,0),0) -> 0.59 | K45: =I45-J45 -> -0.05 | L45: =IFERROR(I45/J45-1,"신규편입") -> -0.084745763
A46: =VLOOKUP(B46,유니버스!$C$14:$D$2561,2,0) -> KS | B46: ='SOL 코리아메가테크액티브'!B52 -> HL만도 | C46: =VLOOKUP(B46,'SOL 코리아메가테크액티브'!$B$11:$E$1000,4,0) -> 0.16 | D46: =IFERROR(VLOOKUP(B46,'SOL 코리아메가테크액티브(과거)'!$B$11:$E$1000,4,0),0) -> 0.17 | E46: =C46-D46 -> -0.01 | F46: =IFERROR(C46/D46-1,"신규편입") -> -0.058823529 | G46: =VLOOKUP(H46,유니버스!$C$14:$D$2561,2,0) -> KS | H46: ='KoAct 배당성장액티브'!B52 -> 두산 | I46: =VLOOKUP(H46,'KoAct 배당성장액티브'!$B$11:$E$1000,4,0) -> 0.53 | J46: =IFERROR(VLOOKUP(H46,'KoAct 배당성장액티브(과거)'!$B$11:$E$1000,4,0),0) -> 0.55 | K46: =I46-J46 -> -0.02 | L46: =IFERROR(I46/J46-1,"신규편입") -> -0.036363636
A47: =VLOOKUP(B47,유니버스!$C$14:$D$2561,2,0) -> KS | B47: ='SOL 코리아메가테크액티브'!B53 -> 한미약품 | C47: =VLOOKUP(B47,'SOL 코리아메가테크액티브'!$B$11:$E$1000,4,0) -> 0.14 | D47: =IFERROR(VLOOKUP(B47,'SOL 코리아메가테크액티브(과거)'!$B$11:$E$1000,4,0),0) -> 0.15 | E47: =C47-D47 -> -0.01 | F47: =IFERROR(C47/D47-1,"신규편입") -> -0.066666667 | G47: =VLOOKUP(H47,유니버스!$C$14:$D$2561,2,0) -> KS | H47: ='KoAct 배당성장액티브'!B53 -> 포스코인터내셔널 | I47: =VLOOKUP(H47,'KoAct 배당성장액티브'!$B$11:$E$1000,4,0) -> 0.52 | J47: =IFERROR(VLOOKUP(H47,'KoAct 배당성장액티브(과거)'!$B$11:$E$1000,4,0),0) -> 0.57 | K47: =I47-J47 -> -0.05 | L47: =IFERROR(I47/J47-1,"신규편입") -> -0.087719298
A48: =VLOOKUP(B48,유니버스!$C$14:$D$2561,2,0) -> KS | B48: ='SOL 코리아메가테크액티브'!B54 -> SK바이오팜 | C48: =VLOOKUP(B48,'SOL 코리아메가테크액티브'!$B$11:$E$1000,4,0) -> 0.13 | D48: =IFERROR(VLOOKUP(B48,'SOL 코리아메가테크액티브(과거)'!$B$11:$E$1000,4,0),0) -> 0.14 | E48: =C48-D48 -> -0.01 | F48: =IFERROR(C48/D48-1,"신규편입") -> -0.071428571 | G48: =VLOOKUP(H48,유니버스!$C$14:$D$2561,2,0) -> KS | H48: ='KoAct 배당성장액티브'!B54 -> 대신증권 | I48: =VLOOKUP(H48,'KoAct 배당성장액티브'!$B$11:$E$1000,4,0) -> 0.52 | J48: =IFERROR(VLOOKUP(H48,'KoAct 배당성장액티브(과거)'!$B$11:$E$1000,4,0),0) -> 0.55 | K48: =I48-J48 -> -0.03 | L48: =IFERROR(I48/J48-1,"신규편입") -> -0.054545455
A49: =VLOOKUP(B49,유니버스!$C$14:$D$2561,2,0) -> #N/A | B49: ='SOL 코리아메가테크액티브'!B55 -> 원화현금 | C49: =VLOOKUP(B49,'SOL 코리아메가테크액티브'!$B$11:$E$1000,4,0) -> 0.04 | D49: =IFERROR(VLOOKUP(B49,'SOL 코리아메가테크액티브(과거)'!$B$11:$E$1000,4,0),0) -> 0.12 | E49: =C49-D49 -> -0.08 | F49: =IFERROR(C49/D49-1,"신규편입") -> -0.66666667 | G49: =VLOOKUP(H49,유니버스!$C$14:$D$2561,2,0) -> KS | H49: ='KoAct 배당성장액티브'!B55 -> LIG디펜스앤에어로스페이스 | I49: =VLOOKUP(H49,'KoAct 배당성장액티브'!$B$11:$E$1000,4,0) -> 0.5 | J49: =IFERROR(VLOOKUP(H49,'KoAct 배당성장액티브(과거)'!$B$11:$E$1000,4,0),0) -> 0.21 | K49: =I49-J49 -> 0.29 | L49: =IFERROR(I49/J49-1,"신규편입") -> 1.3809524
G50: =VLOOKUP(H50,유니버스!$C$14:$D$2561,2,0) -> KS | H50: ='KoAct 배당성장액티브'!B56 -> 비에이치 | I50: =VLOOKUP(H50,'KoAct 배당성장액티브'!$B$11:$E$1000,4,0) -> 0.49 | J50: =IFERROR(VLOOKUP(H50,'KoAct 배당성장액티브(과거)'!$B$11:$E$1000,4,0),0) -> 0 | K50: =I50-J50 -> 0.49 | L50: =IFERROR(I50/J50-1,"신규편입") -> 신규편입
G51: =VLOOKUP(H51,유니버스!$C$14:$D$2561,2,0) -> KS | H51: ='KoAct 배당성장액티브'!B57 -> DN오토모티브 | I51: =VLOOKUP(H51,'KoAct 배당성장액티브'!$B$11:$E$1000,4,0) -> 0.48 | J51: =IFERROR(VLOOKUP(H51,'KoAct 배당성장액티브(과거)'!$B$11:$E$1000,4,0),0) -> 0.56 | K51: =I51-J51 -> -0.08 | L51: =IFERROR(I51/J51-1,"신규편입") -> -0.14285714
G52: =VLOOKUP(H52,유니버스!$C$14:$D$2561,2,0) -> KS | H52: ='KoAct 배당성장액티브'!B58 -> SK가스 | I52: =VLOOKUP(H52,'KoAct 배당성장액티브'!$B$11:$E$1000,4,0) -> 0.48 | J52: =IFERROR(VLOOKUP(H52,'KoAct 배당성장액티브(과거)'!$B$11:$E$1000,4,0),0) -> 0.56 | K52: =I52-J52 -> -0.08 | L52: =IFERROR(I52/J52-1,"신규편입") -> -0.14285714
G53: =VLOOKUP(H53,유니버스!$C$14:$D$2561,2,0) -> KS | H53: ='KoAct 배당성장액티브'!B59 -> 현대엘리베이터 | I53: =VLOOKUP(H53,'KoAct 배당성장액티브'!$B$11:$E$1000,4,0) -> 0.47 | J53: =IFERROR(VLOOKUP(H53,'KoAct 배당성장액티브(과거)'!$B$11:$E$1000,4,0),0) -> 0.53 | K53: =I53-J53 -> -0.06 | L53: =IFERROR(I53/J53-1,"신규편입") -> -0.11320755
G54: =VLOOKUP(H54,유니버스!$C$14:$D$2561,2,0) -> KS | H54: ='KoAct 배당성장액티브'!B60 -> LS | I54: =VLOOKUP(H54,'KoAct 배당성장액티브'!$B$11:$E$1000,4,0) -> 0.47 | J54: =IFERROR(VLOOKUP(H54,'KoAct 배당성장액티브(과거)'!$B$11:$E$1000,4,0),0) -> 0.68 | K54: =I54-J54 -> -0.21 | L54: =IFERROR(I54/J54-1,"신규편입") -> -0.30882353
G55: =VLOOKUP(H55,유니버스!$C$14:$D$2561,2,0) -> KS | H55: ='KoAct 배당성장액티브'!B61 -> 삼성바이오로직스 | I55: =VLOOKUP(H55,'KoAct 배당성장액티브'!$B$11:$E$1000,4,0) -> 0.46 | J55: =IFERROR(VLOOKUP(H55,'KoAct 배당성장액티브(과거)'!$B$11:$E$1000,4,0),0) -> 0.48 | K55: =I55-J55 -> -0.02 | L55: =IFERROR(I55/J55-1,"신규편입") -> -0.041666667
G56: =VLOOKUP(H56,유니버스!$C$14:$D$2561,2,0) -> KS | H56: ='KoAct 배당성장액티브'!B62 -> 에이피알 | I56: =VLOOKUP(H56,'KoAct 배당성장액티브'!$B$11:$E$1000,4,0) -> 0.4 | J56: =IFERROR(VLOOKUP(H56,'KoAct 배당성장액티브(과거)'!$B$11:$E$1000,4,0),0) -> 0.41 | K56: =I56-J56 -> -0.01 | L56: =IFERROR(I56/J56-1,"신규편입") -> -0.024390244
G57: =VLOOKUP(H57,유니버스!$C$14:$D$2561,2,0) -> KS | H57: ='KoAct 배당성장액티브'!B63 -> 한미약품 | I57: =VLOOKUP(H57,'KoAct 배당성장액티브'!$B$11:$E$1000,4,0) -> 0.36 | J57: =IFERROR(VLOOKUP(H57,'KoAct 배당성장액티브(과거)'!$B$11:$E$1000,4,0),0) -> 0.4 | K57: =I57-J57 -> -0.04 | L57: =IFERROR(I57/J57-1,"신규편입") -> -0.1
G58: =VLOOKUP(H58,유니버스!$C$14:$D$2561,2,0) -> KS | H58: ='KoAct 배당성장액티브'!B64 -> 제이에스코퍼레이션 | I58: =VLOOKUP(H58,'KoAct 배당성장액티브'!$B$11:$E$1000,4,0) -> 0.35 | J58: =IFERROR(VLOOKUP(H58,'KoAct 배당성장액티브(과거)'!$B$11:$E$1000,4,0),0) -> 0.4 | K58: =I58-J58 -> -0.05 | L58: =IFERROR(I58/J58-1,"신규편입") -> -0.125
G59: =VLOOKUP(H59,유니버스!$C$14:$D$2561,2,0) -> KQ | H59: ='KoAct 배당성장액티브'!B65 -> 이지홀딩스 | I59: =VLOOKUP(H59,'KoAct 배당성장액티브'!$B$11:$E$1000,4,0) -> 0.35 | J59: =IFERROR(VLOOKUP(H59,'KoAct 배당성장액티브(과거)'!$B$11:$E$1000,4,0),0) -> 0.34 | K59: =I59-J59 -> 0.01 | L59: =IFERROR(I59/J59-1,"신규편입") -> 0.029411765
G60: =VLOOKUP(H60,유니버스!$C$14:$D$2561,2,0) -> KS | H60: ='KoAct 배당성장액티브'!B66 -> 포스코퓨처엠 | I60: =VLOOKUP(H60,'KoAct 배당성장액티브'!$B$11:$E$1000,4,0) -> 0.35 | J60: =IFERROR(VLOOKUP(H60,'KoAct 배당성장액티브(과거)'!$B$11:$E$1000,4,0),0) -> 0.36 | K60: =I60-J60 -> -0.01 | L60: =IFERROR(I60/J60-1,"신규편입") -> -0.027777778
G61: =VLOOKUP(H61,유니버스!$C$14:$D$2561,2,0) -> KS | H61: ='KoAct 배당성장액티브'!B67 -> 메리츠금융지주 | I61: =VLOOKUP(H61,'KoAct 배당성장액티브'!$B$11:$E$1000,4,0) -> 0.33 | J61: =IFERROR(VLOOKUP(H61,'KoAct 배당성장액티브(과거)'!$B$11:$E$1000,4,0),0) -> 0.33 | K61: =I61-J61 -> 0 | L61: =IFERROR(I61/J61-1,"신규편입") -> 0
... G83: =VLOOKUP(H83,유니버스!$C$14:$D$2561,2,0) -> #N/A | H83: ='KoAct 배당성장액티브'!B89 -> 원화현금 | I83: =VLOOKUP(H83,'KoAct 배당성장액티브'!$B$11:$E$1000,4,0) -> 0.84 | J83: =IFERROR(VLOOKUP(H83,'KoAct 배당성장액티브(과거)'!$B$11:$E$1000,4,0),0) -> 0.57 | K83: =I83-J83 -> 0.27 | L83: =IFERROR(I83/J83-1,"신규편입") -> 0.47368421

Sheet 신재생, 2차전지
B3: ='KODEX 신재생에너지액티브'!A9 -> KODEX 신재생에너지액티브 | H3: ='TIMEFOLIO K신재생에너지액티브'!A9 -> TIME K신재생에너지액티브 | N3: ='RISE 2차전지액티브'!A9 -> RISE 2차전지액티브
B4: 종목명 | C4: ='KODEX 신재생에너지액티브'!B4 -> CPD [20260522] | D4: ='KODEX 신재생에너지액티브(과거)'!B4 -> 20260515 | E4: 비중차이 | F4: 증가율 | H4: 종목명 | I4: =C4 -> CPD [20260522] | J4: =D4 -> 20260515 | K4: 비중차 | L4: 증가율 | N4: 종목명 | O4: =C4 -> CPD [20260522] | P4: =D4 -> 20260515 | Q4: 비중차이 | R4: 증가율
A5: =VLOOKUP(B5,유니버스!$C$14:$D$2561,2,0) -> KS | B5: ='KODEX 신재생에너지액티브'!B11 -> OCI홀딩스 | C5: =VLOOKUP(B5,'KODEX 신재생에너지액티브'!$B$11:$E$1000,4,0) -> 8.45 | D5: =IFERROR(VLOOKUP(B5,'KODEX 신재생에너지액티브(과거)'!$B$11:$E$1000,4,0),0) -> 8.32 | E5: =C5-D5 -> 0.13 | F5: =IFERROR(C5/D5-1,"신규편입") -> 0.015625 | G5: =VLOOKUP(H5,유니버스!$C$14:$D$2561,2,0) -> KS | H5: ='TIMEFOLIO K신재생에너지액티브'!B11 -> SK하이닉스 | I5: =VLOOKUP(H5,'TIMEFOLIO K신재생에너지액티브'!$B$11:$E$1000,4,0) -> 14.72 | J5: =IFERROR(VLOOKUP(H5,'TIMEFOLIO K신재생에너지액티브(과거)'!$B$11:$E$1000,4,0),0) -> 14.19 | K5: =I5-J5 -> 0.53 | L5: =IFERROR(I5/J5-1,"신규편입") -> 0.037350247 | M5: =VLOOKUP(N5,유니버스!$C$14:$D$2561,2,0) -> KS | N5: ='RISE 2차전지액티브'!B11 -> 삼성SDI | O5: =VLOOKUP(N5,'RISE 2차전지액티브'!$B$11:$E$1000,4,0) -> 13.29 | P5: =IFERROR(VLOOKUP(N5,'RISE 2차전지액티브(과거)'!$B$11:$E$1000,4,0),0) -> 12.94 | Q5: =O5-P5 -> 0.35 | R5: =IFERROR(O5/P5-1,"신규편입") -> 0.027047913
A6: =VLOOKUP(B6,유니버스!$C$14:$D$2561,2,0) -> KS | B6: ='KODEX 신재생에너지액티브'!B12 -> HD현대에너지솔루션 | C6: =VLOOKUP(B6,'KODEX 신재생에너지액티브'!$B$11:$E$1000,4,0) -> 6.88 | D6: =IFERROR(VLOOKUP(B6,'KODEX 신재생에너지액티브(과거)'!$B$11:$E$1000,4,0),0) -> 6.62 | E6: =C6-D6 -> 0.26 | F6: =IFERROR(C6/D6-1,"신규편입") -> 0.039274924 | G6: =VLOOKUP(H6,유니버스!$C$14:$D$2561,2,0) -> KS | H6: ='TIMEFOLIO K신재생에너지액티브'!B12 -> 삼성전자 | I6: =VLOOKUP(H6,'TIMEFOLIO K신재생에너지액티브'!$B$11:$E$1000,4,0) -> 11.83 | J6: =IFERROR(VLOOKUP(H6,'TIMEFOLIO K신재생에너지액티브(과거)'!$B$11:$E$1000,4,0),0) -> 10.98 | K6: =I6-J6 -> 0.85 | L6: =IFERROR(I6/J6-1,"신규편입") -> 0.077413479 | M6: =VLOOKUP(N6,유니버스!$C$14:$D$2561,2,0) -> KS | N6: ='RISE 2차전지액티브'!B12 -> POSCO홀딩스 | O6: =VLOOKUP(N6,'RISE 2차전지액티브'!$B$11:$E$1000,4,0) -> 10.27 | P6: =IFERROR(VLOOKUP(N6,'RISE 2차전지액티브(과거)'!$B$11:$E$1000,4,0),0) -> 10.57 | Q6: =O6-P6 -> -0.3 | R6: =IFERROR(O6/P6-1,"신규편입") -> -0.028382214
A7: =VLOOKUP(B7,유니버스!$C$14:$D$2561,2,0) -> KS | B7: ='KODEX 신재생에너지액티브'!B13 -> 삼성SDI | C7: =VLOOKUP(B7,'KODEX 신재생에너지액티브'!$B$11:$E$1000,4,0) -> 6.71 | D7: =IFERROR(VLOOKUP(B7,'KODEX 신재생에너지액티브(과거)'!$B$11:$E$1000,4,0),0) -> 6.57 | E7: =C7-D7 -> 0.14 | F7: =IFERROR(C7/D7-1,"신규편입") -> 0.02130898 | G7: =VLOOKUP(H7,유니버스!$C$14:$D$2561,2,0) -> KS | H7: ='TIMEFOLIO K신재생에너지액티브'!B13 -> 삼성SDI | I7: =VLOOKUP(H7,'TIMEFOLIO K신재생에너지액티브'!$B$11:$E$1000,4,0) -> 8.61 | J7: =IFERROR(VLOOKUP(H7,'TIMEFOLIO K신재생에너지액티브(과거)'!$B$11:$E$1000,4,0),0) -> 8.82 | K7: =I7-J7 -> -0.21 | L7: =IFERROR(I7/J7-1,"신규편입") -> -0.023809524 | M7: =VLOOKUP(N7,유니버스!$C$14:$D$2561,2,0) -> KQ | N7: ='RISE 2차전지액티브'!B13 -> 에코프로비엠 | O7: =VLOOKUP(N7,'RISE 2차전지액티브'!$B$11:$E$1000,4,0) -> 9.03 | P7: =IFERROR(VLOOKUP(N7,'RISE 2차전지액티브(과거)'!$B$11:$E$1000,4,0),0) -> 8.62 | Q7: =O7-P7 -> 0.41 | R7: =IFERROR(O7/P7-1,"신규편입") -> 0.047563805
A8: =VLOOKUP(B8,유니버스!$C$14:$D$2561,2,0) -> KQ | B8: ='KODEX 신재생에너지액티브'!B14 -> 서진시스템 | C8: =VLOOKUP(B8,'KODEX 신재생에너지액티브'!$B$11:$E$1000,4,0) -> 6.09 | D8: =IFERROR(VLOOKUP(B8,'KODEX 신재생에너지액티브(과거)'!$B$11:$E$1000,4,0),0) -> 5.05 | E8: =C8-D8 -> 1.04 | F8: =IFERROR(C8/D8-1,"신규편입") -> 0.20594059 | G8: =VLOOKUP(H8,유니버스!$C$14:$D$2561,2,0) -> KS | H8: ='TIMEFOLIO K신재생에너지액티브'!B14 -> 현대차 | I8: =VLOOKUP(H8,'TIMEFOLIO K신재생에너지액티브'!$B$11:$E$1000,4,0) -> 8.42 | J8: =IFERROR(VLOOKUP(H8,'TIMEFOLIO K신재생에너지액티브(과거)'!$B$11:$E$1000,4,0),0) -> 9.1 | K8: =I8-J8 -> -0.68 | L8: =IFERROR(I8/J8-1,"신규편입") -> -0.074725275 | M8: =VLOOKUP(N8,유니버스!$C$14:$D$2561,2,0) -> KS | N8: ='RISE 2차전지액티브'!B14 -> 엘앤에프 | O8: =VLOOKUP(N8,'RISE 2차전지액티브'!$B$11:$E$1000,4,0) -> 8.74 | P8: =IFERROR(VLOOKUP(N8,'RISE 2차전지액티브(과거)'!$B$11:$E$1000,4,0),0) -> 8.81 | Q8: =O8-P8 -> -0.07 | R8: =IFERROR(O8/P8-1,"신규편입") -> -0.0079455165
A9: =VLOOKUP(B9,유니버스!$C$14:$D$2561,2,0) -> KS | B9: ='KODEX 신재생에너지액티브'!B15 -> 산일전기 | C9: =VLOOKUP(B9,'KODEX 신재생에너지액티브'!$B$11:$E$1000,4,0) -> 5.86 | D9: =IFERROR(VLOOKUP(B9,'KODEX 신재생에너지액티브(과거)'!$B$11:$E$1000,4,0),0) -> 5.61 | E9: =C9-D9 -> 0.25 | F9: =IFERROR(C9/D9-1,"신규편입") -> 0.04456328 | G9: =VLOOKUP(H9,유니버스!$C$14:$D$2561,2,0) -> KS | H9: ='TIMEFOLIO K신재생에너지액티브'!B15 -> 한화솔루션 | I9: =VLOOKUP(H9,'TIMEFOLIO K신재생에너지액티브'!$B$11:$E$1000,4,0) -> 7.04 | J9: =IFERROR(VLOOKUP(H9,'TIMEFOLIO K신재생에너지액티브(과거)'!$B$11:$E$1000,4,0),0) -> 7.24 | K9: =I9-J9 -> -0.2 | L9: =IFERROR(I9/J9-1,"신규편입") -> -0.027624309 | M9: =VLOOKUP(N9,유니버스!$C$14:$D$2561,2,0) -> KS | N9: ='RISE 2차전지액티브'!B15 -> LG에너지솔루션 | O9: =VLOOKUP(N9,'RISE 2차전지액티브'!$B$11:$E$1000,4,0) -> 8.44 | P9: =IFERROR(VLOOKUP(N9,'RISE 2차전지액티브(과거)'!$B$11:$E$1000,4,0),0) -> 8.57 | Q9: =O9-P9 -> -0.13 | R9: =IFERROR(O9/P9-1,"신규편입") -> -0.015169195
A10: =VLOOKUP(B10,유니버스!$C$14:$D$2561,2,0) -> KS | B10: ='KODEX 신재생에너지액티브'!B16 -> LS ELECTRIC | C10: =VLOOKUP(B10,'KODEX 신재생에너지액티브'!$B$11:$E$1000,4,0) -> 5.66 | D10: =IFERROR(VLOOKUP(B10,'KODEX 신재생에너지액티브(과거)'!$B$11:$E$1000,4,0),0) -> 5.52 | E10: =C10-D10 -> 0.14 | F10: =IFERROR(C10/D10-1,"신규편입") -> 0.025362319 | G10: =VLOOKUP(H10,유니버스!$C$14:$D$2561,2,0) -> KS | H10: ='TIMEFOLIO K신재생에너지액티브'!B16 -> 한화 | I10: =VLOOKUP(H10,'TIMEFOLIO K신재생에너지액티브'!$B$11:$E$1000,4,0) -> 5.37 | J10: =IFERROR(VLOOKUP(H10,'TIMEFOLIO K신재생에너지액티브(과거)'!$B$11:$E$1000,4,0),0) -> 5.8 | K10: =I10-J10 -> -0.43 | L10: =IFERROR(I10/J10-1,"신규편입") -> -0.074137931 | M10: =VLOOKUP(N10,유니버스!$C$14:$D$2561,2,0) -> KQ | N10: ='RISE 2차전지액티브'!B16 -> 에코프로 | O10: =VLOOKUP(N10,'RISE 2차전지액티브'!$B$11:$E$1000,4,0) -> 8.13 | P10: =IFERROR(VLOOKUP(N10,'RISE 2차전지액티브(과거)'!$B$11:$E$1000,4,0),0) -> 7.9 | Q10: =O10-P10 -> 0.23 | R10: =IFERROR(O10/P10-1,"신규편입") -> 0.029113924
A11: =VLOOKUP(B11,유니버스!$C$14:$D$2561,2,0) -> KQ | B11: ='KODEX 신재생에너지액티브'!B17 -> 비나텍 | C11: =VLOOKUP(B11,'KODEX 신재생에너지액티브'!$B$11:$E$1000,4,0) -> 4.96 | D11: =IFERROR(VLOOKUP(B11,'KODEX 신재생에너지액티브(과거)'!$B$11:$E$1000,4,0),0) -> 5.33 | E11: =C11-D11 -> -0.37 | F11: =IFERROR(C11/D11-1,"신규편입") -> -0.069418386 | G11: =VLOOKUP(H11,유니버스!$C$14:$D$2561,2,0) -> KS | H11: ='TIMEFOLIO K신재생에너지액티브'!B17 -> 삼성전기 | I11: =VLOOKUP(H11,'TIMEFOLIO K신재생에너지액티브'!$B$11:$E$1000,4,0) -> 5.21 | J11: =IFERROR(VLOOKUP(H11,'TIMEFOLIO K신재생에너지액티브(과거)'!$B$11:$E$1000,4,0),0) -> 4.49 | K11: =I11-J11 -> 0.72 | L11: =IFERROR(I11/J11-1,"신규편입") -> 0.16035635 | M11: =VLOOKUP(N11,유니버스!$C$14:$D$2561,2,0) -> KS | N11: ='RISE 2차전지액티브'!B17 -> 포스코퓨처엠 | O11: =VLOOKUP(N11,'RISE 2차전지액티브'!$B$11:$E$1000,4,0) -> 8.06 | P11: =IFERROR(VLOOKUP(N11,'RISE 2차전지액티브(과거)'!$B$11:$E$1000,4,0),0) -> 7.99 | Q11: =O11-P11 -> 0.07 | R11: =IFERROR(O11/P11-1,"신규편입") -> 0.0087609512
A12: =VLOOKUP(B12,유니버스!$C$14:$D$2561,2,0) -> KS | B12: ='KODEX 신재생에너지액티브'!B18 -> 효성중공업 | C12: =VLOOKUP(B12,'KODEX 신재생에너지액티브'!$B$11:$E$1000,4,0) -> 4.89 | D12: =IFERROR(VLOOKUP(B12,'KODEX 신재생에너지액티브(과거)'!$B$11:$E$1000,4,0),0) -> 4.58 | E12: =C12-D12 -> 0.31 | F12: =IFERROR(C12/D12-1,"신규편입") -> 0.06768559 | G12: =VLOOKUP(H12,유니버스!$C$14:$D$2561,2,0) -> KQ | H12: ='TIMEFOLIO K신재생에너지액티브'!B18 -> 비나텍 | I12: =VLOOKUP(H12,'TIMEFOLIO K신재생에너지액티브'!$B$11:$E$1000,4,0) -> 4.01 | J12: =IFERROR(VLOOKUP(H12,'TIMEFOLIO K신재생에너지액티브(과거)'!$B$11:$E$1000,4,0),0) -> 4.51 | K12: =I12-J12 -> -0.5 | L12: =IFERROR(I12/J12-1,"신규편입") -> -0.11086475 | M12: =VLOOKUP(N12,유니버스!$C$14:$D$2561,2,0) -> KS | N12: ='RISE 2차전지액티브'!B18 -> SK이노베이션 | O12: =VLOOKUP(N12,'RISE 2차전지액티브'!$B$11:$E$1000,4,0) -> 7.94 | P12: =IFERROR(VLOOKUP(N12,'RISE 2차전지액티브(과거)'!$B$11:$E$1000,4,0),0) -> 8.06 | Q12: =O12-P12 -> -0.12 | R12: =IFERROR(O12/P12-1,"신규편입") -> -0.014888337
A13: =VLOOKUP(B13,유니버스!$C$14:$D$2561,2,0) -> KS | B13: ='KODEX 신재생에너지액티브'!B19 -> 씨에스윈드 | C13: =VLOOKUP(B13,'KODEX 신재생에너지액티브'!$B$11:$E$1000,4,0) -> 4.04 | D13: =IFERROR(VLOOKUP(B13,'KODEX 신재생에너지액티브(과거)'!$B$11:$E$1000,4,0),0) -> 4.21 | E13: =C13-D13 -> -0.17 | F13: =IFERROR(C13/D13-1,"신규편입") -> -0.040380048 | G13: =VLOOKUP(H13,유니버스!$C$14:$D$2561,2,0) -> KS | H13: ='TIMEFOLIO K신재생에너지액티브'!B19 -> 현대모비스 | I13: =VLOOKUP(H13,'TIMEFOLIO K신재생에너지액티브'!$B$11:$E$1000,4,0) -> 3.79 | J13: =IFERROR(VLOOKUP(H13,'TIMEFOLIO K신재생에너지액티브(과거)'!$B$11:$E$1000,4,0),0) -> 3.66 | K13: =I13-J13 -> 0.13 | L13: =IFERROR(I13/J13-1,"신규편입") -> 0.035519126 | M13: =VLOOKUP(N13,유니버스!$C$14:$D$2561,2,0) -> KQ | N13: ='RISE 2차전지액티브'!B19 -> 대주전자재료 | O13: =VLOOKUP(N13,'RISE 2차전지액티브'!$B$11:$E$1000,4,0) -> 6 | P13: =IFERROR(VLOOKUP(N13,'RISE 2차전지액티브(과거)'!$B$11:$E$1000,4,0),0) -> 6.61 | Q13: =O13-P13 -> -0.61 | R13: =IFERROR(O13/P13-1,"신규편입") -> -0.092284418
A14: =VLOOKUP(B14,유니버스!$C$14:$D$2561,2,0) -> KS | B14: ='KODEX 신재생에너지액티브'!B20 -> SK오션플랜트 | C14: =VLOOKUP(B14,'KODEX 신재생에너지액티브'!$B$11:$E$1000,4,0) -> 3.59 | D14: =IFERROR(VLOOKUP(B14,'KODEX 신재생에너지액티브(과거)'!$B$11:$E$1000,4,0),0) -> 3.71 | E14: =C14-D14 -> -0.12 | F14: =IFERROR(C14/D14-1,"신규편입") -> -0.032345013 | G14: =VLOOKUP(H14,유니버스!$C$14:$D$2561,2,0) -> KS | H14: ='TIMEFOLIO K신재생에너지액티브'!B20 -> 기아 | I14: =VLOOKUP(H14,'TIMEFOLIO K신재생에너지액티브'!$B$11:$E$1000,4,0) -> 3.35 | J14: =IFERROR(VLOOKUP(H14,'TIMEFOLIO K신재생에너지액티브(과거)'!$B$11:$E$1000,4,0),0) -> 3.45 | K14: =I14-J14 -> -0.1 | L14: =IFERROR(I14/J14-1,"신규편입") -> -0.028985507 | M14: =VLOOKUP(N14,유니버스!$C$14:$D$2561,2,0) -> KS | N14: ='RISE 2차전지액티브'!B20 -> 롯데에너지머티리얼즈 | O14: =VLOOKUP(N14,'RISE 2차전지액티브'!$B$11:$E$1000,4,0) -> 4.43 | P14: =IFERROR(VLOOKUP(N14,'RISE 2차전지액티브(과거)'!$B$11:$E$1000,4,0),0) -> 4.59 | Q14: =O14-P14 -> -0.16 | R14: =IFERROR(O14/P14-1,"신규편입") -> -0.034858388
A15: =VLOOKUP(B15,유니버스!$C$14:$D$2561,2,0) -> KS | B15: ='KODEX 신재생에너지액티브'!B21 -> HD현대일렉트릭 | C15: =VLOOKUP(B15,'KODEX 신재생에너지액티브'!$B$11:$E$1000,4,0) -> 3.05 | D15: =IFERROR(VLOOKUP(B15,'KODEX 신재생에너지액티브(과거)'!$B$11:$E$1000,4,0),0) -> 3.11 | E15: =C15-D15 -> -0.06 | F15: =IFERROR(C15/D15-1,"신규편입") -> -0.019292605 | G15: =VLOOKUP(H15,유니버스!$C$14:$D$2561,2,0) -> KQ | H15: ='TIMEFOLIO K신재생에너지액티브'!B21 -> 동진쎄미켐 | I15: =VLOOKUP(H15,'TIMEFOLIO K신재생에너지액티브'!$B$11:$E$1000,4,0) -> 3.09 | J15: =IFERROR(VLOOKUP(H15,'TIMEFOLIO K신재생에너지액티브(과거)'!$B$11:$E$1000,4,0),0) -> 2.71 | K15: =I15-J15 -> 0.38 | L15: =IFERROR(I15/J15-1,"신규편입") -> 0.1402214 | M15: =VLOOKUP(N15,유니버스!$C$14:$D$2561,2,0) -> KS | N15: ='RISE 2차전지액티브'!B21 -> 에코프로머티 | O15: =VLOOKUP(N15,'RISE 2차전지액티브'!$B$11:$E$1000,4,0) -> 4.18 | P15: =IFERROR(VLOOKUP(N15,'RISE 2차전지액티브(과거)'!$B$11:$E$1000,4,0),0) -> 4.08 | Q15: =O15-P15 -> 0.1 | R15: =IFERROR(O15/P15-1,"신규편입") -> 0.024509804
A16: =VLOOKUP(B16,유니버스!$C$14:$D$2561,2,0) -> KS | B16: ='KODEX 신재생에너지액티브'!B22 -> 일진전기 | C16: =VLOOKUP(B16,'KODEX 신재생에너지액티브'!$B$11:$E$1000,4,0) -> 3.05 | D16: =IFERROR(VLOOKUP(B16,'KODEX 신재생에너지액티브(과거)'!$B$11:$E$1000,4,0),0) -> 3.23 | E16: =C16-D16 -> -0.18 | F16: =IFERROR(C16/D16-1,"신규편입") -> -0.055727554 | G16: =VLOOKUP(H16,유니버스!$C$14:$D$2561,2,0) -> KS | H16: ='TIMEFOLIO K신재생에너지액티브'!B22 -> 엘앤에프 | I16: =VLOOKUP(H16,'TIMEFOLIO K신재생에너지액티브'!$B$11:$E$1000,4,0) -> 3.09 | J16: =IFERROR(VLOOKUP(H16,'TIMEFOLIO K신재생에너지액티브(과거)'!$B$11:$E$1000,4,0),0) -> 3.28 | K16: =I16-J16 -> -0.19 | L16: =IFERROR(I16/J16-1,"신규편입") -> -0.057926829 | M16: =VLOOKUP(N16,유니버스!$C$14:$D$2561,2,0) -> KQ | N16: ='RISE 2차전지액티브'!B22 -> 레이크머티리얼즈 | O16: =VLOOKUP(N16,'RISE 2차전지액티브'!$B$11:$E$1000,4,0) -> 3.16 | P16: =IFERROR(VLOOKUP(N16,'RISE 2차전지액티브(과거)'!$B$11:$E$1000,4,0),0) -> 3.21 | Q16: =O16-P16 -> -0.05 | R16: =IFERROR(O16/P16-1,"신규편입") -> -0.015576324
... A22: =VLOOKUP(B22,유니버스!$C$14:$D$2561,2,0) -> KS | B22: ='KODEX 신재생에너지액티브'!B28 -> LS | C22: =VLOOKUP(B22,'KODEX 신재생에너지액티브'!$B$11:$E$1000,4,0) -> 1.74 | D22: =IFERROR(VLOOKUP(B22,'KODEX 신재생에너지액티브(과거)'!$B$11:$E$1000,4,0),0) -> 1.55 | E22: =C22-D22 -> 0.19 | F22: =IFERROR(C22/D22-1,"신규편입") -> 0.12258065 | G22: =VLOOKUP(H22,유니버스!$C$14:$D$2561,2,0) -> KS | H22: ='TIMEFOLIO K신재생에너지액티브'!B28 -> SK | I22: =VLOOKUP(H22,'TIMEFOLIO K신재생에너지액티브'!$B$11:$E$1000,4,0) -> 1.82 | J22: =IFERROR(VLOOKUP(H22,'TIMEFOLIO K신재생에너지액티브(과거)'!$B$11:$E$1000,4,0),0) -> 1.63 | K22: =I22-J22 -> 0.19 | L22: =IFERROR(I22/J22-1,"신규편입") -> 0.11656442 | M22: =VLOOKUP(N22,유니버스!$C$14:$D$2561,2,0) -> #N/A | N22: ='RISE 2차전지액티브'!B28 -> 원화현금 | O22: =VLOOKUP(N22,'RISE 2차전지액티브'!$B$11:$E$1000,4,0) -> 0 | P22: =IFERROR(VLOOKUP(N22,'RISE 2차전지액티브(과거)'!$B$11:$E$1000,4,0),0) -> 0 | Q22: =O22-P22 -> 0 | R22: =IFERROR(O22/P22-1,"신규편입") -> 신규편입
A23: =VLOOKUP(B23,유니버스!$C$14:$D$2561,2,0) -> KS | B23: ='KODEX 신재생에너지액티브'!B29 -> 한화솔루션 | C23: =VLOOKUP(B23,'KODEX 신재생에너지액티브'!$B$11:$E$1000,4,0) -> 1.6 | D23: =IFERROR(VLOOKUP(B23,'KODEX 신재생에너지액티브(과거)'!$B$11:$E$1000,4,0),0) -> 1.57 | E23: =C23-D23 -> 0.03 | F23: =IFERROR(C23/D23-1,"신규편입") -> 0.01910828 | G23: =VLOOKUP(H23,유니버스!$C$14:$D$2561,2,0) -> KQ | H23: ='TIMEFOLIO K신재생에너지액티브'!B29 -> 대주전자재료 | I23: =VLOOKUP(H23,'TIMEFOLIO K신재생에너지액티브'!$B$11:$E$1000,4,0) -> 1.77 | J23: =IFERROR(VLOOKUP(H23,'TIMEFOLIO K신재생에너지액티브(과거)'!$B$11:$E$1000,4,0),0) -> 2.05 | K23: =I23-J23 -> -0.28 | L23: =IFERROR(I23/J23-1,"신규편입") -> -0.13658537
A24: =VLOOKUP(B24,유니버스!$C$14:$D$2561,2,0) -> KS | B24: ='KODEX 신재생에너지액티브'!B30 -> 삼아알미늄 | C24: =VLOOKUP(B24,'KODEX 신재생에너지액티브'!$B$11:$E$1000,4,0) -> 1.42 | D24: =IFERROR(VLOOKUP(B24,'KODEX 신재생에너지액티브(과거)'!$B$11:$E$1000,4,0),0) -> 1.42 | E24: =C24-D24 -> 0 | F24: =IFERROR(C24/D24-1,"신규편입") -> 0 | G24: =VLOOKUP(H24,유니버스!$C$14:$D$2561,2,0) -> KS | H24: ='TIMEFOLIO K신재생에너지액티브'!B30 -> 삼성물산 | I24: =VLOOKUP(H24,'TIMEFOLIO K신재생에너지액티브'!$B$11:$E$1000,4,0) -> 1.67 | J24: =IFERROR(VLOOKUP(H24,'TIMEFOLIO K신재생에너지액티브(과거)'!$B$11:$E$1000,4,0),0) -> 1.63 | K24: =I24-J24 -> 0.04 | L24: =IFERROR(I24/J24-1,"신규편입") -> 0.024539877
A25: =VLOOKUP(B25,유니버스!$C$14:$D$2561,2,0) -> KS | B25: ='KODEX 신재생에너지액티브'!B31 -> 대원전선 | C25: =VLOOKUP(B25,'KODEX 신재생에너지액티브'!$B$11:$E$1000,4,0) -> 1.41 | D25: =IFERROR(VLOOKUP(B25,'KODEX 신재생에너지액티브(과거)'!$B$11:$E$1000,4,0),0) -> 1.71 | E25: =C25-D25 -> -0.3 | F25: =IFERROR(C25/D25-1,"신규편입") -> -0.1754386 | G25: =VLOOKUP(H25,유니버스!$C$14:$D$2561,2,0) -> KS | H25: ='TIMEFOLIO K신재생에너지액티브'!B31 -> POSCO홀딩스 | I25: =VLOOKUP(H25,'TIMEFOLIO K신재생에너지액티브'!$B$11:$E$1000,4,0) -> 1.36 | J25: =IFERROR(VLOOKUP(H25,'TIMEFOLIO K신재생에너지액티브(과거)'!$B$11:$E$1000,4,0),0) -> 1.47 | K25: =I25-J25 -> -0.11 | L25: =IFERROR(I25/J25-1,"신규편입") -> -0.074829932
A26: =VLOOKUP(B26,유니버스!$C$14:$D$2561,2,0) -> KQ | B26: ='KODEX 신재생에너지액티브'!B32 -> 비츠로셀 | C26: =VLOOKUP(B26,'KODEX 신재생에너지액티브'!$B$11:$E$1000,4,0) -> 1.25 | D26: =IFERROR(VLOOKUP(B26,'KODEX 신재생에너지액티브(과거)'!$B$11:$E$1000,4,0),0) -> 1.26 | E26: =C26-D26 -> -0.01 | F26: =IFERROR(C26/D26-1,"신규편입") -> -0.0079365079 | G26: =VLOOKUP(H26,유니버스!$C$14:$D$2561,2,0) -> KS | H26: ='TIMEFOLIO K신재생에너지액티브'!B32 -> 씨에스윈드 | I26: =VLOOKUP(H26,'TIMEFOLIO K신재생에너지액티브'!$B$11:$E$1000,4,0) -> 1.32 | J26: =IFERROR(VLOOKUP(H26,'TIMEFOLIO K신재생에너지액티브(과거)'!$B$11:$E$1000,4,0),0) -> 1.41 | K26: =I26-J26 -> -0.09 | L26: =IFERROR(I26/J26-1,"신규편입") -> -0.063829787
A27: =VLOOKUP(B27,유니버스!$C$14:$D$2561,2,0) -> KQ | B27: ='KODEX 신재생에너지액티브'!B33 -> 에코프로비엠 | C27: =VLOOKUP(B27,'KODEX 신재생에너지액티브'!$B$11:$E$1000,4,0) -> 1.13 | D27: =IFERROR(VLOOKUP(B27,'KODEX 신재생에너지액티브(과거)'!$B$11:$E$1000,4,0),0) -> 1.09 | E27: =C27-D27 -> 0.04 | F27: =IFERROR(C27/D27-1,"신규편입") -> 0.036697248 | G27: =VLOOKUP(H27,유니버스!$C$14:$D$2561,2,0) -> #N/A | H27: ='TIMEFOLIO K신재생에너지액티브'!B33 -> 원화현금 | I27: =VLOOKUP(H27,'TIMEFOLIO K신재생에너지액티브'!$B$11:$E$1000,4,0) -> 0.21 | J27: =IFERROR(VLOOKUP(H27,'TIMEFOLIO K신재생에너지액티브(과거)'!$B$11:$E$1000,4,0),0) -> 0.34 | K27: =I27-J27 -> -0.13 | L27: =IFERROR(I27/J27-1,"신규편입") -> -0.38235294
A28: =VLOOKUP(B28,유니버스!$C$14:$D$2561,2,0) -> KQ | B28: ='KODEX 신재생에너지액티브'!B34 -> 한텍 | C28: =VLOOKUP(B28,'KODEX 신재생에너지액티브'!$B$11:$E$1000,4,0) -> 0.96 | D28: =IFERROR(VLOOKUP(B28,'KODEX 신재생에너지액티브(과거)'!$B$11:$E$1000,4,0),0) -> 0.96 | E28: =C28-D28 -> 0 | F28: =IFERROR(C28/D28-1,"신규편입") -> 0
A29: =VLOOKUP(B29,유니버스!$C$14:$D$2561,2,0) -> KQ | B29: ='KODEX 신재생에너지액티브'!B35 -> 미코 | C29: =VLOOKUP(B29,'KODEX 신재생에너지액티브'!$B$11:$E$1000,4,0) -> 0.96 | D29: =IFERROR(VLOOKUP(B29,'KODEX 신재생에너지액티브(과거)'!$B$11:$E$1000,4,0),0) -> 1.05 | E29: =C29-D29 -> -0.09 | F29: =IFERROR(C29/D29-1,"신규편입") -> -0.085714286
A30: =VLOOKUP(B30,유니버스!$C$14:$D$2561,2,0) -> KS | B30: ='KODEX 신재생에너지액티브'!B36 -> 세아베스틸지주 | C30: =VLOOKUP(B30,'KODEX 신재생에너지액티브'!$B$11:$E$1000,4,0) -> 0.92 | D30: =IFERROR(VLOOKUP(B30,'KODEX 신재생에너지액티브(과거)'!$B$11:$E$1000,4,0),0) -> 0.98 | E30: =C30-D30 -> -0.06 | F30: =IFERROR(C30/D30-1,"신규편입") -> -0.06122449
A31: =VLOOKUP(B31,유니버스!$C$14:$D$2561,2,0) -> KQ | B31: ='KODEX 신재생에너지액티브'!B37 -> 태웅 | C31: =VLOOKUP(B31,'KODEX 신재생에너지액티브'!$B$11:$E$1000,4,0) -> 0.9 | D31: =IFERROR(VLOOKUP(B31,'KODEX 신재생에너지액티브(과거)'!$B$11:$E$1000,4,0),0) -> 0.93 | E31: =C31-D31 -> -0.03 | F31: =IFERROR(C31/D31-1,"신규편입") -> -0.032258065
A32: =VLOOKUP(B32,유니버스!$C$14:$D$2561,2,0) -> KQ | B32: ='KODEX 신재생에너지액티브'!B38 -> 코세스 | C32: =VLOOKUP(B32,'KODEX 신재생에너지액티브'!$B$11:$E$1000,4,0) -> 0.86 | D32: =IFERROR(VLOOKUP(B32,'KODEX 신재생에너지액티브(과거)'!$B$11:$E$1000,4,0),0) -> 0.88 | E32: =C32-D32 -> -0.02 | F32: =IFERROR(C32/D32-1,"신규편입") -> -0.022727273
A33: =VLOOKUP(B33,유니버스!$C$14:$D$2561,2,0) -> KS | B33: ='KODEX 신재생에너지액티브'!B39 -> 대한전선 | C33: =VLOOKUP(B33,'KODEX 신재생에너지액티브'!$B$11:$E$1000,4,0) -> 0.78 | D33: =IFERROR(VLOOKUP(B33,'KODEX 신재생에너지액티브(과거)'!$B$11:$E$1000,4,0),0) -> 0.83 | E33: =C33-D33 -> -0.05 | F33: =IFERROR(C33/D33-1,"신규편입") -> -0.060240964
A34: =VLOOKUP(B34,유니버스!$C$14:$D$2561,2,0) -> KQ | B34: ='KODEX 신재생에너지액티브'!B40 -> 상신이디피 | C34: =VLOOKUP(B34,'KODEX 신재생에너지액티브'!$B$11:$E$1000,4,0) -> 0.76 | D34: =IFERROR(VLOOKUP(B34,'KODEX 신재생에너지액티브(과거)'!$B$11:$E$1000,4,0),0) -> 0.74 | E34: =C34-D34 -> 0.02 | F34: =IFERROR(C34/D34-1,"신규편입") -> 0.027027027
A35: =VLOOKUP(B35,유니버스!$C$14:$D$2561,2,0) -> KQ | B35: ='KODEX 신재생에너지액티브'!B41 -> 레이크머티리얼즈 | C35: =VLOOKUP(B35,'KODEX 신재생에너지액티브'!$B$11:$E$1000,4,0) -> 0.76 | D35: =IFERROR(VLOOKUP(B35,'KODEX 신재생에너지액티브(과거)'!$B$11:$E$1000,4,0),0) -> 0.77 | E35: =C35-D35 -> -0.01 | F35: =IFERROR(C35/D35-1,"신규편입") -> -0.012987013
A36: =VLOOKUP(B36,유니버스!$C$14:$D$2561,2,0) -> KQ | B36: ='KODEX 신재생에너지액티브'!B42 -> 강원에너지 | C36: =VLOOKUP(B36,'KODEX 신재생에너지액티브'!$B$11:$E$1000,4,0) -> 0.7 | D36: =IFERROR(VLOOKUP(B36,'KODEX 신재생에너지액티브(과거)'!$B$11:$E$1000,4,0),0) -> 0.72 | E36: =C36-D36 -> -0.02 | F36: =IFERROR(C36/D36-1,"신규편입") -> -0.027777778
A37: =VLOOKUP(B37,유니버스!$C$14:$D$2561,2,0) -> KQ | B37: ='KODEX 신재생에너지액티브'!B43 -> 대명에너지 | C37: =VLOOKUP(B37,'KODEX 신재생에너지액티브'!$B$11:$E$1000,4,0) -> 0.66 | D37: =IFERROR(VLOOKUP(B37,'KODEX 신재생에너지액티브(과거)'!$B$11:$E$1000,4,0),0) -> 0.76 | E37: =C37-D37 -> -0.1 | F37: =IFERROR(C37/D37-1,"신규편입") -> -0.13157895
A38: =VLOOKUP(B38,유니버스!$C$14:$D$2561,2,0) -> KQ | B38: ='KODEX 신재생에너지액티브'!B44 -> 성일하이텍 | C38: =VLOOKUP(B38,'KODEX 신재생에너지액티브'!$B$11:$E$1000,4,0) -> 0.62 | D38: =IFERROR(VLOOKUP(B38,'KODEX 신재생에너지액티브(과거)'!$B$11:$E$1000,4,0),0) -> 0.64 | E38: =C38-D38 -> -0.02 | F38: =IFERROR(C38/D38-1,"신규편입") -> -0.03125
A39: =VLOOKUP(B39,유니버스!$C$14:$D$2561,2,0) -> KS | B39: ='KODEX 신재생에너지액티브'!B45 -> 에코프로머티 | C39: =VLOOKUP(B39,'KODEX 신재생에너지액티브'!$B$11:$E$1000,4,0) -> 0.56 | D39: =IFERROR(VLOOKUP(B39,'KODEX 신재생에너지액티브(과거)'!$B$11:$E$1000,4,0),0) -> 0.55 | E39: =C39-D39 -> 0.01 | F39: =IFERROR(C39/D39-1,"신규편입") -> 0.018181818
... A83: =VLOOKUP(B83,유니버스!$C$14:$D$2561,2,0) -> #N/A | B83: ='KODEX 신재생에너지액티브'!B89 -> 원화현금 | C83: =VLOOKUP(B83,'KODEX 신재생에너지액티브'!$B$11:$E$1000,4,0) -> 0.58 | D83: =IFERROR(VLOOKUP(B83,'KODEX 신재생에너지액티브(과거)'!$B$11:$E$1000,4,0),0) -> 0.92 | E83: =C83-D83 -> -0.34 | F83: =IFERROR(C83/D83-1,"신규편입") -> -0.36956522

Sheet 이노, 소비, AI인프라
B3: ='TIMEFOLIO K이노베이션액티브'!A9 -> TIME K이노베이션액티브 | H3: ='VITA MZ소비액티브'!A9 -> VITA MZ소비액티브 | N3: ='KoAct AI인프라액티브'!A9 -> KoAct AI인프라액티브
B4: 종목명 | C4: ='KODEX 신재생에너지액티브'!B4 -> CPD [20260522] | D4: ='KODEX 신재생에너지액티브(과거)'!B4 -> 20260515 | E4: 비중차이 | F4: 증가율 | H4: 종목명 | I4: =C4 -> CPD [20260522] | J4: =D4 -> 20260515 | K4: 비중차 | L4: 증가율 | N4: 종목명 | O4: =C4 -> CPD [20260522] | P4: =D4 -> 20260515 | Q4: 비중차이 | R4: 증가율
A5: =VLOOKUP(B5,유니버스!$C$14:$D$2561,2,0) -> KS | B5: ='TIMEFOLIO K이노베이션액티브'!B11 -> 삼성SDI | C5: =VLOOKUP(B5,'TIMEFOLIO K이노베이션액티브'!$B$11:$E$1000,4,0) -> 8.3 | D5: =IFERROR(VLOOKUP(B5,'TIMEFOLIO K이노베이션액티브(과거)'!$B$11:$E$1000,4,0),0) -> 8.41 | E5: =C5-D5 -> -0.11 | F5: =IFERROR(C5/D5-1,"신규편입") -> -0.013079667 | G5: =VLOOKUP(H5,유니버스!$C$14:$D$2561,2,0) -> KS | H5: ='VITA MZ소비액티브'!B11 -> 삼양식품 | I5: =VLOOKUP(H5,'VITA MZ소비액티브'!$B$11:$E$1000,4,0) -> 10.01 | J5: =IFERROR(VLOOKUP(H5,'VITA MZ소비액티브(과거)'!$B$11:$E$1000,4,0),0) -> 10.32 | K5: =I5-J5 -> -0.31 | L5: =IFERROR(I5/J5-1,"신규편입") -> -0.03003876 | M5: =VLOOKUP(N5,유니버스!$C$14:$D$2561,2,0) -> KS | N5: ='KoAct AI인프라액티브'!B11 -> SK하이닉스 | O5: =VLOOKUP(N5,'KoAct AI인프라액티브'!$B$11:$E$1000,4,0) -> 13.36 | P5: =IFERROR(VLOOKUP(N5,'KoAct AI인프라액티브(과거)'!$B$11:$E$1000,4,0),0) -> 13.15 | Q5: =O5-P5 -> 0.21 | R5: =IFERROR(O5/P5-1,"신규편입") -> 0.015969582
A6: =VLOOKUP(B6,유니버스!$C$14:$D$2561,2,0) -> KS | B6: ='TIMEFOLIO K이노베이션액티브'!B12 -> POSCO홀딩스 | C6: =VLOOKUP(B6,'TIMEFOLIO K이노베이션액티브'!$B$11:$E$1000,4,0) -> 8.07 | D6: =IFERROR(VLOOKUP(B6,'TIMEFOLIO K이노베이션액티브(과거)'!$B$11:$E$1000,4,0),0) -> 7.36 | E6: =C6-D6 -> 0.71 | F6: =IFERROR(C6/D6-1,"신규편입") -> 0.096467391 | G6: =VLOOKUP(H6,유니버스!$C$14:$D$2561,2,0) -> KS | H6: ='VITA MZ소비액티브'!B12 -> 호텔신라 | I6: =VLOOKUP(H6,'VITA MZ소비액티브'!$B$11:$E$1000,4,0) -> 8.95 | J6: =IFERROR(VLOOKUP(H6,'VITA MZ소비액티브(과거)'!$B$11:$E$1000,4,0),0) -> 9.17 | K6: =I6-J6 -> -0.22 | L6: =IFERROR(I6/J6-1,"신규편입") -> -0.023991276 | M6: =VLOOKUP(N6,유니버스!$C$14:$D$2561,2,0) -> KS | N6: ='KoAct AI인프라액티브'!B12 -> 삼성전자 | O6: =VLOOKUP(N6,'KoAct AI인프라액티브'!$B$11:$E$1000,4,0) -> 6.2 | P6: =IFERROR(VLOOKUP(N6,'KoAct AI인프라액티브(과거)'!$B$11:$E$1000,4,0),0) -> 5.88 | Q6: =O6-P6 -> 0.32 | R6: =IFERROR(O6/P6-1,"신규편입") -> 0.054421769
A7: =VLOOKUP(B7,유니버스!$C$14:$D$2561,2,0) -> KQ | B7: ='TIMEFOLIO K이노베이션액티브'!B13 -> 서진시스템 | C7: =VLOOKUP(B7,'TIMEFOLIO K이노베이션액티브'!$B$11:$E$1000,4,0) -> 6.68 | D7: =IFERROR(VLOOKUP(B7,'TIMEFOLIO K이노베이션액티브(과거)'!$B$11:$E$1000,4,0),0) -> 4.36 | E7: =C7-D7 -> 2.32 | F7: =IFERROR(C7/D7-1,"신규편입") -> 0.53211009 | G7: =VLOOKUP(H7,유니버스!$C$14:$D$2561,2,0) -> KQ | H7: ='VITA MZ소비액티브'!B13 -> 에스앤디 | I7: =VLOOKUP(H7,'VITA MZ소비액티브'!$B$11:$E$1000,4,0) -> 8.78 | J7: =IFERROR(VLOOKUP(H7,'VITA MZ소비액티브(과거)'!$B$11:$E$1000,4,0),0) -> 8.66 | K7: =I7-J7 -> 0.12 | L7: =IFERROR(I7/J7-1,"신규편입") -> 0.013856813 | M7: =VLOOKUP(N7,유니버스!$C$14:$D$2561,2,0) -> KQ | N7: ='KoAct AI인프라액티브'!B13 -> 테스 | O7: =VLOOKUP(N7,'KoAct AI인프라액티브'!$B$11:$E$1000,4,0) -> 6.04 | P7: =IFERROR(VLOOKUP(N7,'KoAct AI인프라액티브(과거)'!$B$11:$E$1000,4,0),0) -> 6.24 | Q7: =O7-P7 -> -0.2 | R7: =IFERROR(O7/P7-1,"신규편입") -> -0.032051282
A8: =VLOOKUP(B8,유니버스!$C$14:$D$2561,2,0) -> KQ | B8: ='TIMEFOLIO K이노베이션액티브'!B14 -> 미래에셋벤처투자 | C8: =VLOOKUP(B8,'TIMEFOLIO K이노베이션액티브'!$B$11:$E$1000,4,0) -> 6.62 | D8: =IFERROR(VLOOKUP(B8,'TIMEFOLIO K이노베이션액티브(과거)'!$B$11:$E$1000,4,0),0) -> 6.56 | E8: =C8-D8 -> 0.06 | F8: =IFERROR(C8/D8-1,"신규편입") -> 0.0091463415 | G8: =VLOOKUP(H8,유니버스!$C$14:$D$2561,2,0) -> KQ | H8: ='VITA MZ소비액티브'!B14 -> 서부T&D | I8: =VLOOKUP(H8,'VITA MZ소비액티브'!$B$11:$E$1000,4,0) -> 8 | J8: =IFERROR(VLOOKUP(H8,'VITA MZ소비액티브(과거)'!$B$11:$E$1000,4,0),0) -> 8.44 | K8: =I8-J8 -> -0.44 | L8: =IFERROR(I8/J8-1,"신규편입") -> -0.052132701 | M8: =VLOOKUP(N8,유니버스!$C$14:$D$2561,2,0) -> KS | N8: ='KoAct AI인프라액티브'!B14 -> 삼성SDI | O8: =VLOOKUP(N8,'KoAct AI인프라액티브'!$B$11:$E$1000,4,0) -> 5.62 | P8: =IFERROR(VLOOKUP(N8,'KoAct AI인프라액티브(과거)'!$B$11:$E$1000,4,0),0) -> 5.88 | Q8: =O8-P8 -> -0.26 | R8: =IFERROR(O8/P8-1,"신규편입") -> -0.044217687
A9: =VLOOKUP(B9,유니버스!$C$14:$D$2561,2,0) -> KQ | B9: ='TIMEFOLIO K이노베이션액티브'!B15 -> 파두 | C9: =VLOOKUP(B9,'TIMEFOLIO K이노베이션액티브'!$B$11:$E$1000,4,0) -> 6.46 | D9: =IFERROR(VLOOKUP(B9,'TIMEFOLIO K이노베이션액티브(과거)'!$B$11:$E$1000,4,0),0) -> 3.08 | E9: =C9-D9 -> 3.38 | F9: =IFERROR(C9/D9-1,"신규편입") -> 1.0974026 | G9: =VLOOKUP(H9,유니버스!$C$14:$D$2561,2,0) -> KQ | H9: ='VITA MZ소비액티브'!B15 -> 하림지주 | I9: =VLOOKUP(H9,'VITA MZ소비액티브'!$B$11:$E$1000,4,0) -> 7.71 | J9: =IFERROR(VLOOKUP(H9,'VITA MZ소비액티브(과거)'!$B$11:$E$1000,4,0),0) -> 7.63 | K9: =I9-J9 -> 0.08 | L9: =IFERROR(I9/J9-1,"신규편입") -> 0.010484928 | M9: =VLOOKUP(N9,유니버스!$C$14:$D$2561,2,0) -> KS | N9: ='KoAct AI인프라액티브'!B15 -> LG이노텍 | O9: =VLOOKUP(N9,'KoAct AI인프라액티브'!$B$11:$E$1000,4,0) -> 5.25 | P9: =IFERROR(VLOOKUP(N9,'KoAct AI인프라액티브(과거)'!$B$11:$E$1000,4,0),0) -> 4.82 | Q9: =O9-P9 -> 0.43 | R9: =IFERROR(O9/P9-1,"신규편입") -> 0.089211618
A10: =VLOOKUP(B10,유니버스!$C$14:$D$2561,2,0) -> KQ | B10: ='TIMEFOLIO K이노베이션액티브'!B16 -> 알테오젠 | C10: =VLOOKUP(B10,'TIMEFOLIO K이노베이션액티브'!$B$11:$E$1000,4,0) -> 5.92 | D10: =IFERROR(VLOOKUP(B10,'TIMEFOLIO K이노베이션액티브(과거)'!$B$11:$E$1000,4,0),0) -> 1.21 | E10: =C10-D10 -> 4.71 | F10: =IFERROR(C10/D10-1,"신규편입") -> 3.892562 | G10: =VLOOKUP(H10,유니버스!$C$14:$D$2561,2,0) -> KS | H10: ='VITA MZ소비액티브'!B16 -> 에이피알 | I10: =VLOOKUP(H10,'VITA MZ소비액티브'!$B$11:$E$1000,4,0) -> 7.69 | J10: =IFERROR(VLOOKUP(H10,'VITA MZ소비액티브(과거)'!$B$11:$E$1000,4,0),0) -> 7.32 | K10: =I10-J10 -> 0.37 | L10: =IFERROR(I10/J10-1,"신규편입") -> 0.050546448 | M10: =VLOOKUP(N10,유니버스!$C$14:$D$2561,2,0) -> KQ | N10: ='KoAct AI인프라액티브'!B16 -> 두산테스나 | O10: =VLOOKUP(N10,'KoAct AI인프라액티브'!$B$11:$E$1000,4,0) -> 4.71 | P10: =IFERROR(VLOOKUP(N10,'KoAct AI인프라액티브(과거)'!$B$11:$E$1000,4,0),0) -> 5.15 | Q10: =O10-P10 -> -0.44 | R10: =IFERROR(O10/P10-1,"신규편입") -> -0.085436893
A11: =VLOOKUP(B11,유니버스!$C$14:$D$2561,2,0) -> KS | B11: ='TIMEFOLIO K이노베이션액티브'!B17 -> SK하이닉스 | C11: =VLOOKUP(B11,'TIMEFOLIO K이노베이션액티브'!$B$11:$E$1000,4,0) -> 5.88 | D11: =IFERROR(VLOOKUP(B11,'TIMEFOLIO K이노베이션액티브(과거)'!$B$11:$E$1000,4,0),0) -> 5.6 | E11: =C11-D11 -> 0.28 | F11: =IFERROR(C11/D11-1,"신규편입") -> 0.05 | G11: =VLOOKUP(H11,유니버스!$C$14:$D$2561,2,0) -> KS | H11: ='VITA MZ소비액티브'!B17 -> GS피앤엘 | I11: =VLOOKUP(H11,'VITA MZ소비액티브'!$B$11:$E$1000,4,0) -> 7.41 | J11: =IFERROR(VLOOKUP(H11,'VITA MZ소비액티브(과거)'!$B$11:$E$1000,4,0),0) -> 7.96 | K11: =I11-J11 -> -0.55 | L11: =IFERROR(I11/J11-1,"신규편입") -> -0.069095477 | M11: =VLOOKUP(N11,유니버스!$C$14:$D$2561,2,0) -> KQ | N11: ='KoAct AI인프라액티브'!B17 -> 주성엔지니어링 | O11: =VLOOKUP(N11,'KoAct AI인프라액티브'!$B$11:$E$1000,4,0) -> 4.41 | P11: =IFERROR(VLOOKUP(N11,'KoAct AI인프라액티브(과거)'!$B$11:$E$1000,4,0),0) -> 3.88 | Q11: =O11-P11 -> 0.53 | R11: =IFERROR(O11/P11-1,"신규편입") -> 0.13659794
A12: =VLOOKUP(B12,유니버스!$C$14:$D$2561,2,0) -> KS | B12: ='TIMEFOLIO K이노베이션액티브'!B18 -> LG에너지솔루션 | C12: =VLOOKUP(B12,'TIMEFOLIO K이노베이션액티브'!$B$11:$E$1000,4,0) -> 5.4 | D12: =IFERROR(VLOOKUP(B12,'TIMEFOLIO K이노베이션액티브(과거)'!$B$11:$E$1000,4,0),0) -> 5.71 | E12: =C12-D12 -> -0.31 | F12: =IFERROR(C12/D12-1,"신규편입") -> -0.054290718 | G12: =VLOOKUP(H12,유니버스!$C$14:$D$2561,2,0) -> KS | H12: ='VITA MZ소비액티브'!B18 -> 신세계 | I12: =VLOOKUP(H12,'VITA MZ소비액티브'!$B$11:$E$1000,4,0) -> 7.28 | J12: =IFERROR(VLOOKUP(H12,'VITA MZ소비액티브(과거)'!$B$11:$E$1000,4,0),0) -> 6.41 | K12: =I12-J12 -> 0.87 | L12: =IFERROR(I12/J12-1,"신규편입") -> 0.13572543 | M12: =VLOOKUP(N12,유니버스!$C$14:$D$2561,2,0) -> KS | N12: ='KoAct AI인프라액티브'!B18 -> 두산퓨얼셀 | O12: =VLOOKUP(N12,'KoAct AI인프라액티브'!$B$11:$E$1000,4,0) -> 4.03 | P12: =IFERROR(VLOOKUP(N12,'KoAct AI인프라액티브(과거)'!$B$11:$E$1000,4,0),0) -> 4.28 | Q12: =O12-P12 -> -0.25 | R12: =IFERROR(O12/P12-1,"신규편입") -> -0.058411215
A13: =VLOOKUP(B13,유니버스!$C$14:$D$2561,2,0) -> KQ | B13: ='TIMEFOLIO K이노베이션액티브'!B19 -> 주성엔지니어링 | C13: =VLOOKUP(B13,'TIMEFOLIO K이노베이션액티브'!$B$11:$E$1000,4,0) -> 4.83 | D13: =IFERROR(VLOOKUP(B13,'TIMEFOLIO K이노베이션액티브(과거)'!$B$11:$E$1000,4,0),0) -> 7.2 | E13: =C13-D13 -> -2.37 | F13: =IFERROR(C13/D13-1,"신규편입") -> -0.32916667 | G13: =VLOOKUP(H13,유니버스!$C$14:$D$2561,2,0) -> KS | H13: ='VITA MZ소비액티브'!B19 -> GS리테일 | I13: =VLOOKUP(H13,'VITA MZ소비액티브'!$B$11:$E$1000,4,0) -> 6.79 | J13: =IFERROR(VLOOKUP(H13,'VITA MZ소비액티브(과거)'!$B$11:$E$1000,4,0),0) -> 6.87 | K13: =I13-J13 -> -0.08 | L13: =IFERROR(I13/J13-1,"신규편입") -> -0.011644833 | M13: =VLOOKUP(N13,유니버스!$C$14:$D$2561,2,0) -> KS | N13: ='KoAct AI인프라액티브'!B19 -> LS ELECTRIC | O13: =VLOOKUP(N13,'KoAct AI인프라액티브'!$B$11:$E$1000,4,0) -> 3.74 | P13: =IFERROR(VLOOKUP(N13,'KoAct AI인프라액티브(과거)'!$B$11:$E$1000,4,0),0) -> 5.74 | Q13: =O13-P13 -> -2 | R13: =IFERROR(O13/P13-1,"신규편입") -> -0.34843206
A14: =VLOOKUP(B14,유니버스!$C$14:$D$2561,2,0) -> KQ | B14: ='TIMEFOLIO K이노베이션액티브'!B20 -> 로보티즈 | C14: =VLOOKUP(B14,'TIMEFOLIO K이노베이션액티브'!$B$11:$E$1000,4,0) -> 4.48 | D14: =IFERROR(VLOOKUP(B14,'TIMEFOLIO K이노베이션액티브(과거)'!$B$11:$E$1000,4,0),0) -> 4.95 | E14: =C14-D14 -> -0.47 | F14: =IFERROR(C14/D14-1,"신규편입") -> -0.094949495 | G14: =VLOOKUP(H14,유니버스!$C$14:$D$2561,2,0) -> KS | H14: ='VITA MZ소비액티브'!B20 -> 롯데쇼핑 | I14: =VLOOKUP(H14,'VITA MZ소비액티브'!$B$11:$E$1000,4,0) -> 6.34 | J14: =IFERROR(VLOOKUP(H14,'VITA MZ소비액티브(과거)'!$B$11:$E$1000,4,0),0) -> 6.21 | K14: =I14-J14 -> 0.13 | L14: =IFERROR(I14/J14-1,"신규편입") -> 0.020933977 | M14: =VLOOKUP(N14,유니버스!$C$14:$D$2561,2,0) -> KS | N14: ='KoAct AI인프라액티브'!B20 -> 대한전선 | O14: =VLOOKUP(N14,'KoAct AI인프라액티브'!$B$11:$E$1000,4,0) -> 3.59 | P14: =IFERROR(VLOOKUP(N14,'KoAct AI인프라액티브(과거)'!$B$11:$E$1000,4,0),0) -> 4.03 | Q14: =O14-P14 -> -0.44 | R14: =IFERROR(O14/P14-1,"신규편입") -> -0.10918114
A15: =VLOOKUP(B15,유니버스!$C$14:$D$2561,2,0) -> KS | B15: ='TIMEFOLIO K이노베이션액티브'!B21 -> NC | C15: =VLOOKUP(B15,'TIMEFOLIO K이노베이션액티브'!$B$11:$E$1000,4,0) -> 4.08 | D15: =IFERROR(VLOOKUP(B15,'TIMEFOLIO K이노베이션액티브(과거)'!$B$11:$E$1000,4,0),0) -> 4.27 | E15: =C15-D15 -> -0.19 | F15: =IFERROR(C15/D15-1,"신규편입") -> -0.044496487 | G15: =VLOOKUP(H15,유니버스!$C$14:$D$2561,2,0) -> KS | H15: ='VITA MZ소비액티브'!B21 -> 아모레퍼시픽 | I15: =VLOOKUP(H15,'VITA MZ소비액티브'!$B$11:$E$1000,4,0) -> 5.36 | J15: =IFERROR(VLOOKUP(H15,'VITA MZ소비액티브(과거)'!$B$11:$E$1000,4,0),0) -> 5.25 | K15: =I15-J15 -> 0.11 | L15: =IFERROR(I15/J15-1,"신규편입") -> 0.020952381 | M15: =VLOOKUP(N15,유니버스!$C$14:$D$2561,2,0) -> KQ | N15: ='KoAct AI인프라액티브'!B21 -> 피에스케이 | O15: =VLOOKUP(N15,'KoAct AI인프라액티브'!$B$11:$E$1000,4,0) -> 3.26 | P15: =IFERROR(VLOOKUP(N15,'KoAct AI인프라액티브(과거)'!$B$11:$E$1000,4,0),0) -> 3.16 | Q15: =O15-P15 -> 0.1 | R15: =IFERROR(O15/P15-1,"신규편입") -> 0.03164557
A16: =VLOOKUP(B16,유니버스!$C$14:$D$2561,2,0) -> KQ | B16: ='TIMEFOLIO K이노베이션액티브'!B22 -> 인텔리안테크 | C16: =VLOOKUP(B16,'TIMEFOLIO K이노베이션액티브'!$B$11:$E$1000,4,0) -> 3.8 | D16: =IFERROR(VLOOKUP(B16,'TIMEFOLIO K이노베이션액티브(과거)'!$B$11:$E$1000,4,0),0) -> 4.44 | E16: =C16-D16 -> -0.64 | F16: =IFERROR(C16/D16-1,"신규편입") -> -0.14414414 | G16: =VLOOKUP(H16,유니버스!$C$14:$D$2561,2,0) -> KS | H16: ='VITA MZ소비액티브'!B22 -> 파라다이스 | I16: =VLOOKUP(H16,'VITA MZ소비액티브'!$B$11:$E$1000,4,0) -> 4.56 | J16: =IFERROR(VLOOKUP(H16,'VITA MZ소비액티브(과거)'!$B$11:$E$1000,4,0),0) -> 4.61 | K16: =I16-J16 -> -0.05 | L16: =IFERROR(I16/J16-1,"신규편입") -> -0.010845987 | M16: =VLOOKUP(N16,유니버스!$C$14:$D$2561,2,0) -> KS | N16: ='KoAct AI인프라액티브'!B22 -> 코리아써키트 | O16: =VLOOKUP(N16,'KoAct AI인프라액티브'!$B$11:$E$1000,4,0) -> 3.2 | P16: =IFERROR(VLOOKUP(N16,'KoAct AI인프라액티브(과거)'!$B$11:$E$1000,4,0),0) -> 3.18 | Q16: =O16-P16 -> 0.02 | R16: =IFERROR(O16/P16-1,"신규편입") -> 0.0062893082
... A21: =VLOOKUP(B21,유니버스!$C$14:$D$2561,2,0) -> KQ | B21: ='TIMEFOLIO K이노베이션액티브'!B27 -> 이노스페이스 | C21: =VLOOKUP(B21,'TIMEFOLIO K이노베이션액티브'!$B$11:$E$1000,4,0) -> 2.73 | D21: =IFERROR(VLOOKUP(B21,'TIMEFOLIO K이노베이션액티브(과거)'!$B$11:$E$1000,4,0),0) -> 2.57 | E21: =C21-D21 -> 0.16 | F21: =IFERROR(C21/D21-1,"신규편입") -> 0.062256809 | G21: =VLOOKUP(H21,유니버스!$C$14:$D$2561,2,0) -> #N/A | H21: ='VITA MZ소비액티브'!B27 -> 원화현금 | I21: =VLOOKUP(H21,'VITA MZ소비액티브'!$B$11:$E$1000,4,0) -> 0.9 | J21: =IFERROR(VLOOKUP(H21,'VITA MZ소비액티브(과거)'!$B$11:$E$1000,4,0),0) -> 0.89 | K21: =I21-J21 -> 0.01 | L21: =IFERROR(I21/J21-1,"신규편입") -> 0.011235955 | M21: =VLOOKUP(N21,유니버스!$C$14:$D$2561,2,0) -> KQ | N21: ='KoAct AI인프라액티브'!B27 -> 심텍 | O21: =VLOOKUP(N21,'KoAct AI인프라액티브'!$B$11:$E$1000,4,0) -> 2.55 | P21: =IFERROR(VLOOKUP(N21,'KoAct AI인프라액티브(과거)'!$B$11:$E$1000,4,0),0) -> 2.14 | Q21: =O21-P21 -> 0.41 | R21: =IFERROR(O21/P21-1,"신규편입") -> 0.19158879
A22: =VLOOKUP(B22,유니버스!$C$14:$D$2561,2,0) -> KQ | B22: ='TIMEFOLIO K이노베이션액티브'!B28 -> 스피어 | C22: =VLOOKUP(B22,'TIMEFOLIO K이노베이션액티브'!$B$11:$E$1000,4,0) -> 2.3 | D22: =IFERROR(VLOOKUP(B22,'TIMEFOLIO K이노베이션액티브(과거)'!$B$11:$E$1000,4,0),0) -> 2.3 | E22: =C22-D22 -> 0 | F22: =IFERROR(C22/D22-1,"신규편입") -> 0 | M22: =VLOOKUP(N22,유니버스!$C$14:$D$2561,2,0) -> KS | N22: ='KoAct AI인프라액티브'!B28 -> 산일전기 | O22: =VLOOKUP(N22,'KoAct AI인프라액티브'!$B$11:$E$1000,4,0) -> 2.55 | P22: =IFERROR(VLOOKUP(N22,'KoAct AI인프라액티브(과거)'!$B$11:$E$1000,4,0),0) -> 2.6 | Q22: =O22-P22 -> -0.05 | R22: =IFERROR(O22/P22-1,"신규편입") -> -0.019230769
A23: =VLOOKUP(B23,유니버스!$C$14:$D$2561,2,0) -> KQ | B23: ='TIMEFOLIO K이노베이션액티브'!B29 -> 대주전자재료 | C23: =VLOOKUP(B23,'TIMEFOLIO K이노베이션액티브'!$B$11:$E$1000,4,0) -> 2.23 | D23: =IFERROR(VLOOKUP(B23,'TIMEFOLIO K이노베이션액티브(과거)'!$B$11:$E$1000,4,0),0) -> 2.56 | E23: =C23-D23 -> -0.33 | F23: =IFERROR(C23/D23-1,"신규편입") -> -0.12890625 | M23: =VLOOKUP(N23,유니버스!$C$14:$D$2561,2,0) -> KQ | N23: ='KoAct AI인프라액티브'!B29 -> HPSP | O23: =VLOOKUP(N23,'KoAct AI인프라액티브'!$B$11:$E$1000,4,0) -> 2.36 | P23: =IFERROR(VLOOKUP(N23,'KoAct AI인프라액티브(과거)'!$B$11:$E$1000,4,0),0) -> 2.29 | Q23: =O23-P23 -> 0.07 | R23: =IFERROR(O23/P23-1,"신규편입") -> 0.030567686
A24: =VLOOKUP(B24,유니버스!$C$14:$D$2561,2,0) -> KQ | B24: ='TIMEFOLIO K이노베이션액티브'!B30 -> 기가비스 | C24: =VLOOKUP(B24,'TIMEFOLIO K이노베이션액티브'!$B$11:$E$1000,4,0) -> 1.68 | D24: =IFERROR(VLOOKUP(B24,'TIMEFOLIO K이노베이션액티브(과거)'!$B$11:$E$1000,4,0),0) -> 1.64 | E24: =C24-D24 -> 0.04 | F24: =IFERROR(C24/D24-1,"신규편입") -> 0.024390244 | M24: =VLOOKUP(N24,유니버스!$C$14:$D$2561,2,0) -> KS | N24: ='KoAct AI인프라액티브'!B30 -> 현대건설 | O24: =VLOOKUP(N24,'KoAct AI인프라액티브'!$B$11:$E$1000,4,0) -> 2.04 | P24: =IFERROR(VLOOKUP(N24,'KoAct AI인프라액티브(과거)'!$B$11:$E$1000,4,0),0) -> 2.26 | Q24: =O24-P24 -> -0.22 | R24: =IFERROR(O24/P24-1,"신규편입") -> -0.097345133
A25: =VLOOKUP(B25,유니버스!$C$14:$D$2561,2,0) -> KQ | B25: ='TIMEFOLIO K이노베이션액티브'!B31 -> 제주반도체 | C25: =VLOOKUP(B25,'TIMEFOLIO K이노베이션액티브'!$B$11:$E$1000,4,0) -> 1.52 | D25: =IFERROR(VLOOKUP(B25,'TIMEFOLIO K이노베이션액티브(과거)'!$B$11:$E$1000,4,0),0) -> 0 | E25: =C25-D25 -> 1.52 | F25: =IFERROR(C25/D25-1,"신규편입") -> 신규편입 | M25: =VLOOKUP(N25,유니버스!$C$14:$D$2561,2,0) -> KS | N25: ='KoAct AI인프라액티브'!B31 -> HD현대중공업 | O25: =VLOOKUP(N25,'KoAct AI인프라액티브'!$B$11:$E$1000,4,0) -> 1.99 | P25: =IFERROR(VLOOKUP(N25,'KoAct AI인프라액티브(과거)'!$B$11:$E$1000,4,0),0) -> 1.99 | Q25: =O25-P25 -> 0 | R25: =IFERROR(O25/P25-1,"신규편입") -> 0
A26: =VLOOKUP(B26,유니버스!$C$14:$D$2561,2,0) -> KS | B26: ='TIMEFOLIO K이노베이션액티브'!B32 -> 코리아써키트 | C26: =VLOOKUP(B26,'TIMEFOLIO K이노베이션액티브'!$B$11:$E$1000,4,0) -> 1.3 | D26: =IFERROR(VLOOKUP(B26,'TIMEFOLIO K이노베이션액티브(과거)'!$B$11:$E$1000,4,0),0) -> 1.25 | E26: =C26-D26 -> 0.05 | F26: =IFERROR(C26/D26-1,"신규편입") -> 0.04 | M26: =VLOOKUP(N26,유니버스!$C$14:$D$2561,2,0) -> KQ | N26: ='KoAct AI인프라액티브'!B32 -> 하나마이크론 | O26: =VLOOKUP(N26,'KoAct AI인프라액티브'!$B$11:$E$1000,4,0) -> 1.94 | P26: =IFERROR(VLOOKUP(N26,'KoAct AI인프라액티브(과거)'!$B$11:$E$1000,4,0),0) -> 2.38 | Q26: =O26-P26 -> -0.44 | R26: =IFERROR(O26/P26-1,"신규편입") -> -0.18487395
A27: =VLOOKUP(B27,유니버스!$C$14:$D$2561,2,0) -> KQ | B27: ='TIMEFOLIO K이노베이션액티브'!B33 -> 알지노믹스 | C27: =VLOOKUP(B27,'TIMEFOLIO K이노베이션액티브'!$B$11:$E$1000,4,0) -> 1.22 | D27: =IFERROR(VLOOKUP(B27,'TIMEFOLIO K이노베이션액티브(과거)'!$B$11:$E$1000,4,0),0) -> 1.41 | E27: =C27-D27 -> -0.19 | F27: =IFERROR(C27/D27-1,"신규편입") -> -0.13475177 | M27: =VLOOKUP(N27,유니버스!$C$14:$D$2561,2,0) -> KS | N27: ='KoAct AI인프라액티브'!B33 -> LG에너지솔루션 | O27: =VLOOKUP(N27,'KoAct AI인프라액티브'!$B$11:$E$1000,4,0) -> 1.91 | P27: =IFERROR(VLOOKUP(N27,'KoAct AI인프라액티브(과거)'!$B$11:$E$1000,4,0),0) -> 2.08 | Q27: =O27-P27 -> -0.17 | R27: =IFERROR(O27/P27-1,"신규편입") -> -0.081730769
A28: =VLOOKUP(B28,유니버스!$C$14:$D$2561,2,0) -> KQ | B28: ='TIMEFOLIO K이노베이션액티브'!B34 -> 티엘비 | C28: =VLOOKUP(B28,'TIMEFOLIO K이노베이션액티브'!$B$11:$E$1000,4,0) -> 1.21 | D28: =IFERROR(VLOOKUP(B28,'TIMEFOLIO K이노베이션액티브(과거)'!$B$11:$E$1000,4,0),0) -> 1.17 | E28: =C28-D28 -> 0.04 | F28: =IFERROR(C28/D28-1,"신규편입") -> 0.034188034 | M28: =VLOOKUP(N28,유니버스!$C$14:$D$2561,2,0) -> KS | N28: ='KoAct AI인프라액티브'!B34 -> 이수페타시스 | O28: =VLOOKUP(N28,'KoAct AI인프라액티브'!$B$11:$E$1000,4,0) -> 1.9 | P28: =IFERROR(VLOOKUP(N28,'KoAct AI인프라액티브(과거)'!$B$11:$E$1000,4,0),0) -> 0 | Q28: =O28-P28 -> 1.9 | R28: =IFERROR(O28/P28-1,"신규편입") -> 신규편입
A29: =VLOOKUP(B29,유니버스!$C$14:$D$2561,2,0) -> KS | B29: ='TIMEFOLIO K이노베이션액티브'!B35 -> 비에이치 | C29: =VLOOKUP(B29,'TIMEFOLIO K이노베이션액티브'!$B$11:$E$1000,4,0) -> 0.72 | D29: =IFERROR(VLOOKUP(B29,'TIMEFOLIO K이노베이션액티브(과거)'!$B$11:$E$1000,4,0),0) -> 0 | E29: =C29-D29 -> 0.72 | F29: =IFERROR(C29/D29-1,"신규편입") -> 신규편입 | M29: =VLOOKUP(N29,유니버스!$C$14:$D$2561,2,0) -> KQ | N29: ='KoAct AI인프라액티브'!B35 -> 한양디지텍 | O29: =VLOOKUP(N29,'KoAct AI인프라액티브'!$B$11:$E$1000,4,0) -> 1.59 | P29: =IFERROR(VLOOKUP(N29,'KoAct AI인프라액티브(과거)'!$B$11:$E$1000,4,0),0) -> 0 | Q29: =O29-P29 -> 1.59 | R29: =IFERROR(O29/P29-1,"신규편입") -> 신규편입
A30: =VLOOKUP(B30,유니버스!$C$14:$D$2561,2,0) -> KS | B30: ='TIMEFOLIO K이노베이션액티브'!B36 -> 넷마블 | C30: =VLOOKUP(B30,'TIMEFOLIO K이노베이션액티브'!$B$11:$E$1000,4,0) -> 0.56 | D30: =IFERROR(VLOOKUP(B30,'TIMEFOLIO K이노베이션액티브(과거)'!$B$11:$E$1000,4,0),0) -> 0.59 | E30: =C30-D30 -> -0.03 | F30: =IFERROR(C30/D30-1,"신규편입") -> -0.050847458 | M30: =VLOOKUP(N30,유니버스!$C$14:$D$2561,2,0) -> KS | N30: ='KoAct AI인프라액티브'!B36 -> 삼성에스디에스 | O30: =VLOOKUP(N30,'KoAct AI인프라액티브'!$B$11:$E$1000,4,0) -> 1.35 | P30: =IFERROR(VLOOKUP(N30,'KoAct AI인프라액티브(과거)'!$B$11:$E$1000,4,0),0) -> 0.44 | Q30: =O30-P30 -> 0.91 | R30: =IFERROR(O30/P30-1,"신규편입") -> 2.0681818
A31: =VLOOKUP(B31,유니버스!$C$14:$D$2561,2,0) -> #N/A | B31: ='TIMEFOLIO K이노베이션액티브'!B37 -> 원화현금 | C31: =VLOOKUP(B31,'TIMEFOLIO K이노베이션액티브'!$B$11:$E$1000,4,0) -> 0.96 | D31: =IFERROR(VLOOKUP(B31,'TIMEFOLIO K이노베이션액티브(과거)'!$B$11:$E$1000,4,0),0) -> 1.03 | E31: =C31-D31 -> -0.07 | F31: =IFERROR(C31/D31-1,"신규편입") -> -0.067961165 | M31: =VLOOKUP(N31,유니버스!$C$14:$D$2561,2,0) -> KQ | N31: ='KoAct AI인프라액티브'!B37 -> 나노 | O31: =VLOOKUP(N31,'KoAct AI인프라액티브'!$B$11:$E$1000,4,0) -> 1.14 | P31: =IFERROR(VLOOKUP(N31,'KoAct AI인프라액티브(과거)'!$B$11:$E$1000,4,0),0) -> 1.05 | Q31: =O31-P31 -> 0.09 | R31: =IFERROR(O31/P31-1,"신규편입") -> 0.085714286
A32: =VLOOKUP(B32,유니버스!$C$14:$D$2561,2,0) -> #N/A | B32: ='TIMEFOLIO K이노베이션액티브'!B38 -> 0 | C32: =VLOOKUP(B32,'TIMEFOLIO K이노베이션액티브'!$B$11:$E$1000,4,0) -> #N/A | D32: =IFERROR(VLOOKUP(B32,'TIMEFOLIO K이노베이션액티브(과거)'!$B$11:$E$1000,4,0),0) -> 0 | E32: =C32-D32 -> #N/A | F32: =IFERROR(C32/D32-1,"신규편입") -> 신규편입 | M32: =VLOOKUP(N32,유니버스!$C$14:$D$2561,2,0) -> KQ | N32: ='KoAct AI인프라액티브'!B38 -> 이오테크닉스 | O32: =VLOOKUP(N32,'KoAct AI인프라액티브'!$B$11:$E$1000,4,0) -> 0.8 | P32: =IFERROR(VLOOKUP(N32,'KoAct AI인프라액티브(과거)'!$B$11:$E$1000,4,0),0) -> 0.68 | Q32: =O32-P32 -> 0.12 | R32: =IFERROR(O32/P32-1,"신규편입") -> 0.17647059
A33: =VLOOKUP(B33,유니버스!$C$14:$D$2561,2,0) -> #N/A | B33: ='TIMEFOLIO K이노베이션액티브'!B39 -> 0 | C33: =VLOOKUP(B33,'TIMEFOLIO K이노베이션액티브'!$B$11:$E$1000,4,0) -> #N/A | D33: =IFERROR(VLOOKUP(B33,'TIMEFOLIO K이노베이션액티브(과거)'!$B$11:$E$1000,4,0),0) -> 0 | E33: =C33-D33 -> #N/A | F33: =IFERROR(C33/D33-1,"신규편입") -> 신규편입 | M33: =VLOOKUP(N33,유니버스!$C$14:$D$2561,2,0) -> KS | N33: ='KoAct AI인프라액티브'!B39 -> 두산에너빌리티 | O33: =VLOOKUP(N33,'KoAct AI인프라액티브'!$B$11:$E$1000,4,0) -> 0.67 | P33: =IFERROR(VLOOKUP(N33,'KoAct AI인프라액티브(과거)'!$B$11:$E$1000,4,0),0) -> 0.72 | Q33: =O33-P33 -> -0.05 | R33: =IFERROR(O33/P33-1,"신규편입") -> -0.069444444
... A38: =VLOOKUP(B38,유니버스!$C$14:$D$2561,2,0) -> #N/A | B38: ='TIMEFOLIO K이노베이션액티브'!B44 -> 0 | C38: =VLOOKUP(B38,'TIMEFOLIO K이노베이션액티브'!$B$11:$E$1000,4,0) -> #N/A | D38: =IFERROR(VLOOKUP(B38,'TIMEFOLIO K이노베이션액티브(과거)'!$B$11:$E$1000,4,0),0) -> 0 | E38: =C38-D38 -> #N/A | F38: =IFERROR(C38/D38-1,"신규편입") -> 신규편입 | M38: =VLOOKUP(N38,유니버스!$C$14:$D$2561,2,0) -> #N/A | N38: ='KoAct AI인프라액티브'!B44 -> 원화현금 | O38: =VLOOKUP(N38,'KoAct AI인프라액티브'!$B$11:$E$1000,4,0) -> 1 | P38: =IFERROR(VLOOKUP(N38,'KoAct AI인프라액티브(과거)'!$B$11:$E$1000,4,0),0) -> 0.59 | Q38: =O38-P38 -> 0.41 | R38: =IFERROR(O38/P38-1,"신규편입") -> 0.69491525
A39: =VLOOKUP(B39,유니버스!$C$14:$D$2561,2,0) -> #N/A

Sheet 코스피, 조선, 테크
B3: ='TIMEFOLIO 코스피액티브'!A9 -> TIME 코스피액티브 | H3: ='KODEX 친환경조선해운액티브'!A9 -> KODEX 친환경조선해운액티브 | N3: ='TIGER 코리아테크액티브'!A9 -> TIGER 코리아테크액티브
B4: 종목명 | C4: ='KODEX 신재생에너지액티브'!B4 -> CPD [20260522] | D4: ='KODEX 신재생에너지액티브(과거)'!B4 -> 20260515 | E4: 비중차이 | F4: 증가율 | H4: 종목명 | I4: =C4 -> CPD [20260522] | J4: =D4 -> 20260515 | K4: 비중차 | L4: 증가율 | N4: 종목명 | O4: =C4 -> CPD [20260522] | P4: =D4 -> 20260515 | Q4: 비중차이 | R4: 증가율
A5: =VLOOKUP(B5,유니버스!$C$14:$D$2561,2,0) -> KS | B5: ='TIMEFOLIO 코스피액티브'!B11 -> SK하이닉스 | C5: =VLOOKUP(B5,'TIMEFOLIO 코스피액티브'!$B$11:$E$1000,4,0) -> 27.2 | D5: =IFERROR(VLOOKUP(B5,'TIMEFOLIO 코스피액티브(과거)'!$B$11:$E$1000,4,0),0) -> 26.8 | E5: =C5-D5 -> 0.4 | F5: =IFERROR(C5/D5-1,"신규편입") -> 0.014925373 | G5: =VLOOKUP(H5,유니버스!$C$14:$D$2561,2,0) -> KS | H5: ='KODEX 친환경조선해운액티브'!B11 -> 한화엔진 | I5: =VLOOKUP(H5,'KODEX 친환경조선해운액티브'!$B$11:$E$1000,4,0) -> 9.26 | J5: =IFERROR(VLOOKUP(H5,'KODEX 친환경조선해운액티브(과거)'!$B$11:$E$1000,4,0),0) -> 9.12 | K5: =I5-J5 -> 0.14 | L5: =IFERROR(I5/J5-1,"신규편입") -> 0.015350877 | M5: =VLOOKUP(N5,유니버스!$C$14:$D$2561,2,0) -> KS | N5: ='TIGER 코리아테크액티브'!B11 -> 삼성전자 | O5: =VLOOKUP(N5,'TIGER 코리아테크액티브'!$B$11:$E$1000,4,0) -> 24.66 | P5: =IFERROR(VLOOKUP(N5,'TIGER 코리아테크액티브(과거)'!$B$11:$E$1000,4,0),0) -> 23.77 | Q5: =O5-P5 -> 0.89 | R5: =IFERROR(O5/P5-1,"신규편입") -> 0.037442154
A6: =VLOOKUP(B6,유니버스!$C$14:$D$2561,2,0) -> KS | B6: ='TIMEFOLIO 코스피액티브'!B12 -> 삼성전자 | C6: =VLOOKUP(B6,'TIMEFOLIO 코스피액티브'!$B$11:$E$1000,4,0) -> 20.15 | D6: =IFERROR(VLOOKUP(B6,'TIMEFOLIO 코스피액티브(과거)'!$B$11:$E$1000,4,0),0) -> 19.13 | E6: =C6-D6 -> 1.02 | F6: =IFERROR(C6/D6-1,"신규편입") -> 0.053319394 | G6: =VLOOKUP(H6,유니버스!$C$14:$D$2561,2,0) -> KS | H6: ='KODEX 친환경조선해운액티브'!B12 -> HD현대중공업 | I6: =VLOOKUP(H6,'KODEX 친환경조선해운액티브'!$B$11:$E$1000,4,0) -> 9.24 | J6: =IFERROR(VLOOKUP(H6,'KODEX 친환경조선해운액티브(과거)'!$B$11:$E$1000,4,0),0) -> 8.78 | K6: =I6-J6 -> 0.46 | L6: =IFERROR(I6/J6-1,"신규편입") -> 0.0523918 | M6: =VLOOKUP(N6,유니버스!$C$14:$D$2561,2,0) -> KS | N6: ='TIGER 코리아테크액티브'!B12 -> SK하이닉스 | O6: =VLOOKUP(N6,'TIGER 코리아테크액티브'!$B$11:$E$1000,4,0) -> 14.18 | P6: =IFERROR(VLOOKUP(N6,'TIGER 코리아테크액티브(과거)'!$B$11:$E$1000,4,0),0) -> 14.19 | Q6: =O6-P6 -> -0.01 | R6: =IFERROR(O6/P6-1,"신규편입") -> -0.00070472163
A7: =VLOOKUP(B7,유니버스!$C$14:$D$2561,2,0) -> KS | B7: ='TIMEFOLIO 코스피액티브'!B13 -> 삼성전기 | C7: =VLOOKUP(B7,'TIMEFOLIO 코스피액티브'!$B$11:$E$1000,4,0) -> 4.72 | D7: =IFERROR(VLOOKUP(B7,'TIMEFOLIO 코스피액티브(과거)'!$B$11:$E$1000,4,0),0) -> 4.16 | E7: =C7-D7 -> 0.56 | F7: =IFERROR(C7/D7-1,"신규편입") -> 0.13461538 | G7: =VLOOKUP(H7,유니버스!$C$14:$D$2561,2,0) -> KS | H7: ='KODEX 친환경조선해운액티브'!B13 -> 삼성중공업 | I7: =VLOOKUP(H7,'KODEX 친환경조선해운액티브'!$B$11:$E$1000,4,0) -> 8.47 | J7: =IFERROR(VLOOKUP(H7,'KODEX 친환경조선해운액티브(과거)'!$B$11:$E$1000,4,0),0) -> 8.65 | K7: =I7-J7 -> -0.18 | L7: =IFERROR(I7/J7-1,"신규편입") -> -0.020809249 | M7: =VLOOKUP(N7,유니버스!$C$14:$D$2561,2,0) -> KS | N7: ='TIGER 코리아테크액티브'!B13 -> 삼성전기 | O7: =VLOOKUP(N7,'TIGER 코리아테크액티브'!$B$11:$E$1000,4,0) -> 10.27 | P7: =IFERROR(VLOOKUP(N7,'TIGER 코리아테크액티브(과거)'!$B$11:$E$1000,4,0),0) -> 9.45 | Q7: =O7-P7 -> 0.82 | R7: =IFERROR(O7/P7-1,"신규편입") -> 0.086772487
A8: =VLOOKUP(B8,유니버스!$C$14:$D$2561,2,0) -> KS | B8: ='TIMEFOLIO 코스피액티브'!B14 -> 현대차 | C8: =VLOOKUP(B8,'TIMEFOLIO 코스피액티브'!$B$11:$E$1000,4,0) -> 4.48 | D8: =IFERROR(VLOOKUP(B8,'TIMEFOLIO 코스피액티브(과거)'!$B$11:$E$1000,4,0),0) -> 4.95 | E8: =C8-D8 -> -0.47 | F8: =IFERROR(C8/D8-1,"신규편입") -> -0.094949495 | G8: =VLOOKUP(H8,유니버스!$C$14:$D$2561,2,0) -> KS | H8: ='KODEX 친환경조선해운액티브'!B14 -> HD현대 | I8: =VLOOKUP(H8,'KODEX 친환경조선해운액티브'!$B$11:$E$1000,4,0) -> 8.07 | J8: =IFERROR(VLOOKUP(H8,'KODEX 친환경조선해운액티브(과거)'!$B$11:$E$1000,4,0),0) -> 7.82 | K8: =I8-J8 -> 0.25 | L8: =IFERROR(I8/J8-1,"신규편입") -> 0.031969309 | M8: =VLOOKUP(N8,유니버스!$C$14:$D$2561,2,0) -> KS | N8: ='TIGER 코리아테크액티브'!B14 -> SK스퀘어 | O8: =VLOOKUP(N8,'TIGER 코리아테크액티브'!$B$11:$E$1000,4,0) -> 8.33 | P8: =IFERROR(VLOOKUP(N8,'TIGER 코리아테크액티브(과거)'!$B$11:$E$1000,4,0),0) -> 8.28 | Q8: =O8-P8 -> 0.05 | R8: =IFERROR(O8/P8-1,"신규편입") -> 0.0060386473
A9: =VLOOKUP(B9,유니버스!$C$14:$D$2561,2,0) -> KS | B9: ='TIMEFOLIO 코스피액티브'!B15 -> 삼성SDI | C9: =VLOOKUP(B9,'TIMEFOLIO 코스피액티브'!$B$11:$E$1000,4,0) -> 4.18 | D9: =IFERROR(VLOOKUP(B9,'TIMEFOLIO 코스피액티브(과거)'!$B$11:$E$1000,4,0),0) -> 4.38 | E9: =C9-D9 -> -0.2 | F9: =IFERROR(C9/D9-1,"신규편입") -> -0.0456621 | G9: =VLOOKUP(H9,유니버스!$C$14:$D$2561,2,0) -> KS | H9: ='KODEX 친환경조선해운액티브'!B15 -> 한화오션 | I9: =VLOOKUP(H9,'KODEX 친환경조선해운액티브'!$B$11:$E$1000,4,0) -> 7.64 | J9: =IFERROR(VLOOKUP(H9,'KODEX 친환경조선해운액티브(과거)'!$B$11:$E$1000,4,0),0) -> 7.92 | K9: =I9-J9 -> -0.28 | L9: =IFERROR(I9/J9-1,"신규편입") -> -0.035353535 | M9: =VLOOKUP(N9,유니버스!$C$14:$D$2561,2,0) -> KS | N9: ='TIGER 코리아테크액티브'!B15 -> 대덕전자 | O9: =VLOOKUP(N9,'TIGER 코리아테크액티브'!$B$11:$E$1000,4,0) -> 4.28 | P9: =IFERROR(VLOOKUP(N9,'TIGER 코리아테크액티브(과거)'!$B$11:$E$1000,4,0),0) -> 4.24 | Q9: =O9-P9 -> 0.04 | R9: =IFERROR(O9/P9-1,"신규편입") -> 0.0094339623
A10: =VLOOKUP(B10,유니버스!$C$14:$D$2561,2,0) -> KS | B10: ='TIMEFOLIO 코스피액티브'!B16 -> 효성중공업 | C10: =VLOOKUP(B10,'TIMEFOLIO 코스피액티브'!$B$11:$E$1000,4,0) -> 3.32 | D10: =IFERROR(VLOOKUP(B10,'TIMEFOLIO 코스피액티브(과거)'!$B$11:$E$1000,4,0),0) -> 3.32 | E10: =C10-D10 -> 0 | F10: =IFERROR(C10/D10-1,"신규편입") -> 0 | G10: =VLOOKUP(H10,유니버스!$C$14:$D$2561,2,0) -> KS | H10: ='KODEX 친환경조선해운액티브'!B16 -> HD한국조선해양 | I10: =VLOOKUP(H10,'KODEX 친환경조선해운액티브'!$B$11:$E$1000,4,0) -> 7.02 | J10: =IFERROR(VLOOKUP(H10,'KODEX 친환경조선해운액티브(과거)'!$B$11:$E$1000,4,0),0) -> 7.03 | K10: =I10-J10 -> -0.01 | L10: =IFERROR(I10/J10-1,"신규편입") -> -0.0014224751 | M10: =VLOOKUP(N10,유니버스!$C$14:$D$2561,2,0) -> KS | N10: ='TIGER 코리아테크액티브'!B16 -> 삼성SDI | O10: =VLOOKUP(N10,'TIGER 코리아테크액티브'!$B$11:$E$1000,4,0) -> 4.05 | P10: =IFERROR(VLOOKUP(N10,'TIGER 코리아테크액티브(과거)'!$B$11:$E$1000,4,0),0) -> 5.11 | Q10: =O10-P10 -> -1.06 | R10: =IFERROR(O10/P10-1,"신규편입") -> -0.2074364
A11: =VLOOKUP(B11,유니버스!$C$14:$D$2561,2,0) -> KS | B11: ='TIMEFOLIO 코스피액티브'!B17 -> SK스퀘어 | C11: =VLOOKUP(B11,'TIMEFOLIO 코스피액티브'!$B$11:$E$1000,4,0) -> 3.31 | D11: =IFERROR(VLOOKUP(B11,'TIMEFOLIO 코스피액티브(과거)'!$B$11:$E$1000,4,0),0) -> 3.24 | E11: =C11-D11 -> 0.07 | F11: =IFERROR(C11/D11-1,"신규편입") -> 0.021604938 | G11: =VLOOKUP(H11,유니버스!$C$14:$D$2561,2,0) -> KS | H11: ='KODEX 친환경조선해운액티브'!B17 -> 한국카본 | I11: =VLOOKUP(H11,'KODEX 친환경조선해운액티브'!$B$11:$E$1000,4,0) -> 6.53 | J11: =IFERROR(VLOOKUP(H11,'KODEX 친환경조선해운액티브(과거)'!$B$11:$E$1000,4,0),0) -> 7.06 | K11: =I11-J11 -> -0.53 | L11: =IFERROR(I11/J11-1,"신규편입") -> -0.075070822 | M11: =VLOOKUP(N11,유니버스!$C$14:$D$2561,2,0) -> KQ | N11: ='TIGER 코리아테크액티브'!B17 -> 올릭스 | O11: =VLOOKUP(N11,'TIGER 코리아테크액티브'!$B$11:$E$1000,4,0) -> 3.78 | P11: =IFERROR(VLOOKUP(N11,'TIGER 코리아테크액티브(과거)'!$B$11:$E$1000,4,0),0) -> 4.08 | Q11: =O11-P11 -> -0.3 | R11: =IFERROR(O11/P11-1,"신규편입") -> -0.073529412
A12: =VLOOKUP(B12,유니버스!$C$14:$D$2561,2,0) -> KS | B12: ='TIMEFOLIO 코스피액티브'!B18 -> LS | C12: =VLOOKUP(B12,'TIMEFOLIO 코스피액티브'!$B$11:$E$1000,4,0) -> 3.17 | D12: =IFERROR(VLOOKUP(B12,'TIMEFOLIO 코스피액티브(과거)'!$B$11:$E$1000,4,0),0) -> 3.02 | E12: =C12-D12 -> 0.15 | F12: =IFERROR(C12/D12-1,"신규편입") -> 0.049668874 | G12: =VLOOKUP(H12,유니버스!$C$14:$D$2561,2,0) -> KS | H12: ='KODEX 친환경조선해운액티브'!B18 -> HD현대마린엔진 | I12: =VLOOKUP(H12,'KODEX 친환경조선해운액티브'!$B$11:$E$1000,4,0) -> 6.13 | J12: =IFERROR(VLOOKUP(H12,'KODEX 친환경조선해운액티브(과거)'!$B$11:$E$1000,4,0),0) -> 6.33 | K12: =I12-J12 -> -0.2 | L12: =IFERROR(I12/J12-1,"신규편입") -> -0.031595577 | M12: =VLOOKUP(N12,유니버스!$C$14:$D$2561,2,0) -> KQ | N12: ='TIGER 코리아테크액티브'!B18 -> 피에스케이 | O12: =VLOOKUP(N12,'TIGER 코리아테크액티브'!$B$11:$E$1000,4,0) -> 2.86 | P12: =IFERROR(VLOOKUP(N12,'TIGER 코리아테크액티브(과거)'!$B$11:$E$1000,4,0),0) -> 2.82 | Q12: =O12-P12 -> 0.04 | R12: =IFERROR(O12/P12-1,"신규편입") -> 0.014184397
A13: =VLOOKUP(B13,유니버스!$C$14:$D$2561,2,0) -> KS | B13: ='TIMEFOLIO 코스피액티브'!B19 -> 에이피알 | C13: =VLOOKUP(B13,'TIMEFOLIO 코스피액티브'!$B$11:$E$1000,4,0) -> 2.97 | D13: =IFERROR(VLOOKUP(B13,'TIMEFOLIO 코스피액티브(과거)'!$B$11:$E$1000,4,0),0) -> 2.87 | E13: =C13-D13 -> 0.1 | F13: =IFERROR(C13/D13-1,"신규편입") -> 0.034843206 | G13: =VLOOKUP(H13,유니버스!$C$14:$D$2561,2,0) -> KS | H13: ='KODEX 친환경조선해운액티브'!B19 -> HD현대마린솔루션 | I13: =VLOOKUP(H13,'KODEX 친환경조선해운액티브'!$B$11:$E$1000,4,0) -> 5.43 | J13: =IFERROR(VLOOKUP(H13,'KODEX 친환경조선해운액티브(과거)'!$B$11:$E$1000,4,0),0) -> 5.08 | K13: =I13-J13 -> 0.35 | L13: =IFERROR(I13/J13-1,"신규편입") -> 0.068897638 | M13: =VLOOKUP(N13,유니버스!$C$14:$D$2561,2,0) -> KQ | N13: ='TIGER 코리아테크액티브'!B19 -> 파두 | O13: =VLOOKUP(N13,'TIGER 코리아테크액티브'!$B$11:$E$1000,4,0) -> 2.84 | P13: =IFERROR(VLOOKUP(N13,'TIGER 코리아테크액티브(과거)'!$B$11:$E$1000,4,0),0) -> 1.59 | Q13: =O13-P13 -> 1.25 | R13: =IFERROR(O13/P13-1,"신규편입") -> 0.78616352
A14: =VLOOKUP(B14,유니버스!$C$14:$D$2561,2,0) -> KS | B14: ='TIMEFOLIO 코스피액티브'!B20 -> 현대모비스 | C14: =VLOOKUP(B14,'TIMEFOLIO 코스피액티브'!$B$11:$E$1000,4,0) -> 2.31 | D14: =IFERROR(VLOOKUP(B14,'TIMEFOLIO 코스피액티브(과거)'!$B$11:$E$1000,4,0),0) -> 2.23 | E14: =C14-D14 -> 0.08 | F14: =IFERROR(C14/D14-1,"신규편입") -> 0.035874439 | G14: =VLOOKUP(H14,유니버스!$C$14:$D$2561,2,0) -> KQ | H14: ='KODEX 친환경조선해운액티브'!B20 -> 동성화인텍 | I14: =VLOOKUP(H14,'KODEX 친환경조선해운액티브'!$B$11:$E$1000,4,0) -> 4.3 | J14: =IFERROR(VLOOKUP(H14,'KODEX 친환경조선해운액티브(과거)'!$B$11:$E$1000,4,0),0) -> 4.35 | K14: =I14-J14 -> -0.05 | L14: =IFERROR(I14/J14-1,"신규편입") -> -0.011494253 | M14: =VLOOKUP(N14,유니버스!$C$14:$D$2561,2,0) -> KQ | N14: ='TIGER 코리아테크액티브'!B20 -> 두산테스나 | O14: =VLOOKUP(N14,'TIGER 코리아테크액티브'!$B$11:$E$1000,4,0) -> 2.82 | P14: =IFERROR(VLOOKUP(N14,'TIGER 코리아테크액티브(과거)'!$B$11:$E$1000,4,0),0) -> 2.73 | Q14: =O14-P14 -> 0.09 | R14: =IFERROR(O14/P14-1,"신규편입") -> 0.032967033
A15: =VLOOKUP(B15,유니버스!$C$14:$D$2561,2,0) -> KS | B15: ='TIMEFOLIO 코스피액티브'!B21 -> LG에너지솔루션 | C15: =VLOOKUP(B15,'TIMEFOLIO 코스피액티브'!$B$11:$E$1000,4,0) -> 2.17 | D15: =IFERROR(VLOOKUP(B15,'TIMEFOLIO 코스피액티브(과거)'!$B$11:$E$1000,4,0),0) -> 2.37 | E15: =C15-D15 -> -0.2 | F15: =IFERROR(C15/D15-1,"신규편입") -> -0.084388186 | G15: =VLOOKUP(H15,유니버스!$C$14:$D$2561,2,0) -> KS | H15: ='KODEX 친환경조선해운액티브'!B21 -> 팬오션 | I15: =VLOOKUP(H15,'KODEX 친환경조선해운액티브'!$B$11:$E$1000,4,0) -> 4.04 | J15: =IFERROR(VLOOKUP(H15,'KODEX 친환경조선해운액티브(과거)'!$B$11:$E$1000,4,0),0) -> 4.16 | K15: =I15-J15 -> -0.12 | L15: =IFERROR(I15/J15-1,"신규편입") -> -0.028846154 | M15: =VLOOKUP(N15,유니버스!$C$14:$D$2561,2,0) -> KQ | N15: ='TIGER 코리아테크액티브'!B21 -> 기가비스 | O15: =VLOOKUP(N15,'TIGER 코리아테크액티브'!$B$11:$E$1000,4,0) -> 2.36 | P15: =IFERROR(VLOOKUP(N15,'TIGER 코리아테크액티브(과거)'!$B$11:$E$1000,4,0),0) -> 2.4 | Q15: =O15-P15 -> -0.04 | R15: =IFERROR(O15/P15-1,"신규편입") -> -0.016666667
A16: =VLOOKUP(B16,유니버스!$C$14:$D$2561,2,0) -> KS | B16: ='TIMEFOLIO 코스피액티브'!B22 -> 삼성물산 | C16: =VLOOKUP(B16,'TIMEFOLIO 코스피액티브'!$B$11:$E$1000,4,0) -> 2.13 | D16: =IFERROR(VLOOKUP(B16,'TIMEFOLIO 코스피액티브(과거)'!$B$11:$E$1000,4,0),0) -> 2.13 | E16: =C16-D16 -> 0 | F16: =IFERROR(C16/D16-1,"신규편입") -> 0 | G16: =VLOOKUP(H16,유니버스!$C$14:$D$2561,2,0) -> KS | H16: ='KODEX 친환경조선해운액티브'!B22 -> STX엔진 | I16: =VLOOKUP(H16,'KODEX 친환경조선해운액티브'!$B$11:$E$1000,4,0) -> 3.75 | J16: =IFERROR(VLOOKUP(H16,'KODEX 친환경조선해운액티브(과거)'!$B$11:$E$1000,4,0),0) -> 3.79 | K16: =I16-J16 -> -0.04 | L16: =IFERROR(I16/J16-1,"신규편입") -> -0.01055409 | M16: =VLOOKUP(N16,유니버스!$C$14:$D$2561,2,0) -> KQ | N16: ='TIGER 코리아테크액티브'!B22 -> 티에스이 | O16: =VLOOKUP(N16,'TIGER 코리아테크액티브'!$B$11:$E$1000,4,0) -> 1.99 | P16: =IFERROR(VLOOKUP(N16,'TIGER 코리아테크액티브(과거)'!$B$11:$E$1000,4,0),0) -> 2.08 | Q16: =O16-P16 -> -0.09 | R16: =IFERROR(O16/P16-1,"신규편입") -> -0.043269231
... A29: =VLOOKUP(B29,유니버스!$C$14:$D$2561,2,0) -> KS | B29: ='TIMEFOLIO 코스피액티브'!B35 -> 호텔신라 | C29: =VLOOKUP(B29,'TIMEFOLIO 코스피액티브'!$B$11:$E$1000,4,0) -> 0.97 | D29: =IFERROR(VLOOKUP(B29,'TIMEFOLIO 코스피액티브(과거)'!$B$11:$E$1000,4,0),0) -> 1.11 | E29: =C29-D29 -> -0.14 | F29: =IFERROR(C29/D29-1,"신규편입") -> -0.12612613 | G29: =VLOOKUP(H29,유니버스!$C$14:$D$2561,2,0) -> #N/A | H29: ='KODEX 친환경조선해운액티브'!B35 -> 원화현금 | I29: =VLOOKUP(H29,'KODEX 친환경조선해운액티브'!$B$11:$E$1000,4,0) -> 1.21 | J29: =IFERROR(VLOOKUP(H29,'KODEX 친환경조선해운액티브(과거)'!$B$11:$E$1000,4,0),0) -> 1.22 | K29: =I29-J29 -> -0.01 | L29: =IFERROR(I29/J29-1,"신규편입") -> -0.0081967213 | M29: =VLOOKUP(N29,유니버스!$C$14:$D$2561,2,0) -> KQ | N29: ='TIGER 코리아테크액티브'!B35 -> 미래반도체 | O29: =VLOOKUP(N29,'TIGER 코리아테크액티브'!$B$11:$E$1000,4,0) -> 0.87 | P29: =IFERROR(VLOOKUP(N29,'TIGER 코리아테크액티브(과거)'!$B$11:$E$1000,4,0),0) -> 1.78 | Q29: =O29-P29 -> -0.91 | R29: =IFERROR(O29/P29-1,"신규편입") -> -0.51123596
A30: =VLOOKUP(B30,유니버스!$C$14:$D$2561,2,0) -> KS | B30: ='TIMEFOLIO 코스피액티브'!B36 -> SK텔레콤 | C30: =VLOOKUP(B30,'TIMEFOLIO 코스피액티브'!$B$11:$E$1000,4,0) -> 0.88 | D30: =IFERROR(VLOOKUP(B30,'TIMEFOLIO 코스피액티브(과거)'!$B$11:$E$1000,4,0),0) -> 0.91 | E30: =C30-D30 -> -0.03 | F30: =IFERROR(C30/D30-1,"신규편입") -> -0.032967033 | M30: =VLOOKUP(N30,유니버스!$C$14:$D$2561,2,0) -> #N/A | N30: ='TIGER 코리아테크액티브'!B36 -> 원화현금 | O30: =VLOOKUP(N30,'TIGER 코리아테크액티브'!$B$11:$E$1000,4,0) -> 0.86 | P30: =IFERROR(VLOOKUP(N30,'TIGER 코리아테크액티브(과거)'!$B$11:$E$1000,4,0),0) -> 1.09 | Q30: =O30-P30 -> -0.23 | R30: =IFERROR(O30/P30-1,"신규편입") -> -0.21100917
A31: =VLOOKUP(B31,유니버스!$C$14:$D$2561,2,0) -> #N/A | B31: ='TIMEFOLIO 코스피액티브'!B37 -> 원화현금 | C31: =VLOOKUP(B31,'TIMEFOLIO 코스피액티브'!$B$11:$E$1000,4,0) -> 0.46 | D31: =IFERROR(VLOOKUP(B31,'TIMEFOLIO 코스피액티브(과거)'!$B$11:$E$1000,4,0),0) -> 0.84 | E31: =C31-D31 -> -0.38 | F31: =IFERROR(C31/D31-1,"신규편입") -> -0.45238095 | M31: =VLOOKUP(N31,유니버스!$C$14:$D$2561,2,0) -> #N/A | N31: ='TIGER 코리아테크액티브'!B37 -> 0 | O31: =VLOOKUP(N31,'TIGER 코리아테크액티브'!$B$11:$E$1000,4,0) -> #N/A | P31: =IFERROR(VLOOKUP(N31,'TIGER 코리아테크액티브(과거)'!$B$11:$E$1000,4,0),0) -> 0 | Q31: =O31-P31 -> #N/A | R31: =IFERROR(O31/P31-1,"신규편입") -> 신규편입
A32: =VLOOKUP(B32,유니버스!$C$14:$D$2561,2,0) -> #N/A | B32: ='TIMEFOLIO 코스피액티브'!B38 -> 0 | C32: =VLOOKUP(B32,'TIMEFOLIO 코스피액티브'!$B$11:$E$1000,4,0) -> #N/A | D32: =IFERROR(VLOOKUP(B32,'TIMEFOLIO 코스피액티브(과거)'!$B$11:$E$1000,4,0),0) -> 0 | E32: =C32-D32 -> #N/A | F32: =IFERROR(C32/D32-1,"신규편입") -> 신규편입 | M32: =VLOOKUP(N32,유니버스!$C$14:$D$2561,2,0) -> #N/A | N32: ='TIGER 코리아테크액티브'!B38 -> 0 | O32: =VLOOKUP(N32,'TIGER 코리아테크액티브'!$B$11:$E$1000,4,0) -> #N/A | P32: =IFERROR(VLOOKUP(N32,'TIGER 코리아테크액티브(과거)'!$B$11:$E$1000,4,0),0) -> 0 | Q32: =O32-P32 -> #N/A | R32: =IFERROR(O32/P32-1,"신규편입") -> 신규편입

Sheet 수출, 로봇, 컬쳐
B3: ='KoAct K수출핵심기업TOP30액티브'!A9 -> KoAct K수출핵심기업TOP30액티브 | H3: ='KODEX 로봇액티브'!A9 -> KODEX 로봇액티브 | N3: ='TIMEFOLIO K컬처액티브'!A9 -> TIME K컬처액티브
B4: 종목명 | C4: ='KODEX 신재생에너지액티브'!B4 -> CPD [20260522] | D4: ='KODEX 신재생에너지액티브(과거)'!B4 -> 20260515 | E4: 비중차이 | F4: 증가율 | H4: 종목명 | I4: =C4 -> CPD [20260522] | J4: =D4 -> 20260515 | K4: 비중차 | L4: 증가율 | N4: 종목명 | O4: =C4 -> CPD [20260522] | P4: =D4 -> 20260515 | Q4: 비중차이 | R4: 증가율
A5: =VLOOKUP(B5,유니버스!$C$14:$D$2561,2,0) -> KS | B5: ='KoAct K수출핵심기업TOP30액티브'!B11 -> SK하이닉스 | C5: =VLOOKUP(B5,'KoAct K수출핵심기업TOP30액티브'!$B$11:$E$1000,4,0) -> 13.58 | D5: =IFERROR(VLOOKUP(B5,'KoAct K수출핵심기업TOP30액티브(과거)'!$B$11:$E$1000,4,0),0) -> 13.49 | E5: =C5-D5 -> 0.09 | F5: =IFERROR(C5/D5-1,"신규편입") -> 0.0066716086 | G5: =VLOOKUP(H5,유니버스!$C$14:$D$2561,2,0) -> KS | H5: ='KODEX 로봇액티브'!B11 -> 삼성전자 | I5: =VLOOKUP(H5,'KODEX 로봇액티브'!$B$11:$E$1000,4,0) -> 12.59 | J5: =IFERROR(VLOOKUP(H5,'KODEX 로봇액티브(과거)'!$B$11:$E$1000,4,0),0) -> 11.23 | K5: =I5-J5 -> 1.36 | L5: =IFERROR(I5/J5-1,"신규편입") -> 0.12110419 | M5: =VLOOKUP(N5,유니버스!$C$14:$D$2561,2,0) -> KS | N5: ='TIMEFOLIO K컬처액티브'!B11 -> 신세계 | O5: =VLOOKUP(N5,'TIMEFOLIO K컬처액티브'!$B$11:$E$1000,4,0) -> 7.93 | P5: =IFERROR(VLOOKUP(N5,'TIMEFOLIO K컬처액티브(과거)'!$B$11:$E$1000,4,0),0) -> 6.94 | Q5: =O5-P5 -> 0.99 | R5: =IFERROR(O5/P5-1,"신규편입") -> 0.1426513
A6: =VLOOKUP(B6,유니버스!$C$14:$D$2561,2,0) -> KQ | B6: ='KoAct K수출핵심기업TOP30액티브'!B12 -> 제주반도체 | C6: =VLOOKUP(B6,'KoAct K수출핵심기업TOP30액티브'!$B$11:$E$1000,4,0) -> 10.68 | D6: =IFERROR(VLOOKUP(B6,'KoAct K수출핵심기업TOP30액티브(과거)'!$B$11:$E$1000,4,0),0) -> 7.9 | E6: =C6-D6 -> 2.78 | F6: =IFERROR(C6/D6-1,"신규편입") -> 0.35189873 | G6: =VLOOKUP(H6,유니버스!$C$14:$D$2561,2,0) -> KS | H6: ='KODEX 로봇액티브'!B12 -> 현대모비스 | I6: =VLOOKUP(H6,'KODEX 로봇액티브'!$B$11:$E$1000,4,0) -> 7.57 | J6: =IFERROR(VLOOKUP(H6,'KODEX 로봇액티브(과거)'!$B$11:$E$1000,4,0),0) -> 7.02 | K6: =I6-J6 -> 0.55 | L6: =IFERROR(I6/J6-1,"신규편입") -> 0.078347578 | M6: =VLOOKUP(N6,유니버스!$C$14:$D$2561,2,0) -> KS | N6: ='TIMEFOLIO K컬처액티브'!B12 -> 삼양식품 | O6: =VLOOKUP(N6,'TIMEFOLIO K컬처액티브'!$B$11:$E$1000,4,0) -> 7.24 | P6: =IFERROR(VLOOKUP(N6,'TIMEFOLIO K컬처액티브(과거)'!$B$11:$E$1000,4,0),0) -> 7.41 | Q6: =O6-P6 -> -0.17 | R6: =IFERROR(O6/P6-1,"신규편입") -> -0.02294197
A7: =VLOOKUP(B7,유니버스!$C$14:$D$2561,2,0) -> KS | B7: ='KoAct K수출핵심기업TOP30액티브'!B13 -> 삼성전자 | C7: =VLOOKUP(B7,'KoAct K수출핵심기업TOP30액티브'!$B$11:$E$1000,4,0) -> 9.38 | D7: =IFERROR(VLOOKUP(B7,'KoAct K수출핵심기업TOP30액티브(과거)'!$B$11:$E$1000,4,0),0) -> 8.89 | E7: =C7-D7 -> 0.49 | F7: =IFERROR(C7/D7-1,"신규편입") -> 0.05511811 | G7: =VLOOKUP(H7,유니버스!$C$14:$D$2561,2,0) -> KS | H7: ='KODEX 로봇액티브'!B13 -> 현대오토에버 | I7: =VLOOKUP(H7,'KODEX 로봇액티브'!$B$11:$E$1000,4,0) -> 7.35 | J7: =IFERROR(VLOOKUP(H7,'KODEX 로봇액티브(과거)'!$B$11:$E$1000,4,0),0) -> 7.48 | K7: =I7-J7 -> -0.13 | L7: =IFERROR(I7/J7-1,"신규편입") -> -0.017379679 | M7: =VLOOKUP(N7,유니버스!$C$14:$D$2561,2,0) -> KQ | N7: ='TIMEFOLIO K컬처액티브'!B13 -> 펄어비스 | O7: =VLOOKUP(N7,'TIMEFOLIO K컬처액티브'!$B$11:$E$1000,4,0) -> 6.66 | P7: =IFERROR(VLOOKUP(N7,'TIMEFOLIO K컬처액티브(과거)'!$B$11:$E$1000,4,0),0) -> 6.46 | Q7: =O7-P7 -> 0.2 | R7: =IFERROR(O7/P7-1,"신규편입") -> 0.030959752
A8: =VLOOKUP(B8,유니버스!$C$14:$D$2561,2,0) -> KS | B8: ='KoAct K수출핵심기업TOP30액티브'!B14 -> LIG디펜스앤에어로스페이스 | C8: =VLOOKUP(B8,'KoAct K수출핵심기업TOP30액티브'!$B$11:$E$1000,4,0) -> 5.14 | D8: =IFERROR(VLOOKUP(B8,'KoAct K수출핵심기업TOP30액티브(과거)'!$B$11:$E$1000,4,0),0) -> 5.27 | E8: =C8-D8 -> -0.13 | F8: =IFERROR(C8/D8-1,"신규편입") -> -0.024667932 | G8: =VLOOKUP(H8,유니버스!$C$14:$D$2561,2,0) -> KQ | H8: ='KODEX 로봇액티브'!B14 -> 로보티즈 | I8: =VLOOKUP(H8,'KODEX 로봇액티브'!$B$11:$E$1000,4,0) -> 7.19 | J8: =IFERROR(VLOOKUP(H8,'KODEX 로봇액티브(과거)'!$B$11:$E$1000,4,0),0) -> 7.68 | K8: =I8-J8 -> -0.49 | L8: =IFERROR(I8/J8-1,"신규편입") -> -0.063802083 | M8: =VLOOKUP(N8,유니버스!$C$14:$D$2561,2,0) -> KS | N8: ='TIMEFOLIO K컬처액티브'!B14 -> NC | O8: =VLOOKUP(N8,'TIMEFOLIO K컬처액티브'!$B$11:$E$1000,4,0) -> 6.01 | P8: =IFERROR(VLOOKUP(N8,'TIMEFOLIO K컬처액티브(과거)'!$B$11:$E$1000,4,0),0) -> 5.8 | Q8: =O8-P8 -> 0.21 | R8: =IFERROR(O8/P8-1,"신규편입") -> 0.036206897
A9: =VLOOKUP(B9,유니버스!$C$14:$D$2561,2,0) -> KS | B9: ='KoAct K수출핵심기업TOP30액티브'!B15 -> 삼성전기 | C9: =VLOOKUP(B9,'KoAct K수출핵심기업TOP30액티브'!$B$11:$E$1000,4,0) -> 4.67 | D9: =IFERROR(VLOOKUP(B9,'KoAct K수출핵심기업TOP30액티브(과거)'!$B$11:$E$1000,4,0),0) -> 4.15 | E9: =C9-D9 -> 0.52 | F9: =IFERROR(C9/D9-1,"신규편입") -> 0.1253012 | G9: =VLOOKUP(H9,유니버스!$C$14:$D$2561,2,0) -> KS | H9: ='KODEX 로봇액티브'!B15 -> LG전자 | I9: =VLOOKUP(H9,'KODEX 로봇액티브'!$B$11:$E$1000,4,0) -> 6.62 | J9: =IFERROR(VLOOKUP(H9,'KODEX 로봇액티브(과거)'!$B$11:$E$1000,4,0),0) -> 6.69 | K9: =I9-J9 -> -0.07 | L9: =IFERROR(I9/J9-1,"신규편입") -> -0.010463378 | M9: =VLOOKUP(N9,유니버스!$C$14:$D$2561,2,0) -> KS | N9: ='TIMEFOLIO K컬처액티브'!B15 -> 롯데쇼핑 | O9: =VLOOKUP(N9,'TIMEFOLIO K컬처액티브'!$B$11:$E$1000,4,0) -> 5.96 | P9: =IFERROR(VLOOKUP(N9,'TIMEFOLIO K컬처액티브(과거)'!$B$11:$E$1000,4,0),0) -> 5.81 | Q9: =O9-P9 -> 0.15 | R9: =IFERROR(O9/P9-1,"신규편입") -> 0.025817556
A10: =VLOOKUP(B10,유니버스!$C$14:$D$2561,2,0) -> KS | B10: ='KoAct K수출핵심기업TOP30액티브'!B16 -> 산일전기 | C10: =VLOOKUP(B10,'KoAct K수출핵심기업TOP30액티브'!$B$11:$E$1000,4,0) -> 4.07 | D10: =IFERROR(VLOOKUP(B10,'KoAct K수출핵심기업TOP30액티브(과거)'!$B$11:$E$1000,4,0),0) -> 4.2 | E10: =C10-D10 -> -0.13 | F10: =IFERROR(C10/D10-1,"신규편입") -> -0.030952381 | G10: =VLOOKUP(H10,유니버스!$C$14:$D$2561,2,0) -> KS | H10: ='KODEX 로봇액티브'!B16 -> SK하이닉스 | I10: =VLOOKUP(H10,'KODEX 로봇액티브'!$B$11:$E$1000,4,0) -> 6.32 | J10: =IFERROR(VLOOKUP(H10,'KODEX 로봇액티브(과거)'!$B$11:$E$1000,4,0),0) -> 5.85 | K10: =I10-J10 -> 0.47 | L10: =IFERROR(I10/J10-1,"신규편입") -> 0.08034188 | M10: =VLOOKUP(N10,유니버스!$C$14:$D$2561,2,0) -> KQ | N10: ='TIMEFOLIO K컬처액티브'!B16 -> 휴젤 | O10: =VLOOKUP(N10,'TIMEFOLIO K컬처액티브'!$B$11:$E$1000,4,0) -> 5.92 | P10: =IFERROR(VLOOKUP(N10,'TIMEFOLIO K컬처액티브(과거)'!$B$11:$E$1000,4,0),0) -> 6.04 | Q10: =O10-P10 -> -0.12 | R10: =IFERROR(O10/P10-1,"신규편입") -> -0.01986755
A11: =VLOOKUP(B11,유니버스!$C$14:$D$2561,2,0) -> KS | B11: ='KoAct K수출핵심기업TOP30액티브'!B17 -> 한화비전 | C11: =VLOOKUP(B11,'KoAct K수출핵심기업TOP30액티브'!$B$11:$E$1000,4,0) -> 3.62 | D11: =IFERROR(VLOOKUP(B11,'KoAct K수출핵심기업TOP30액티브(과거)'!$B$11:$E$1000,4,0),0) -> 3.72 | E11: =C11-D11 -> -0.1 | F11: =IFERROR(C11/D11-1,"신규편입") -> -0.02688172 | G11: =VLOOKUP(H11,유니버스!$C$14:$D$2561,2,0) -> KS | H11: ='KODEX 로봇액티브'!B17 -> 현대차 | I11: =VLOOKUP(H11,'KODEX 로봇액티브'!$B$11:$E$1000,4,0) -> 6.24 | J11: =IFERROR(VLOOKUP(H11,'KODEX 로봇액티브(과거)'!$B$11:$E$1000,4,0),0) -> 6.48 | K11: =I11-J11 -> -0.24 | L11: =IFERROR(I11/J11-1,"신규편입") -> -0.037037037 | M11: =VLOOKUP(N11,유니버스!$C$14:$D$2561,2,0) -> KS | N11: ='TIMEFOLIO K컬처액티브'!B17 -> 달바글로벌 | O11: =VLOOKUP(N11,'TIMEFOLIO K컬처액티브'!$B$11:$E$1000,4,0) -> 5.83 | P11: =IFERROR(VLOOKUP(N11,'TIMEFOLIO K컬처액티브(과거)'!$B$11:$E$1000,4,0),0) -> 6.07 | Q11: =O11-P11 -> -0.24 | R11: =IFERROR(O11/P11-1,"신규편입") -> -0.039538715
A12: =VLOOKUP(B12,유니버스!$C$14:$D$2561,2,0) -> KS | B12: ='KoAct K수출핵심기업TOP30액티브'!B18 -> LS ELECTRIC | C12: =VLOOKUP(B12,'KoAct K수출핵심기업TOP30액티브'!$B$11:$E$1000,4,0) -> 3.57 | D12: =IFERROR(VLOOKUP(B12,'KoAct K수출핵심기업TOP30액티브(과거)'!$B$11:$E$1000,4,0),0) -> 3.92 | E12: =C12-D12 -> -0.35 | F12: =IFERROR(C12/D12-1,"신규편입") -> -0.089285714 | G12: =VLOOKUP(H12,유니버스!$C$14:$D$2561,2,0) -> KQ | H12: ='KODEX 로봇액티브'!B18 -> 레인보우로보틱스 | I12: =VLOOKUP(H12,'KODEX 로봇액티브'!$B$11:$E$1000,4,0) -> 5.9 | J12: =IFERROR(VLOOKUP(H12,'KODEX 로봇액티브(과거)'!$B$11:$E$1000,4,0),0) -> 6.36 | K12: =I12-J12 -> -0.46 | L12: =IFERROR(I12/J12-1,"신규편입") -> -0.072327044 | M12: =VLOOKUP(N12,유니버스!$C$14:$D$2561,2,0) -> KS | N12: ='TIMEFOLIO K컬처액티브'!B18 -> 에이피알 | O12: =VLOOKUP(N12,'TIMEFOLIO K컬처액티브'!$B$11:$E$1000,4,0) -> 5.48 | P12: =IFERROR(VLOOKUP(N12,'TIMEFOLIO K컬처액티브(과거)'!$B$11:$E$1000,4,0),0) -> 5.18 | Q12: =O12-P12 -> 0.3 | R12: =IFERROR(O12/P12-1,"신규편입") -> 0.057915058
A13: =VLOOKUP(B13,유니버스!$C$14:$D$2561,2,0) -> KS | B13: ='KoAct K수출핵심기업TOP30액티브'!B19 -> 한화시스템 | C13: =VLOOKUP(B13,'KoAct K수출핵심기업TOP30액티브'!$B$11:$E$1000,4,0) -> 3.53 | D13: =IFERROR(VLOOKUP(B13,'KoAct K수출핵심기업TOP30액티브(과거)'!$B$11:$E$1000,4,0),0) -> 3.75 | E13: =C13-D13 -> -0.22 | F13: =IFERROR(C13/D13-1,"신규편입") -> -0.058666667 | G13: =VLOOKUP(H13,유니버스!$C$14:$D$2561,2,0) -> KS | H13: ='KODEX 로봇액티브'!B19 -> 두산로보틱스 | I13: =VLOOKUP(H13,'KODEX 로봇액티브'!$B$11:$E$1000,4,0) -> 5.14 | J13: =IFERROR(VLOOKUP(H13,'KODEX 로봇액티브(과거)'!$B$11:$E$1000,4,0),0) -> 6.02 | K13: =I13-J13 -> -0.88 | L13: =IFERROR(I13/J13-1,"신규편입") -> -0.1461794 | M13: =VLOOKUP(N13,유니버스!$C$14:$D$2561,2,0) -> KS | N13: ='TIMEFOLIO K컬처액티브'!B19 -> CJ | O13: =VLOOKUP(N13,'TIMEFOLIO K컬처액티브'!$B$11:$E$1000,4,0) -> 4.67 | P13: =IFERROR(VLOOKUP(N13,'TIMEFOLIO K컬처액티브(과거)'!$B$11:$E$1000,4,0),0) -> 5.57 | Q13: =O13-P13 -> -0.9 | R13: =IFERROR(O13/P13-1,"신규편입") -> -0.16157989
A14: =VLOOKUP(B14,유니버스!$C$14:$D$2561,2,0) -> KS | B14: ='KoAct K수출핵심기업TOP30액티브'!B20 -> HD현대중공업 | C14: =VLOOKUP(B14,'KoAct K수출핵심기업TOP30액티브'!$B$11:$E$1000,4,0) -> 3.5 | D14: =IFERROR(VLOOKUP(B14,'KoAct K수출핵심기업TOP30액티브(과거)'!$B$11:$E$1000,4,0),0) -> 3.34 | E14: =C14-D14 -> 0.16 | F14: =IFERROR(C14/D14-1,"신규편입") -> 0.047904192 | G14: =VLOOKUP(H14,유니버스!$C$14:$D$2561,2,0) -> KQ | H14: ='KODEX 로봇액티브'!B20 -> 에스피지 | I14: =VLOOKUP(H14,'KODEX 로봇액티브'!$B$11:$E$1000,4,0) -> 4.19 | J14: =IFERROR(VLOOKUP(H14,'KODEX 로봇액티브(과거)'!$B$11:$E$1000,4,0),0) -> 4.16 | K14: =I14-J14 -> 0.03 | L14: =IFERROR(I14/J14-1,"신규편입") -> 0.0072115385 | M14: =VLOOKUP(N14,유니버스!$C$14:$D$2561,2,0) -> KQ | N14: ='TIMEFOLIO K컬처액티브'!B20 -> JYP Ent. | O14: =VLOOKUP(N14,'TIMEFOLIO K컬처액티브'!$B$11:$E$1000,4,0) -> 4.47 | P14: =IFERROR(VLOOKUP(N14,'TIMEFOLIO K컬처액티브(과거)'!$B$11:$E$1000,4,0),0) -> 4.35 | Q14: =O14-P14 -> 0.12 | R14: =IFERROR(O14/P14-1,"신규편입") -> 0.027586207
A15: =VLOOKUP(B15,유니버스!$C$14:$D$2561,2,0) -> KS | B15: ='KoAct K수출핵심기업TOP30액티브'!B21 -> 현대차 | C15: =VLOOKUP(B15,'KoAct K수출핵심기업TOP30액티브'!$B$11:$E$1000,4,0) -> 3.4 | D15: =IFERROR(VLOOKUP(B15,'KoAct K수출핵심기업TOP30액티브(과거)'!$B$11:$E$1000,4,0),0) -> 4.28 | E15: =C15-D15 -> -0.88 | F15: =IFERROR(C15/D15-1,"신규편입") -> -0.20560748 | G15: =VLOOKUP(H15,유니버스!$C$14:$D$2561,2,0) -> KQ | H15: ='KODEX 로봇액티브'!B21 -> 뉴로메카 | I15: =VLOOKUP(H15,'KODEX 로봇액티브'!$B$11:$E$1000,4,0) -> 3.28 | J15: =IFERROR(VLOOKUP(H15,'KODEX 로봇액티브(과거)'!$B$11:$E$1000,4,0),0) -> 3.3 | K15: =I15-J15 -> -0.02 | L15: =IFERROR(I15/J15-1,"신규편입") -> -0.0060606061 | M15: =VLOOKUP(N15,유니버스!$C$14:$D$2561,2,0) -> KS | N15: ='TIMEFOLIO K컬처액티브'!B21 -> 하이브 | O15: =VLOOKUP(N15,'TIMEFOLIO K컬처액티브'!$B$11:$E$1000,4,0) -> 4.22 | P15: =IFERROR(VLOOKUP(N15,'TIMEFOLIO K컬처액티브(과거)'!$B$11:$E$1000,4,0),0) -> 4.17 | Q15: =O15-P15 -> 0.05 | R15: =IFERROR(O15/P15-1,"신규편입") -> 0.011990408
A16: =VLOOKUP(B16,유니버스!$C$14:$D$2561,2,0) -> KS | B16: ='KoAct K수출핵심기업TOP30액티브'!B22 -> LG전자 | C16: =VLOOKUP(B16,'KoAct K수출핵심기업TOP30액티브'!$B$11:$E$1000,4,0) -> 2.87 | D16: =IFERROR(VLOOKUP(B16,'KoAct K수출핵심기업TOP30액티브(과거)'!$B$11:$E$1000,4,0),0) -> 3.42 | E16: =C16-D16 -> -0.55 | F16: =IFERROR(C16/D16-1,"신규편입") -> -0.16081871 | G16: =VLOOKUP(H16,유니버스!$C$14:$D$2561,2,0) -> KS | H16: ='KODEX 로봇액티브'!B22 -> HD현대 | I16: =VLOOKUP(H16,'KODEX 로봇액티브'!$B$11:$E$1000,4,0) -> 2.63 | J16: =IFERROR(VLOOKUP(H16,'KODEX 로봇액티브(과거)'!$B$11:$E$1000,4,0),0) -> 2.52 | K16: =I16-J16 -> 0.11 | L16: =IFERROR(I16/J16-1,"신규편입") -> 0.043650794 | M16: =VLOOKUP(N16,유니버스!$C$14:$D$2561,2,0) -> KQ | N16: ='TIMEFOLIO K컬처액티브'!B22 -> 올릭스 | O16: =VLOOKUP(N16,'TIMEFOLIO K컬처액티브'!$B$11:$E$1000,4,0) -> 4.01 | P16: =IFERROR(VLOOKUP(N16,'TIMEFOLIO K컬처액티브(과거)'!$B$11:$E$1000,4,0),0) -> 4.28 | Q16: =O16-P16 -> -0.27 | R16: =IFERROR(O16/P16-1,"신규편입") -> -0.063084112
... A29: =VLOOKUP(B29,유니버스!$C$14:$D$2561,2,0) -> KS | B29: ='KoAct K수출핵심기업TOP30액티브'!B35 -> 현대모비스 | C29: =VLOOKUP(B29,'KoAct K수출핵심기업TOP30액티브'!$B$11:$E$1000,4,0) -> 1.33 | D29: =IFERROR(VLOOKUP(B29,'KoAct K수출핵심기업TOP30액티브(과거)'!$B$11:$E$1000,4,0),0) -> 2.02 | E29: =C29-D29 -> -0.69 | F29: =IFERROR(C29/D29-1,"신규편입") -> -0.34158416 | G29: =VLOOKUP(H29,유니버스!$C$14:$D$2561,2,0) -> KS | H29: ='KODEX 로봇액티브'!B35 -> 현대로템 | I29: =VLOOKUP(H29,'KODEX 로봇액티브'!$B$11:$E$1000,4,0) -> 0.91 | J29: =IFERROR(VLOOKUP(H29,'KODEX 로봇액티브(과거)'!$B$11:$E$1000,4,0),0) -> 0.92 | K29: =I29-J29 -> -0.01 | L29: =IFERROR(I29/J29-1,"신규편입") -> -0.010869565 | M29: =VLOOKUP(N29,유니버스!$C$14:$D$2561,2,0) -> #N/A | N29: ='TIMEFOLIO K컬처액티브'!B35 -> 원화현금 | O29: =VLOOKUP(N29,'TIMEFOLIO K컬처액티브'!$B$11:$E$1000,4,0) -> 1.11 | P29: =IFERROR(VLOOKUP(N29,'TIMEFOLIO K컬처액티브(과거)'!$B$11:$E$1000,4,0),0) -> 1.05 | Q29: =O29-P29 -> 0.06 | R29: =IFERROR(O29/P29-1,"신규편입") -> 0.057142857
A30: =VLOOKUP(B30,유니버스!$C$14:$D$2561,2,0) -> KS | B30: ='KoAct K수출핵심기업TOP30액티브'!B36 -> 한화에어로스페이스 | C30: =VLOOKUP(B30,'KoAct K수출핵심기업TOP30액티브'!$B$11:$E$1000,4,0) -> 1.18 | D30: =IFERROR(VLOOKUP(B30,'KoAct K수출핵심기업TOP30액티브(과거)'!$B$11:$E$1000,4,0),0) -> 0.49 | E30: =C30-D30 -> 0.69 | F30: =IFERROR(C30/D30-1,"신규편입") -> 1.4081633 | G30: =VLOOKUP(H30,유니버스!$C$14:$D$2561,2,0) -> KS | H30: ='KODEX 로봇액티브'!B36 -> 카카오 | I30: =VLOOKUP(H30,'KODEX 로봇액티브'!$B$11:$E$1000,4,0) -> 0.72 | J30: =IFERROR(VLOOKUP(H30,'KODEX 로봇액티브(과거)'!$B$11:$E$1000,4,0),0) -> 0.75 | K30: =I30-J30 -> -0.03 | L30: =IFERROR(I30/J30-1,"신규편입") -> -0.04
A31: =VLOOKUP(B31,유니버스!$C$14:$D$2561,2,0) -> KQ | B31: ='KoAct K수출핵심기업TOP30액티브'!B37 -> 에코프로 | C31: =VLOOKUP(B31,'KoAct K수출핵심기업TOP30액티브'!$B$11:$E$1000,4,0) -> 1.06 | D31: =IFERROR(VLOOKUP(B31,'KoAct K수출핵심기업TOP30액티브(과거)'!$B$11:$E$1000,4,0),0) -> 1.31 | E31: =C31-D31 -> -0.25 | F31: =IFERROR(C31/D31-1,"신규편입") -> -0.19083969 | G31: =VLOOKUP(H31,유니버스!$C$14:$D$2561,2,0) -> KS | H31: ='KODEX 로봇액티브'!B37 -> LIG디펜스앤에어로스페이스 | I31: =VLOOKUP(H31,'KODEX 로봇액티브'!$B$11:$E$1000,4,0) -> 0.68 | J31: =IFERROR(VLOOKUP(H31,'KODEX 로봇액티브(과거)'!$B$11:$E$1000,4,0),0) -> 0.65 | K31: =I31-J31 -> 0.03 | L31: =IFERROR(I31/J31-1,"신규편입") -> 0.046153846
A32: =VLOOKUP(B32,유니버스!$C$14:$D$2561,2,0) -> KQ | B32: ='KoAct K수출핵심기업TOP30액티브'!B38 -> 성호전자 | C32: =VLOOKUP(B32,'KoAct K수출핵심기업TOP30액티브'!$B$11:$E$1000,4,0) -> 0.94 | D32: =IFERROR(VLOOKUP(B32,'KoAct K수출핵심기업TOP30액티브(과거)'!$B$11:$E$1000,4,0),0) -> 1.03 | E32: =C32-D32 -> -0.09 | F32: =IFERROR(C32/D32-1,"신규편입") -> -0.087378641 | G32: =VLOOKUP(H32,유니버스!$C$14:$D$2561,2,0) -> KQ | H32: ='KODEX 로봇액티브'!B38 -> 제이브이엠 | I32: =VLOOKUP(H32,'KODEX 로봇액티브'!$B$11:$E$1000,4,0) -> 0.59 | J32: =IFERROR(VLOOKUP(H32,'KODEX 로봇액티브(과거)'!$B$11:$E$1000,4,0),0) -> 0.62 | K32: =I32-J32 -> -0.03 | L32: =IFERROR(I32/J32-1,"신규편입") -> -0.048387097
A33: =VLOOKUP(B33,유니버스!$C$14:$D$2561,2,0) -> KQ | B33: ='KoAct K수출핵심기업TOP30액티브'!B39 -> 리노공업 | C33: =VLOOKUP(B33,'KoAct K수출핵심기업TOP30액티브'!$B$11:$E$1000,4,0) -> 0.39 | D33: =IFERROR(VLOOKUP(B33,'KoAct K수출핵심기업TOP30액티브(과거)'!$B$11:$E$1000,4,0),0) -> 0.4 | E33: =C33-D33 -> -0.01 | F33: =IFERROR(C33/D33-1,"신규편입") -> -0.025 | G33: =VLOOKUP(H33,유니버스!$C$14:$D$2561,2,0) -> KQ | H33: ='KODEX 로봇액티브'!B39 -> 하이젠알앤엠 | I33: =VLOOKUP(H33,'KODEX 로봇액티브'!$B$11:$E$1000,4,0) -> 0.45 | J33: =IFERROR(VLOOKUP(H33,'KODEX 로봇액티브(과거)'!$B$11:$E$1000,4,0),0) -> 0.47 | K33: =I33-J33 -> -0.02 | L33: =IFERROR(I33/J33-1,"신규편입") -> -0.042553191
A34: =VLOOKUP(B34,유니버스!$C$14:$D$2561,2,0) -> KQ | B34: ='KoAct K수출핵심기업TOP30액티브'!B40 -> 에스티팜 | C34: =VLOOKUP(B34,'KoAct K수출핵심기업TOP30액티브'!$B$11:$E$1000,4,0) -> 0.35 | D34: =IFERROR(VLOOKUP(B34,'KoAct K수출핵심기업TOP30액티브(과거)'!$B$11:$E$1000,4,0),0) -> 0.53 | E34: =C34-D34 -> -0.18 | F34: =IFERROR(C34/D34-1,"신규편입") -> -0.33962264 | G34: =VLOOKUP(H34,유니버스!$C$14:$D$2561,2,0) -> KQ | H34: ='KODEX 로봇액티브'!B40 -> 엔젤로보틱스 | I34: =VLOOKUP(H34,'KODEX 로봇액티브'!$B$11:$E$1000,4,0) -> 0.4 | J34: =IFERROR(VLOOKUP(H34,'KODEX 로봇액티브(과거)'!$B$11:$E$1000,4,0),0) -> 0.42 | K34: =I34-J34 -> -0.02 | L34: =IFERROR(I34/J34-1,"신규편입") -> -0.047619048
A35: =VLOOKUP(B35,유니버스!$C$14:$D$2561,2,0) -> KQ | B35: ='KoAct K수출핵심기업TOP30액티브'!B41 -> 에이비엘바이오 | C35: =VLOOKUP(B35,'KoAct K수출핵심기업TOP30액티브'!$B$11:$E$1000,4,0) -> 0.28 | D35: =IFERROR(VLOOKUP(B35,'KoAct K수출핵심기업TOP30액티브(과거)'!$B$11:$E$1000,4,0),0) -> 0.32 | E35: =C35-D35 -> -0.04 | F35: =IFERROR(C35/D35-1,"신규편입") -> -0.125 | G35: =VLOOKUP(H35,유니버스!$C$14:$D$2561,2,0) -> KQ | H35: ='KODEX 로봇액티브'!B41 -> 나우로보틱스 | I35: =VLOOKUP(H35,'KODEX 로봇액티브'!$B$11:$E$1000,4,0) -> 0.34 | J35: =IFERROR(VLOOKUP(H35,'KODEX 로봇액티브(과거)'!$B$11:$E$1000,4,0),0) -> 0.36 | K35: =I35-J35 -> -0.02 | L35: =IFERROR(I35/J35-1,"신규편입") -> -0.055555556
A36: =VLOOKUP(B36,유니버스!$C$14:$D$2561,2,0) -> KS | B36: ='KoAct K수출핵심기업TOP30액티브'!B42 -> 삼성바이오로직스 | C36: =VLOOKUP(B36,'KoAct K수출핵심기업TOP30액티브'!$B$11:$E$1000,4,0) -> 0.26 | D36: =IFERROR(VLOOKUP(B36,'KoAct K수출핵심기업TOP30액티브(과거)'!$B$11:$E$1000,4,0),0) -> 0.28 | E36: =C36-D36 -> -0.02 | F36: =IFERROR(C36/D36-1,"신규편입") -> -0.071428571 | G36: =VLOOKUP(H36,유니버스!$C$14:$D$2561,2,0) -> KQ | H36: ='KODEX 로봇액티브'!B42 -> 에스오에스랩 | I36: =VLOOKUP(H36,'KODEX 로봇액티브'!$B$11:$E$1000,4,0) -> 0.26 | J36: =IFERROR(VLOOKUP(H36,'KODEX 로봇액티브(과거)'!$B$11:$E$1000,4,0),0) -> 0.29 | K36: =I36-J36 -> -0.03 | L36: =IFERROR(I36/J36-1,"신규편입") -> -0.10344828
A37: =VLOOKUP(B37,유니버스!$C$14:$D$2561,2,0) -> KQ | B37: ='KoAct K수출핵심기업TOP30액티브'!B43 -> 로보티즈 | C37: =VLOOKUP(B37,'KoAct K수출핵심기업TOP30액티브'!$B$11:$E$1000,4,0) -> 0.11 | D37: =IFERROR(VLOOKUP(B37,'KoAct K수출핵심기업TOP30액티브(과거)'!$B$11:$E$1000,4,0),0) -> 0.13 | E37: =C37-D37 -> -0.02 | F37: =IFERROR(C37/D37-1,"신규편입") -> -0.15384615 | G37: =VLOOKUP(H37,유니버스!$C$14:$D$2561,2,0) -> KQ | H37: ='KODEX 로봇액티브'!B43 -> 코난테크놀로지 | I37: =VLOOKUP(H37,'KODEX 로봇액티브'!$B$11:$E$1000,4,0) -> 0.13 | J37: =IFERROR(VLOOKUP(H37,'KODEX 로봇액티브(과거)'!$B$11:$E$1000,4,0),0) -> 0.14 | K37: =I37-J37 -> -0.01 | L37: =IFERROR(I37/J37-1,"신규편입") -> -0.071428571
A38: =VLOOKUP(B38,유니버스!$C$14:$D$2561,2,0) -> KQ | B38: ='KoAct K수출핵심기업TOP30액티브'!B44 -> 성우하이텍 | C38: =VLOOKUP(B38,'KoAct K수출핵심기업TOP30액티브'!$B$11:$E$1000,4,0) -> 0.08 | D38: =IFERROR(VLOOKUP(B38,'KoAct K수출핵심기업TOP30액티브(과거)'!$B$11:$E$1000,4,0),0) -> 0.09 | E38: =C38-D38 -> -0.01 | F38: =IFERROR(C38/D38-1,"신규편입") -> -0.11111111 | G38: =VLOOKUP(H38,유니버스!$C$14:$D$2561,2,0) -> #N/A | H38: ='KODEX 로봇액티브'!B44 -> 원화현금 | I38: =VLOOKUP(H38,'KODEX 로봇액티브'!$B$11:$E$1000,4,0) -> 1.53 | J38: =IFERROR(VLOOKUP(H38,'KODEX 로봇액티브(과거)'!$B$11:$E$1000,4,0),0) -> 1.51 | K38: =I38-J38 -> 0.02 | L38: =IFERROR(I38/J38-1,"신규편입") -> 0.013245033
A39: =VLOOKUP(B39,유니버스!$C$14:$D$2561,2,0) -> #N/A | B39: ='KoAct K수출핵심기업TOP30액티브'!B45 -> 원화현금 | C39: =VLOOKUP(B39,'KoAct K수출핵심기업TOP30액티브'!$B$11:$E$1000,4,0) -> 0.27 | D39: =IFERROR(VLOOKUP(B39,'KoAct K수출핵심기업TOP30액티브(과거)'!$B$11:$E$1000,4,0),0) -> 0.45 | E39: =C39-D39 -> -0.18 | F39: =IFERROR(C39/D39-1,"신규편입") -> -0.4
A40: =VLOOKUP(B40,유니버스!$C$14:$D$2561,2,0) -> #N/A | B40: ='KoAct K수출핵심기업TOP30액티브'!B46 -> 0 | C40: =VLOOKUP(B40,'KoAct K수출핵심기업TOP30액티브'!$B$11:$E$1000,4,0) -> #N/A | D40: =IFERROR(VLOOKUP(B40,'KoAct K수출핵심기업TOP30액티브(과거)'!$B$11:$E$1000,4,0),0) -> 0 | E40: =C40-D40 -> #N/A | F40: =IFERROR(C40/D40-1,"신규편입") -> 신규편입
A41: =VLOOKUP(B41,유니버스!$C$14:$D$2561,2,0) -> #N/A
A42: =VLOOKUP(B42,유니버스!$C$14:$D$2561,2,0) -> #N/A

Sheet 밸류업, 제조업, 바이오
B3: ='TIMEFOLIO 코리아밸류업액티브'!A9 -> TIME 코리아밸류업액티브 | H3: ='PLUS K제조업핵심기업액티브'!A9 -> PLUS K제조업핵심기업액티브 | N3: ='타이커 기술이전'!A9 -> TIGER 기술이전바이오액티브
B4: 종목명 | C4: ='KODEX 신재생에너지액티브'!B4 -> CPD [20260522] | D4: ='KODEX 신재생에너지액티브(과거)'!B4 -> 20260515 | E4: 비중차이 | F4: 증가율 | H4: 종목명 | I4: =C4 -> CPD [20260522] | J4: =D4 -> 20260515 | K4: 비중차 | L4: 증가율 | N4: 종목명 | O4: =C4 -> CPD [20260522] | P4: =D4 -> 20260515 | Q4: 비중차이 | R4: 증가율
A5: =VLOOKUP(B5,유니버스!$C$14:$D$2561,2,0) -> KS | B5: ='TIMEFOLIO 코리아밸류업액티브'!B11 -> SK하이닉스 | C5: =VLOOKUP(B5,'TIMEFOLIO 코리아밸류업액티브'!$B$11:$E$1000,4,0) -> 28.34 | D5: =IFERROR(VLOOKUP(B5,'TIMEFOLIO 코리아밸류업액티브(과거)'!$B$11:$E$1000,4,0),0) -> 27.59 | E5: =C5-D5 -> 0.75 | F5: =IFERROR(C5/D5-1,"신규편입") -> 0.027183762 | G5: =VLOOKUP(H5,유니버스!$C$14:$D$2561,2,0) -> KS | H5: ='PLUS K제조업핵심기업액티브'!B11 -> SK하이닉스 | I5: =VLOOKUP(H5,'PLUS K제조업핵심기업액티브'!$B$11:$E$1000,4,0) -> 24.57 | J5: =IFERROR(VLOOKUP(H5,'PLUS K제조업핵심기업액티브(과거)'!$B$11:$E$1000,4,0),0) -> 24.12 | K5: =I5-J5 -> 0.45 | L5: =IFERROR(I5/J5-1,"신규편입") -> 0.018656716 | M5: =VLOOKUP(N5,유니버스!$C$14:$D$2561,2,0) -> KQ | N5: ='타이커 기술이전'!B11 -> 올릭스 | O5: =VLOOKUP(N5,'타이커 기술이전'!$B$11:$E$1000,4,0) -> 13.37 | P5: =IFERROR(VLOOKUP(N5,'타이커 기술이전(과거)'!$B$11:$E$1000,4,0),0) -> 13.77 | Q5: =O5-P5 -> -0.4 | R5: =IFERROR(O5/P5-1,"신규편입") -> -0.029048656
A6: =VLOOKUP(B6,유니버스!$C$14:$D$2561,2,0) -> KS | B6: ='TIMEFOLIO 코리아밸류업액티브'!B12 -> 삼성전자 | C6: =VLOOKUP(B6,'TIMEFOLIO 코리아밸류업액티브'!$B$11:$E$1000,4,0) -> 18.87 | D6: =IFERROR(VLOOKUP(B6,'TIMEFOLIO 코리아밸류업액티브(과거)'!$B$11:$E$1000,4,0),0) -> 10.77 | E6: =C6-D6 -> 8.1 | F6: =IFERROR(C6/D6-1,"신규편입") -> 0.75208914 | G6: =VLOOKUP(H6,유니버스!$C$14:$D$2561,2,0) -> KS | H6: ='PLUS K제조업핵심기업액티브'!B12 -> 삼성전자 | I6: =VLOOKUP(H6,'PLUS K제조업핵심기업액티브'!$B$11:$E$1000,4,0) -> 20.97 | J6: =IFERROR(VLOOKUP(H6,'PLUS K제조업핵심기업액티브(과거)'!$B$11:$E$1000,4,0),0) -> 21.11 | K6: =I6-J6 -> -0.14 | L6: =IFERROR(I6/J6-1,"신규편입") -> -0.006631928 | M6: =VLOOKUP(N6,유니버스!$C$14:$D$2561,2,0) -> KQ | N6: ='타이커 기술이전'!B12 -> 리가켐바이오 | O6: =VLOOKUP(N6,'타이커 기술이전'!$B$11:$E$1000,4,0) -> 10.45 | P6: =IFERROR(VLOOKUP(N6,'타이커 기술이전(과거)'!$B$11:$E$1000,4,0),0) -> 13.39 | Q6: =O6-P6 -> -2.94 | R6: =IFERROR(O6/P6-1,"신규편입") -> -0.21956684
A7: =VLOOKUP(B7,유니버스!$C$14:$D$2561,2,0) -> KS | B7: ='TIMEFOLIO 코리아밸류업액티브'!B13 -> 현대차 | C7: =VLOOKUP(B7,'TIMEFOLIO 코리아밸류업액티브'!$B$11:$E$1000,4,0) -> 5.48 | D7: =IFERROR(VLOOKUP(B7,'TIMEFOLIO 코리아밸류업액티브(과거)'!$B$11:$E$1000,4,0),0) -> 6.64 | E7: =C7-D7 -> -1.16 | F7: =IFERROR(C7/D7-1,"신규편입") -> -0.1746988 | G7: =VLOOKUP(H7,유니버스!$C$14:$D$2561,2,0) -> KS | H7: ='PLUS K제조업핵심기업액티브'!B13 -> 두산 | I7: =VLOOKUP(H7,'PLUS K제조업핵심기업액티브'!$B$11:$E$1000,4,0) -> 3.96 | J7: =IFERROR(VLOOKUP(H7,'PLUS K제조업핵심기업액티브(과거)'!$B$11:$E$1000,4,0),0) -> 4.13 | K7: =I7-J7 -> -0.17 | L7: =IFERROR(I7/J7-1,"신규편입") -> -0.041162228 | M7: =VLOOKUP(N7,유니버스!$C$14:$D$2561,2,0) -> KQ | N7: ='타이커 기술이전'!B13 -> 에이비엘바이오 | O7: =VLOOKUP(N7,'타이커 기술이전'!$B$11:$E$1000,4,0) -> 7.68 | P7: =IFERROR(VLOOKUP(N7,'타이커 기술이전(과거)'!$B$11:$E$1000,4,0),0) -> 7.52 | Q7: =O7-P7 -> 0.16 | R7: =IFERROR(O7/P7-1,"신규편입") -> 0.021276596
A8: =VLOOKUP(B8,유니버스!$C$14:$D$2561,2,0) -> KS | B8: ='TIMEFOLIO 코리아밸류업액티브'!B14 -> SK스퀘어 | C8: =VLOOKUP(B8,'TIMEFOLIO 코리아밸류업액티브'!$B$11:$E$1000,4,0) -> 3.9 | D8: =IFERROR(VLOOKUP(B8,'TIMEFOLIO 코리아밸류업액티브(과거)'!$B$11:$E$1000,4,0),0) -> 0 | E8: =C8-D8 -> 3.9 | F8: =IFERROR(C8/D8-1,"신규편입") -> 신규편입 | G8: =VLOOKUP(H8,유니버스!$C$14:$D$2561,2,0) -> KS | H8: ='PLUS K제조업핵심기업액티브'!B14 -> 기아 | I8: =VLOOKUP(H8,'PLUS K제조업핵심기업액티브'!$B$11:$E$1000,4,0) -> 3.05 | J8: =IFERROR(VLOOKUP(H8,'PLUS K제조업핵심기업액티브(과거)'!$B$11:$E$1000,4,0),0) -> 3.16 | K8: =I8-J8 -> -0.11 | L8: =IFERROR(I8/J8-1,"신규편입") -> -0.034810127 | M8: =VLOOKUP(N8,유니버스!$C$14:$D$2561,2,0) -> KS | N8: ='타이커 기술이전'!B14 -> 한올바이오파마 | O8: =VLOOKUP(N8,'타이커 기술이전'!$B$11:$E$1000,4,0) -> 5.56 | P8: =IFERROR(VLOOKUP(N8,'타이커 기술이전(과거)'!$B$11:$E$1000,4,0),0) -> 4.57 | Q8: =O8-P8 -> 0.99 | R8: =IFERROR(O8/P8-1,"신규편입") -> 0.2166302
A9: =VLOOKUP(B9,유니버스!$C$14:$D$2561,2,0) -> KS | B9: ='TIMEFOLIO 코리아밸류업액티브'!B15 -> 삼성전기 | C9: =VLOOKUP(B9,'TIMEFOLIO 코리아밸류업액티브'!$B$11:$E$1000,4,0) -> 3.21 | D9: =IFERROR(VLOOKUP(B9,'TIMEFOLIO 코리아밸류업액티브(과거)'!$B$11:$E$1000,4,0),0) -> 0 | E9: =C9-D9 -> 3.21 | F9: =IFERROR(C9/D9-1,"신규편입") -> 신규편입 | G9: =VLOOKUP(H9,유니버스!$C$14:$D$2561,2,0) -> KS | H9: ='PLUS K제조업핵심기업액티브'!B15 -> SK스퀘어 | I9: =VLOOKUP(H9,'PLUS K제조업핵심기업액티브'!$B$11:$E$1000,4,0) -> 2.75 | J9: =IFERROR(VLOOKUP(H9,'PLUS K제조업핵심기업액티브(과거)'!$B$11:$E$1000,4,0),0) -> 2.48 | K9: =I9-J9 -> 0.27 | L9: =IFERROR(I9/J9-1,"신규편입") -> 0.10887097 | M9: =VLOOKUP(N9,유니버스!$C$14:$D$2561,2,0) -> KS | N9: ='타이커 기술이전'!B15 -> 셀트리온 | O9: =VLOOKUP(N9,'타이커 기술이전'!$B$11:$E$1000,4,0) -> 4.82 | P9: =IFERROR(VLOOKUP(N9,'타이커 기술이전(과거)'!$B$11:$E$1000,4,0),0) -> 4.33 | Q9: =O9-P9 -> 0.49 | R9: =IFERROR(O9/P9-1,"신규편입") -> 0.11316397
A10: =VLOOKUP(B10,유니버스!$C$14:$D$2561,2,0) -> KS | B10: ='TIMEFOLIO 코리아밸류업액티브'!B16 -> 현대모비스 | C10: =VLOOKUP(B10,'TIMEFOLIO 코리아밸류업액티브'!$B$11:$E$1000,4,0) -> 3.03 | D10: =IFERROR(VLOOKUP(B10,'TIMEFOLIO 코리아밸류업액티브(과거)'!$B$11:$E$1000,4,0),0) -> 0 | E10: =C10-D10 -> 3.03 | F10: =IFERROR(C10/D10-1,"신규편입") -> 신규편입 | G10: =VLOOKUP(H10,유니버스!$C$14:$D$2561,2,0) -> KS | H10: ='PLUS K제조업핵심기업액티브'!B16 -> 현대모비스 | I10: =VLOOKUP(H10,'PLUS K제조업핵심기업액티브'!$B$11:$E$1000,4,0) -> 2.73 | J10: =IFERROR(VLOOKUP(H10,'PLUS K제조업핵심기업액티브(과거)'!$B$11:$E$1000,4,0),0) -> 1.61 | K10: =I10-J10 -> 1.12 | L10: =IFERROR(I10/J10-1,"신규편입") -> 0.69565217 | M10: =VLOOKUP(N10,유니버스!$C$14:$D$2561,2,0) -> KQ | N10: ='타이커 기술이전'!B16 -> 에스티팜 | O10: =VLOOKUP(N10,'타이커 기술이전'!$B$11:$E$1000,4,0) -> 4.51 | P10: =IFERROR(VLOOKUP(N10,'타이커 기술이전(과거)'!$B$11:$E$1000,4,0),0) -> 4.22 | Q10: =O10-P10 -> 0.29 | R10: =IFERROR(O10/P10-1,"신규편입") -> 0.068720379
A11: =VLOOKUP(B11,유니버스!$C$14:$D$2561,2,0) -> KS | B11: ='TIMEFOLIO 코리아밸류업액티브'!B17 -> LG이노텍 | C11: =VLOOKUP(B11,'TIMEFOLIO 코리아밸류업액티브'!$B$11:$E$1000,4,0) -> 2.87 | D11: =IFERROR(VLOOKUP(B11,'TIMEFOLIO 코리아밸류업액티브(과거)'!$B$11:$E$1000,4,0),0) -> 0 | E11: =C11-D11 -> 2.87 | F11: =IFERROR(C11/D11-1,"신규편입") -> 신규편입 | G11: =VLOOKUP(H11,유니버스!$C$14:$D$2561,2,0) -> KS | H11: ='PLUS K제조업핵심기업액티브'!B17 -> 한화오션 | I11: =VLOOKUP(H11,'PLUS K제조업핵심기업액티브'!$B$11:$E$1000,4,0) -> 2.53 | J11: =IFERROR(VLOOKUP(H11,'PLUS K제조업핵심기업액티브(과거)'!$B$11:$E$1000,4,0),0) -> 2.72 | K11: =I11-J11 -> -0.19 | L11: =IFERROR(I11/J11-1,"신규편입") -> -0.069852941 | M11: =VLOOKUP(N11,유니버스!$C$14:$D$2561,2,0) -> KQ | N11: ='타이커 기술이전'!B17 -> 알테오젠 | O11: =VLOOKUP(N11,'타이커 기술이전'!$B$11:$E$1000,4,0) -> 4.46 | P11: =IFERROR(VLOOKUP(N11,'타이커 기술이전(과거)'!$B$11:$E$1000,4,0),0) -> 5.08 | Q11: =O11-P11 -> -0.62 | R11: =IFERROR(O11/P11-1,"신규편입") -> -0.12204724
A12: =VLOOKUP(B12,유니버스!$C$14:$D$2561,2,0) -> KS | B12: ='TIMEFOLIO 코리아밸류업액티브'!B18 -> 한화에어로스페이스 | C12: =VLOOKUP(B12,'TIMEFOLIO 코리아밸류업액티브'!$B$11:$E$1000,4,0) -> 2.53 | D12: =IFERROR(VLOOKUP(B12,'TIMEFOLIO 코리아밸류업액티브(과거)'!$B$11:$E$1000,4,0),0) -> 0 | E12: =C12-D12 -> 2.53 | F12: =IFERROR(C12/D12-1,"신규편입") -> 신규편입 | G12: =VLOOKUP(H12,유니버스!$C$14:$D$2561,2,0) -> KS | H12: ='PLUS K제조업핵심기업액티브'!B18 -> 삼성SDI | I12: =VLOOKUP(H12,'PLUS K제조업핵심기업액티브'!$B$11:$E$1000,4,0) -> 2.24 | J12: =IFERROR(VLOOKUP(H12,'PLUS K제조업핵심기업액티브(과거)'!$B$11:$E$1000,4,0),0) -> 2.31 | K12: =I12-J12 -> -0.07 | L12: =IFERROR(I12/J12-1,"신규편입") -> -0.03030303 | M12: =VLOOKUP(N12,유니버스!$C$14:$D$2561,2,0) -> KS | N12: ='타이커 기술이전'!B18 -> 한미약품 | O12: =VLOOKUP(N12,'타이커 기술이전'!$B$11:$E$1000,4,0) -> 4.44 | P12: =IFERROR(VLOOKUP(N12,'타이커 기술이전(과거)'!$B$11:$E$1000,4,0),0) -> 4.33 | Q12: =O12-P12 -> 0.11 | R12: =IFERROR(O12/P12-1,"신규편입") -> 0.025404157
A13: =VLOOKUP(B13,유니버스!$C$14:$D$2561,2,0) -> KS | B13: ='TIMEFOLIO 코리아밸류업액티브'!B19 -> 미래에셋증권 | C13: =VLOOKUP(B13,'TIMEFOLIO 코리아밸류업액티브'!$B$11:$E$1000,4,0) -> 2.48 | D13: =IFERROR(VLOOKUP(B13,'TIMEFOLIO 코리아밸류업액티브(과거)'!$B$11:$E$1000,4,0),0) -> 4.08 | E13: =C13-D13 -> -1.6 | F13: =IFERROR(C13/D13-1,"신규편입") -> -0.39215686 | G13: =VLOOKUP(H13,유니버스!$C$14:$D$2561,2,0) -> KS | H13: ='PLUS K제조업핵심기업액티브'!B19 -> 한화비전 | I13: =VLOOKUP(H13,'PLUS K제조업핵심기업액티브'!$B$11:$E$1000,4,0) -> 2.21 | J13: =IFERROR(VLOOKUP(H13,'PLUS K제조업핵심기업액티브(과거)'!$B$11:$E$1000,4,0),0) -> 2.22 | K13: =I13-J13 -> -0.01 | L13: =IFERROR(I13/J13-1,"신규편입") -> -0.0045045045 | M13: =VLOOKUP(N13,유니버스!$C$14:$D$2561,2,0) -> KQ | N13: ='타이커 기술이전'!B19 -> 에이프릴바이오 | O13: =VLOOKUP(N13,'타이커 기술이전'!$B$11:$E$1000,4,0) -> 4.34 | P13: =IFERROR(VLOOKUP(N13,'타이커 기술이전(과거)'!$B$11:$E$1000,4,0),0) -> 4.61 | Q13: =O13-P13 -> -0.27 | R13: =IFERROR(O13/P13-1,"신규편입") -> -0.05856833
A14: =VLOOKUP(B14,유니버스!$C$14:$D$2561,2,0) -> KS | B14: ='TIMEFOLIO 코리아밸류업액티브'!B20 -> SK | C14: =VLOOKUP(B14,'TIMEFOLIO 코리아밸류업액티브'!$B$11:$E$1000,4,0) -> 2.3 | D14: =IFERROR(VLOOKUP(B14,'TIMEFOLIO 코리아밸류업액티브(과거)'!$B$11:$E$1000,4,0),0) -> 2.2 | E14: =C14-D14 -> 0.1 | F14: =IFERROR(C14/D14-1,"신규편입") -> 0.045454545 | G14: =VLOOKUP(H14,유니버스!$C$14:$D$2561,2,0) -> KS | H14: ='PLUS K제조업핵심기업액티브'!B20 -> LG이노텍 | I14: =VLOOKUP(H14,'PLUS K제조업핵심기업액티브'!$B$11:$E$1000,4,0) -> 2.2 | J14: =IFERROR(VLOOKUP(H14,'PLUS K제조업핵심기업액티브(과거)'!$B$11:$E$1000,4,0),0) -> 0 | K14: =I14-J14 -> 2.2 | L14: =IFERROR(I14/J14-1,"신규편입") -> 신규편입 | M14: =VLOOKUP(N14,유니버스!$C$14:$D$2561,2,0) -> KQ | N14: ='타이커 기술이전'!B20 -> 디앤디파마텍 | O14: =VLOOKUP(N14,'타이커 기술이전'!$B$11:$E$1000,4,0) -> 3.86 | P14: =IFERROR(VLOOKUP(N14,'타이커 기술이전(과거)'!$B$11:$E$1000,4,0),0) -> 3.94 | Q14: =O14-P14 -> -0.08 | R14: =IFERROR(O14/P14-1,"신규편입") -> -0.020304569
A15: =VLOOKUP(B15,유니버스!$C$14:$D$2561,2,0) -> KS | B15: ='TIMEFOLIO 코리아밸류업액티브'!B21 -> 삼성생명 | C15: =VLOOKUP(B15,'TIMEFOLIO 코리아밸류업액티브'!$B$11:$E$1000,4,0) -> 2.18 | D15: =IFERROR(VLOOKUP(B15,'TIMEFOLIO 코리아밸류업액티브(과거)'!$B$11:$E$1000,4,0),0) -> 2.22 | E15: =C15-D15 -> -0.04 | F15: =IFERROR(C15/D15-1,"신규편입") -> -0.018018018 | G15: =VLOOKUP(H15,유니버스!$C$14:$D$2561,2,0) -> KS | H15: ='PLUS K제조업핵심기업액티브'!B21 -> 현대차 | I15: =VLOOKUP(H15,'PLUS K제조업핵심기업액티브'!$B$11:$E$1000,4,0) -> 2.04 | J15: =IFERROR(VLOOKUP(H15,'PLUS K제조업핵심기업액티브(과거)'!$B$11:$E$1000,4,0),0) -> 2.22 | K15: =I15-J15 -> -0.18 | L15: =IFERROR(I15/J15-1,"신규편입") -> -0.081081081 | M15: =VLOOKUP(N15,유니버스!$C$14:$D$2561,2,0) -> KQ | N15: ='타이커 기술이전'!B21 -> 알지노믹스 | O15: =VLOOKUP(N15,'타이커 기술이전'!$B$11:$E$1000,4,0) -> 3.63 | P15: =IFERROR(VLOOKUP(N15,'타이커 기술이전(과거)'!$B$11:$E$1000,4,0),0) -> 3.73 | Q15: =O15-P15 -> -0.1 | R15: =IFERROR(O15/P15-1,"신규편입") -> -0.026809651
A16: =VLOOKUP(B16,유니버스!$C$14:$D$2561,2,0) -> KS | B16: ='TIMEFOLIO 코리아밸류업액티브'!B22 -> LS | C16: =VLOOKUP(B16,'TIMEFOLIO 코리아밸류업액티브'!$B$11:$E$1000,4,0) -> 2.08 | D16: =IFERROR(VLOOKUP(B16,'TIMEFOLIO 코리아밸류업액티브(과거)'!$B$11:$E$1000,4,0),0) -> 3.79 | E16: =C16-D16 -> -1.71 | F16: =IFERROR(C16/D16-1,"신규편입") -> -0.45118734 | G16: =VLOOKUP(H16,유니버스!$C$14:$D$2561,2,0) -> KS | H16: ='PLUS K제조업핵심기업액티브'!B22 -> 삼성중공업 | I16: =VLOOKUP(H16,'PLUS K제조업핵심기업액티브'!$B$11:$E$1000,4,0) -> 1.84 | J16: =IFERROR(VLOOKUP(H16,'PLUS K제조업핵심기업액티브(과거)'!$B$11:$E$1000,4,0),0) -> 1.95 | K16: =I16-J16 -> -0.11 | L16: =IFERROR(I16/J16-1,"신규편입") -> -0.056410256 | M16: =VLOOKUP(N16,유니버스!$C$14:$D$2561,2,0) -> KS | N16: ='타이커 기술이전'!B22 -> 삼성바이오로직스 | O16: =VLOOKUP(N16,'타이커 기술이전'!$B$11:$E$1000,4,0) -> 3.54 | P16: =IFERROR(VLOOKUP(N16,'타이커 기술이전(과거)'!$B$11:$E$1000,4,0),0) -> 3.25 | Q16: =O16-P16 -> 0.29 | R16: =IFERROR(O16/P16-1,"신규편입") -> 0.089230769
... A35: =VLOOKUP(B35,유니버스!$C$14:$D$2561,2,0) -> KS | B35: ='TIMEFOLIO 코리아밸류업액티브'!B41 -> HD현대일렉트릭 | C35: =VLOOKUP(B35,'TIMEFOLIO 코리아밸류업액티브'!$B$11:$E$1000,4,0) -> 0.53 | D35: =IFERROR(VLOOKUP(B35,'TIMEFOLIO 코리아밸류업액티브(과거)'!$B$11:$E$1000,4,0),0) -> 0 | E35: =C35-D35 -> 0.53 | F35: =IFERROR(C35/D35-1,"신규편입") -> 신규편입 | G35: =VLOOKUP(H35,유니버스!$C$14:$D$2561,2,0) -> KQ | H35: ='PLUS K제조업핵심기업액티브'!B41 -> 한양디지텍 | I35: =VLOOKUP(H35,'PLUS K제조업핵심기업액티브'!$B$11:$E$1000,4,0) -> 0.83 | J35: =IFERROR(VLOOKUP(H35,'PLUS K제조업핵심기업액티브(과거)'!$B$11:$E$1000,4,0),0) -> 0.78 | K35: =I35-J35 -> 0.05 | L35: =IFERROR(I35/J35-1,"신규편입") -> 0.064102564 | M35: =VLOOKUP(N35,유니버스!$C$14:$D$2561,2,0) -> #N/A | N35: ='타이커 기술이전'!B41 -> 원화현금 | O35: =VLOOKUP(N35,'타이커 기술이전'!$B$11:$E$1000,4,0) -> 6.46 | P35: =IFERROR(VLOOKUP(N35,'타이커 기술이전(과거)'!$B$11:$E$1000,4,0),0) -> 4.98 | Q35: =O35-P35 -> 1.48 | R35: =IFERROR(O35/P35-1,"신규편입") -> 0.29718876
A36: =VLOOKUP(B36,유니버스!$C$14:$D$2561,2,0) -> KS | B36: ='TIMEFOLIO 코리아밸류업액티브'!B42 -> 한화투자증권 | C36: =VLOOKUP(B36,'TIMEFOLIO 코리아밸류업액티브'!$B$11:$E$1000,4,0) -> 0.25 | D36: =IFERROR(VLOOKUP(B36,'TIMEFOLIO 코리아밸류업액티브(과거)'!$B$11:$E$1000,4,0),0) -> 2.43 | E36: =C36-D36 -> -2.18 | F36: =IFERROR(C36/D36-1,"신규편입") -> -0.89711934 | G36: =VLOOKUP(H36,유니버스!$C$14:$D$2561,2,0) -> KQ | H36: ='PLUS K제조업핵심기업액티브'!B42 -> 인텔리안테크 | I36: =VLOOKUP(H36,'PLUS K제조업핵심기업액티브'!$B$11:$E$1000,4,0) -> 0.8 | J36: =IFERROR(VLOOKUP(H36,'PLUS K제조업핵심기업액티브(과거)'!$B$11:$E$1000,4,0),0) -> 0.95 | K36: =I36-J36 -> -0.15 | L36: =IFERROR(I36/J36-1,"신규편입") -> -0.15789474
A37: =VLOOKUP(B37,유니버스!$C$14:$D$2561,2,0) -> #N/A | B37: ='TIMEFOLIO 코리아밸류업액티브'!B43 -> 원화현금 | C37: =VLOOKUP(B37,'TIMEFOLIO 코리아밸류업액티브'!$B$11:$E$1000,4,0) -> 1.2 | D37: =IFERROR(VLOOKUP(B37,'TIMEFOLIO 코리아밸류업액티브(과거)'!$B$11:$E$1000,4,0),0) -> 0.97 | E37: =C37-D37 -> 0.23 | F37: =IFERROR(C37/D37-1,"신규편입") -> 0.2371134 | G37: =VLOOKUP(H37,유니버스!$C$14:$D$2561,2,0) -> KQ | H37: ='PLUS K제조업핵심기업액티브'!B43 -> 레인보우로보틱스 | I37: =VLOOKUP(H37,'PLUS K제조업핵심기업액티브'!$B$11:$E$1000,4,0) -> 0.76 | J37: =IFERROR(VLOOKUP(H37,'PLUS K제조업핵심기업액티브(과거)'!$B$11:$E$1000,4,0),0) -> 0.85 | K37: =I37-J37 -> -0.09 | L37: =IFERROR(I37/J37-1,"신규편입") -> -0.10588235
G38: =VLOOKUP(H38,유니버스!$C$14:$D$2561,2,0) -> KQ | H38: ='PLUS K제조업핵심기업액티브'!B44 -> 한국피아이엠 | I38: =VLOOKUP(H38,'PLUS K제조업핵심기업액티브'!$B$11:$E$1000,4,0) -> 0.76 | J38: =IFERROR(VLOOKUP(H38,'PLUS K제조업핵심기업액티브(과거)'!$B$11:$E$1000,4,0),0) -> 0.85 | K38: =I38-J38 -> -0.09 | L38: =IFERROR(I38/J38-1,"신규편입") -> -0.10588235
G39: =VLOOKUP(H39,유니버스!$C$14:$D$2561,2,0) -> KS | H39: ='PLUS K제조업핵심기업액티브'!B45 -> 엘앤에프 | I39: =VLOOKUP(H39,'PLUS K제조업핵심기업액티브'!$B$11:$E$1000,4,0) -> 0.7 | J39: =IFERROR(VLOOKUP(H39,'PLUS K제조업핵심기업액티브(과거)'!$B$11:$E$1000,4,0),0) -> 0.75 | K39: =I39-J39 -> -0.05 | L39: =IFERROR(I39/J39-1,"신규편입") -> -0.066666667
G40: =VLOOKUP(H40,유니버스!$C$14:$D$2561,2,0) -> KQ | H40: ='PLUS K제조업핵심기업액티브'!B46 -> 나노신소재 | I40: =VLOOKUP(H40,'PLUS K제조업핵심기업액티브'!$B$11:$E$1000,4,0) -> 0.7 | J40: =IFERROR(VLOOKUP(H40,'PLUS K제조업핵심기업액티브(과거)'!$B$11:$E$1000,4,0),0) -> 0.74 | K40: =I40-J40 -> -0.04 | L40: =IFERROR(I40/J40-1,"신규편입") -> -0.054054054
G41: =VLOOKUP(H41,유니버스!$C$14:$D$2561,2,0) -> KS | H41: ='PLUS K제조업핵심기업액티브'!B47 -> 현대건설 | I41: =VLOOKUP(H41,'PLUS K제조업핵심기업액티브'!$B$11:$E$1000,4,0) -> 0.62 | J41: =IFERROR(VLOOKUP(H41,'PLUS K제조업핵심기업액티브(과거)'!$B$11:$E$1000,4,0),0) -> 0.68 | K41: =I41-J41 -> -0.06 | L41: =IFERROR(I41/J41-1,"신규편입") -> -0.088235294
G42: =VLOOKUP(H42,유니버스!$C$14:$D$2561,2,0) -> KQ | H42: ='PLUS K제조업핵심기업액티브'!B48 -> 로보티즈 | I42: =VLOOKUP(H42,'PLUS K제조업핵심기업액티브'!$B$11:$E$1000,4,0) -> 0.62 | J42: =IFERROR(VLOOKUP(H42,'PLUS K제조업핵심기업액티브(과거)'!$B$11:$E$1000,4,0),0) -> 0.69 | K42: =I42-J42 -> -0.07 | L42: =IFERROR(I42/J42-1,"신규편입") -> -0.10144928
G43: =VLOOKUP(H43,유니버스!$C$14:$D$2561,2,0) -> KS | H43: ='PLUS K제조업핵심기업액티브'!B49 -> 효성중공업 | I43: =VLOOKUP(H43,'PLUS K제조업핵심기업액티브'!$B$11:$E$1000,4,0) -> 0.57 | J43: =IFERROR(VLOOKUP(H43,'PLUS K제조업핵심기업액티브(과거)'!$B$11:$E$1000,4,0),0) -> 0.56 | K43: =I43-J43 -> 0.01 | L43: =IFERROR(I43/J43-1,"신규편입") -> 0.017857143
G44: =VLOOKUP(H44,유니버스!$C$14:$D$2561,2,0) -> KQ | H44: ='PLUS K제조업핵심기업액티브'!B50 -> 스피어 | I44: =VLOOKUP(H44,'PLUS K제조업핵심기업액티브'!$B$11:$E$1000,4,0) -> 0.32 | J44: =IFERROR(VLOOKUP(H44,'PLUS K제조업핵심기업액티브(과거)'!$B$11:$E$1000,4,0),0) -> 0.32 | K44: =I44-J44 -> 0 | L44: =IFERROR(I44/J44-1,"신규편입") -> 0
G45: =VLOOKUP(H45,유니버스!$C$14:$D$2561,2,0) -> KS | H45: ='PLUS K제조업핵심기업액티브'!B51 -> 삼아알미늄 | I45: =VLOOKUP(H45,'PLUS K제조업핵심기업액티브'!$B$11:$E$1000,4,0) -> 0.21 | J45: =IFERROR(VLOOKUP(H45,'PLUS K제조업핵심기업액티브(과거)'!$B$11:$E$1000,4,0),0) -> 0.22 | K45: =I45-J45 -> -0.01 | L45: =IFERROR(I45/J45-1,"신규편입") -> -0.045454545
G46: =VLOOKUP(H46,유니버스!$C$14:$D$2561,2,0) -> KS | H46: ='PLUS K제조업핵심기업액티브'!B52 -> 이수페타시스 | I46: =VLOOKUP(H46,'PLUS K제조업핵심기업액티브'!$B$11:$E$1000,4,0) -> 0.19 | J46: =IFERROR(VLOOKUP(H46,'PLUS K제조업핵심기업액티브(과거)'!$B$11:$E$1000,4,0),0) -> 0.19 | K46: =I46-J46 -> 0 | L46: =IFERROR(I46/J46-1,"신규편입") -> 0
G47: =VLOOKUP(H47,유니버스!$C$14:$D$2561,2,0) -> #N/A | H47: ='PLUS K제조업핵심기업액티브'!B53 -> 원화현금 | I47: =VLOOKUP(H47,'PLUS K제조업핵심기업액티브'!$B$11:$E$1000,4,0) -> 0.03 | J47: =IFERROR(VLOOKUP(H47,'PLUS K제조업핵심기업액티브(과거)'!$B$11:$E$1000,4,0),0) -> 0.35 | K47: =I47-J47 -> -0.32 | L47: =IFERROR(I47/J47-1,"신규편입") -> -0.91428571

Sheet 바이오
B3: TIMEFOLIO K바이오액티브 | H3: KoAct 바이오헬스케어액티브 | N3: RISE 바이오TOP10액티브
B4: 종목명 | C4: ='KODEX 신재생에너지액티브'!B4 -> CPD [20260522] | D4: ='KODEX 신재생에너지액티브(과거)'!B4 -> 20260515 | E4: 비중차이 | F4: 증가율 | H4: 종목명 | I4: =C4 -> CPD [20260522] | J4: =D4 -> 20260515 | K4: 비중차 | L4: 증가율 | N4: 종목명 | O4: =C4 -> CPD [20260522] | P4: =D4 -> 20260515 | Q4: 비중차이 | R4: 증가율
A5: =VLOOKUP(B5,유니버스!$C$14:$D$2561,2,0) -> KS | B5: ='TIMEFOLIO K바이오액티브'!B11 -> 셀트리온 | C5: =VLOOKUP(B5,'TIMEFOLIO K바이오액티브'!$B$11:$E$1000,4,0) -> 14.81 | D5: =IFERROR(VLOOKUP(B5,'TIMEFOLIO K바이오액티브(과거)'!$B$11:$E$1000,4,0),0) -> 13.61 | E5: =C5-D5 -> 1.2 | F5: =IFERROR(C5/D5-1,"신규편입") -> 0.088170463 | G5: =VLOOKUP(H5,유니버스!$C$14:$D$2561,2,0) -> KQ | H5: ='KoAct 바이오헬스케어액티브'!B11 -> 알테오젠 | I5: =VLOOKUP(H5,'KoAct 바이오헬스케어액티브'!$B$11:$E$1000,4,0) -> 9.36 | J5: =IFERROR(VLOOKUP(H5,'KoAct 바이오헬스케어액티브(과거)'!$B$11:$E$1000,4,0),0) -> 8.92 | K5: =I5-J5 -> 0.44 | L5: =IFERROR(I5/J5-1,"신규편입") -> 0.049327354 | M5: =VLOOKUP(N5,유니버스!$C$14:$D$2561,2,0) -> KQ | N5: ='RISE 바이오TOP10액티브'!B11 -> 알테오젠 | O5: =VLOOKUP(N5,'RISE 바이오TOP10액티브'!$B$11:$E$1000,4,0) -> 14.06 | P5: =IFERROR(VLOOKUP(N5,'RISE 바이오TOP10액티브(과거)'!$B$11:$E$1000,4,0),0) -> 12.17 | Q5: =O5-P5 -> 1.89 | R5: =IFERROR(O5/P5-1,"신규편입") -> 0.15529992
A6: =VLOOKUP(B6,유니버스!$C$14:$D$2561,2,0) -> KQ | B6: ='TIMEFOLIO K바이오액티브'!B12 -> 알테오젠 | C6: =VLOOKUP(B6,'TIMEFOLIO K바이오액티브'!$B$11:$E$1000,4,0) -> 10.05 | D6: =IFERROR(VLOOKUP(B6,'TIMEFOLIO K바이오액티브(과거)'!$B$11:$E$1000,4,0),0) -> 9.74 | E6: =C6-D6 -> 0.31 | F6: =IFERROR(C6/D6-1,"신규편입") -> 0.031827515 | G6: =VLOOKUP(H6,유니버스!$C$14:$D$2561,2,0) -> KQ | H6: ='KoAct 바이오헬스케어액티브'!B12 -> 올릭스 | I6: =VLOOKUP(H6,'KoAct 바이오헬스케어액티브'!$B$11:$E$1000,4,0) -> 9.08 | J6: =IFERROR(VLOOKUP(H6,'KoAct 바이오헬스케어액티브(과거)'!$B$11:$E$1000,4,0),0) -> 9.4 | K6: =I6-J6 -> -0.32 | L6: =IFERROR(I6/J6-1,"신규편입") -> -0.034042553 | M6: =VLOOKUP(N6,유니버스!$C$14:$D$2561,2,0) -> KQ | N6: ='RISE 바이오TOP10액티브'!B12 -> 올릭스 | O6: =VLOOKUP(N6,'RISE 바이오TOP10액티브'!$B$11:$E$1000,4,0) -> 12.7 | P6: =IFERROR(VLOOKUP(N6,'RISE 바이오TOP10액티브(과거)'!$B$11:$E$1000,4,0),0) -> 13.16 | Q6: =O6-P6 -> -0.46 | R6: =IFERROR(O6/P6-1,"신규편입") -> -0.034954407
A7: =VLOOKUP(B7,유니버스!$C$14:$D$2561,2,0) -> KS | B7: ='TIMEFOLIO K바이오액티브'!B13 -> 삼성바이오로직스 | C7: =VLOOKUP(B7,'TIMEFOLIO K바이오액티브'!$B$11:$E$1000,4,0) -> 7.25 | D7: =IFERROR(VLOOKUP(B7,'TIMEFOLIO K바이오액티브(과거)'!$B$11:$E$1000,4,0),0) -> 6.81 | E7: =C7-D7 -> 0.44 | F7: =IFERROR(C7/D7-1,"신규편입") -> 0.064610866 | G7: =VLOOKUP(H7,유니버스!$C$14:$D$2561,2,0) -> KS | H7: ='KoAct 바이오헬스케어액티브'!B13 -> 셀트리온 | I7: =VLOOKUP(H7,'KoAct 바이오헬스케어액티브'!$B$11:$E$1000,4,0) -> 8.53 | J7: =IFERROR(VLOOKUP(H7,'KoAct 바이오헬스케어액티브(과거)'!$B$11:$E$1000,4,0),0) -> 7.71 | K7: =I7-J7 -> 0.82 | L7: =IFERROR(I7/J7-1,"신규편입") -> 0.10635538 | M7: =VLOOKUP(N7,유니버스!$C$14:$D$2561,2,0) -> KQ | N7: ='RISE 바이오TOP10액티브'!B13 -> 리가켐바이오 | O7: =VLOOKUP(N7,'RISE 바이오TOP10액티브'!$B$11:$E$1000,4,0) -> 9.8 | P7: =IFERROR(VLOOKUP(N7,'RISE 바이오TOP10액티브(과거)'!$B$11:$E$1000,4,0),0) -> 14.15 | Q7: =O7-P7 -> -4.35 | R7: =IFERROR(O7/P7-1,"신규편입") -> -0.30742049
A8: =VLOOKUP(B8,유니버스!$C$14:$D$2561,2,0) -> KQ | B8: ='TIMEFOLIO K바이오액티브'!B14 -> 올릭스 | C8: =VLOOKUP(B8,'TIMEFOLIO K바이오액티브'!$B$11:$E$1000,4,0) -> 6.61 | D8: =IFERROR(VLOOKUP(B8,'TIMEFOLIO K바이오액티브(과거)'!$B$11:$E$1000,4,0),0) -> 6.96 | E8: =C8-D8 -> -0.35 | F8: =IFERROR(C8/D8-1,"신규편입") -> -0.050287356 | G8: =VLOOKUP(H8,유니버스!$C$14:$D$2561,2,0) -> KQ | H8: ='KoAct 바이오헬스케어액티브'!B14 -> 에이비엘바이오 | I8: =VLOOKUP(H8,'KoAct 바이오헬스케어액티브'!$B$11:$E$1000,4,0) -> 8.18 | J8: =IFERROR(VLOOKUP(H8,'KoAct 바이오헬스케어액티브(과거)'!$B$11:$E$1000,4,0),0) -> 8.06 | K8: =I8-J8 -> 0.12 | L8: =IFERROR(I8/J8-1,"신규편입") -> 0.014888337 | M8: =VLOOKUP(N8,유니버스!$C$14:$D$2561,2,0) -> KQ | N8: ='RISE 바이오TOP10액티브'!B14 -> 에이비엘바이오 | O8: =VLOOKUP(N8,'RISE 바이오TOP10액티브'!$B$11:$E$1000,4,0) -> 8.76 | P8: =IFERROR(VLOOKUP(N8,'RISE 바이오TOP10액티브(과거)'!$B$11:$E$1000,4,0),0) -> 8.63 | Q8: =O8-P8 -> 0.13 | R8: =IFERROR(O8/P8-1,"신규편입") -> 0.015063731
A9: =VLOOKUP(B9,유니버스!$C$14:$D$2561,2,0) -> KS | B9: ='TIMEFOLIO K바이오액티브'!B15 -> 한미약품 | C9: =VLOOKUP(B9,'TIMEFOLIO K바이오액티브'!$B$11:$E$1000,4,0) -> 5.67 | D9: =IFERROR(VLOOKUP(B9,'TIMEFOLIO K바이오액티브(과거)'!$B$11:$E$1000,4,0),0) -> 5.67 | E9: =C9-D9 -> 0 | F9: =IFERROR(C9/D9-1,"신규편입") -> 0 | G9: =VLOOKUP(H9,유니버스!$C$14:$D$2561,2,0) -> KQ | H9: ='KoAct 바이오헬스케어액티브'!B15 -> 리가켐바이오 | I9: =VLOOKUP(H9,'KoAct 바이오헬스케어액티브'!$B$11:$E$1000,4,0) -> 7.64 | J9: =IFERROR(VLOOKUP(H9,'KoAct 바이오헬스케어액티브(과거)'!$B$11:$E$1000,4,0),0) -> 9.51 | K9: =I9-J9 -> -1.87 | L9: =IFERROR(I9/J9-1,"신규편입") -> -0.19663512 | M9: =VLOOKUP(N9,유니버스!$C$14:$D$2561,2,0) -> KQ | N9: ='RISE 바이오TOP10액티브'!B15 -> 리브스메드 | O9: =VLOOKUP(N9,'RISE 바이오TOP10액티브'!$B$11:$E$1000,4,0) -> 4.68 | P9: =IFERROR(VLOOKUP(N9,'RISE 바이오TOP10액티브(과거)'!$B$11:$E$1000,4,0),0) -> 3.94 | Q9: =O9-P9 -> 0.74 | R9: =IFERROR(O9/P9-1,"신규편입") -> 0.18781726
A10: =VLOOKUP(B10,유니버스!$C$14:$D$2561,2,0) -> KQ | B10: ='TIMEFOLIO K바이오액티브'!B16 -> 리가켐바이오 | C10: =VLOOKUP(B10,'TIMEFOLIO K바이오액티브'!$B$11:$E$1000,4,0) -> 5.46 | D10: =IFERROR(VLOOKUP(B10,'TIMEFOLIO K바이오액티브(과거)'!$B$11:$E$1000,4,0),0) -> 6.91 | E10: =C10-D10 -> -1.45 | F10: =IFERROR(C10/D10-1,"신규편입") -> -0.20984081 | G10: =VLOOKUP(H10,유니버스!$C$14:$D$2561,2,0) -> KQ | H10: ='KoAct 바이오헬스케어액티브'!B16 -> 에스티팜 | I10: =VLOOKUP(H10,'KoAct 바이오헬스케어액티브'!$B$11:$E$1000,4,0) -> 7.39 | J10: =IFERROR(VLOOKUP(H10,'KoAct 바이오헬스케어액티브(과거)'!$B$11:$E$1000,4,0),0) -> 6.95 | K10: =I10-J10 -> 0.44 | L10: =IFERROR(I10/J10-1,"신규편입") -> 0.063309353 | M10: =VLOOKUP(N10,유니버스!$C$14:$D$2561,2,0) -> KS | N10: ='RISE 바이오TOP10액티브'!B16 -> 한올바이오파마 | O10: =VLOOKUP(N10,'RISE 바이오TOP10액티브'!$B$11:$E$1000,4,0) -> 4.36 | P10: =IFERROR(VLOOKUP(N10,'RISE 바이오TOP10액티브(과거)'!$B$11:$E$1000,4,0),0) -> 3.61 | Q10: =O10-P10 -> 0.75 | R10: =IFERROR(O10/P10-1,"신규편입") -> 0.20775623
A11: =VLOOKUP(B11,유니버스!$C$14:$D$2561,2,0) -> KQ | B11: ='TIMEFOLIO K바이오액티브'!B17 -> 에스티팜 | C11: =VLOOKUP(B11,'TIMEFOLIO K바이오액티브'!$B$11:$E$1000,4,0) -> 4.12 | D11: =IFERROR(VLOOKUP(B11,'TIMEFOLIO K바이오액티브(과거)'!$B$11:$E$1000,4,0),0) -> 3.94 | E11: =C11-D11 -> 0.18 | F11: =IFERROR(C11/D11-1,"신규편입") -> 0.045685279 | G11: =VLOOKUP(H11,유니버스!$C$14:$D$2561,2,0) -> KQ | H11: ='KoAct 바이오헬스케어액티브'!B17 -> 알지노믹스 | I11: =VLOOKUP(H11,'KoAct 바이오헬스케어액티브'!$B$11:$E$1000,4,0) -> 5.86 | J11: =IFERROR(VLOOKUP(H11,'KoAct 바이오헬스케어액티브(과거)'!$B$11:$E$1000,4,0),0) -> 6.05 | K11: =I11-J11 -> -0.19 | L11: =IFERROR(I11/J11-1,"신규편입") -> -0.031404959 | M11: =VLOOKUP(N11,유니버스!$C$14:$D$2561,2,0) -> KQ | N11: ='RISE 바이오TOP10액티브'!B17 -> 에스티팜 | O11: =VLOOKUP(N11,'RISE 바이오TOP10액티브'!$B$11:$E$1000,4,0) -> 3.73 | P11: =IFERROR(VLOOKUP(N11,'RISE 바이오TOP10액티브(과거)'!$B$11:$E$1000,4,0),0) -> 3.51 | Q11: =O11-P11 -> 0.22 | R11: =IFERROR(O11/P11-1,"신규편입") -> 0.062678063
A12: =VLOOKUP(B12,유니버스!$C$14:$D$2561,2,0) -> KQ | B12: ='TIMEFOLIO K바이오액티브'!B18 -> 에이비엘바이오 | C12: =VLOOKUP(B12,'TIMEFOLIO K바이오액티브'!$B$11:$E$1000,4,0) -> 3.57 | D12: =IFERROR(VLOOKUP(B12,'TIMEFOLIO K바이오액티브(과거)'!$B$11:$E$1000,4,0),0) -> 3.58 | E12: =C12-D12 -> -0.01 | F12: =IFERROR(C12/D12-1,"신규편입") -> -0.0027932961 | G12: =VLOOKUP(H12,유니버스!$C$14:$D$2561,2,0) -> KQ | H12: ='KoAct 바이오헬스케어액티브'!B18 -> 에이프릴바이오 | I12: =VLOOKUP(H12,'KoAct 바이오헬스케어액티브'!$B$11:$E$1000,4,0) -> 5.31 | J12: =IFERROR(VLOOKUP(H12,'KoAct 바이오헬스케어액티브(과거)'!$B$11:$E$1000,4,0),0) -> 5.66 | K12: =I12-J12 -> -0.35 | L12: =IFERROR(I12/J12-1,"신규편입") -> -0.061837456 | M12: =VLOOKUP(N12,유니버스!$C$14:$D$2561,2,0) -> KQ | N12: ='RISE 바이오TOP10액티브'!B18 -> 티움바이오 | O12: =VLOOKUP(N12,'RISE 바이오TOP10액티브'!$B$11:$E$1000,4,0) -> 3.29 | P12: =IFERROR(VLOOKUP(N12,'RISE 바이오TOP10액티브(과거)'!$B$11:$E$1000,4,0),0) -> 3.1 | Q12: =O12-P12 -> 0.19 | R12: =IFERROR(O12/P12-1,"신규편입") -> 0.061290323
A13: =VLOOKUP(B13,유니버스!$C$14:$D$2561,2,0) -> KQ | B13: ='TIMEFOLIO K바이오액티브'!B19 -> 에이프릴바이오 | C13: =VLOOKUP(B13,'TIMEFOLIO K바이오액티브'!$B$11:$E$1000,4,0) -> 3.2 | D13: =IFERROR(VLOOKUP(B13,'TIMEFOLIO K바이오액티브(과거)'!$B$11:$E$1000,4,0),0) -> 3.47 | E13: =C13-D13 -> -0.27 | F13: =IFERROR(C13/D13-1,"신규편입") -> -0.077809798 | G13: =VLOOKUP(H13,유니버스!$C$14:$D$2561,2,0) -> KQ | H13: ='KoAct 바이오헬스케어액티브'!B19 -> 보로노이 | I13: =VLOOKUP(H13,'KoAct 바이오헬스케어액티브'!$B$11:$E$1000,4,0) -> 4.25 | J13: =IFERROR(VLOOKUP(H13,'KoAct 바이오헬스케어액티브(과거)'!$B$11:$E$1000,4,0),0) -> 4.02 | K13: =I13-J13 -> 0.23 | L13: =IFERROR(I13/J13-1,"신규편입") -> 0.05721393 | M13: =VLOOKUP(N13,유니버스!$C$14:$D$2561,2,0) -> KQ | N13: ='RISE 바이오TOP10액티브'!B19 -> 코오롱티슈진 | O13: =VLOOKUP(N13,'RISE 바이오TOP10액티브'!$B$11:$E$1000,4,0) -> 3.25 | P13: =IFERROR(VLOOKUP(N13,'RISE 바이오TOP10액티브(과거)'!$B$11:$E$1000,4,0),0) -> 3.19 | Q13: =O13-P13 -> 0.06 | R13: =IFERROR(O13/P13-1,"신규편입") -> 0.018808777
A14: =VLOOKUP(B14,유니버스!$C$14:$D$2561,2,0) -> KQ | B14: ='TIMEFOLIO K바이오액티브'!B20 -> 알지노믹스 | C14: =VLOOKUP(B14,'TIMEFOLIO K바이오액티브'!$B$11:$E$1000,4,0) -> 2.55 | D14: =IFERROR(VLOOKUP(B14,'TIMEFOLIO K바이오액티브(과거)'!$B$11:$E$1000,4,0),0) -> 2.68 | E14: =C14-D14 -> -0.13 | F14: =IFERROR(C14/D14-1,"신규편입") -> -0.048507463 | G14: =VLOOKUP(H14,유니버스!$C$14:$D$2561,2,0) -> KS | H14: ='KoAct 바이오헬스케어액티브'!B20 -> 한미약품 | I14: =VLOOKUP(H14,'KoAct 바이오헬스케어액티브'!$B$11:$E$1000,4,0) -> 4.01 | J14: =IFERROR(VLOOKUP(H14,'KoAct 바이오헬스케어액티브(과거)'!$B$11:$E$1000,4,0),0) -> 3.94 | K14: =I14-J14 -> 0.07 | L14: =IFERROR(I14/J14-1,"신규편입") -> 0.017766497 | M14: =VLOOKUP(N14,유니버스!$C$14:$D$2561,2,0) -> KQ | N14: ='RISE 바이오TOP10액티브'!B20 -> 보로노이 | O14: =VLOOKUP(N14,'RISE 바이오TOP10액티브'!$B$11:$E$1000,4,0) -> 3.14 | P14: =IFERROR(VLOOKUP(N14,'RISE 바이오TOP10액티브(과거)'!$B$11:$E$1000,4,0),0) -> 2.98 | Q14: =O14-P14 -> 0.16 | R14: =IFERROR(O14/P14-1,"신규편입") -> 0.053691275
A15: =VLOOKUP(B15,유니버스!$C$14:$D$2561,2,0) -> KS | B15: ='TIMEFOLIO K바이오액티브'!B21 -> 삼성에피스홀딩스 | C15: =VLOOKUP(B15,'TIMEFOLIO K바이오액티브'!$B$11:$E$1000,4,0) -> 2.52 | D15: =IFERROR(VLOOKUP(B15,'TIMEFOLIO K바이오액티브(과거)'!$B$11:$E$1000,4,0),0) -> 2.43 | E15: =C15-D15 -> 0.09 | F15: =IFERROR(C15/D15-1,"신규편입") -> 0.037037037 | G15: =VLOOKUP(H15,유니버스!$C$14:$D$2561,2,0) -> KS | H15: ='KoAct 바이오헬스케어액티브'!B21 -> 녹십자 | I15: =VLOOKUP(H15,'KoAct 바이오헬스케어액티브'!$B$11:$E$1000,4,0) -> 3.48 | J15: =IFERROR(VLOOKUP(H15,'KoAct 바이오헬스케어액티브(과거)'!$B$11:$E$1000,4,0),0) -> 3.61 | K15: =I15-J15 -> -0.13 | L15: =IFERROR(I15/J15-1,"신규편입") -> -0.03601108 | M15: =VLOOKUP(N15,유니버스!$C$14:$D$2561,2,0) -> #N/A | N15: ='RISE 바이오TOP10액티브'!B21 -> 리센스메디컬 | O15: =VLOOKUP(N15,'RISE 바이오TOP10액티브'!$B$11:$E$1000,4,0) -> 2.94 | P15: =IFERROR(VLOOKUP(N15,'RISE 바이오TOP10액티브(과거)'!$B$11:$E$1000,4,0),0) -> 2.65 | Q15: =O15-P15 -> 0.29 | R15: =IFERROR(O15/P15-1,"신규편입") -> 0.10943396
A16: =VLOOKUP(B16,유니버스!$C$14:$D$2561,2,0) -> KQ | B16: ='TIMEFOLIO K바이오액티브'!B22 -> 셀트리온제약 | C16: =VLOOKUP(B16,'TIMEFOLIO K바이오액티브'!$B$11:$E$1000,4,0) -> 2.52 | D16: =IFERROR(VLOOKUP(B16,'TIMEFOLIO K바이오액티브(과거)'!$B$11:$E$1000,4,0),0) -> 2.44 | E16: =C16-D16 -> 0.08 | F16: =IFERROR(C16/D16-1,"신규편입") -> 0.032786885 | G16: =VLOOKUP(H16,유니버스!$C$14:$D$2561,2,0) -> KQ | H16: ='KoAct 바이오헬스케어액티브'!B22 -> 디앤디파마텍 | I16: =VLOOKUP(H16,'KoAct 바이오헬스케어액티브'!$B$11:$E$1000,4,0) -> 3.29 | J16: =IFERROR(VLOOKUP(H16,'KoAct 바이오헬스케어액티브(과거)'!$B$11:$E$1000,4,0),0) -> 3.38 | K16: =I16-J16 -> -0.09 | L16: =IFERROR(I16/J16-1,"신규편입") -> -0.026627219 | M16: =VLOOKUP(N16,유니버스!$C$14:$D$2561,2,0) -> KQ | N16: ='RISE 바이오TOP10액티브'!B22 -> 앱클론 | O16: =VLOOKUP(N16,'RISE 바이오TOP10액티브'!$B$11:$E$1000,4,0) -> 2.83 | P16: =IFERROR(VLOOKUP(N16,'RISE 바이오TOP10액티브(과거)'!$B$11:$E$1000,4,0),0) -> 2.54 | Q16: =O16-P16 -> 0.29 | R16: =IFERROR(O16/P16-1,"신규편입") -> 0.11417323
... A30: =VLOOKUP(B30,유니버스!$C$14:$D$2561,2,0) -> KS | B30: ='TIMEFOLIO K바이오액티브'!B36 -> 유한양행 | C30: =VLOOKUP(B30,'TIMEFOLIO K바이오액티브'!$B$11:$E$1000,4,0) -> 1.09 | D30: =IFERROR(VLOOKUP(B30,'TIMEFOLIO K바이오액티브(과거)'!$B$11:$E$1000,4,0),0) -> 1.03 | E30: =C30-D30 -> 0.06 | F30: =IFERROR(C30/D30-1,"신규편입") -> 0.058252427 | G30: =VLOOKUP(H30,유니버스!$C$14:$D$2561,2,0) -> KQ | H30: ='KoAct 바이오헬스케어액티브'!B36 -> 로킷헬스케어 | I30: =VLOOKUP(H30,'KoAct 바이오헬스케어액티브'!$B$11:$E$1000,4,0) -> 0.46 | J30: =IFERROR(VLOOKUP(H30,'KoAct 바이오헬스케어액티브(과거)'!$B$11:$E$1000,4,0),0) -> 0.65 | K30: =I30-J30 -> -0.19 | L30: =IFERROR(I30/J30-1,"신규편입") -> -0.29230769 | M30: =VLOOKUP(N30,유니버스!$C$14:$D$2561,2,0) -> #N/A | N30: ='RISE 바이오TOP10액티브'!B36 -> 원화현금 | O30: =VLOOKUP(N30,'RISE 바이오TOP10액티브'!$B$11:$E$1000,4,0) -> 1.21 | P30: =IFERROR(VLOOKUP(N30,'RISE 바이오TOP10액티브(과거)'!$B$11:$E$1000,4,0),0) -> 0.31 | Q30: =O30-P30 -> 0.9 | R30: =IFERROR(O30/P30-1,"신규편입") -> 2.9032258
A31: =VLOOKUP(B31,유니버스!$C$14:$D$2561,2,0) -> KQ | B31: ='TIMEFOLIO K바이오액티브'!B37 -> 고영 | C31: =VLOOKUP(B31,'TIMEFOLIO K바이오액티브'!$B$11:$E$1000,4,0) -> 0.95 | D31: =IFERROR(VLOOKUP(B31,'TIMEFOLIO K바이오액티브(과거)'!$B$11:$E$1000,4,0),0) -> 0.85 | E31: =C31-D31 -> 0.1 | F31: =IFERROR(C31/D31-1,"신규편입") -> 0.11764706 | G31: =VLOOKUP(H31,유니버스!$C$14:$D$2561,2,0) -> KS | H31: ='KoAct 바이오헬스케어액티브'!B37 -> 일동제약 | I31: =VLOOKUP(H31,'KoAct 바이오헬스케어액티브'!$B$11:$E$1000,4,0) -> 0.38 | J31: =IFERROR(VLOOKUP(H31,'KoAct 바이오헬스케어액티브(과거)'!$B$11:$E$1000,4,0),0) -> 0.36 | K31: =I31-J31 -> 0.02 | L31: =IFERROR(I31/J31-1,"신규편입") -> 0.055555556
A32: =VLOOKUP(B32,유니버스!$C$14:$D$2561,2,0) -> KQ | B32: ='TIMEFOLIO K바이오액티브'!B38 -> 에임드바이오 | C32: =VLOOKUP(B32,'TIMEFOLIO K바이오액티브'!$B$11:$E$1000,4,0) -> 0.89 | D32: =IFERROR(VLOOKUP(B32,'TIMEFOLIO K바이오액티브(과거)'!$B$11:$E$1000,4,0),0) -> 0.96 | E32: =C32-D32 -> -0.07 | F32: =IFERROR(C32/D32-1,"신규편입") -> -0.072916667 | G32: =VLOOKUP(H32,유니버스!$C$14:$D$2561,2,0) -> KS | H32: ='KoAct 바이오헬스케어액티브'!B38 -> 삼성바이오로직스 | I32: =VLOOKUP(H32,'KoAct 바이오헬스케어액티브'!$B$11:$E$1000,4,0) -> 0.16 | J32: =IFERROR(VLOOKUP(H32,'KoAct 바이오헬스케어액티브(과거)'!$B$11:$E$1000,4,0),0) -> 0.58 | K32: =I32-J32 -> -0.42 | L32: =IFERROR(I32/J32-1,"신규편입") -> -0.72413793
A33: =VLOOKUP(B33,유니버스!$C$14:$D$2561,2,0) -> KS | B33: ='TIMEFOLIO K바이오액티브'!B39 -> 한올바이오파마 | C33: =VLOOKUP(B33,'TIMEFOLIO K바이오액티브'!$B$11:$E$1000,4,0) -> 0.8 | D33: =IFERROR(VLOOKUP(B33,'TIMEFOLIO K바이오액티브(과거)'!$B$11:$E$1000,4,0),0) -> 0.67 | E33: =C33-D33 -> 0.13 | F33: =IFERROR(C33/D33-1,"신규편입") -> 0.19402985 | G33: =VLOOKUP(H33,유니버스!$C$14:$D$2561,2,0) -> #N/A | H33: ='KoAct 바이오헬스케어액티브'!B39 -> 원화현금 | I33: =VLOOKUP(H33,'KoAct 바이오헬스케어액티브'!$B$11:$E$1000,4,0) -> 0.37 | J33: =IFERROR(VLOOKUP(H33,'KoAct 바이오헬스케어액티브(과거)'!$B$11:$E$1000,4,0),0) -> 1.03 | K33: =I33-J33 -> -0.66 | L33: =IFERROR(I33/J33-1,"신규편입") -> -0.6407767
A34: =VLOOKUP(B34,유니버스!$C$14:$D$2561,2,0) -> KQ | B34: ='TIMEFOLIO K바이오액티브'!B40 -> 디앤디파마텍 | C34: =VLOOKUP(B34,'TIMEFOLIO K바이오액티브'!$B$11:$E$1000,4,0) -> 0.78 | D34: =IFERROR(VLOOKUP(B34,'TIMEFOLIO K바이오액티브(과거)'!$B$11:$E$1000,4,0),0) -> 0.82 | E34: =C34-D34 -> -0.04 | F34: =IFERROR(C34/D34-1,"신규편입") -> -0.048780488
A35: =VLOOKUP(B35,유니버스!$C$14:$D$2561,2,0) -> KQ | B35: ='TIMEFOLIO K바이오액티브'!B41 -> 앱클론 | C35: =VLOOKUP(B35,'TIMEFOLIO K바이오액티브'!$B$11:$E$1000,4,0) -> 0.77 | D35: =IFERROR(VLOOKUP(B35,'TIMEFOLIO K바이오액티브(과거)'!$B$11:$E$1000,4,0),0) -> 0.71 | E35: =C35-D35 -> 0.06 | F35: =IFERROR(C35/D35-1,"신규편입") -> 0.084507042
A36: =VLOOKUP(B36,유니버스!$C$14:$D$2561,2,0) -> #N/A | B36: ='TIMEFOLIO K바이오액티브'!B42 -> 메쥬 | C36: =VLOOKUP(B36,'TIMEFOLIO K바이오액티브'!$B$11:$E$1000,4,0) -> 0.67 | D36: =IFERROR(VLOOKUP(B36,'TIMEFOLIO K바이오액티브(과거)'!$B$11:$E$1000,4,0),0) -> 0.66 | E36: =C36-D36 -> 0.01 | F36: =IFERROR(C36/D36-1,"신규편입") -> 0.015151515
A37: =VLOOKUP(B37,유니버스!$C$14:$D$2561,2,0) -> KQ | B37: ='TIMEFOLIO K바이오액티브'!B43 -> HK이노엔 | C37: =VLOOKUP(B37,'TIMEFOLIO K바이오액티브'!$B$11:$E$1000,4,0) -> 0.59 | D37: =IFERROR(VLOOKUP(B37,'TIMEFOLIO K바이오액티브(과거)'!$B$11:$E$1000,4,0),0) -> 0.6 | E37: =C37-D37 -> -0.01 | F37: =IFERROR(C37/D37-1,"신규편입") -> -0.016666667
A38: =VLOOKUP(B38,유니버스!$C$14:$D$2561,2,0) -> KQ | B38: ='TIMEFOLIO K바이오액티브'!B44 -> 토모큐브 | C38: =VLOOKUP(B38,'TIMEFOLIO K바이오액티브'!$B$11:$E$1000,4,0) -> 0.57 | D38: =IFERROR(VLOOKUP(B38,'TIMEFOLIO K바이오액티브(과거)'!$B$11:$E$1000,4,0),0) -> 0.59 | E38: =C38-D38 -> -0.02 | F38: =IFERROR(C38/D38-1,"신규편입") -> -0.033898305
A39: =VLOOKUP(B39,유니버스!$C$14:$D$2561,2,0) -> KQ | B39: ='TIMEFOLIO K바이오액티브'!B45 -> 프로티나 | C39: =VLOOKUP(B39,'TIMEFOLIO K바이오액티브'!$B$11:$E$1000,4,0) -> 0.55 | D39: =IFERROR(VLOOKUP(B39,'TIMEFOLIO K바이오액티브(과거)'!$B$11:$E$1000,4,0),0) -> 0.59 | E39: =C39-D39 -> -0.04 | F39: =IFERROR(C39/D39-1,"신규편입") -> -0.06779661
A40: =VLOOKUP(B40,유니버스!$C$14:$D$2561,2,0) -> KQ | B40: ='TIMEFOLIO K바이오액티브'!B46 -> 지아이이노베이션 | C40: =VLOOKUP(B40,'TIMEFOLIO K바이오액티브'!$B$11:$E$1000,4,0) -> 0.3 | D40: =IFERROR(VLOOKUP(B40,'TIMEFOLIO K바이오액티브(과거)'!$B$11:$E$1000,4,0),0) -> 0.31 | E40: =C40-D40 -> -0.01 | F40: =IFERROR(C40/D40-1,"신규편입") -> -0.032258065
A41: =VLOOKUP(B41,유니버스!$C$14:$D$2561,2,0) -> #N/A | B41: ='TIMEFOLIO K바이오액티브'!B47 -> 원화현금 | C41: =VLOOKUP(B41,'TIMEFOLIO K바이오액티브'!$B$11:$E$1000,4,0) -> 1.97 | D41: =IFERROR(VLOOKUP(B41,'TIMEFOLIO K바이오액티브(과거)'!$B$11:$E$1000,4,0),0) -> 1.87 | E41: =C41-D41 -> 0.1 | F41: =IFERROR(C41/D41-1,"신규편입") -> 0.053475936

Sheet 유니버스
B1: Refresh | C1: Last Update : 2026-05-22 16:24:19 | E1: =COLUMN()-1 -> 4 | F1: =COLUMN()-1 -> 5 | G1: =COLUMN()-1 -> 6
B3: Peer Analysis (In Sector) 전체기업
B4: Sector | C4: W00 | D4: Korean
B5: Account Type | C5: All Listed | D5: Co
B6: Composition Date | C6: 20260227 | D6: COM
D7: 0
F8: 0 | G8: 0.5
C9: Account | D9: R100100 | E9: S102100 | F9: S107810 | G9: E610550.M
C10: Period | E10: =C6 -> 20260227 | F10: =C6 -> 20260227
C11: Unit | D11: Txt | E11: KRW BIL | F11: KRW BIL | G11: #
C12: Base Date | G12: =C6 -> 20260227
B13: Code | C13: Name | D13: 시장구분 | E13: 시가총액 | F13: 120일평균거래대금 | G13: EPS참여증권사(지배)
B14: A000020 | C14: 동화약품 | D14: KS | E14: 175.97 | F14: 0.45 | I14: =IF((G14>$G$8),E14+ROW()/100000,"") | J14: =C14 -> 동화약품 | K14: =B14 -> A000020
B15: A000040 | C15: KR모터스 | D15: KS | E15: 34.2 | F15: 0.14 | I15: =IF((G15>$G$8),E15+ROW()/100000,"") | J15: =C15 -> KR모터스 | K15: =B15 -> A000040
B16: A000050 | C16: 경방 | D16: KS | E16: 279.64 | F16: 4.57 | I16: =IF((G16>$G$8),E16+ROW()/100000,"") | J16: =C16 -> 경방 | K16: =B16 -> A000050
B17: A000070 | C17: 삼양홀딩스 | D17: KS | E17: 578.36 | F17: 2.19 | I17: =IF((G17>$G$8),E17+ROW()/100000,"") | J17: =C17 -> 삼양홀딩스 | K17: =B17 -> A000070
B18: A000080 | C18: 하이트진로 | D18: KS | E18: 1246.27 | F18: 3.05 | G18: 7 | I18: =IF((G18>$G$8),E18+ROW()/100000,"") -> 1246.2702 | J18: =C18 -> 하이트진로 | K18: =B18 -> A000080
B19: A000100 | C19: 유한양행 | D19: KS | E19: 8777.17 | F19: 45.58 | G19: 17 | J19: =C19 -> 유한양행 | K19: =B19 -> A000100
B20: A000120 | C20: CJ대한통운 | D20: KS | E20: 3011.23 | F20: 8.93 | G20: 12 | I20: =IF((G20>$G$8),E20+ROW()/100000,"") -> 3011.2302 | J20: =C20 -> CJ대한통운 | K20: =B20 -> A000120
B21: A000140 | C21: 하이트진로홀딩스 | D21: KS | E21: 226.03 | F21: 0.29 | I21: =IF((G21>$G$8),E21+ROW()/100000,"") | J21: =C21 -> 하이트진로홀딩스 | K21: =B21 -> A000140
B22: A000150 | C22: 두산 | D22: KS | E22: 20695.72 | F22: 118.13 | G22: 9 | I22: =IF((G22>$G$8),E22+ROW()/100000,"") -> 20695.72 | J22: =C22 -> 두산 | K22: =B22 -> A000150
B23: A000180 | C23: 성창기업지주 | D23: KS | E23: 116.28 | F23: 0.2 | I23: =IF((G23>$G$8),E23+ROW()/100000,"") | J23: =C23 -> 성창기업지주 | K23: =B23 -> A000180
B24: A0001A0 | C24: 덕양에너젠 | D24: KQ | E24: 536.73 | F24: 289.79 | I24: =IF((G24>$G$8),E24+ROW()/100000,"") | J24: =C24 -> 덕양에너젠 | K24: =B24 -> A0001A0
B25: A000210 | C25: DL | D25: KS | E25: 1083.42 | F25: 3.81 | G25: 1 | I25: =IF((G25>$G$8),E25+ROW()/100000,"") -> 1083.4203 | J25: =C25 -> DL | K25: =B25 -> A000210
B26: A000220 | C26: 유유제약 | D26: KS | E26: 78.6 | F26: 0.59 | J26: =C26 -> 유유제약 | K26: =B26 -> A000220
B27: A000230 | C27: 일동홀딩스 | D27: KS | E27: 133.18 | F27: 6.02 | I27: =IF((G27>$G$8),E27+ROW()/100000,"") | J27: =C27 -> 일동홀딩스 | K27: =B27 -> A000230
B28: A000240 | C28: 한국앤컴퍼니 | D28: KS | E28: 2971.47 | F28: 3 | G28: 1 | I28: =IF((G28>$G$8),E28+ROW()/100000,"") -> 2971.4703 | J28: =C28 -> 한국앤컴퍼니 | K28: =B28 -> A000240
B29: A000250 | C29: 삼천당제약 | D29: KQ | E29: 19352.41 | F29: 78.16 | G29: 1 | I29: =IF((G29>$G$8),E29+ROW()/100000,"") -> 19352.41 | J29: =C29 -> 삼천당제약 | K29: =B29 -> A000250
B30: A000270 | C30: 기아 | D30: KS | E30: 80229.87 | F30: 174.2 | G30: 26 | I30: =IF((G30>$G$8),E30+ROW()/100000,"") -> 80229.87 | J30: =C30 -> 기아 | K30: =B30 -> A000270
B31: A000300 | C31: DH오토넥스 | D31: KS | E31: 174.04 | F31: 0 | I31: =IF((G31>$G$8),E31+ROW()/100000,"") | J31: =C31 -> DH오토넥스 | K31: =B31 -> A000300
B32: A000320 | C32: 노루홀딩스 | D32: KS | E32: 357.53 | F32: 1.15 | I32: =IF((G32>$G$8),E32+ROW()/100000,"") | J32: =C32 -> 노루홀딩스 | K32: =B32 -> A000320
B33: A000370 | C33: 한화손해보험 | D33: KS | E33: 888.38 | F33: 8.16 | G33: 4 | I33: =IF((G33>$G$8),E33+ROW()/100000,"") -> 888.38033 | J33: =C33 -> 한화손해보험 | K33: =B33 -> A000370
B34: A000390 | C34: SP삼화 | D34: KS | E34: 235.85 | F34: 11.29 | I34: =IF((G34>$G$8),E34+ROW()/100000,"") | J34: =C34 -> SP삼화 | K34: =B34 -> A000390
B35: A000400 | C35: 롯데손해보험 | D35: KS | E35: 713.77 | F35: 4.72 | I35: =IF((G35>$G$8),E35+ROW()/100000,"") | J35: =C35 -> 롯데손해보험 | K35: =B35 -> A000400
B36: A000430 | C36: 대원강업 | D36: KS | E36: 274.04 | F36: 0.59 | I36: =IF((G36>$G$8),E36+ROW()/100000,"") | J36: =C36 -> 대원강업 | K36: =B36 -> A000430
B37: A000440 | C37: 중앙에너비스 | D37: KQ | E37: 121.06 | F37: 2.05 | I37: =IF((G37>$G$8),E37+ROW()/100000,"") | J37: =C37 -> 중앙에너비스 | K37: =B37 -> A000440
B38: A000480 | C38: CR홀딩스 | D38: KS | E38: 237.27 | F38: 0.28 | I38: =IF((G38>$G$8),E38+ROW()/100000,"") | J38: =C38 -> CR홀딩스 | K38: =B38 -> A000480
B39: A000490 | C39: 대동 | D39: KS | E39: 325.74 | F39: 4.85 | I39: =IF((G39>$G$8),E39+ROW()/100000,"") | J39: =C39 -> 대동 | K39: =B39 -> A000490
B40: A0004V0 | C40: 엔비알모션 | D40: KQ | E40: 229.94 | F40: 69.54 | I40: =IF((G40>$G$8),E40+ROW()/100000,"") | J40: =C40 -> 엔비알모션 | K40: =B40 -> A0004V0
B41: A000500 | C41: 가온전선 | D41: KS | E41: 1960.36 | F41: 6.73 | I41: =IF((G41>$G$8),E41+ROW()/100000,"") | J41: =C41 -> 가온전선 | K41: =B41 -> A000500
B42: A000520 | C42: 삼일제약 | D42: KS | E42: 242.51 | F42: 3.99 | G42: 1 | J42: =C42 -> 삼일제약 | K42: =B42 -> A000520
B43: A000540 | C43: 흥국화재 | D43: KS | E43: 337.27 | F43: 2.3 | I43: =IF((G43>$G$8),E43+ROW()/100000,"") | J43: =C43 -> 흥국화재 | K43: =B43 -> A000540
B44: A000590 | C44: CS홀딩스 | D44: KS | E44: 101.36 | F44: 0.1 | I44: =IF((G44>$G$8),E44+ROW()/100000,"") | J44: =C44 -> CS홀딩스 | K44: =B44 -> A000590
B45: A000640 | C45: 동아쏘시오홀딩스 | D45: KS | E45: 764.11 | F45: 1.66 | I45: =IF((G45>$G$8),E45+ROW()/100000,"") | J45: =C45 -> 동아쏘시오홀딩스 | K45: =B45 -> A000640
B46: A000650 | C46: 천일고속 | D46: KS | E46: 386.6 | F46: 22.31 | I46: =IF((G46>$G$8),E46+ROW()/100000,"") | J46: =C46 -> 천일고속 | K46: =B46 -> A000650
B47: A000660 | C47: SK하이닉스 | D47: KS | E47: 756177.21 | F47: 2520.34 | G47: 25 | I47: =IF((G47>$G$8),E47+ROW()/100000,"") -> 756177.21 | J47: =C47 -> SK하이닉스 | K47: =B47 -> A000660
B48: A000670 | C48: 영풍 | D48: KS | E48: 1167.84 | F48: 3.04 | I48: =IF((G48>$G$8),E48+ROW()/100000,"") | J48: =C48 -> 영풍 | K48: =B48 -> A000670
B49: A000680 | C49: LS네트웍스 | D49: KS | E49: 270.69 | F49: 0.95 | I49: =IF((G49>$G$8),E49+ROW()/100000,"") | J49: =C49 -> LS네트웍스 | K49: =B49 -> A000680
B50: A000700 | C50: 유수홀딩스 | D50: KS | E50: 161.46 | F50: 0.14 | I50: =IF((G50>$G$8),E50+ROW()/100000,"") | J50: =C50 -> 유수홀딩스 | K50: =B50 -> A000700
B51: A000720 | C51: 현대건설 | D51: KS | E51: 18340.29 | F51: 151.66 | G51: 21 | I51: =IF((G51>$G$8),E51+ROW()/100000,"") -> 18340.291 | J51: =C51 -> 현대건설 | K51: =B51 -> A000720
B52: A000760 | C52: 이화산업 | D52: KS | E52: 47.6 | F52: 0.66 | I52: =IF((G52>$G$8),E52+ROW()/100000,"") | J52: =C52 -> 이화산업 | K52: =B52 -> A000760
B53: A0007C0 | C53: 아크릴 | D53: KQ | E53: 328.44 | F53: 94.8 | I53: =IF((G53>$G$8),E53+ROW()/100000,"") | J53: =C53 -> 아크릴 | K53: =B53 -> A0007C0
B54: A000810 | C54: 삼성화재 | D54: KS | E54: 24385.91 | F54: 47.82 | G54: 14 | J54: =C54 -> 삼성화재 | K54: =B54 -> A000810
B55: A000850 | C55: 화천기공 | D55: KS | E55: 87.89 | F55: 1.09 | I55: =IF((G55>$G$8),E55+ROW()/100000,"") | J55: =C55 -> 화천기공 | K55: =B55 -> A000850
B56: A000860 | C56: 강남제비스코 | D56: KS | E56: 230.75 | F56: 0.93 | I56: =IF((G56>$G$8),E56+ROW()/100000,"") | J56: =C56 -> 강남제비스코 | K56: =B56 -> A000860
B57: A000880 | C57: 한화 | D57: KS | E57: 10239.36 | F57: 47.82 | G57: 10 | I57: =IF((G57>$G$8),E57+ROW()/100000,"") -> 10239.361 | J57: =C57 -> 한화 | K57: =B57 -> A000880
B58: A000890 | C58: 보해양조 | D58: KS | E58: 68.23 | F58: 0.35 | I58: =IF((G58>$G$8),E58+ROW()/100000,"") | J58: =C58 -> 보해양조 | K58: =B58 -> A000890
B59: A0008Z0 | C59: 에스엔시스 | D59: KQ | E59: 307.16 | F59: 7.46 | G59: 1 | I59: =IF((G59>$G$8),E59+ROW()/100000,"") -> 307.16059 | J59: =C59 -> 에스엔시스 | K59: =B59 -> A0008Z0
B60: A000910 | C60: 유니온 | D60: KS | E60: 67.36 | F60: 2.78 | I60: =IF((G60>$G$8),E60+ROW()/100000,"") | J60: =C60 -> 유니온 | K60: =B60 -> A000910
B61: A000950 | C61: 전방 | D61: KS | E61: 67.37 | F61: 0.19 | I61: =IF((G61>$G$8),E61+ROW()/100000,"") | J61: =C61 -> 전방 | K61: =B61 -> A000950
B62: A000970 | C62: 한국주철관 | D62: KS | E62: 158.92 | F62: 0.25 | J62: =C62 -> 한국주철관 | K62: =B62 -> A000970
B63: A000990 | C63: DB하이텍 | D63: KS | E63: 4163.39 | F63: 39.29 | G63: 2 | I63: =IF((G63>$G$8),E63+ROW()/100000,"") -> 4163.3906 | J63: =C63 -> DB하이텍 | K63: =B63 -> A000990
B64: A0009K0 | C64: 에임드바이오 | D64: KQ | E64: 3977.28 | F64: 108.5 | I64: =IF((G64>$G$8),E64+ROW()/100000,"") | J64: =C64 -> 에임드바이오 | K64: =B64 -> A0009K0
B65: A001000 | C65: 신라섬유 | D65: KQ | E65: 54.75 | F65: 0.76 | I65: =IF((G65>$G$8),E65+ROW()/100000,"") | J65: =C65 -> 신라섬유 | K65: =B65 -> A001000
B66: A001020 | C66: 페이퍼코리아 | D66: KS | E66: 151.11 | F66: 0.2 | I66: =IF((G66>$G$8),E66+ROW()/100000,"") | J66: =C66 -> 페이퍼코리아 | K66: =B66 -> A001020
B67: A001040 | C67: CJ | D67: KS | E67: 6375.17 | F67: 28.65 | G67: 6 | I67: =IF((G67>$G$8),E67+ROW()/100000,"") -> 6375.1707 | J67: =C67 -> CJ | K67: =B67 -> A001040
B68: A001060 | C68: JW중외제약 | D68: KS | E68: 842.95 | F68: 3.28 | I68: =IF((G68>$G$8),E68+ROW()/100000,"") | J68: =C68 -> JW중외제약 | K68: =B68 -> A001060
B69: A001070 | C69: 대한방직 | D69: KS | E69: 39.59 | F69: 0.15 | I69: =IF((G69>$G$8),E69+ROW()/100000,"") | J69: =C69 -> 대한방직 | K69: =B69 -> A001070
B70: A001080 | C70: 만호제강 | D70: KS | E70: 225.76 | F70: 0.95 | I70: =IF((G70>$G$8),E70+ROW()/100000,"") | J70: =C70 -> 만호제강 | K70: =B70 -> A001080
B71: A0010V0 | C71: 제이피아이헬스케어 | D71: KQ | E71: 67.9 | F71: 6.47 | I71: =IF((G71>$G$8),E71+ROW()/100000,"") | J71: =C71 -> 제이피아이헬스케어 | K71: =B71 -> A0010V0
B72: A001120 | C72: LX인터내셔널 | D72: KS | E72: 1651.18 | F72: 4.84 | G72: 7 | J72: =C72 -> LX인터내셔널 | K72: =B72 -> A001120
B73: A001130 | C73: 대한제분 | D73: KS | E73: 262.96 | F73: 0.45 | I73: =IF((G73>$G$8),E73+ROW()/100000,"") | J73: =C73 -> 대한제분 | K73: =B73 -> A001130
B74: A001200 | C74: 유진투자증권 | D74: KS | E74: 513.39 | F74: 8.3 | I74: =IF((G74>$G$8),E74+ROW()/100000,"") | J74: =C74 -> 유진투자증권 | K74: =B74 -> A001200
B75: A001210 | C75: 금호전기 | D75: KS | E75: 57.74 | F75: 2.79 | I75: =IF((G75>$G$8),E75+ROW()/100000,"") | J75: =C75 -> 금호전기 | K75: =B75 -> A001210
B76: A001230 | C76: 동국홀딩스 | D76: KS | E76: 313.55 | F76: 0.6 | I76: =IF((G76>$G$8),E76+ROW()/100000,"") | J76: =C76 -> 동국홀딩스 | K76: =B76 -> A001230
B77: A001250 | C77: GS글로벌 | D77: KS | E77: 214.59 | F77: 1.16 | I77: =IF((G77>$G$8),E77+ROW()/100000,"") | J77: =C77 -> GS글로벌 | K77: =B77 -> A001250
B78: A001260 | C78: 남광토건 | D78: KS | E78: 86.43 | F78: 0.78 | I78: =IF((G78>$G$8),E78+ROW()/100000,"") | J78: =C78 -> 남광토건 | K78: =B78 -> A001260
B79: A001270 | C79: 부국증권 | D79: KS | E79: 936.4 | F79: 6.59 | I79: =IF((G79>$G$8),E79+ROW()/100000,"") | J79: =C79 -> 부국증권 | K79: =B79 -> A001270
B80: A001290 | C80: 상상인증권 | D80: KS | E80: 162.51 | F80: 2.86 | J80: =C80 -> 상상인증권 | K80: =B80 -> A001290
B81: A001340 | C81: PKC | D81: KS | E81: 309.49 | F81: 1.18 | G81: 1 | J81: =C81 -> PKC | K81: =B81 -> A001340
B82: A001360 | C82: 삼성제약 | D82: KS | E82: 187.48 | F82: 3.77 | I82: =IF((G82>$G$8),E82+ROW()/100000,"") | J82: =C82 -> 삼성제약 | K82: =B82 -> A001360
B83: A001380 | C83: SG글로벌 | D83: KS | E83: 70.95 | F83: 0.5 | I83: =IF((G83>$G$8),E83+ROW()/100000,"") | J83: =C83 -> SG글로벌 | K83: =B83 -> A001380
B84: A001390 | C84: KG케미칼 | D84: KS | E84: 365.75 | F84: 2.58 | I84: =IF((G84>$G$8),E84+ROW()/100000,"") | J84: =C84 -> KG케미칼 | K84: =B84 -> A001390
B85: A0013V0 | C85: 삼진식품 | D85: KQ | E85: 107.02 | F85: 35.43 | G85: 1 | I85: =IF((G85>$G$8),E85+ROW()/100000,"") -> 107.02085 | J85: =C85 -> 삼진식품 | K85: =B85 -> A0013V0
B86: A001420 | C86: 태원물산 | D86: KS | E86: 22.31 | F86: 0.04 | I86: =IF((G86>$G$8),E86+ROW()/100000,"") | J86: =C86 -> 태원물산 | K86: =B86 -> A001420
B87: A001430 | C87: 세아베스틸지주 | D87: KS | E87: 2478.07 | F87: 17.83 | G87: 9 | J87: =C87 -> 세아베스틸지주 | K87: =B87 -> A001430
B88: A001440 | C88: 대한전선 | D88: KS | E88: 6712.1 | F88: 112.8 | G88: 5 | I88: =IF((G88>$G$8),E88+ROW()/100000,"") -> 6712.1009 | J88: =C88 -> 대한전선 | K88: =B88 -> A001440
B89: A001450 | C89: 현대해상 | D89: KS | E89: 3070.89 | F89: 16.58 | G89: 12 | I89: =IF((G89>$G$8),E89+ROW()/100000,"") -> 3070.8909 | J89: =C89 -> 현대해상 | K89: =B89 -> A001450
B90: A001460 | C90: BYC | D90: KS | E90: 327.92 | F90: 0.52 | I90: =IF((G90>$G$8),E90+ROW()/100000,"") | J90: =C90 -> BYC | K90: =B90 -> A001460
B91: A001470 | C91: 삼부토건 | D91: KS | E91: 79.7 | F91: 0 | I91: =IF((G91>$G$8),E91+ROW()/100000,"") | J91: =C91 -> 삼부토건 | K91: =B91 -> A001470
B92: A001500 | C92: 현대차증권 | D92: KS | E92: 806.92 | F92: 4.69 | I92: =IF((G92>$G$8),E92+ROW()/100000,"") | J92: =C92 -> 현대차증권 | K92: =B92 -> A001500
B93: A001510 | C93: SK증권 | D93: KS | E93: 1004.25 | F93: 25.9 | I93: =IF((G93>$G$8),E93+ROW()/100000,"") | J93: =C93 -> SK증권 | K93: =B93 -> A001510
B94: A001520 | C94: 동양 | D94: KS | E94: 230.57 | F94: 15.36 | I94: =IF((G94>$G$8),E94+ROW()/100000,"") | J94: =C94 -> 동양 | K94: =B94 -> A001520
B95: A001530 | C95: DI동일 | D95: KS | E95: 474.49 | F95: 2.76 | G95: 1 | I95: =IF((G95>$G$8),E95+ROW()/100000,"") -> 474.49095 | J95: =C95 -> DI동일 | K95: =B95 -> A001530
B96: A001540 | C96: 안국약품 | D96: KQ | E96: 105.25 | F96: 0.36 | J96: =C96 -> 안국약품 | K96: =B96 -> A001540
B97: A001550 | C97: 조비 | D97: KS | E97: 75.75 | F97: 1.87 | I97: =IF((G97>$G$8),E97+ROW()/100000,"") | J97: =C97 -> 조비 | K97: =B97 -> A001550
B98: A001560 | C98: 제일연마 | D98: KS | E98: 97.8 | F98: 0.08 | I98: =IF((G98>$G$8),E98+ROW()/100000,"") | J98: =C98 -> 제일연마 | K98: =B98 -> A001560
B99: A001570 | C99: 금양 | D99: KS | E99: 633.28 | F99: 0 | J99: =C99 -> 금양 | K99: =B99 -> A001570
B100: A0015G0 | C100: 그린광학 | D100: KQ | E100: 488 | F100: 81.76 | G100: 1 | I100: =IF((G100>$G$8),E100+ROW()/100000,"") -> 488.001 | J100: =C100 -> 그린광학 | K100: =B100 -> A0015G0
B101: A0015N0 | C101: 아로마티카 | D101: KQ | E101: 165.3 | F101: 32.08 | I101: =IF((G101>$G$8),E101+ROW()/100000,"") | J101: =C101 -> 아로마티카 | K101: =B101 -> A0015N0
...

Sheet 코엑트 코스닥액티브
A1: Refresh | B1: Last Update : 2026-05-22 16:24:28 | C1: 코드|구성종목|주식수(계약수)|금액|금액기준 구성비중(%)|
C2: A|B|C|D|
C3: ETP Components per CU
A4: Date | B4: CPD [20260522] | C4: Korean
A5: BaseOrder | B5: D | C5: Descending
A8: A0163Y0
A9: KoAct 코스닥액티브
A10: 코드 | B10: 구성종목 | C10: 주식수(계약수) | D10: 금액 | E10: 금액기준 구성비중(%)
A11: A043260 | B11: 성호전자 | C11: 930 | D11: 36363000 | E11: 5.86
A12: A095610 | B12: 테스 | C12: 287 | D12: 34468700 | E12: 5.56
A13: A058470 | B13: 리노공업 | C13: 298 | D13: 30992000 | E13: 5
A14: A440110 | B14: 파두 | C14: 236 | D14: 27541200 | E14: 4.44
A15: A131970 | B15: 두산테스나 | C15: 116 | D15: 19778000 | E15: 3.19
A16: A222800 | B16: 심텍 | C16: 146 | D16: 18323000 | E16: 2.95
A17: A295310 | B17: 에이치브이엠 | C17: 158 | D17: 17522200 | E17: 2.82
A18: A356860 | B18: 티엘비 | C18: 164 | D18: 17384000 | E18: 2.8
A19: A178320 | B19: 서진시스템 | C19: 216 | D19: 15595200 | E19: 2.51
A20: A036930 | B20: 주성엔지니어링 | C20: 82 | D20: 15186400 | E20: 2.45
A21: A298380 | B21: 에이비엘바이오 | C21: 132 | D21: 14506800 | E21: 2.34
A22: A196170 | B22: 알테오젠 | C22: 40 | D22: 14060000 | E22: 2.27
... A92: A122870 | B92: 와이지엔터테인먼트 | C92: 12 | D92: 564600 | E92: 0.09
B93: 원화현금 | C93: 1058676 | D93: 1058676 | E93: 0.17

Sheet 코엑트 코스닥액티브(과거)
A1: Refresh | B1: Last Update : 2026-05-22 16:24:31 | C1: 코드|구성종목|주식수(계약수)|금액|금액기준 구성비중(%)|
C2: A|B|C|D|
C3: ETP Components per CU
A4: Date | B4: 20260515 | C4: Korean
A5: BaseOrder | B5: D | C5: Descending
A8: A0163Y0
A9: KoAct 코스닥액티브
A10: 코드 | B10: 구성종목 | C10: 주식수(계약수) | D10: 금액 | E10: 금액기준 구성비중(%)
A11: A043260 | B11: 성호전자 | C11: 944 | D11: 38373600 | E11: 6.15
A12: A058470 | B12: 리노공업 | C12: 298 | D12: 30098000 | E12: 4.82
A13: A095610 | B13: 테스 | C13: 245 | D13: 28934500 | E13: 4.64
A14: A440110 | B14: 파두 | C14: 236 | D14: 23623600 | E14: 3.78
A15: A131970 | B15: 두산테스나 | C15: 103 | D15: 18313400 | E15: 2.93
A16: A141080 | B16: 리가켐바이오 | C16: 89 | D16: 17034600 | E16: 2.73
A17: A298380 | B17: 에이비엘바이오 | C17: 132 | D17: 15747600 | E17: 2.52
A18: A295310 | B18: 에이치브이엠 | C18: 146 | D18: 14293400 | E18: 2.29
A19: A178320 | B19: 서진시스템 | C19: 208 | D19: 13936000 | E19: 2.23
A20: A196170 | B20: 알테오젠 | C20: 37 | D20: 13653000 | E20: 2.19
A21: A086520 | B21: 에코프로 | C21: 105 | D21: 13566000 | E21: 2.17
A22: A222800 | B22: 심텍 | C22: 135 | D22: 13540500 | E22: 2.17
... A96: A166090 | B96: 하나머티리얼즈 | C96: 4 | D96: 283200 | E96: 0.05
B97: 원화현금 | C97: -533444 | D97: -533444

Sheet 타임 코스닥액티브
A1: Refresh | B1: Last Update : 2026-05-22 16:24:33 | C1: 코드|구성종목|주식수(계약수)|금액|금액기준 구성비중(%)|
C2: A|B|C|D|
C3: ETP Components per CU
A4: Date | B4: CPD [20260522] | C4: Korean
A5: BaseOrder | B5: D | C5: Descending
A8: A0162Y0
A9: TIME 코스닥액티브
A10: 코드 | B10: 구성종목 | C10: 주식수(계약수) | D10: 금액 | E10: 금액기준 구성비중(%)
A11: A440110 | B11: 파두 | C11: 449 | D11: 52398300 | E11: 9.64
A12: A080220 | B12: 제주반도체 | C12: 335 | D12: 39463000 | E12: 7.26
A13: A277810 | B13: 레인보우로보틱스 | C13: 29 | D13: 21547000 | E13: 3.96
A14: A131970 | B14: 두산테스나 | C14: 120 | D14: 20460000 | E14: 3.76
A15: A452280 | B15: 한선엔지니어링 | C15: 501 | D15: 16457850 | E15: 3.03
A16: A100790 | B16: 미래에셋벤처투자 | C16: 289 | D16: 16270700 | E16: 2.99
A17: A095610 | B17: 테스 | C17: 125 | D17: 15012500 | E17: 2.76
A18: A178320 | B18: 서진시스템 | C18: 181 | D18: 13068200 | E18: 2.4
A19: A356860 | B19: 티엘비 | C19: 120 | D19: 12720000 | E19: 2.34
A20: A420770 | B20: 기가비스 | C20: 100 | D20: 12560000 | E20: 2.31
A21: A078600 | B21: 대주전자재료 | C21: 93 | D21: 12322500 | E21: 2.27
A22: A036930 | B22: 주성엔지니어링 | C22: 65 | D22: 12038000 | E22: 2.22
... A75: A054210 | B75: 이랜텍 | C75: 100 | D75: 1345000 | E75: 0.25
B76: 원화현금 | C76: 4944183 | D76: 4944183 | E76: 0.91

Sheet 타임코스닥액티브(과거)
A1: Refresh | B1: Last Update : 2026-05-22 16:24:36 | C1: 코드|구성종목|주식수(계약수)|금액|금액기준 구성비중(%)|
C2: A|B|C|D|
C3: ETP Components per CU
A4: Date | B4: 20260515 | C4: Korean
A5: BaseOrder | B5: D | C5: Descending
A8: A0162Y0
A9: TIME 코스닥액티브
A10: 코드 | B10: 구성종목 | C10: 주식수(계약수) | D10: 금액 | E10: 금액기준 구성비중(%)
A11: A440110 | B11: 파두 | C11: 479 | D11: 47947900 | E11: 9.03
A12: A277810 | B12: 레인보우로보틱스 | C12: 39 | D12: 31590000 | E12: 5.95
A13: A036930 | B13: 주성엔지니어링 | C13: 193 | D13: 27058600 | E13: 5.1
A14: A138080 | B14: 오이솔루션 | C14: 552 | D14: 22604400 | E14: 4.26
A15: A108490 | B15: 로보티즈 | C15: 54 | D15: 17739000 | E15: 3.34
A16: A131970 | B16: 두산테스나 | C16: 97 | D16: 17246600 | E16: 3.25
A17: A100790 | B17: 미래에셋벤처투자 | C17: 289 | D17: 15866100 | E17: 2.99
A18: A064290 | B18: 인텍플러스 | C18: 550 | D18: 14822500 | E18: 2.79
A19: A082920 | B19: 비츠로셀 | C19: 249 | D19: 13197000 | E19: 2.49
A20: A356860 | B20: 티엘비 | C20: 120 | D20: 12084000 | E20: 2.28
A21: A420770 | B21: 기가비스 | C21: 100 | D21: 11980000 | E21: 2.26
A22: A417200 | B22: LS머트리얼즈 | C22: 491 | D22: 10949300 | E22: 2.06
... A74: A054210 | B74: 이랜텍 | C74: 100 | D74: 1130000 | E74: 0.21
B75: 원화현금 | C75: 6323660 | D75: 6323660 | E75: 1.19

Sheet 플러스코스닥액티브
A1: Refresh | B1: Last Update : 2026-05-22 16:24:37 | C1: 코드|구성종목|주식수(계약수)|금액|금액기준 구성비중(%)|
C2: A|B|C|D|
C3: ETP Components per CU
A4: Date | B4: CPD [20260522] | C4: Korean
A5: BaseOrder | B5: D | C5: Descending
A8: A0166N0
A9: PLUS 코스닥150액티브
A10: 코드 | B10: 구성종목 | C10: 주식수(계약수) | D10: 금액 | E10: 금액기준 구성비중(%)
A11: A393890 | B11: 더블유씨피 | C11: 2141 | D11: 32907170 | E11: 6.1
A12: A458870 | B12: 씨어스 | C12: 859 | D12: 29463700 | E12: 5.46
A13: A126340 | B13: 비나텍 | C13: 197 | D13: 27954300 | E13: 5.18
A14: A178320 | B14: 서진시스템 | C14: 360 | D14: 25992000 | E14: 4.82
A15: A131970 | B15: 두산테스나 | C15: 114 | D15: 19437000 | E15: 3.6
A16: A347700 | B16: 스피어 | C16: 432 | D16: 18424800 | E16: 3.42
A17: A183300 | B17: 코미코 | C17: 108 | D17: 17409600 | E17: 3.23
A18: A064850 | B18: 에프앤가이드 | C18: 642 | D18: 17237700 | E18: 3.2
A19: A042600 | B19: 새로닉스 | C19: 911 | D19: 16161140 | E19: 3
A20: A297090 | B20: 씨에스베어링 | C20: 2766 | D20: 15821520 | E20: 2.93
A21: A107640 | B21: 한중엔시에스 | C21: 313 | D21: 15806500 | E21: 2.93
A22: A031980 | B22: 피에스케이홀딩스 | C22: 114 | D22: 14774400 | E22: 2.74
... A79: A115180 | B79: 큐리언트 | C79: 16 | D79: 439200 | E79: 0.08
B80: 원화현금 | C80: 4266186 | D80: 4266186 | E80: 0.79

Sheet 플러스코스닥액티브(과거)
A1: Refresh | B1: Last Update : 2026-05-22 16:24:39 | C1: 코드|구성종목|주식수(계약수)|금액|금액기준 구성비중(%)|
C2: A|B|C|D|
C3: ETP Components per CU
A4: Date | B4: 20260515 | C4: Korean
A5: BaseOrder | B5: D | C5: Descending
A8: A0166N0
A9: PLUS 코스닥150액티브
A10: 코드 | B10: 구성종목 | C10: 주식수(계약수) | D10: 금액 | E10: 금액기준 구성비중(%)
A11: A393890 | B11: 더블유씨피 | C11: 2009 | D11: 29914010 | E11: 5.44
A12: A126340 | B12: 비나텍 | C12: 179 | D12: 27762900 | E12: 5.05
A13: A458870 | B13: 씨어스 | C13: 723 | D13: 26714850 | E13: 4.86
A14: A178320 | B14: 서진시스템 | C14: 314 | D14: 21038000 | E14: 3.83
A15: A131970 | B15: 두산테스나 | C15: 114 | D15: 20269200 | E15: 3.69
A16: A347700 | B16: 스피어 | C16: 432 | D16: 18144000 | E16: 3.3
A17: A064850 | B17: 에프앤가이드 | C17: 642 | D17: 17687100 | E17: 3.22
A18: A107640 | B18: 한중엔시에스 | C18: 313 | D18: 16995900 | E18: 3.09
A19: A183300 | B19: 코미코 | C19: 108 | D19: 16858800 | E19: 3.07
A20: A042600 | B20: 새로닉스 | C20: 911 | D20: 16006270 | E20: 2.91
A21: A297090 | B21: 씨에스베어링 | C21: 2446 | D21: 15507640 | E21: 2.82
A22: A031980 | B22: 피에스케이홀딩스 | C22: 127 | D22: 15367000 | E22: 2.8
... A75: A115180 | B75: 큐리언트 | C75: 16 | D75: 444800 | E75: 0.08
B76: 원화현금 | C76: 7738757 | D76: 7738757 | E76: 1.41

Sheet UNICORN SK하이닉스밸류체인액티브
A1: Refresh | B1: Last Update : 2026-05-22 16:24:40 | C1: 코드|구성종목|주식수(계약수)|금액|금액기준 구성비중(%)|
C2: A|B|C|D|
C3: ETP Components per CU
A4: Date | B4: CPD [20260522] | C4: Korean
A5: BaseOrder | B5: D | C5: Descending
A8: A494220
A9: UNICORN SK하이닉스밸류체인액티브
A10: 코드 | B10: 구성종목 | C10: 주식수(계약수) | D10: 금액 | E10: 금액기준 구성비중(%)
A11: A402340 | B11: SK스퀘어 | C11: 545 | D11: 642555000 | E11: 24.4
A12: A000660 | B12: SK하이닉스 | C12: 328 | D12: 636320000 | E12: 24.16
A13: A064760 | B13: 티씨케이 | C13: 379 | D13: 114458000 | E13: 4.35
A14: A031980 | B14: 피에스케이홀딩스 | C14: 879 | D14: 113918400 | E14: 4.33
A15: A319660 | B15: 피에스케이 | C15: 960 | D15: 105408000 | E15: 4
A16: A089970 | B16: 브이엠 | C16: 1700 | D16: 101830000 | E16: 3.87
A17: A077360 | B17: 덕산하이메탈 | C17: 5918 | D17: 100606000 | E17: 3.82
A18: A000150 | B18: 두산 | C18: 62 | D18: 99200000 | E18: 3.77
A19: A039030 | B19: 이오테크닉스 | C19: 170 | D19: 93330000 | E19: 3.54
A20: A252990 | B20: 샘씨엔에스 | C20: 7076 | D20: 92554080 | E20: 3.51
A21: A080580 | B21: 오킨스전자 | C21: 4292 | D21: 90132000 | E21: 3.42
A22: A222800 | B22: 심텍 | C22: 708 | D22: 88854000 | E22: 3.37
... A31: A102710 | B31: 이엔에프테크놀로지 | C31: 67 | D31: 3209300 | E31: 0.12
B32: 원화현금 | C32: 22647559 | D32: 22647559 | E32: 0.86

Sheet UNICORN SK하이닉스밸류체인액티브(과거)
A1: Refresh | B1: Last Update : 2026-05-22 16:24:42 | C1: 코드|구성종목|주식수(계약수)|금액|금액기준 구성비중(%)|
C2: A|B|C|D|
C3: ETP Components per CU
A4: Date | B4: 20260515 | C4: Korean
A5: BaseOrder | B5: D | C5: Descending
A8: A494220
A9: UNICORN SK하이닉스밸류체인액티브
A10: 코드 | B10: 구성종목 | C10: 주식수(계약수) | D10: 금액 | E10: 금액기준 구성비중(%)
A11: A402340 | B11: SK스퀘어 | C11: 545 | D11: 598410000 | E11: 24.31
A12: A000660 | B12: SK하이닉스 | C12: 328 | D12: 596632000 | E12: 24.24
A13: A064760 | B13: 티씨케이 | C13: 379 | D13: 115595000 | E13: 4.7
A14: A031980 | B14: 피에스케이홀딩스 | C14: 879 | D14: 106359000 | E14: 4.32
A15: A077360 | B15: 덕산하이메탈 | C15: 5918 | D15: 104926140 | E15: 4.26
A16: A000150 | B16: 두산 | C16: 62 | D16: 100068000 | E16: 4.07
A17: A319660 | B17: 피에스케이 | C17: 960 | D17: 97344000 | E17: 3.95
A18: A089970 | B18: 브이엠 | C18: 1700 | D18: 92140000 | E18: 3.74
A19: A080580 | B19: 오킨스전자 | C19: 4292 | D19: 85711240 | E19: 3.48
A20: A252990 | B20: 샘씨엔에스 | C20: 7076 | D20: 82930720 | E20: 3.37
A21: A039030 | B21: 이오테크닉스 | C21: 170 | D21: 75140000 | E21: 3.05
A22: A222800 | B22: 심텍 | C22: 708 | D22: 71012400 | E22: 2.89
... A31: A102710 | B31: 이엔에프테크놀로지 | C31: 67 | D31: 3075300 | E31: 0.12
B32: 원화현금 | C32: 22923294 | D32: 22923294 | E32: 0.93

Sheet WON 반도체밸류체인액티브
A1: Refresh | B1: Last Update : 2026-05-22 16:24:44 | C1: 코드|구성종목|주식수(계약수)|금액|금액기준 구성비중(%)|
C2: A|B|C|D|
C3: ETP Components per CU
A4: Date | B4: CPD [20260522] | C4: Korean
A5: BaseOrder | B5: D | C5: Descending
A8: A474590
A9: WON 반도체밸류체인액티브
A10: 코드 | B10: 구성종목 | C10: 주식수(계약수) | D10: 금액 | E10: 금액기준 구성비중(%)
A11: A000660 | B11: SK하이닉스 | C11: 348 | D11: 675120000 | E11: 28.88
A12: A005930 | B12: 삼성전자 | C12: 1900 | D12: 569050000 | E12: 24.34
A13: A009150 | B13: 삼성전기 | C13: 107 | D13: 128828000 | E13: 5.51
A14: A402340 | B14: SK스퀘어 | C14: 107 | D14: 126153000 | E14: 5.4
A15: A420770 | B15: 기가비스 | C15: 834 | D15: 104750400 | E15: 4.48
A16: A039030 | B16: 이오테크닉스 | C16: 167 | D16: 91683000 | E16: 3.92
A17: A031980 | B17: 피에스케이홀딩스 | C17: 682 | D17: 88387200 | E17: 3.78
A18: A131290 | B18: 티에스이 | C18: 307 | D18: 69535500 | E18: 2.97
A19: A319660 | B19: 피에스케이 | C19: 614 | D19: 67417200 | E19: 2.88
A20: A089970 | B20: 브이엠 | C20: 1112 | D20: 66608800 | E20: 2.85
A21: A353200 | B21: 대덕전자 | C21: 328 | D21: 48019200 | E21: 2.05
A22: A218410 | B22: RFHIC | C22: 460 | D22: 45586000 | E22: 1.95
... A32: A230240 | B32: 에치에프알 | C32: 429 | D32: 12977250 | E32: 0.56
B33: 원화예금 | C33: 39619360

Sheet WON 반도체밸류체인액티브(과거)
A1: Refresh | B1: Last Update : 2026-05-22 16:24:46 | C1: 코드|구성종목|주식수(계약수)|금액|금액기준 구성비중(%)|
C2: A|B|C|D|
C3: ETP Components per CU
A4: Date | B4: 20260515 | C4: Korean
A5: BaseOrder | B5: D | C5: Descending
A8: A474590
A9: WON 반도체밸류체인액티브
A10: 코드 | B10: 구성종목 | C10: 주식수(계약수) | D10: 금액 | E10: 금액기준 구성비중(%)
A11: A000660 | B11: SK하이닉스 | C11: 348 | D11: 633012000 | E11: 29.34
A12: A005930 | B12: 삼성전자 | C12: 1900 | D12: 513950000 | E12: 23.83
A13: A402340 | B13: SK스퀘어 | C13: 107 | D13: 117486000 | E13: 5.45
A14: A009150 | B14: 삼성전기 | C14: 107 | D14: 108070000 | E14: 5.01
A15: A420770 | B15: 기가비스 | C15: 834 | D15: 99913200 | E15: 4.63
A16: A031980 | B16: 피에스케이홀딩스 | C16: 682 | D16: 82522000 | E16: 3.83
A17: A039030 | B17: 이오테크닉스 | C17: 167 | D17: 73814000 | E17: 3.42
A18: A319660 | B18: 피에스케이 | C18: 614 | D18: 62259600 | E18: 2.89
A19: A089970 | B19: 브이엠 | C19: 1112 | D19: 60270400 | E19: 2.79
A20: A131290 | B20: 티에스이 | C20: 307 | D20: 55720500 | E20: 2.58
A21: A218410 | B21: RFHIC | C21: 460 | D21: 44666000 | E21: 2.07
A22: A353200 | B22: 대덕전자 | C22: 328 | D22: 44542400 | E22: 2.06
... A32: A230240 | B32: 에치에프알 | C32: 429 | D32: 13599300 | E32: 0.63
B33: 원화예금 | C33: 40043222

Sheet RISE 비메모리반도체액티브
A1: Refresh | B1: Last Update : 2026-05-22 16:24:47 | C1: 코드|구성종목|주식수(계약수)|금액|금액기준 구성비중(%)|
C2: A|B|C|D|
C3: ETP Components per CU
A4: Date | B4: CPD [20260522] | C4: Korean
A5: BaseOrder | B5: D | C5: Descending
A8: A388420
A9: RISE 비메모리반도체액티브
A10: 코드 | B10: 구성종목 | C10: 주식수(계약수) | D10: 금액 | E10: 금액기준 구성비중(%)
A11: A005930 | B11: 삼성전자 | C11: 561 | D11: 168019500 | E11: 23.97
A12: A000660 | B12: SK하이닉스 | C12: 69 | D12: 133860000 | E12: 19.1
A13: A402340 | B13: SK스퀘어 | C13: 42 | D13: 49518000 | E13: 7.06
A14: A000990 | B14: DB하이텍 | C14: 254 | D14: 45974000 | E14: 6.56
A15: A222800 | B15: 심텍 | C15: 318 | D15: 39909000 | E15: 5.69
A16: A353200 | B16: 대덕전자 | C16: 270 | D16: 39528000 | E16: 5.64
A17: A009150 | B17: 삼성전기 | C17: 31 | D17: 37324000 | E17: 5.32
A18: A007660 | B18: 이수페타시스 | C18: 261 | D18: 33355800 | E18: 4.76
A19: A131970 | B19: 두산테스나 | C19: 166 | D19: 28303000 | E19: 4.04
A20: A058470 | B20: 리노공업 | C20: 258 | D20: 26832000 | E20: 3.83
A21: A095610 | B21: 테스 | C21: 222 | D21: 26662200 | E21: 3.8
A22: A004710 | B22: 한솔테크닉스 | C22: 1551 | D22: 22954800 | E22: 3.27
... A27: A077360 | B27: 덕산하이메탈 | C27: 264 | D27: 4488000 | E27: 0.64
B28: 원화현금 | C28: -1542369 | D28: -1542369

Sheet RISE 비메모리반도체액티브(과거)
A1: Refresh | B1: Last Update : 2026-05-22 16:24:49 | C1: 코드|구성종목|주식수(계약수)|금액|금액기준 구성비중(%)|
C2: A|B|C|D|
C3: ETP Components per CU
A4: Date | B4: 20260515 | C4: Korean
A5: BaseOrder | B5: D | C5: Descending
A8: A388420
A9: RISE 비메모리반도체액티브
A10: 코드 | B10: 구성종목 | C10: 주식수(계약수) | D10: 금액 | E10: 금액기준 구성비중(%)
A11: A005930 | B11: 삼성전자 | C11: 561 | D11: 151750500 | E11: 23.23
A12: A000660 | B12: SK하이닉스 | C12: 69 | D12: 125511000 | E12: 19.21
A13: A402340 | B13: SK스퀘어 | C13: 42 | D13: 46116000 | E13: 7.06
A14: A000990 | B14: DB하이텍 | C14: 254 | D14: 41529000 | E14: 6.36
A15: A353200 | B15: 대덕전자 | C15: 270 | D15: 36666000 | E15: 5.61
A16: A007660 | B16: 이수페타시스 | C16: 261 | D16: 33408000 | E16: 5.11
A17: A222800 | B17: 심텍 | C17: 318 | D17: 31895400 | E17: 4.88
A18: A009150 | B18: 삼성전기 | C18: 31 | D18: 31310000 | E18: 4.79
A19: A131970 | B19: 두산테스나 | C19: 166 | D19: 29514800 | E19: 4.52
A20: A095610 | B20: 테스 | C20: 222 | D20: 26218200 | E20: 4.01
A21: A058470 | B21: 리노공업 | C21: 258 | D21: 26058000 | E21: 3.99
A22: A004710 | B22: 한솔테크닉스 | C22: 1551 | D22: 20581770 | E22: 3.15
... A27: A077360 | B27: 덕산하이메탈 | C27: 264 | D27: 4680720 | E27: 0.72
B28: 원화현금 | C28: -366523 | D28: -366523

Sheet SOL 코리아메가테크액티브
A1: Refresh | B1: Last Update : 2026-05-22 16:24:50 | C1: 코드|구성종목|주식수(계약수)|금액|금액기준 구성비중(%)|
C2: A|B|C|D|
C3: ETP Components per CU
A4: Date | B4: CPD [20260522] | C4: Korean
A5: BaseOrder | B5: D | C5: Descending
A8: A444200
A9: SOL 코리아메가테크액티브
A10: 코드 | B10: 구성종목 | C10: 주식수(계약수) | D10: 금액 | E10: 금액기준 구성비중(%)
A11: A005930 | B11: 삼성전자 | C11: 1612 | D11: 482794000 | E11: 17.02
A12: A000660 | B12: SK하이닉스 | C12: 241 | D12: 467540000 | E12: 16.48
A13: A005380 | B13: 현대차 | C13: 325 | D13: 216450000 | E13: 7.63
A14: A402340 | B14: SK스퀘어 | C14: 125 | D14: 147375000 | E14: 5.19
A15: A010120 | B15: LS ELECTRIC | C15: 486 | D15: 131949000 | E15: 4.65
A16: A012450 | B16: 한화에어로스페이스 | C16: 98 | D16: 122304000 | E16: 4.31
A17: A000270 | B17: 기아 | C17: 567 | D17: 95199300 | E17: 3.36
A18: A012330 | B18: 현대모비스 | C18: 138 | D18: 92460000 | E18: 3.26
A19: A267260 | B19: HD현대일렉트릭 | C19: 74 | D19: 84064000 | E19: 2.96
A20: A079550 | B20: LIG디펜스앤에어로스페이스 | C20: 93 | D20: 80166000 | E20: 2.83
A21: A047810 | B21: 한국항공우주 | C21: 486 | D21: 79947000 | E21: 2.82
A22: A034020 | B22: 두산에너빌리티 | C22: 707 | D22: 76638800 | E22: 2.7
... A54: A326030 | B54: SK바이오팜 | C54: 39 | D54: 3689400 | E54: 0.13
B55: 원화현금 | C55: 1140325 | D55: 1140325 | E55: 0.04

Sheet SOL 코리아메가테크액티브(과거)
A1: Refresh | B1: Last Update : 2026-05-22 16:24:52 | C1: 코드|구성종목|주식수(계약수)|금액|금액기준 구성비중(%)|
C2: A|B|C|D|
C3: ETP Components per CU
A4: Date | B4: 20260515 | C4: Korean
A5: BaseOrder | B5: D | C5: Descending
A8: A444200
A9: SOL 코리아메가테크액티브
A10: 코드 | B10: 구성종목 | C10: 주식수(계약수) | D10: 금액 | E10: 금액기준 구성비중(%)
A11: A000660 | B11: SK하이닉스 | C11: 241 | D11: 438379000 | E11: 15.85
A12: A005930 | B12: 삼성전자 | C12: 1612 | D12: 436046000 | E12: 15.76
A13: A005380 | B13: 현대차 | C13: 325 | D13: 227500000 | E13: 8.22
A14: A402340 | B14: SK스퀘어 | C14: 125 | D14: 137250000 | E14: 4.96
A15: A010120 | B15: LS ELECTRIC | C15: 486 | D15: 125874000 | E15: 4.55
A16: A012450 | B16: 한화에어로스페이스 | C16: 98 | D16: 119168000 | E16: 4.31
A17: A000270 | B17: 기아 | C17: 567 | D17: 95256000 | E17: 3.44
A18: A267260 | B18: HD현대일렉트릭 | C18: 74 | D18: 87246000 | E18: 3.15
A19: A012330 | B19: 현대모비스 | C19: 138 | D19: 86802000 | E19: 3.14
A20: A034020 | B20: 두산에너빌리티 | C20: 707 | D20: 78335600 | E20: 2.83
A21: A047810 | B21: 한국항공우주 | C21: 486 | D21: 78294600 | E21: 2.83
A22: A079550 | B22: LIG디펜스앤에어로스페이스 | C22: 93 | D22: 77562000 | E22: 2.8
... A54: A326030 | B54: SK바이오팜 | C54: 39 | D54: 3767400 | E54: 0.14
B55: 원화현금 | C55: 3439990 | D55: 3439990 | E55: 0.12

Sheet KoAct 배당성장액티브
A1: Refresh | B1: Last Update : 2026-05-22 16:24:53 | C1: 코드|구성종목|주식수(계약수)|금액|금액기준 구성비중(%)|
C2: A|B|C|D|
C3: ETP Components per CU
A4: Date | B4: CPD [20260522] | C4: Korean
A5: BaseOrder | B5: D | C5: Descending
A8: A476850
A9: KoAct 배당성장액티브
A10: 코드 | B10: 구성종목 | C10: 주식수(계약수) | D10: 금액 | E10: 금액기준 구성비중(%)
A11: A005935 | B11: 삼성전자우 | C11: 1491 | D11: 280009800 | E11: 23.19
A12: A000660 | B12: SK하이닉스 | C12: 139 | D12: 269660000 | E12: 22.33
A13: A329180 | B13: HD현대중공업 | C13: 57 | D13: 38304000 | E13: 3.17
A14: A009540 | B14: HD한국조선해양 | C14: 57 | D14: 23655000 | E14: 1.96
A15: A105560 | B15: KB금융 | C15: 142 | D15: 22123600 | E15: 1.83
A16: A052400 | B16: 코나아이 | C16: 357 | D16: 21562800 | E16: 1.79
A17: A005380 | B17: 현대차 | C17: 32 | D17: 21312000 | E17: 1.77
A18: A071050 | B18: 한국금융지주 | C18: 81 | D18: 20209500 | E18: 1.67
A19: A039490 | B19: 키움증권 | C19: 44 | D19: 18040000 | E19: 1.49
A20: A402340 | B20: SK스퀘어 | C20: 15 | D20: 17685000 | E20: 1.46
A21: A032190 | B21: 다우데이타 | C21: 825 | D21: 17490000 | E21: 1.45
A22: A009150 | B22: 삼성전기 | C22: 14 | D22: 16856000 | E22: 1.4
... A88: A036830 | B88: 솔브레인홀딩스 | C88: 22 | D88: 1203400 | E88: 0.1
B89: 원화현금 | C89: 10178268 | D89: 10178268 | E89: 0.84

Sheet KoAct 배당성장액티브(과거)
A1: Refresh | B1: Last Update : 2026-05-22 16:24:54 | C1: 코드|구성종목|주식수(계약수)|금액|금액기준 구성비중(%)|
C2: A|B|C|D|
C3: ETP Components per CU
A4: Date | B4: 20260515 | C4: Korean
A5: BaseOrder | B5: D | C5: Descending
A8: A476850
A9: KoAct 배당성장액티브
A10: 코드 | B10: 구성종목 | C10: 주식수(계약수) | D10: 금액 | E10: 금액기준 구성비중(%)
A11: A005935 | B11: 삼성전자우 | C11: 1521 | D11: 272867400 | E11: 23.11
A12: A000660 | B12: SK하이닉스 | C12: 139 | D12: 252841000 | E12: 21.41
A13: A329180 | B13: HD현대중공업 | C13: 57 | D13: 36480000 | E13: 3.09
A14: A052400 | B14: 코나아이 | C14: 357 | D14: 24990000 | E14: 2.12
A15: A009540 | B15: HD한국조선해양 | C15: 57 | D15: 23712000 | E15: 2.01
A16: A005380 | B16: 현대차 | C16: 32 | D16: 22400000 | E16: 1.9
A17: A071050 | B17: 한국금융지주 | C17: 81 | D17: 20898000 | E17: 1.77
A18: A031330 | B18: 에스에이엠티 | C18: 1418 | D18: 20277400 | E18: 1.72
A19: A032190 | B19: 다우데이타 | C19: 825 | D19: 18067500 | E19: 1.53
A20: A039490 | B20: 키움증권 | C20: 44 | D20: 17424000 | E20: 1.48
A21: A105560 | B21: KB금융 | C21: 111 | D21: 17271600 | E21: 1.46
A22: A402340 | B22: SK스퀘어 | C22: 15 | D22: 16470000 | E22: 1.39
... A86: A267270 | B86: HD건설기계 | C86: 9 | D86: 1461600 | E86: 0.12
B87: 원화현금 | C87: 6782523 | D87: 6782523 | E87: 0.57

Sheet TIMEFOLIO Korea플러스배당액티브
A1: Refresh | B1: Last Update : 2026-05-22 16:24:56 | C1: 코드|구성종목|주식수(계약수)|금액|금액기준 구성비중(%)|
C2: A|B|C|D|
C3: ETP Components per CU
A4: Date | B4: CPD [20260522] | C4: Korean
A5: BaseOrder | B5: D | C5: Descending
A8: A441800
A9: TIME Korea플러스배당액티브
A10: 코드 | B10: 구성종목 | C10: 주식수(계약수) | D10: 금액 | E10: 금액기준 구성비중(%)
A11: A000660 | B11: SK하이닉스 | C11: 104 | D11: 201760000 | E11: 28.71
A12: A005930 | B12: 삼성전자 | C12: 273 | D12: 81763500 | E12: 11.64
A13: A005380 | B13: 현대차 | C13: 65 | D13: 43290000 | E13: 6.16
A14: A006260 | B14: LS | C14: 55 | D14: 28655000 | E14: 4.08
A15: A006800 | B15: 미래에셋증권 | C15: 400 | D15: 26600000 | E15: 3.79
A16: A016360 | B16: 삼성증권 | C16: 202 | D16: 24724800 | E16: 3.52
A17: A028260 | B17: 삼성물산 | C17: 59 | D17: 24691500 | E17: 3.51
A18: A039490 | B18: 키움증권 | C18: 55 | D18: 22550000 | E18: 3.21
A19: A032830 | B19: 삼성생명 | C19: 49 | D19: 17395000 | E19: 2.48
A20: A034730 | B20: SK | C20: 30 | D20: 17280000 | E20: 2.46
A21: A003230 | B21: 삼양식품 | C21: 13 | D21: 17147000 | E21: 2.44
A22: A105560 | B22: KB금융 | C22: 110 | D22: 17138000 | E22: 2.44
... A42: A175330 | B42: JB금융지주 | C42: 201 | D42: 5035050 | E42: 0.72
B43: 원화현금 | C43: 5361996 | D43: 5361996 | E43: 0.76

Sheet TIMEFOLIO Korea플러스배당액티브(과거)
A1: Refresh | B1: Last Update : 2026-05-22 16:24:57 | C1: 코드|구성종목|주식수(계약수)|금액|금액기준 구성비중(%)|
C2: A|B|C|D|
C3: ETP Components per CU
A4: Date | B4: 20260515 | C4: Korean
A5: BaseOrder | B5: D | C5: Descending
A8: A441800
A9: TIME Korea플러스배당액티브
A10: 코드 | B10: 구성종목 | C10: 주식수(계약수) | D10: 금액 | E10: 금액기준 구성비중(%)
A11: A000660 | B11: SK하이닉스 | C11: 104 | D11: 189176000 | E11: 27.59
A12: A005930 | B12: 삼성전자 | C12: 273 | D12: 73846500 | E12: 10.77
A13: A005380 | B13: 현대차 | C13: 65 | D13: 45500000 | E13: 6.64
A14: A006800 | B14: 미래에셋증권 | C14: 400 | D14: 27960000 | E14: 4.08
A15: A006260 | B15: LS | C15: 55 | D15: 25987500 | E15: 3.79
A16: A016360 | B16: 삼성증권 | C16: 202 | D16: 24886400 | E16: 3.63
A17: A028260 | B17: 삼성물산 | C17: 59 | D17: 23393500 | E17: 3.41
A18: A039490 | B18: 키움증권 | C18: 55 | D18: 21780000 | E18: 3.18
A19: A003230 | B19: 삼양식품 | C19: 13 | D19: 18772000 | E19: 2.74
