Workbook

Sheet 2027전망(10일)
B3: 추정영업이익 변화에따른 실적 쇼크 조심하기 15일 변화 기준
D5: 2 | E5: =D5+1 -> 3 | F5: 10 | G5: =E5+1 -> 4 | H5: =G5+1 -> 5 | I5: =H5+1 -> 6 | J5: =K5+1 -> 8 | K5: =I5+1 -> 7 | L5: =J5+1 -> 9 | N5: ='2027'!L1 -> 11 | P5: ='2027'!N1 -> 13 | Q5: 14 | R5: 14 | S5: ='2027'!O1 -> 14 | T5: ='2027'!P1 -> 15
H6: EPS참여 | I6: 3개월 평균추정 | J6: 1개월 평균추정 | K6: 3개월 평균추정 | L6: 1개월 평균추정 | M6: 1개월대비 | N6: 잠정치 | P6: 잠정치 | R6: 실제 | S6: 1M | T6: 3M
G7: 20260702 | H7: 증권사 | I7: 2027AS | J7: =K7 -> 2027AS | K7: =I7 -> 2027AS | L7: =J7 -> 2027AS | M7: 3개월 | N7: =K7 -> 2027AS | P7: =N7 -> 2027AS | Q7: 예상 | R7: Surprise | S7: 수익률 | T7: 수익률 | Y7: Surprise
G8: KRW BIL | H8: # | I8: KRW bil | J8: KRW bil | K8: KRW bil | L8: KRW bil | M8: % | N8: KRW bil | O8: TEST | P8: KRW bil | Q8: =COUNT($B$11:$B$178) -> 168 | R8: Shock | S8: % | T8: % | Y8: Shock
B9: 시총 | E9: 시장 | H9: =G7 -> 20260702 | I9: CPD-10TD | J9: =I9 -> CPD-10TD | K9: =H9 -> 20260702 | L9: =K9 -> 20260702 | O9: 1 = Surprise | P9: 발표예정일 | Q9: =COUNTIF($Q$11:$Q$178,"Surprise") -> 40 | R9: 0.05
B10: Rank | C10: Code | D10: 종목명 | F10: Sector | G10: 시가총액 | I10: 영업이익 | J10: 영업이익 | K10: 영업이익 | L10: 영업이익 | M10: 괴리율 | N10: 영업이익 | O10: -1 = Shock | P10: 영업이익 | Q10: =COUNTIF($Q$11:$Q$178,"Shock") -> 23 | R10: 기준 | X10: 1 | Y10: A000150 | Z10: 두산
B11: 1 | C11: =VLOOKUP(B11,'2027'!$A$14:$B$4000,2,FALSE) -> A005930 | D11: =VLOOKUP($C11,'2027'!$B$14:$T$4000,D$5,FALSE) -> 삼성전자 | E11: =VLOOKUP($C11,'2027'!$B$14:$T$4000,E$5,FALSE) -> KS | F11: =VLOOKUP($C11,'2027'!$B$14:$T$4000,F$5,FALSE) -> 반도체 | G11: =VLOOKUP($C11,'2027'!$B$14:$T$4000,G$5,FALSE) -> 1838654.6 | H11: =VLOOKUP($C11,'2027'!$B$14:$T$4000,H$5,FALSE) -> 24 | I11: =VLOOKUP($C11,'2027'!$B$14:$T$4000,I$5,FALSE) -> 482079.57 | J11: =VLOOKUP($C11,'2027'!$B$14:$T$4000,J$5,FALSE) -> 515147.02 | K11: =VLOOKUP($C11,'2027'!$B$14:$T$4000,K$5,FALSE) -> 522500.28 | L11: =VLOOKUP($C11,'2027'!$B$14:$T$4000,L$5,FALSE) -> 529240.6 | M11: =(L11-K11)/ABS(K11)*100 -> 1.2900127 | N11: =IF(ISBLANK(VLOOKUP($C11,'2027'!$B$14:$T$3000,N$5,FALSE)),"",VLOOKUP($C11,'2027'!$B$14:$T$3000,N$5,FALSE)) | O11: =IF(AND(I11<K11,J11<L11,K11<L11),1,IF(AND(I11>K11,J11>L11,K11>L11),-1,0)) -> 1 | P11: =IF(ISBLANK(VLOOKUP($C11,'2027'!$B$14:$T$3000,P$5,FALSE)),"",VLOOKUP($C11,'2027'!$B$14:$T$3000,P$5,FALSE)) | Q11: =IF(O11=1,"Surprise",IF(O11=-1,"Shock","")) -> Surprise | R11: =IF(N11="","",IF((N11-L11)/ABS(L11)>$R$9,"Surprise",IF((N11-L11)/ABS(L11)<$R$9*-1,"Shock",""))) | S11: =VLOOKUP($C11,'2027'!$B$14:$T$3000,S$5,FALSE) -> -9.89 | T11: =VLOOKUP($C11,'2027'!$B$14:$T$3000,T$5,FALSE) -> 65.88 | X11: =X97+1 -> 14 | Y11: A010520 | Z11: 현대하이스코
B12: 2 | C12: =VLOOKUP(B12,'2027'!$A$14:$B$4000,2,FALSE) -> A000660 | D12: =VLOOKUP($C12,'2027'!$B$14:$T$4000,D$5,FALSE) -> SK하이닉스 | E12: =VLOOKUP($C12,'2027'!$B$14:$T$4000,E$5,FALSE) -> KS | F12: =VLOOKUP($C12,'2027'!$B$14:$T$4000,F$5,FALSE) -> 반도체 | G12: =VLOOKUP($C12,'2027'!$B$14:$T$4000,G$5,FALSE) -> 1824518.1 | H12: =VLOOKUP($C12,'2027'!$B$14:$T$4000,H$5,FALSE) -> 24 | I12: =VLOOKUP($C12,'2027'!$B$14:$T$4000,I$5,FALSE) -> 373423.04 | J12: =VLOOKUP($C12,'2027'!$B$14:$T$4000,J$5,FALSE) -> 406325.81 | K12: =VLOOKUP($C12,'2027'!$B$14:$T$4000,K$5,FALSE) -> 395865.72 | L12: =VLOOKUP($C12,'2027'!$B$14:$T$4000,L$5,FALSE) -> 418657.53 | M12: =(L12-K12)/ABS(K12)*100 -> 5.7574599 | N12: =IF(ISBLANK(VLOOKUP($C12,'2027'!$B$14:$T$3000,N$5,FALSE)),"",VLOOKUP($C12,'2027'!$B$14:$T$3000,N$5,FALSE)) | O12: =IF(AND(I12<K12,J12<L12,K12<L12),1,IF(AND(I12>K12,J12>L12,K12>L12),-1,0)) -> 1 | P12: =IF(ISBLANK(VLOOKUP($C12,'2027'!$B$14:$T$3000,P$5,FALSE)),"",VLOOKUP($C12,'2027'!$B$14:$T$3000,P$5,FALSE)) | Q12: =IF(O12=1,"Surprise",IF(O12=-1,"Shock","")) -> Surprise | R12: =IF(N12="","",IF((N12-L12)/ABS(L12)>$R$9,"Surprise",IF((N12-L12)/ABS(L12)<$R$9*-1,"Shock",""))) | S12: =VLOOKUP($C12,'2027'!$B$14:$T$3000,S$5,FALSE) -> 8.34 | T12: =VLOOKUP($C12,'2027'!$B$14:$T$3000,T$5,FALSE) -> 186.67 | X12: =X11+1 -> 15 | Y12: A042670 | Z12: 두산인프라코어
B13: 4 | C13: =VLOOKUP(B13,'2027'!$A$14:$B$4000,2,FALSE) -> A009150 | D13: =VLOOKUP($C13,'2027'!$B$14:$T$4000,D$5,FALSE) -> 삼성전기 | E13: =VLOOKUP($C13,'2027'!$B$14:$T$4000,E$5,FALSE) -> KS | F13: =VLOOKUP($C13,'2027'!$B$14:$T$4000,F$5,FALSE) -> 전자장비,사무용전자제품 | G13: =VLOOKUP($C13,'2027'!$B$14:$T$4000,G$5,FALSE) -> 164699.6 | H13: =VLOOKUP($C13,'2027'!$B$14:$T$4000,H$5,FALSE) -> 20 | I13: =VLOOKUP($C13,'2027'!$B$14:$T$4000,I$5,FALSE) -> 2721.95 | J13: =VLOOKUP($C13,'2027'!$B$14:$T$4000,J$5,FALSE) -> 2974.91 | K13: =VLOOKUP($C13,'2027'!$B$14:$T$4000,K$5,FALSE) -> 2808.48 | L13: =VLOOKUP($C13,'2027'!$B$14:$T$4000,L$5,FALSE) -> 3246.99 | M13: =(L13-K13)/ABS(K13)*100 -> 15.613784 | N13: =IF(ISBLANK(VLOOKUP($C13,'2027'!$B$14:$T$3000,N$5,FALSE)),"",VLOOKUP($C13,'2027'!$B$14:$T$3000,N$5,FALSE)) | O13: =IF(AND(I13<K13,J13<L13,K13<L13),1,IF(AND(I13>K13,J13>L13,K13>L13),-1,0)) -> 1 | P13: =IF(ISBLANK(VLOOKUP($C13,'2027'!$B$14:$T$3000,P$5,FALSE)),"",VLOOKUP($C13,'2027'!$B$14:$T$3000,P$5,FALSE)) | Q13: =IF(O13=1,"Surprise",IF(O13=-1,"Shock","")) -> Surprise | R13: =IF(N13="","",IF((N13-L13)/ABS(L13)>$R$9,"Surprise",IF((N13-L13)/ABS(L13)<$R$9*-1,"Shock",""))) | S13: =VLOOKUP($C13,'2027'!$B$14:$T$3000,S$5,FALSE) -> 9.98 | T13: =VLOOKUP($C13,'2027'!$B$14:$T$3000,T$5,FALSE) -> 396.06 | X13: =X12+1 -> 16 | Y13: A036460 | Z13: 한국가스공사
B14: 3 | C14: =VLOOKUP(B14,'2027'!$A$14:$B$4000,2,FALSE) -> A402340 | D14: =VLOOKUP($C14,'2027'!$B$14:$T$4000,D$5,FALSE) -> SK스퀘어 | E14: =VLOOKUP($C14,'2027'!$B$14:$T$4000,E$5,FALSE) -> KS | F14: =VLOOKUP($C14,'2027'!$B$14:$T$4000,F$5,FALSE) -> 반도체 | G14: =VLOOKUP($C14,'2027'!$B$14:$T$4000,G$5,FALSE) -> 231850.88 | H14: =VLOOKUP($C14,'2027'!$B$14:$T$4000,H$5,FALSE) -> 6 | I14: =VLOOKUP($C14,'2027'!$B$14:$T$4000,I$5,FALSE) -> 48854.77 | J14: =VLOOKUP($C14,'2027'!$B$14:$T$4000,J$5,FALSE) -> 52770.5 | K14: =VLOOKUP($C14,'2027'!$B$14:$T$4000,K$5,FALSE) -> 52343.23 | L14: =VLOOKUP($C14,'2027'!$B$14:$T$4000,L$5,FALSE) -> 56536.33 | M14: =(L14-K14)/ABS(K14)*100 -> 8.0107781 | N14: =IF(ISBLANK(VLOOKUP($C14,'2027'!$B$14:$T$3000,N$5,FALSE)),"",VLOOKUP($C14,'2027'!$B$14:$T$3000,N$5,FALSE)) | O14: =IF(AND(I14<K14,J14<L14,K14<L14),1,IF(AND(I14>K14,J14>L14,K14>L14),-1,0)) -> 1 | P14: =IF(ISBLANK(VLOOKUP($C14,'2027'!$B$14:$T$3000,P$5,FALSE)),"",VLOOKUP($C14,'2027'!$B$14:$T$3000,P$5,FALSE)) | Q14: =IF(O14=1,"Surprise",IF(O14=-1,"Shock","")) -> Surprise | R14: =IF(N14="","",IF((N14-L14)/ABS(L14)>$R$9,"Surprise",IF((N14-L14)/ABS(L14)<$R$9*-1,"Shock",""))) | S14: =VLOOKUP($C14,'2027'!$B$14:$T$3000,S$5,FALSE) -> 39.89 | T14: =VLOOKUP($C14,'2027'!$B$14:$T$3000,T$5,FALSE) -> 250.7 | X14: =X13+1 -> 17 | Y14: A003490 | Z14: 대한항공
B15: 61 | C15: =VLOOKUP(B15,'2027'!$A$14:$B$4000,2,FALSE) -> A006260 | D15: =VLOOKUP($C15,'2027'!$B$14:$T$4000,D$5,FALSE) -> LS | E15: =VLOOKUP($C15,'2027'!$B$14:$T$4000,E$5,FALSE) -> KS | F15: =VLOOKUP($C15,'2027'!$B$14:$T$4000,F$5,FALSE) -> 전기장비 | G15: =VLOOKUP($C15,'2027'!$B$14:$T$4000,G$5,FALSE) -> 12448.8 | H15: =VLOOKUP($C15,'2027'!$B$14:$T$4000,H$5,FALSE) -> 11 | I15: =VLOOKUP($C15,'2027'!$B$14:$T$4000,I$5,FALSE) -> 1890.23 | J15: =VLOOKUP($C15,'2027'!$B$14:$T$4000,J$5,FALSE) -> 1876.2 | K15: =VLOOKUP($C15,'2027'!$B$14:$T$4000,K$5,FALSE) -> 1900.79 | L15: =VLOOKUP($C15,'2027'!$B$14:$T$4000,L$5,FALSE) -> 1945.28 | M15: =(L15-K15)/ABS(K15)*100 -> 2.3406057 | N15: =IF(ISBLANK(VLOOKUP($C15,'2027'!$B$14:$T$3000,N$5,FALSE)),"",VLOOKUP($C15,'2027'!$B$14:$T$3000,N$5,FALSE)) | O15: =IF(AND(I15<K15,J15<L15,K15<L15),1,IF(AND(I15>K15,J15>L15,K15>L15),-1,0)) -> 1 | P15: =IF(ISBLANK(VLOOKUP($C15,'2027'!$B$14:$T$3000,P$5,FALSE)),"",VLOOKUP($C15,'2027'!$B$14:$T$3000,P$5,FALSE)) | Q15: =IF(O15=1,"Surprise",IF(O15=-1,"Shock","")) -> Surprise | R15: =IF(N15="","",IF((N15-L15)/ABS(L15)>$R$9,"Surprise",IF((N15-L15)/ABS(L15)<$R$9*-1,"Shock",""))) | S15: =VLOOKUP($C15,'2027'!$B$14:$T$3000,S$5,FALSE) -> -14.38 | T15: =VLOOKUP($C15,'2027'!$B$14:$T$3000,T$5,FALSE) -> 43.27 | X15: =X14+1 -> 18 | Y15: A005380 | Z15: 현대차
B16: 20 | C16: =VLOOKUP(B16,'2027'!$A$14:$B$4000,2,FALSE) -> A010120 | D16: =VLOOKUP($C16,'2027'!$B$14:$T$4000,D$5,FALSE) -> LS ELECTRIC | E16: =VLOOKUP($C16,'2027'!$B$14:$T$4000,E$5,FALSE) -> KS | F16: =VLOOKUP($C16,'2027'!$B$14:$T$4000,F$5,FALSE) -> 전기장비 | G16: =VLOOKUP($C16,'2027'!$B$14:$T$4000,G$5,FALSE) -> 39525 | H16: =VLOOKUP($C16,'2027'!$B$14:$T$4000,H$5,FALSE) -> 13 | I16: =VLOOKUP($C16,'2027'!$B$14:$T$4000,I$5,FALSE) -> 918.79 | J16: =VLOOKUP($C16,'2027'!$B$14:$T$4000,J$5,FALSE) -> 998.58 | K16: =VLOOKUP($C16,'2027'!$B$14:$T$4000,K$5,FALSE) -> 922.8 | L16: =VLOOKUP($C16,'2027'!$B$14:$T$4000,L$5,FALSE) -> 1017.25 | M16: =(L16-K16)/ABS(K16)*100 -> 10.235154 | N16: =IF(ISBLANK(VLOOKUP($C16,'2027'!$B$14:$T$3000,N$5,FALSE)),"",VLOOKUP($C16,'2027'!$B$14:$T$3000,N$5,FALSE)) | O16: =IF(AND(I16<K16,J16<L16,K16<L16),1,IF(AND(I16>K16,J16>L16,K16>L16),-1,0)) -> 1 | P16: =IF(ISBLANK(VLOOKUP($C16,'2027'!$B$14:$T$3000,P$5,FALSE)),"",VLOOKUP($C16,'2027'!$B$14:$T$3000,P$5,FALSE)) | Q16: =IF(O16=1,"Surprise",IF(O16=-1,"Shock","")) -> Surprise | R16: =IF(N16="","",IF((N16-L16)/ABS(L16)>$R$9,"Surprise",IF((N16-L16)/ABS(L16)<$R$9*-1,"Shock",""))) | S16: =VLOOKUP($C16,'2027'!$B$14:$T$3000,S$5,FALSE) -> -1.31 | T16: =VLOOKUP($C16,'2027'!$B$14:$T$3000,T$5,FALSE) -> 65.93 | X16: =X15+1 -> 19 | Y16: A012450 | Z16: 삼성테크윈
B17: 97 | C17: =VLOOKUP(B17,'2027'!$A$14:$B$4000,2,FALSE) -> A023530 | D17: =VLOOKUP($C17,'2027'!$B$14:$T$4000,D$5,FALSE) -> 롯데쇼핑 | E17: =VLOOKUP($C17,'2027'!$B$14:$T$4000,E$5,FALSE) -> KS | F17: =VLOOKUP($C17,'2027'!$B$14:$T$4000,F$5,FALSE) -> 백화점 | G17: =VLOOKUP($C17,'2027'!$B$14:$T$4000,G$5,FALSE) -> 5233.42 | H17: =VLOOKUP($C17,'2027'!$B$14:$T$4000,H$5,FALSE) -> 15 | I17: =VLOOKUP($C17,'2027'!$B$14:$T$4000,I$5,FALSE) -> 854.54 | J17: =VLOOKUP($C17,'2027'!$B$14:$T$4000,J$5,FALSE) -> 883.18 | K17: =VLOOKUP($C17,'2027'!$B$14:$T$4000,K$5,FALSE) -> 856.27 | L17: =VLOOKUP($C17,'2027'!$B$14:$T$4000,L$5,FALSE) -> 887.86 | M17: =(L17-K17)/ABS(K17)*100 -> 3.6892569 | N17: =IF(ISBLANK(VLOOKUP($C17,'2027'!$B$14:$T$3000,N$5,FALSE)),"",VLOOKUP($C17,'2027'!$B$14:$T$3000,N$5,FALSE)) | O17: =IF(AND(I17<K17,J17<L17,K17<L17),1,IF(AND(I17>K17,J17>L17,K17>L17),-1,0)) -> 1 | P17: =IF(ISBLANK(VLOOKUP($C17,'2027'!$B$14:$T$3000,P$5,FALSE)),"",VLOOKUP($C17,'2027'!$B$14:$T$3000,P$5,FALSE)) | Q17: =IF(O17=1,"Surprise",IF(O17=-1,"Shock","")) -> Surprise | R17: =IF(N17="","",IF((N17-L17)/ABS(L17)>$R$9,"Surprise",IF((N17-L17)/ABS(L17)<$R$9*-1,"Shock",""))) | S17: =VLOOKUP($C17,'2027'!$B$14:$T$3000,S$5,FALSE) -> 25.42 | T17: =VLOOKUP($C17,'2027'!$B$14:$T$3000,T$5,FALSE) -> 74.53 | X17: =X16+1 -> 20 | Y17: A036570 | Z17: 엔씨소프트
B18: 62 | C18: =VLOOKUP(B18,'2027'!$A$14:$B$4000,2,FALSE) -> A010950 | D18: =VLOOKUP($C18,'2027'!$B$14:$T$4000,D$5,FALSE) -> S-Oil | E18: =VLOOKUP($C18,'2027'!$B$14:$T$4000,E$5,FALSE) -> KS | F18: =VLOOKUP($C18,'2027'!$B$14:$T$4000,F$5,FALSE) -> 에너지 | G18: =VLOOKUP($C18,'2027'!$B$14:$T$4000,G$5,FALSE) -> 12339.07 | H18: =VLOOKUP($C18,'2027'!$B$14:$T$4000,H$5,FALSE) -> 16 | I18: =VLOOKUP($C18,'2027'!$B$14:$T$4000,I$5,FALSE) -> 2358.06 | J18: =VLOOKUP($C18,'2027'!$B$14:$T$4000,J$5,FALSE) -> 2467.58 | K18: =VLOOKUP($C18,'2027'!$B$14:$T$4000,K$5,FALSE) -> 2397.16 | L18: =VLOOKUP($C18,'2027'!$B$14:$T$4000,L$5,FALSE) -> 2560.83 | M18: =(L18-K18)/ABS(K18)*100 -> 6.8276627 | N18: =IF(ISBLANK(VLOOKUP($C18,'2027'!$B$14:$T$3000,N$5,FALSE)),"",VLOOKUP($C18,'2027'!$B$14:$T$3000,N$5,FALSE)) | O18: =IF(AND(I18<K18,J18<L18,K18<L18),1,IF(AND(I18>K18,J18>L18,K18>L18),-1,0)) -> 1 | P18: =IF(ISBLANK(VLOOKUP($C18,'2027'!$B$14:$T$3000,P$5,FALSE)),"",VLOOKUP($C18,'2027'!$B$14:$T$3000,P$5,FALSE)) | Q18: =IF(O18=1,"Surprise",IF(O18=-1,"Shock","")) -> Surprise | R18: =IF(N18="","",IF((N18-L18)/ABS(L18)>$R$9,"Surprise",IF((N18-L18)/ABS(L18)<$R$9*-1,"Shock",""))) | S18: =VLOOKUP($C18,'2027'!$B$14:$T$3000,S$5,FALSE) -> 4.68 | T18: =VLOOKUP($C18,'2027'!$B$14:$T$3000,T$5,FALSE) -> -3.09 | X18: =X17+1 -> 21 | Y18: A139480 | Z18: 이마트
B19: 12 | C19: =VLOOKUP(B19,'2027'!$A$14:$B$4000,2,FALSE) -> A012450 | D19: =VLOOKUP($C19,'2027'!$B$14:$T$4000,D$5,FALSE) -> 한화에어로스페이스 | E19: =VLOOKUP($C19,'2027'!$B$14:$T$4000,E$5,FALSE) -> KS | F19: =VLOOKUP($C19,'2027'!$B$14:$T$4000,F$5,FALSE) -> 기타자본재 | G19: =VLOOKUP($C19,'2027'!$B$14:$T$4000,G$5,FALSE) -> 56255.67 | H19: =VLOOKUP($C19,'2027'!$B$14:$T$4000,H$5,FALSE) -> 19 | I19: =VLOOKUP($C19,'2027'!$B$14:$T$4000,I$5,FALSE) -> 5455.88 | J19: =VLOOKUP($C19,'2027'!$B$14:$T$4000,J$5,FALSE) -> 5565.7 | K19: =VLOOKUP($C19,'2027'!$B$14:$T$4000,K$5,FALSE) -> 5493.64 | L19: =VLOOKUP($C19,'2027'!$B$14:$T$4000,L$5,FALSE) -> 5671.2 | M19: =(L19-K19)/ABS(K19)*100 -> 3.2321011 | N19: =IF(ISBLANK(VLOOKUP($C19,'2027'!$B$14:$T$3000,N$5,FALSE)),"",VLOOKUP($C19,'2027'!$B$14:$T$3000,N$5,FALSE)) | O19: =IF(AND(I19<K19,J19<L19,K19<L19),1,IF(AND(I19>K19,J19>L19,K19>L19),-1,0)) -> 1 | P19: =IF(ISBLANK(VLOOKUP($C19,'2027'!$B$14:$T$3000,P$5,FALSE)),"",VLOOKUP($C19,'2027'!$B$14:$T$3000,P$5,FALSE)) | Q19: =IF(O19=1,"Surprise",IF(O19=-1,"Shock","")) -> Surprise | R19: =IF(N19="","",IF((N19-L19)/ABS(L19)>$R$9,"Surprise",IF((N19-L19)/ABS(L19)<$R$9*-1,"Shock",""))) | S19: =VLOOKUP($C19,'2027'!$B$14:$T$3000,S$5,FALSE) -> -4.13 | T19: =VLOOKUP($C19,'2027'!$B$14:$T$3000,T$5,FALSE) -> -18.15 | X19: =X18+1 -> 22 | Y19: A071840 | Z19: 롯데하이마트
B20: 14 | C20: =VLOOKUP(B20,'2027'!$A$14:$B$4000,2,FALSE) -> A034730 | D20: =VLOOKUP($C20,'2027'!$B$14:$T$4000,D$5,FALSE) -> SK | E20: =VLOOKUP($C20,'2027'!$B$14:$T$4000,E$5,FALSE) -> KS | F20: =VLOOKUP($C20,'2027'!$B$14:$T$4000,F$5,FALSE) -> 에너지 | G20: =VLOOKUP($C20,'2027'!$B$14:$T$4000,G$5,FALSE) -> 55319.56 | H20: =VLOOKUP($C20,'2027'!$B$14:$T$4000,H$5,FALSE) -> 13 | I20: =VLOOKUP($C20,'2027'!$B$14:$T$4000,I$5,FALSE) -> 9286.45 | J20: =VLOOKUP($C20,'2027'!$B$14:$T$4000,J$5,FALSE) -> 13526.82 | K20: =VLOOKUP($C20,'2027'!$B$14:$T$4000,K$5,FALSE) -> 11535.82 | L20: =VLOOKUP($C20,'2027'!$B$14:$T$4000,L$5,FALSE) -> 13771.5 | M20: =(L20-K20)/ABS(K20)*100 -> 19.38033 | N20: =IF(ISBLANK(VLOOKUP($C20,'2027'!$B$14:$T$3000,N$5,FALSE)),"",VLOOKUP($C20,'2027'!$B$14:$T$3000,N$5,FALSE)) | O20: =IF(AND(I20<K20,J20<L20,K20<L20),1,IF(AND(I20>K20,J20>L20,K20>L20),-1,0)) -> 1 | P20: =IF(ISBLANK(VLOOKUP($C20,'2027'!$B$14:$T$3000,P$5,FALSE)),"",VLOOKUP($C20,'2027'!$B$14:$T$3000,P$5,FALSE)) | Q20: =IF(O20=1,"Surprise",IF(O20=-1,"Shock","")) -> Surprise | R20: =IF(N20="","",IF((N20-L20)/ABS(L20)>$R$9,"Surprise",IF((N20-L20)/ABS(L20)<$R$9*-1,"Shock",""))) | S20: =VLOOKUP($C20,'2027'!$B$14:$T$3000,S$5,FALSE) -> 16.13 | T20: =VLOOKUP($C20,'2027'!$B$14:$T$3000,T$5,FALSE) -> 137.69 | X20: =X19+1 -> 23 | Y20: A000270 | Z20: 기아차
B21: 76 | C21: =VLOOKUP(B21,'2027'!$A$14:$B$4000,2,FALSE) -> A047040 | D21: =VLOOKUP($C21,'2027'!$B$14:$T$4000,D$5,FALSE) -> 대우건설 | E21: =VLOOKUP($C21,'2027'!$B$14:$T$4000,E$5,FALSE) -> KS | F21: =VLOOKUP($C21,'2027'!$B$14:$T$4000,F$5,FALSE) -> 건설,건축제품,건축자재 | G21: =VLOOKUP($C21,'2027'!$B$14:$T$4000,G$5,FALSE) -> 7979.83 | H21: =VLOOKUP($C21,'2027'!$B$14:$T$4000,H$5,FALSE) -> 13 | I21: =VLOOKUP($C21,'2027'!$B$14:$T$4000,I$5,FALSE) -> 708.3 | J21: =VLOOKUP($C21,'2027'!$B$14:$T$4000,J$5,FALSE) -> 708.83 | K21: =VLOOKUP($C21,'2027'!$B$14:$T$4000,K$5,FALSE) -> 715.04 | L21: =VLOOKUP($C21,'2027'!$B$14:$T$4000,L$5,FALSE) -> 715.75 | M21: =(L21-K21)/ABS(K21)*100 -> 0.099295144 | N21: =IF(ISBLANK(VLOOKUP($C21,'2027'!$B$14:$T$3000,N$5,FALSE)),"",VLOOKUP($C21,'2027'!$B$14:$T$3000,N$5,FALSE)) | O21: =IF(AND(I21<K21,J21<L21,K21<L21),1,IF(AND(I21>K21,J21>L21,K21>L21),-1,0)) -> 1 | P21: =IF(ISBLANK(VLOOKUP($C21,'2027'!$B$14:$T$3000,P$5,FALSE)),"",VLOOKUP($C21,'2027'!$B$14:$T$3000,P$5,FALSE)) | Q21: =IF(O21=1,"Surprise",IF(O21=-1,"Shock","")) -> Surprise | R21: =IF(N21="","",IF((N21-L21)/ABS(L21)>$R$9,"Surprise",IF((N21-L21)/ABS(L21)<$R$9*-1,"Shock",""))) | S21: =VLOOKUP($C21,'2027'!$B$14:$T$3000,S$5,FALSE) -> -19.92 | T21: =VLOOKUP($C21,'2027'!$B$14:$T$3000,T$5,FALSE) -> -0.05 | X21: =X20+1 -> 24 | Y21: A035760 | Z21: CJ오쇼핑
B22: 130 | C22: =VLOOKUP(B22,'2027'!$A$14:$B$4000,2,FALSE) -> A097950 | D22: =VLOOKUP($C22,'2027'!$B$14:$T$4000,D$5,FALSE) -> CJ제일제당 | E22: =VLOOKUP($C22,'2027'!$B$14:$T$4000,E$5,FALSE) -> KS | F22: =VLOOKUP($C22,'2027'!$B$14:$T$4000,F$5,FALSE) -> 식품,음료 | G22: =VLOOKUP($C22,'2027'!$B$14:$T$4000,G$5,FALSE) -> 2827.18 | H22: =VLOOKUP($C22,'2027'!$B$14:$T$4000,H$5,FALSE) -> 12 | I22: =VLOOKUP($C22,'2027'!$B$14:$T$4000,I$5,FALSE) -> 1467.58 | J22: =VLOOKUP($C22,'2027'!$B$14:$T$4000,J$5,FALSE) -> 1465.76 | K22: =VLOOKUP($C22,'2027'!$B$14:$T$4000,K$5,FALSE) -> 1468.42 | L22: =VLOOKUP($C22,'2027'!$B$14:$T$4000,L$5,FALSE) -> 1474.93 | M22: =(L22-K22)/ABS(K22)*100 -> 0.44333365 | N22: =IF(ISBLANK(VLOOKUP($C22,'2027'!$B$14:$T$3000,N$5,FALSE)),"",VLOOKUP($C22,'2027'!$B$14:$T$3000,N$5,FALSE)) | O22: =IF(AND(I22<K22,J22<L22,K22<L22),1,IF(AND(I22>K22,J22>L22,K22>L22),-1,0)) -> 1 | P22: =IF(ISBLANK(VLOOKUP($C22,'2027'!$B$14:$T$3000,P$5,FALSE)),"",VLOOKUP($C22,'2027'!$B$14:$T$3000,P$5,FALSE)) | Q22: =IF(O22=1,"Surprise",IF(O22=-1,"Shock","")) -> Surprise | R22: =IF(N22="","",IF((N22-L22)/ABS(L22)>$R$9,"Surprise",IF((N22-L22)/ABS(L22)<$R$9*-1,"Shock",""))) | S22: =VLOOKUP($C22,'2027'!$B$14:$T$3000,S$5,FALSE) -> -7.71 | T22: =VLOOKUP($C22,'2027'!$B$14:$T$3000,T$5,FALSE) -> -14.64 | X22: =#REF!+1 -> #REF! | Y22: A063080 | Z22: 게임빌
B23: 80 | C23: =VLOOKUP(B23,'2027'!$A$14:$B$4000,2,FALSE) -> A004170 | D23: =VLOOKUP($C23,'2027'!$B$14:$T$4000,D$5,FALSE) -> 신세계 | E23: =VLOOKUP($C23,'2027'!$B$14:$T$4000,E$5,FALSE) -> KS | F23: =VLOOKUP($C23,'2027'!$B$14:$T$4000,F$5,FALSE) -> 백화점 | G23: =VLOOKUP($C23,'2027'!$B$14:$T$4000,G$5,FALSE) -> 7329.46 | H23: =VLOOKUP($C23,'2027'!$B$14:$T$4000,H$5,FALSE) -> 18 | I23: =VLOOKUP($C23,'2027'!$B$14:$T$4000,I$5,FALSE) -> 831.38 | J23: =VLOOKUP($C23,'2027'!$B$14:$T$4000,J$5,FALSE) -> 874.93 | K23: =VLOOKUP($C23,'2027'!$B$14:$T$4000,K$5,FALSE) -> 836.96 | L23: =VLOOKUP($C23,'2027'!$B$14:$T$4000,L$5,FALSE) -> 883.19 | M23: =(L23-K23)/ABS(K23)*100 -> 5.5235615 | N23: =IF(ISBLANK(VLOOKUP($C23,'2027'!$B$14:$T$3000,N$5,FALSE)),"",VLOOKUP($C23,'2027'!$B$14:$T$3000,N$5,FALSE)) | O23: =IF(AND(I23<K23,J23<L23,K23<L23),1,IF(AND(I23>K23,J23>L23,K23>L23),-1,0)) -> 1 | P23: =IF(ISBLANK(VLOOKUP($C23,'2027'!$B$14:$T$3000,P$5,FALSE)),"",VLOOKUP($C23,'2027'!$B$14:$T$3000,P$5,FALSE)) | Q23: =IF(O23=1,"Surprise",IF(O23=-1,"Shock","")) -> Surprise | R23: =IF(N23="","",IF((N23-L23)/ABS(L23)>$R$9,"Surprise",IF((N23-L23)/ABS(L23)<$R$9*-1,"Shock",""))) | S23: =VLOOKUP($C23,'2027'!$B$14:$T$3000,S$5,FALSE) -> 50.39 | T23: =VLOOKUP($C23,'2027'!$B$14:$T$3000,T$5,FALSE) -> 145.18 | X23: =X22+1 -> #REF! | Y23: A009150 | Z23: 삼성전기
B24: 89 | C24: =VLOOKUP(B24,'2027'!$A$14:$B$4000,2,FALSE) -> A222800 | D24: =VLOOKUP($C24,'2027'!$B$14:$T$4000,D$5,FALSE) -> 심텍 | E24: =VLOOKUP($C24,'2027'!$B$14:$T$4000,E$5,FALSE) -> KQ | F24: =VLOOKUP($C24,'2027'!$B$14:$T$4000,F$5,FALSE) -> 전자장비,사무용전자제품 | G24: =VLOOKUP($C24,'2027'!$B$14:$T$4000,G$5,FALSE) -> 5893.08 | H24: =VLOOKUP($C24,'2027'!$B$14:$T$4000,H$5,FALSE) -> 8 | I24: =VLOOKUP($C24,'2027'!$B$14:$T$4000,I$5,FALSE) -> 271.44 | J24: =VLOOKUP($C24,'2027'!$B$14:$T$4000,J$5,FALSE) -> 287.24 | K24: =VLOOKUP($C24,'2027'!$B$14:$T$4000,K$5,FALSE) -> 284.26 | L24: =VLOOKUP($C24,'2027'!$B$14:$T$4000,L$5,FALSE) -> 299.1 | M24: =(L24-K24)/ABS(K24)*100 -> 5.2205727 | N24: =IF(ISBLANK(VLOOKUP($C24,'2027'!$B$14:$T$3000,N$5,FALSE)),"",VLOOKUP($C24,'2027'!$B$14:$T$3000,N$5,FALSE)) | O24: =IF(AND(I24<K24,J24<L24,K24<L24),1,IF(AND(I24>K24,J24>L24,K24>L24),-1,0)) -> 1 | P24: =IF(ISBLANK(VLOOKUP($C24,'2027'!$B$14:$T$3000,P$5,FALSE)),"",VLOOKUP($C24,'2027'!$B$14:$T$3000,P$5,FALSE)) | Q24: =IF(O24=1,"Surprise",IF(O24=-1,"Shock","")) -> Surprise | R24: =IF(N24="","",IF((N24-L24)/ABS(L24)>$R$9,"Surprise",IF((N24-L24)/ABS(L24)<$R$9*-1,"Shock",""))) | S24: =VLOOKUP($C24,'2027'!$B$14:$T$3000,S$5,FALSE) -> 56.99 | T24: =VLOOKUP($C24,'2027'!$B$14:$T$3000,T$5,FALSE) -> 197.35 | X24: =X23+1 -> #REF! | Y24: A108670 | Z24: LG하우시스
B25: 141 | C25: =VLOOKUP(B25,'2027'!$A$14:$B$4000,2,FALSE) -> A263750 | D25: =VLOOKUP($C25,'2027'!$B$14:$T$4000,D$5,FALSE) -> 펄어비스 | E25: =VLOOKUP($C25,'2027'!$B$14:$T$4000,E$5,FALSE) -> KQ | F25: =VLOOKUP($C25,'2027'!$B$14:$T$4000,F$5,FALSE) -> 게임소프트웨어 | G25: =VLOOKUP($C25,'2027'!$B$14:$T$4000,G$5,FALSE) -> 2372.36 | H25: =VLOOKUP($C25,'2027'!$B$14:$T$4000,H$5,FALSE) -> 9 | I25: =VLOOKUP($C25,'2027'!$B$14:$T$4000,I$5,FALSE) -> 176.48 | J25: =VLOOKUP($C25,'2027'!$B$14:$T$4000,J$5,FALSE) -> 68.9 | K25: =VLOOKUP($C25,'2027'!$B$14:$T$4000,K$5,FALSE) -> 177.79 | L25: =VLOOKUP($C25,'2027'!$B$14:$T$4000,L$5,FALSE) -> 188.3 | M25: =(L25-K25)/ABS(K25)*100 -> 5.9114686 | N25: =IF(ISBLANK(VLOOKUP($C25,'2027'!$B$14:$T$3000,N$5,FALSE)),"",VLOOKUP($C25,'2027'!$B$14:$T$3000,N$5,FALSE)) | O25: =IF(AND(I25<K25,J25<L25,K25<L25),1,IF(AND(I25>K25,J25>L25,K25>L25),-1,0)) -> 1 | P25: =IF(ISBLANK(VLOOKUP($C25,'2027'!$B$14:$T$3000,P$5,FALSE)),"",VLOOKUP($C25,'2027'!$B$14:$T$3000,P$5,FALSE)) | Q25: =IF(O25=1,"Surprise",IF(O25=-1,"Shock","")) -> Surprise | R25: =IF(N25="","",IF((N25-L25)/ABS(L25)>$R$9,"Surprise",IF((N25-L25)/ABS(L25)<$R$9*-1,"Shock",""))) | S25: =VLOOKUP($C25,'2027'!$B$14:$T$3000,S$5,FALSE) -> -13.42 | T25: =VLOOKUP($C25,'2027'!$B$14:$T$3000,T$5,FALSE) -> -47.57 | X25: =X24+1 -> #REF! | Y25: A097230 | Z25: 한진중공업
B26: 64 | C26: =VLOOKUP(B26,'2027'!$A$14:$B$4000,2,FALSE) -> A005940 | D26: =VLOOKUP($C26,'2027'!$B$14:$T$4000,D$5,FALSE) -> NH투자증권 | E26: =VLOOKUP($C26,'2027'!$B$14:$T$4000,E$5,FALSE) -> KS | F26: =VLOOKUP($C26,'2027'!$B$14:$T$4000,F$5,FALSE) -> 증권 | G26: =VLOOKUP($C26,'2027'!$B$14:$T$4000,G$5,FALSE) -> 10529.98 | H26: =VLOOKUP($C26,'2027'!$B$14:$T$4000,H$5,FALSE) -> 17 | I26: =VLOOKUP($C26,'2027'!$B$14:$T$4000,I$5,FALSE) -> 1915.35 | J26: =VLOOKUP($C26,'2027'!$B$14:$T$4000,J$5,FALSE) -> 1912.78 | K26: =VLOOKUP($C26,'2027'!$B$14:$T$4000,K$5,FALSE) -> 1927.88 | L26: =VLOOKUP($C26,'2027'!$B$14:$T$4000,L$5,FALSE) -> 1937.53 | M26: =(L26-K26)/ABS(K26)*100 -> 0.50054983 | N26: =IF(ISBLANK(VLOOKUP($C26,'2027'!$B$14:$T$3000,N$5,FALSE)),"",VLOOKUP($C26,'2027'!$B$14:$T$3000,N$5,FALSE)) | O26: =IF(AND(I26<K26,J26<L26,K26<L26),1,IF(AND(I26>K26,J26>L26,K26>L26),-1,0)) -> 1 | P26: =IF(ISBLANK(VLOOKUP($C26,'2027'!$B$14:$T$3000,P$5,FALSE)),"",VLOOKUP($C26,'2027'!$B$14:$T$3000,P$5,FALSE)) | Q26: =IF(O26=1,"Surprise",IF(O26=-1,"Shock","")) -> Surprise | R26: =IF(N26="","",IF((N26-L26)/ABS(L26)>$R$9,"Surprise",IF((N26-L26)/ABS(L26)<$R$9*-1,"Shock",""))) | S26: =VLOOKUP($C26,'2027'!$B$14:$T$3000,S$5,FALSE) -> -5.29 | T26: =VLOOKUP($C26,'2027'!$B$14:$T$3000,T$5,FALSE) -> -7.22 | X26: =X25+1 -> #REF! | Y26: A020560 | Z26: 아시아나항공
B27: 22 | C27: =VLOOKUP(B27,'2027'!$A$14:$B$4000,2,FALSE) -> A298040 | D27: =VLOOKUP($C27,'2027'!$B$14:$T$4000,D$5,FALSE) -> 효성중공업 | E27: =VLOOKUP($C27,'2027'!$B$14:$T$4000,E$5,FALSE) -> KS | F27: =VLOOKUP($C27,'2027'!$B$14:$T$4000,F$5,FALSE) -> 전기장비 | G27: =VLOOKUP($C27,'2027'!$B$14:$T$4000,G$5,FALSE) -> 34668.67 | H27: =VLOOKUP($C27,'2027'!$B$14:$T$4000,H$5,FALSE) -> 13 | I27: =VLOOKUP($C27,'2027'!$B$14:$T$4000,I$5,FALSE) -> 1534.45 | J27: =VLOOKUP($C27,'2027'!$B$14:$T$4000,J$5,FALSE) -> 1515.36 | K27: =VLOOKUP($C27,'2027'!$B$14:$T$4000,K$5,FALSE) -> 1547.76 | L27: =VLOOKUP($C27,'2027'!$B$14:$T$4000,L$5,FALSE) -> 1559.23 | M27: =(L27-K27)/ABS(K27)*100 -> 0.74107097 | N27: =IF(ISBLANK(VLOOKUP($C27,'2027'!$B$14:$T$3000,N$5,FALSE)),"",VLOOKUP($C27,'2027'!$B$14:$T$3000,N$5,FALSE)) | O27: =IF(AND(I27<K27,J27<L27,K27<L27),1,IF(AND(I27>K27,J27>L27,K27>L27),-1,0)) -> 1 | P27: =IF(ISBLANK(VLOOKUP($C27,'2027'!$B$14:$T$3000,P$5,FALSE)),"",VLOOKUP($C27,'2027'!$B$14:$T$3000,P$5,FALSE)) | Q27: =IF(O27=1,"Surprise",IF(O27=-1,"Shock","")) -> Surprise | R27: =IF(N27="","",IF((N27-L27)/ABS(L27)>$R$9,"Surprise",IF((N27-L27)/ABS(L27)<$R$9*-1,"Shock",""))) | S27: =VLOOKUP($C27,'2027'!$B$14:$T$3000,S$5,FALSE) -> -2.44 | T27: =VLOOKUP($C27,'2027'!$B$14:$T$3000,T$5,FALSE) -> 40.14 | X27: =X26+1 -> #REF! | Y27: A117930 | Z27: 한진해운
B28: 13 | C28: =VLOOKUP(B28,'2027'!$A$14:$B$4000,2,FALSE) -> A105560 | D28: =VLOOKUP($C28,'2027'!$B$14:$T$4000,D$5,FALSE) -> KB금융 | E28: =VLOOKUP($C28,'2027'!$B$14:$T$4000,E$5,FALSE) -> KS | F28: =VLOOKUP($C28,'2027'!$B$14:$T$4000,F$5,FALSE) -> 은행 | G28: =VLOOKUP($C28,'2027'!$B$14:$T$4000,G$5,FALSE) -> 56218.01 | H28: =VLOOKUP($C28,'2027'!$B$14:$T$4000,H$5,FALSE) -> 19 | I28: =VLOOKUP($C28,'2027'!$B$14:$T$4000,I$5,FALSE) -> 9339.91 | J28: =VLOOKUP($C28,'2027'!$B$14:$T$4000,J$5,FALSE) -> 9436.96 | K28: =VLOOKUP($C28,'2027'!$B$14:$T$4000,K$5,FALSE) -> 9437.97 | L28: =VLOOKUP($C28,'2027'!$B$14:$T$4000,L$5,FALSE) -> 9543.57 | M28: =(L28-K28)/ABS(K28)*100 -> 1.1188847 | N28: =IF(ISBLANK(VLOOKUP($C28,'2027'!$B$14:$T$3000,N$5,FALSE)),"",VLOOKUP($C28,'2027'!$B$14:$T$3000,N$5,FALSE)) | O28: =IF(AND(I28<K28,J28<L28,K28<L28),1,IF(AND(I28>K28,J28>L28,K28>L28),-1,0)) -> 1 | P28: =IF(ISBLANK(VLOOKUP($C28,'2027'!$B$14:$T$3000,P$5,FALSE)),"",VLOOKUP($C28,'2027'!$B$14:$T$3000,P$5,FALSE)) | Q28: =IF(O28=1,"Surprise",IF(O28=-1,"Shock","")) -> Surprise | R28: =IF(N28="","",IF((N28-L28)/ABS(L28)>$R$9,"Surprise",IF((N28-L28)/ABS(L28)<$R$9*-1,"Shock",""))) | S28: =VLOOKUP($C28,'2027'!$B$14:$T$3000,S$5,FALSE) -> 4.21 | T28: =VLOOKUP($C28,'2027'!$B$14:$T$3000,T$5,FALSE) -> 6.88 | X28: =X27+1 -> #REF! | Y28: A010060 | Z28: OCI | AE28: 1
B29: 102 | C29: =VLOOKUP(B29,'2027'!$A$14:$B$4000,2,FALSE) -> A066970 | D29: =VLOOKUP($C29,'2027'!$B$14:$T$4000,D$5,FALSE) -> 엘앤에프 | E29: =VLOOKUP($C29,'2027'!$B$14:$T$4000,E$5,FALSE) -> KS | F29: =VLOOKUP($C29,'2027'!$B$14:$T$4000,F$5,FALSE) -> 전기제품 | G29: =VLOOKUP($C29,'2027'!$B$14:$T$4000,G$5,FALSE) -> 4462.47 | H29: =VLOOKUP($C29,'2027'!$B$14:$T$4000,H$5,FALSE) -> 20 | I29: =VLOOKUP($C29,'2027'!$B$14:$T$4000,I$5,FALSE) -> 222.13 | J29: =VLOOKUP($C29,'2027'!$B$14:$T$4000,J$5,FALSE) -> 232.67 | K29: =VLOOKUP($C29,'2027'!$B$14:$T$4000,K$5,FALSE) -> 230.54 | L29: =VLOOKUP($C29,'2027'!$B$14:$T$4000,L$5,FALSE) -> 242.18 | M29: =(L29-K29)/ABS(K29)*100 -> 5.0490154 | N29: =IF(ISBLANK(VLOOKUP($C29,'2027'!$B$14:$T$3000,N$5,FALSE)),"",VLOOKUP($C29,'2027'!$B$14:$T$3000,N$5,FALSE)) | O29: =IF(AND(I29<K29,J29<L29,K29<L29),1,IF(AND(I29>K29,J29>L29,K29>L29),-1,0)) -> 1 | P29: =IF(ISBLANK(VLOOKUP($C29,'2027'!$B$14:$T$3000,P$5,FALSE)),"",VLOOKUP($C29,'2027'!$B$14:$T$3000,P$5,FALSE)) | Q29: =IF(O29=1,"Surprise",IF(O29=-1,"Shock","")) -> Surprise | R29: =IF(N29="","",IF((N29-L29)/ABS(L29)>$R$9,"Surprise",IF((N29-L29)/ABS(L29)<$R$9*-1,"Shock",""))) | S29: =VLOOKUP($C29,'2027'!$B$14:$T$3000,S$5,FALSE) -> -29.03 | T29: =VLOOKUP($C29,'2027'!$B$14:$T$3000,T$5,FALSE) -> -25.37 | X29: =X28+1 -> #REF! | Y29: A006800 | Z29: 대우증권
B30: 105 | C30: =VLOOKUP(B30,'2027'!$A$14:$B$4000,2,FALSE) -> A095610 | D30: =VLOOKUP($C30,'2027'!$B$14:$T$4000,D$5,FALSE) -> 테스 | E30: =VLOOKUP($C30,'2027'!$B$14:$T$4000,E$5,FALSE) -> KQ | F30: =VLOOKUP($C30,'2027'!$B$14:$T$4000,F$5,FALSE) -> 반도체 | G30: =VLOOKUP($C30,'2027'!$B$14:$T$4000,G$5,FALSE) -> 4123.68 | H30: =VLOOKUP($C30,'2027'!$B$14:$T$4000,H$5,FALSE) -> 7 | I30: =VLOOKUP($C30,'2027'!$B$14:$T$4000,I$5,FALSE) -> 127.43 | J30: =VLOOKUP($C30,'2027'!$B$14:$T$4000,J$5,FALSE) -> 138.95 | K30: =VLOOKUP($C30,'2027'!$B$14:$T$4000,K$5,FALSE) -> 132.16 | L30: =VLOOKUP($C30,'2027'!$B$14:$T$4000,L$5,FALSE) -> 139.1 | M30: =(L30-K30)/ABS(K30)*100 -> 5.2512107 | N30: =IF(ISBLANK(VLOOKUP($C30,'2027'!$B$14:$T$3000,N$5,FALSE)),"",VLOOKUP($C30,'2027'!$B$14:$T$3000,N$5,FALSE)) | O30: =IF(AND(I30<K30,J30<L30,K30<L30),1,IF(AND(I30>K30,J30>L30,K30>L30),-1,0)) -> 1 | P30: =IF(ISBLANK(VLOOKUP($C30,'2027'!$B$14:$T$3000,P$5,FALSE)),"",VLOOKUP($C30,'2027'!$B$14:$T$3000,P$5,FALSE)) | Q30: =IF(O30=1,"Surprise",IF(O30=-1,"Shock","")) -> Surprise | R30: =IF(N30="","",IF((N30-L30)/ABS(L30)>$R$9,"Surprise",IF((N30-L30)/ABS(L30)<$R$9*-1,"Shock",""))) | S30: =VLOOKUP($C30,'2027'!$B$14:$T$3000,S$5,FALSE) -> 91.37 | T30: =VLOOKUP($C30,'2027'!$B$14:$T$3000,T$5,FALSE) -> 247.47
B31: 44 | C31: =VLOOKUP(B31,'2027'!$A$14:$B$4000,2,FALSE) -> A079550 | D31: =VLOOKUP($C31,'2027'!$B$14:$T$4000,D$5,FALSE) -> LIG디펜스앤에어로스페이스 | E31: =VLOOKUP($C31,'2027'!$B$14:$T$4000,E$5,FALSE) -> KS | F31: =VLOOKUP($C31,'2027'!$B$14:$T$4000,F$5,FALSE) -> 기타자본재 | G31: =VLOOKUP($C31,'2027'!$B$14:$T$4000,G$5,FALSE) -> 16940 | H31: =VLOOKUP($C31,'2027'!$B$14:$T$4000,H$5,FALSE) -> 18 | I31: =VLOOKUP($C31,'2027'!$B$14:$T$4000,I$5,FALSE) -> 616.78 | J31: =VLOOKUP($C31,'2027'!$B$14:$T$4000,J$5,FALSE) -> 626.09 | K31: =VLOOKUP($C31,'2027'!$B$14:$T$4000,K$5,FALSE) -> 618.43 | L31: =VLOOKUP($C31,'2027'!$B$14:$T$4000,L$5,FALSE) -> 671.48 | M31: =(L31-K31)/ABS(K31)*100 -> 8.5781738 | N31: =IF(ISBLANK(VLOOKUP($C31,'2027'!$B$14:$T$3000,N$5,FALSE)),"",VLOOKUP($C31,'2027'!$B$14:$T$3000,N$5,FALSE)) | O31: =IF(AND(I31<K31,J31<L31,K31<L31),1,IF(AND(I31>K31,J31>L31,K31>L31),-1,0)) -> 1 | P31: =IF(ISBLANK(VLOOKUP($C31,'2027'!$B$14:$T$3000,P$5,FALSE)),"",VLOOKUP($C31,'2027'!$B$14:$T$3000,P$5,FALSE)) | Q31: =IF(O31=1,"Surprise",IF(O31=-1,"Shock","")) -> Surprise | R31: =IF(N31="","",IF((N31-L31)/ABS(L31)>$R$9,"Surprise",IF((N31-L31)/ABS(L31)<$R$9*-1,"Shock",""))) | S31: =VLOOKUP($C31,'2027'!$B$14:$T$3000,S$5,FALSE) -> -0.77 | T31: =VLOOKUP($C31,'2027'!$B$14:$T$3000,T$5,FALSE) -> -3.02 | X31: =X30+1 -> 1 | Y31: A170900 | Z31: 동아에스티 | AE31: 1
B32: 138 | C32: =VLOOKUP(B32,'2027'!$A$14:$B$4000,2,FALSE) -> A161890 | D32: =VLOOKUP($C32,'2027'!$B$14:$T$4000,D$5,FALSE) -> 한국콜마 | E32: =VLOOKUP($C32,'2027'!$B$14:$T$4000,E$5,FALSE) -> KS | F32: =VLOOKUP($C32,'2027'!$B$14:$T$4000,F$5,FALSE) -> 화장품 | G32: =VLOOKUP($C32,'2027'!$B$14:$T$4000,G$5,FALSE) -> 2521.02 | H32: =VLOOKUP($C32,'2027'!$B$14:$T$4000,H$5,FALSE) -> 19 | I32: =VLOOKUP($C32,'2027'!$B$14:$T$4000,I$5,FALSE) -> 352.46 | J32: =VLOOKUP($C32,'2027'!$B$14:$T$4000,J$5,FALSE) -> 358.9 | K32: =VLOOKUP($C32,'2027'!$B$14:$T$4000,K$5,FALSE) -> 356.8 | L32: =VLOOKUP($C32,'2027'!$B$14:$T$4000,L$5,FALSE) -> 364.85 | M32: =(L32-K32)/ABS(K32)*100 -> 2.2561659 | N32: =IF(ISBLANK(VLOOKUP($C32,'2027'!$B$14:$T$3000,N$5,FALSE)),"",VLOOKUP($C32,'2027'!$B$14:$T$3000,N$5,FALSE)) | O32: =IF(AND(I32<K32,J32<L32,K32<L32),1,IF(AND(I32>K32,J32>L32,K32>L32),-1,0)) -> 1 | P32: =IF(ISBLANK(VLOOKUP($C32,'2027'!$B$14:$T$3000,P$5,FALSE)),"",VLOOKUP($C32,'2027'!$B$14:$T$3000,P$5,FALSE)) | Q32: =IF(O32=1,"Surprise",IF(O32=-1,"Shock","")) -> Surprise | R32: =IF(N32="","",IF((N32-L32)/ABS(L32)>$R$9,"Surprise",IF((N32-L32)/ABS(L32)<$R$9*-1,"Shock",""))) | S32: =VLOOKUP($C32,'2027'!$B$14:$T$3000,S$5,FALSE) -> 24.91 | T32: =VLOOKUP($C32,'2027'!$B$14:$T$3000,T$5,FALSE) -> 35.88
B33: 117 | C33: =VLOOKUP(B33,'2027'!$A$14:$B$4000,2,FALSE) -> A145020 | D33: =VLOOKUP($C33,'2027'!$B$14:$T$4000,D$5,FALSE) -> 휴젤 | E33: =VLOOKUP($C33,'2027'!$B$14:$T$4000,E$5,FALSE) -> KQ | F33: =VLOOKUP($C33,'2027'!$B$14:$T$4000,F$5,FALSE) -> 생명과학 | G33: =VLOOKUP($C33,'2027'!$B$14:$T$4000,G$5,FALSE) -> 3377.46 | H33: =VLOOKUP($C33,'2027'!$B$14:$T$4000,H$5,FALSE) -> 13 | I33: =VLOOKUP($C33,'2027'!$B$14:$T$4000,I$5,FALSE) -> 276.8 | J33: =VLOOKUP($C33,'2027'!$B$14:$T$4000,J$5,FALSE) -> 279.1 | K33: =VLOOKUP($C33,'2027'!$B$14:$T$4000,K$5,FALSE) -> 278.82 | L33: =VLOOKUP($C33,'2027'!$B$14:$T$4000,L$5,FALSE) -> 287.07 | M33: =(L33-K33)/ABS(K33)*100 -> 2.9588982 | N33: =IF(ISBLANK(VLOOKUP($C33,'2027'!$B$14:$T$3000,N$5,FALSE)),"",VLOOKUP($C33,'2027'!$B$14:$T$3000,N$5,FALSE)) | O33: =IF(AND(I33<K33,J33<L33,K33<L33),1,IF(AND(I33>K33,J33>L33,K33>L33),-1,0)) -> 1 | P33: =IF(ISBLANK(VLOOKUP($C33,'2027'!$B$14:$T$3000,P$5,FALSE)),"",VLOOKUP($C33,'2027'!$B$14:$T$3000,P$5,FALSE)) | Q33: =IF(O33=1,"Surprise",IF(O33=-1,"Shock","")) -> Surprise | R33: =IF(N33="","",IF((N33-L33)/ABS(L33)>$R$9,"Surprise",IF((N33-L33)/ABS(L33)<$R$9*-1,"Shock",""))) | S33: =VLOOKUP($C33,'2027'!$B$14:$T$3000,S$5,FALSE) -> 10.46 | T33: =VLOOKUP($C33,'2027'!$B$14:$T$3000,T$5,FALSE) -> 6.81
B34: 51 | C34: =VLOOKUP(B34,'2027'!$A$14:$B$4000,2,FALSE) -> A003670 | D34: =VLOOKUP($C34,'2027'!$B$14:$T$4000,D$5,FALSE) -> 포스코퓨처엠 | E34: =VLOOKUP($C34,'2027'!$B$14:$T$4000,E$5,FALSE) -> KS | F34: =VLOOKUP($C34,'2027'!$B$14:$T$4000,F$5,FALSE) -> 화학 | G34: =VLOOKUP($C34,'2027'!$B$14:$T$4000,G$5,FALSE) -> 15138.65 | H34: =VLOOKUP($C34,'2027'!$B$14:$T$4000,H$5,FALSE) -> 16 | I34: =VLOOKUP($C34,'2027'!$B$14:$T$4000,I$5,FALSE) -> 161.56 | J34: =VLOOKUP($C34,'2027'!$B$14:$T$4000,J$5,FALSE) -> 158.7 | K34: =VLOOKUP($C34,'2027'!$B$14:$T$4000,K$5,FALSE) -> 167.06 | L34: =VLOOKUP($C34,'2027'!$B$14:$T$4000,L$5,FALSE) -> 207.73 | M34: =(L34-K34)/ABS(K34)*100 -> 24.344547 | N34: =IF(ISBLANK(VLOOKUP($C34,'2027'!$B$14:$T$3000,N$5,FALSE)),"",VLOOKUP($C34,'2027'!$B$14:$T$3000,N$5,FALSE)) | O34: =IF(AND(I34<K34,J34<L34,K34<L34),1,IF(AND(I34>K34,J34>L34,K34>L34),-1,0)) -> 1 | P34: =IF(ISBLANK(VLOOKUP($C34,'2027'!$B$14:$T$3000,P$5,FALSE)),"",VLOOKUP($C34,'2027'!$B$14:$T$3000,P$5,FALSE)) | Q34: =IF(O34=1,"Surprise",IF(O34=-1,"Shock","")) -> Surprise | R34: =IF(N34="","",IF((N34-L34)/ABS(L34)>$R$9,"Surprise",IF((N34-L34)/ABS(L34)<$R$9*-1,"Shock",""))) | S34: =VLOOKUP($C34,'2027'!$B$14:$T$3000,S$5,FALSE) -> -26.32 | T34: =VLOOKUP($C34,'2027'!$B$14:$T$3000,T$5,FALSE) -> -19.53
B35: 34 | C35: =VLOOKUP(B35,'2027'!$A$14:$B$4000,2,FALSE) -> A011070 | D35: =VLOOKUP($C35,'2027'!$B$14:$T$4000,D$5,FALSE) -> LG이노텍 | E35: =VLOOKUP($C35,'2027'!$B$14:$T$4000,E$5,FALSE) -> KS | F35: =VLOOKUP($C35,'2027'!$B$14:$T$4000,F$5,FALSE) -> 전자장비,사무용전자제품 | G35: =VLOOKUP($C35,'2027'!$B$14:$T$4000,G$5,FALSE) -> 21466.07 | H35: =VLOOKUP($C35,'2027'!$B$14:$T$4000,H$5,FALSE) -> 21 | I35: =VLOOKUP($C35,'2027'!$B$14:$T$4000,I$5,FALSE) -> 1308.03 | J35: =VLOOKUP($C35,'2027'!$B$14:$T$4000,J$5,FALSE) -> 1414.76 | K35: =VLOOKUP($C35,'2027'!$B$14:$T$4000,K$5,FALSE) -> 1318.53 | L35: =VLOOKUP($C35,'2027'!$B$14:$T$4000,L$5,FALSE) -> 1446.02 | M35: =(L35-K35)/ABS(K35)*100 -> 9.6691012 | N35: =IF(ISBLANK(VLOOKUP($C35,'2027'!$B$14:$T$3000,N$5,FALSE)),"",VLOOKUP($C35,'2027'!$B$14:$T$3000,N$5,FALSE)) | O35: =IF(AND(I35<K35,J35<L35,K35<L35),1,IF(AND(I35>K35,J35>L35,K35>L35),-1,0)) -> 1 | P35: =IF(ISBLANK(VLOOKUP($C35,'2027'!$B$14:$T$3000,P$5,FALSE)),"",VLOOKUP($C35,'2027'!$B$14:$T$3000,P$5,FALSE)) | Q35: =IF(O35=1,"Surprise",IF(O35=-1,"Shock","")) -> Surprise | R35: =IF(N35="","",IF((N35-L35)/ABS(L35)>$R$9,"Surprise",IF((N35-L35)/ABS(L35)<$R$9*-1,"Shock",""))) | S35: =VLOOKUP($C35,'2027'!$B$14:$T$3000,S$5,FALSE) -> -40.72 | T35: =VLOOKUP($C35,'2027'!$B$14:$T$3000,T$5,FALSE) -> 164.43 | X35: =X34+1 -> 1 | Y35: A097950 | Z35: CJ제일제당
B36: 10 | C36: =VLOOKUP(B36,'2027'!$A$14:$B$4000,2,FALSE) -> A329180 | D36: =VLOOKUP($C36,'2027'!$B$14:$T$4000,D$5,FALSE) -> HD현대중공업 | E36: =VLOOKUP($C36,'2027'!$B$14:$T$4000,E$5,FALSE) -> KS | F36: =VLOOKUP($C36,'2027'!$B$14:$T$4000,F$5,FALSE) -> 조선 | G36: =VLOOKUP($C36,'2027'!$B$14:$T$4000,G$5,FALSE) -> 64551.15 | H36: =VLOOKUP($C36,'2027'!$B$14:$T$4000,H$5,FALSE) -> 20 | I36: =VLOOKUP($C36,'2027'!$B$14:$T$4000,I$5,FALSE) -> 4532.36 | J36: =VLOOKUP($C36,'2027'!$B$14:$T$4000,J$5,FALSE) -> 4458.38 | K36: =VLOOKUP($C36,'2027'!$B$14:$T$4000,K$5,FALSE) -> 4534.42 | L36: =VLOOKUP($C36,'2027'!$B$14:$T$4000,L$5,FALSE) -> 4666.04 | M36: =(L36-K36)/ABS(K36)*100 -> 2.9026866 | N36: =IF(ISBLANK(VLOOKUP($C36,'2027'!$B$14:$T$3000,N$5,FALSE)),"",VLOOKUP($C36,'2027'!$B$14:$T$3000,N$5,FALSE)) | O36: =IF(AND(I36<K36,J36<L36,K36<L36),1,IF(AND(I36>K36,J36>L36,K36>L36),-1,0)) -> 1 | P36: =IF(ISBLANK(VLOOKUP($C36,'2027'!$B$14:$T$3000,P$5,FALSE)),"",VLOOKUP($C36,'2027'!$B$14:$T$3000,P$5,FALSE)) | Q36: =IF(O36=1,"Surprise",IF(O36=-1,"Shock","")) -> Surprise | R36: =IF(N36="","",IF((N36-L36)/ABS(L36)>$R$9,"Surprise",IF((N36-L36)/ABS(L36)<$R$9*-1,"Shock",""))) | S36: =VLOOKUP($C36,'2027'!$B$14:$T$3000,S$5,FALSE) -> -10.09 | T36: =VLOOKUP($C36,'2027'!$B$14:$T$3000,T$5,FALSE) -> 36.21 | X36: =X35+1 -> 2 | Y36: A112040 | Z36: 위메이드
B37: 43 | C37: =VLOOKUP(B37,'2027'!$A$14:$B$4000,2,FALSE) -> A033780 | D37: =VLOOKUP($C37,'2027'!$B$14:$T$4000,D$5,FALSE) -> KT&G | E37: =VLOOKUP($C37,'2027'!$B$14:$T$4000,E$5,FALSE) -> KS | F37: =VLOOKUP($C37,'2027'!$B$14:$T$4000,F$5,FALSE) -> 담배 | G37: =VLOOKUP($C37,'2027'!$B$14:$T$4000,G$5,FALSE) -> 17346.73 | H37: =VLOOKUP($C37,'2027'!$B$14:$T$4000,H$5,FALSE) -> 14 | I37: =VLOOKUP($C37,'2027'!$B$14:$T$4000,I$5,FALSE) -> 1624.68 | J37: =VLOOKUP($C37,'2027'!$B$14:$T$4000,J$5,FALSE) -> 1625.14 | K37: =VLOOKUP($C37,'2027'!$B$14:$T$4000,K$5,FALSE) -> 1627.27 | L37: =VLOOKUP($C37,'2027'!$B$14:$T$4000,L$5,FALSE) -> 1631.23 | M37: =(L37-K37)/ABS(K37)*100 -> 0.24335236 | N37: =IF(ISBLANK(VLOOKUP($C37,'2027'!$B$14:$T$3000,N$5,FALSE)),"",VLOOKUP($C37,'2027'!$B$14:$T$3000,N$5,FALSE)) | O37: =IF(AND(I37<K37,J37<L37,K37<L37),1,IF(AND(I37>K37,J37>L37,K37>L37),-1,0)) -> 1 | P37: =IF(ISBLANK(VLOOKUP($C37,'2027'!$B$14:$T$3000,P$5,FALSE)),"",VLOOKUP($C37,'2027'!$B$14:$T$3000,P$5,FALSE)) | Q37: =IF(O37=1,"Surprise",IF(O37=-1,"Shock","")) -> Surprise | R37: =IF(N37="","",IF((N37-L37)/ABS(L37)>$R$9,"Surprise",IF((N37-L37)/ABS(L37)<$R$9*-1,"Shock",""))) | S37: =VLOOKUP($C37,'2027'!$B$14:$T$3000,S$5,FALSE) -> -9.72 | T37: =VLOOKUP($C37,'2027'!$B$14:$T$3000,T$5,FALSE) -> 4.44 | X37: =X36+1 -> 3 | Y37: A035720 | Z37: 다음
B38: 85 | C38: =VLOOKUP(B38,'2027'!$A$14:$B$4000,2,FALSE) -> A319660 | D38: =VLOOKUP($C38,'2027'!$B$14:$T$4000,D$5,FALSE) -> 피에스케이 | E38: =VLOOKUP($C38,'2027'!$B$14:$T$4000,E$5,FALSE) -> KQ | F38: =VLOOKUP($C38,'2027'!$B$14:$T$4000,F$5,FALSE) -> 반도체 | G38: =VLOOKUP($C38,'2027'!$B$14:$T$4000,G$5,FALSE) -> 6126.46 | H38: =VLOOKUP($C38,'2027'!$B$14:$T$4000,H$5,FALSE) -> 5 | I38: =VLOOKUP($C38,'2027'!$B$14:$T$4000,I$5,FALSE) -> 211.57 | J38: =VLOOKUP($C38,'2027'!$B$14:$T$4000,J$5,FALSE) -> 223.8 | K38: =VLOOKUP($C38,'2027'!$B$14:$T$4000,K$5,FALSE) -> 220 | L38: =VLOOKUP($C38,'2027'!$B$14:$T$4000,L$5,FALSE) -> 230.07 | M38: =(L38-K38)/ABS(K38)*100 -> 4.5772727 | N38: =IF(ISBLANK(VLOOKUP($C38,'2027'!$B$14:$T$3000,N$5,FALSE)),"",VLOOKUP($C38,'2027'!$B$14:$T$3000,N$5,FALSE)) | O38: =IF(AND(I38<K38,J38<L38,K38<L38),1,IF(AND(I38>K38,J38>L38,K38>L38),-1,0)) -> 1 | P38: =IF(ISBLANK(VLOOKUP($C38,'2027'!$B$14:$T$3000,P$5,FALSE)),"",VLOOKUP($C38,'2027'!$B$14:$T$3000,P$5,FALSE)) | Q38: =IF(O38=1,"Surprise",IF(O38=-1,"Shock","")) -> Surprise | R38: =IF(N38="","",IF((N38-L38)/ABS(L38)>$R$9,"Surprise",IF((N38-L38)/ABS(L38)<$R$9*-1,"Shock",""))) | S38: =VLOOKUP($C38,'2027'!$B$14:$T$3000,S$5,FALSE) -> 125.48 | T38: =VLOOKUP($C38,'2027'!$B$14:$T$3000,T$5,FALSE) -> 144.79 | X38: =X37+1 -> 4 | Y38: A000830 | Z38: 삼성물산
B39: 158 | C39: =VLOOKUP(B39,'2027'!$A$14:$B$4000,2,FALSE) -> A282330 | D39: =VLOOKUP($C39,'2027'!$B$14:$T$4000,D$5,FALSE) -> BGF리테일 | E39: =VLOOKUP($C39,'2027'!$B$14:$T$4000,E$5,FALSE) -> KS | F39: =VLOOKUP($C39,'2027'!$B$14:$T$4000,F$5,FALSE) -> 백화점 | G39: =VLOOKUP($C39,'2027'!$B$14:$T$4000,G$5,FALSE) -> 1998.02 | H39: =VLOOKUP($C39,'2027'!$B$14:$T$4000,H$5,FALSE) -> 15 | I39: =VLOOKUP($C39,'2027'!$B$14:$T$4000,I$5,FALSE) -> 314.55 | J39: =VLOOKUP($C39,'2027'!$B$14:$T$4000,J$5,FALSE) -> 311.75 | K39: =VLOOKUP($C39,'2027'!$B$14:$T$4000,K$5,FALSE) -> 316.04 | L39: =VLOOKUP($C39,'2027'!$B$14:$T$4000,L$5,FALSE) -> 335.17 | M39: =(L39-K39)/ABS(K39)*100 -> 6.0530313 | N39: =IF(ISBLANK(VLOOKUP($C39,'2027'!$B$14:$T$3000,N$5,FALSE)),"",VLOOKUP($C39,'2027'!$B$14:$T$3000,N$5,FALSE)) | O39: =IF(AND(I39<K39,J39<L39,K39<L39),1,IF(AND(I39>K39,J39>L39,K39>L39),-1,0)) -> 1 | P39: =IF(ISBLANK(VLOOKUP($C39,'2027'!$B$14:$T$3000,P$5,FALSE)),"",VLOOKUP($C39,'2027'!$B$14:$T$3000,P$5,FALSE)) | Q39: =IF(O39=1,"Surprise",IF(O39=-1,"Shock","")) -> Surprise | R39: =IF(N39="","",IF((N39-L39)/ABS(L39)>$R$9,"Surprise",IF((N39-L39)/ABS(L39)<$R$9*-1,"Shock",""))) | S39: =VLOOKUP($C39,'2027'!$B$14:$T$3000,S$5,FALSE) -> -7.15 | T39: =VLOOKUP($C39,'2027'!$B$14:$T$3000,T$5,FALSE) -> -15.99 | X39: =X38+1 -> 5 | Y39: A053000 | Z39: 우리금융
B40: 122 | C40: =VLOOKUP(B40,'2027'!$A$14:$B$4000,2,FALSE) -> A214150 | D40: =VLOOKUP($C40,'2027'!$B$14:$T$4000,D$5,FALSE) -> 클래시스 | E40: =VLOOKUP($C40,'2027'!$B$14:$T$4000,E$5,FALSE) -> KQ | F40: =VLOOKUP($C40,'2027'!$B$14:$T$4000,F$5,FALSE) -> 건강관리장비,서비스 | G40: =VLOOKUP($C40,'2027'!$B$14:$T$4000,G$5,FALSE) -> 3131.31 | H40: =VLOOKUP($C40,'2027'!$B$14:$T$4000,H$5,FALSE) -> 16 | I40: =VLOOKUP($C40,'2027'!$B$14:$T$4000,I$5,FALSE) -> 289.83 | J40: =VLOOKUP($C40,'2027'!$B$14:$T$4000,J$5,FALSE) -> 295 | K40: =VLOOKUP($C40,'2027'!$B$14:$T$4000,K$5,FALSE) -> 290.66 | L40: =VLOOKUP($C40,'2027'!$B$14:$T$4000,L$5,FALSE) -> 303.2 | M40: =(L40-K40)/ABS(K40)*100 -> 4.3143191 | N40: =IF(ISBLANK(VLOOKUP($C40,'2027'!$B$14:$T$3000,N$5,FALSE)),"",VLOOKUP($C40,'2027'!$B$14:$T$3000,N$5,FALSE)) | O40: =IF(AND(I40<K40,J40<L40,K40<L40),1,IF(AND(I40>K40,J40>L40,K40>L40),-1,0)) -> 1 | P40: =IF(ISBLANK(VLOOKUP($C40,'2027'!$B$14:$T$3000,P$5,FALSE)),"",VLOOKUP($C40,'2027'!$B$14:$T$3000,P$5,FALSE)) | Q40: =IF(O40=1,"Surprise",IF(O40=-1,"Shock","")) -> Surprise | R40: =IF(N40="","",IF((N40-L40)/ABS(L40)>$R$9,"Surprise",IF((N40-L40)/ABS(L40)<$R$9*-1,"Shock",""))) | S40: =VLOOKUP($C40,'2027'!$B$14:$T$3000,S$5,FALSE) -> 7.99 | T40: =VLOOKUP($C40,'2027'!$B$14:$T$3000,T$5,FALSE) -> -12.09
B41: 28 | C41: =VLOOKUP(B41,'2027'!$A$14:$B$4000,2,FALSE) -> A000150 | D41: =VLOOKUP($C41,'2027'!$B$14:$T$4000,D$5,FALSE) -> 두산 | E41: =VLOOKUP($C41,'2027'!$B$14:$T$4000,E$5,FALSE) -> KS | F41: =VLOOKUP($C41,'2027'!$B$14:$T$4000,F$5,FALSE) -> 복합기업 | G41: =VLOOKUP($C41,'2027'!$B$14:$T$4000,G$5,FALSE) -> 25748.2 | H41: =VLOOKUP($C41,'2027'!$B$14:$T$4000,H$5,FALSE) -> 11 | I41: =VLOOKUP($C41,'2027'!$B$14:$T$4000,I$5,FALSE) -> 2317.54 | J41: =VLOOKUP($C41,'2027'!$B$14:$T$4000,J$5,FALSE) -> 2274.04 | K41: =VLOOKUP($C41,'2027'!$B$14:$T$4000,K$5,FALSE) -> 2341.28 | L41: =VLOOKUP($C41,'2027'!$B$14:$T$4000,L$5,FALSE) -> 2558.8 | M41: =(L41-K41)/ABS(K41)*100 -> 9.2906444 | N41: =IF(ISBLANK(VLOOKUP($C41,'2027'!$B$14:$T$3000,N$5,FALSE)),"",VLOOKUP($C41,'2027'!$B$14:$T$3000,N$5,FALSE)) | O41: =IF(AND(I41<K41,J41<L41,K41<L41),1,IF(AND(I41>K41,J41>L41,K41>L41),-1,0)) -> 1 | P41: =IF(ISBLANK(VLOOKUP($C41,'2027'!$B$14:$T$3000,P$5,FALSE)),"",VLOOKUP($C41,'2027'!$B$14:$T$3000,P$5,FALSE)) | Q41: =IF(O41=1,"Surprise",IF(O41=-1,"Shock","")) -> Surprise | R41: =IF(N41="","",IF((N41-L41)/ABS(L41)>$R$9,"Surprise",IF((N41-L41)/ABS(L41)<$R$9*-1,"Shock",""))) | S41: =VLOOKUP($C41,'2027'!$B$14:$T$3000,S$5,FALSE) -> -27.83 | T41: =VLOOKUP($C41,'2027'!$B$14:$T$3000,T$5,FALSE) -> 42.6
B42: 70 | C42: =VLOOKUP(B42,'2027'!$A$14:$B$4000,2,FALSE) -> A039490 | D42: =VLOOKUP($C42,'2027'!$B$14:$T$4000,D$5,FALSE) -> 키움증권 | E42: =VLOOKUP($C42,'2027'!$B$14:$T$4000,E$5,FALSE) -> KS | F42: =VLOOKUP($C42,'2027'!$B$14:$T$4000,F$5,FALSE) -> 증권 | G42: =VLOOKUP($C42,'2027'!$B$14:$T$4000,G$5,FALSE) -> 9114.34 | H42: =VLOOKUP($C42,'2027'!$B$14:$T$4000,H$5,FALSE) -> 15 | I42: =VLOOKUP($C42,'2027'!$B$14:$T$4000,I$5,FALSE) -> 1973.36 | J42: =VLOOKUP($C42,'2027'!$B$14:$T$4000,J$5,FALSE) -> 2161.57 | K42: =VLOOKUP($C42,'2027'!$B$14:$T$4000,K$5,FALSE) -> 1985.01 | L42: =VLOOKUP($C42,'2027'!$B$14:$T$4000,L$5,FALSE) -> 2199.23 | M42: =(L42-K42)/ABS(K42)*100 -> 10.791885 | N42: =IF(ISBLANK(VLOOKUP($C42,'2027'!$B$14:$T$3000,N$5,FALSE)),"",VLOOKUP($C42,'2027'!$B$14:$T$3000,N$5,FALSE)) | O42: =IF(AND(I42<K42,J42<L42,K42<L42),1,IF(AND(I42>K42,J42>L42,K42>L42),-1,0)) -> 1 | P42: =IF(ISBLANK(VLOOKUP($C42,'2027'!$B$14:$T$3000,P$5,FALSE)),"",VLOOKUP($C42,'2027'!$B$14:$T$3000,P$5,FALSE)) | Q42: =IF(O42=1,"Surprise",IF(O42=-1,"Shock","")) -> Surprise | R42: =IF(N42="","",IF((N42-L42)/ABS(L42)>$R$9,"Surprise",IF((N42-L42)/ABS(L42)<$R$9*-1,"Shock",""))) | S42: =VLOOKUP($C42,'2027'!$B$14:$T$3000,S$5,FALSE) -> -8.79 | T42: =VLOOKUP($C42,'2027'!$B$14:$T$3000,T$5,FALSE) -> -20.57 | X42: =X41+1 -> 1 | Y42: A028050 | Z42: 삼성엔지니어링
B43: 121 | C43: =VLOOKUP(B43,'2027'!$A$14:$B$4000,2,FALSE) -> A064760 | D43: =VLOOKUP($C43,'2027'!$B$14:$T$4000,D$5,FALSE) -> 티씨케이 | E43: =VLOOKUP($C43,'2027'!$B$14:$T$4000,E$5,FALSE) -> KQ | F43: =VLOOKUP($C43,'2027'!$B$14:$T$4000,F$5,FALSE) -> 반도체 | G43: =VLOOKUP($C43,'2027'!$B$14:$T$4000,G$5,FALSE) -> 3214.08 | H43: =VLOOKUP($C43,'2027'!$B$14:$T$4000,H$5,FALSE) -> 4 | I43: =VLOOKUP($C43,'2027'!$B$14:$T$4000,I$5,FALSE) -> 165.98 | J43: =VLOOKUP($C43,'2027'!$B$14:$T$4000,J$5,FALSE) -> 161.77 | K43: =VLOOKUP($C43,'2027'!$B$14:$T$4000,K$5,FALSE) -> 166.08 | L43: =VLOOKUP($C43,'2027'!$B$14:$T$4000,L$5,FALSE) -> 166.27 | M43: =(L43-K43)/ABS(K43)*100 -> 0.1144027 | N43: =IF(ISBLANK(VLOOKUP($C43,'2027'!$B$14:$T$3000,N$5,FALSE)),"",VLOOKUP($C43,'2027'!$B$14:$T$3000,N$5,FALSE)) | O43: =IF(AND(I43<K43,J43<L43,K43<L43),1,IF(AND(I43>K43,J43>L43,K43>L43),-1,0)) -> 1 | P43: =IF(ISBLANK(VLOOKUP($C43,'2027'!$B$14:$T$3000,P$5,FALSE)),"",VLOOKUP($C43,'2027'!$B$14:$T$3000,P$5,FALSE)) | Q43: =IF(O43=1,"Surprise",IF(O43=-1,"Shock","")) -> Surprise | R43: =IF(N43="","",IF((N43-L43)/ABS(L43)>$R$9,"Surprise",IF((N43-L43)/ABS(L43)<$R$9*-1,"Shock",""))) | S43: =VLOOKUP($C43,'2027'!$B$14:$T$3000,S$5,FALSE) -> 12.97 | T43: =VLOOKUP($C43,'2027'!$B$14:$T$3000,T$5,FALSE) -> 23.66 | X43: =X42+1 -> 2 | Y43: A033630 | Z43: SK브로드밴드
B44: 68 | C44: =VLOOKUP(B44,'2027'!$A$14:$B$4000,2,FALSE) -> A016360 | D44: =VLOOKUP($C44,'2027'!$B$14:$T$4000,D$5,FALSE) -> 삼성증권 | E44: =VLOOKUP($C44,'2027'!$B$14:$T$4000,E$5,FALSE) -> KS | F44: =VLOOKUP($C44,'2027'!$B$14:$T$4000,F$5,FALSE) -> 증권 | G44: =VLOOKUP($C44,'2027'!$B$14:$T$4000,G$5,FALSE) -> 10064.11 | H44: =VLOOKUP($C44,'2027'!$B$14:$T$4000,H$5,FALSE) -> 18 | I44: =VLOOKUP($C44,'2027'!$B$14:$T$4000,I$5,FALSE) -> 2023.24 | J44: =VLOOKUP($C44,'2027'!$B$14:$T$4000,J$5,FALSE) -> 2221.4 | K44: =VLOOKUP($C44,'2027'!$B$14:$T$4000,K$5,FALSE) -> 2039.65 | L44: =VLOOKUP($C44,'2027'!$B$14:$T$4000,L$5,FALSE) -> 2301.2 | M44: =(L44-K44)/ABS(K44)*100 -> 12.823279 | N44: =IF(ISBLANK(VLOOKUP($C44,'2027'!$B$14:$T$3000,N$5,FALSE)),"",VLOOKUP($C44,'2027'!$B$14:$T$3000,N$5,FALSE)) | O44: =IF(AND(I44<K44,J44<L44,K44<L44),1,IF(AND(I44>K44,J44>L44,K44>L44),-1,0)) -> 1 | P44: =IF(ISBLANK(VLOOKUP($C44,'2027'!$B$14:$T$3000,P$5,FALSE)),"",VLOOKUP($C44,'2027'!$B$14:$T$3000,P$5,FALSE)) | Q44: =IF(O44=1,"Surprise",IF(O44=-1,"Shock","")) -> Surprise | R44: =IF(N44="","",IF((N44-L44)/ABS(L44)>$R$9,"Surprise",IF((N44-L44)/ABS(L44)<$R$9*-1,"Shock",""))) | S44: =VLOOKUP($C44,'2027'!$B$14:$T$3000,S$5,FALSE) -> -9.48 | T44: =VLOOKUP($C44,'2027'!$B$14:$T$3000,T$5,FALSE) -> 14.53 | X44: =X43+1 -> 3 | Y44: A004020 | Z44: 현대제철
B45: 67 | C45: =VLOOKUP(B45,'2027'!$A$14:$B$4000,2,FALSE) -> A443060 | D45: =VLOOKUP($C45,'2027'!$B$14:$T$4000,D$5,FALSE) -> HD현대마린솔루션 | E45: =VLOOKUP($C45,'2027'!$B$14:$T$4000,E$5,FALSE) -> KS | F45: =VLOOKUP($C45,'2027'!$B$14:$T$4000,F$5,FALSE) -> 조선 | G45: =VLOOKUP($C45,'2027'!$B$14:$T$4000,G$5,FALSE) -> 10132.36 | H45: =VLOOKUP($C45,'2027'!$B$14:$T$4000,H$5,FALSE) -> 9 | I45: =VLOOKUP($C45,'2027'!$B$14:$T$4000,I$5,FALSE) -> 551.66 | J45: =VLOOKUP($C45,'2027'!$B$14:$T$4000,J$5,FALSE) -> 564.27 | K45: =VLOOKUP($C45,'2027'!$B$14:$T$4000,K$5,FALSE) -> 556.28 | L45: =VLOOKUP($C45,'2027'!$B$14:$T$4000,L$5,FALSE) -> 576.93 | M45: =(L45-K45)/ABS(K45)*100 -> 3.7121593 | N45: =IF(ISBLANK(VLOOKUP($C45,'2027'!$B$14:$T$3000,N$5,FALSE)),"",VLOOKUP($C45,'2027'!$B$14:$T$3000,N$5,FALSE)) | O45: =IF(AND(I45<K45,J45<L45,K45<L45),1,IF(AND(I45>K45,J45>L45,K45>L45),-1,0)) -> 1 | P45: =IF(ISBLANK(VLOOKUP($C45,'2027'!$B$14:$T$3000,P$5,FALSE)),"",VLOOKUP($C45,'2027'!$B$14:$T$3000,P$5,FALSE)) | Q45: =IF(O45=1,"Surprise",IF(O45=-1,"Shock","")) -> Surprise | R45: =IF(N45="","",IF((N45-L45)/ABS(L45)>$R$9,"Surprise",IF((N45-L45)/ABS(L45)<$R$9*-1,"Shock",""))) | S45: =VLOOKUP($C45,'2027'!$B$14:$T$3000,S$5,FALSE) -> -3 | T45: =VLOOKUP($C45,'2027'!$B$14:$T$3000,T$5,FALSE) -> 20.47
B46: 81 | C46: =VLOOKUP(B46,'2027'!$A$14:$B$4000,2,FALSE) -> A001440 | D46: =VLOOKUP($C46,'2027'!$B$14:$T$4000,D$5,FALSE) -> 대한전선 | E46: =VLOOKUP($C46,'2027'!$B$14:$T$4000,E$5,FALSE) -> KS | F46: =VLOOKUP($C46,'2027'!$B$14:$T$4000,F$5,FALSE) -> 전기장비 | G46: =VLOOKUP($C46,'2027'!$B$14:$T$4000,G$5,FALSE) -> 7212.53 | H46: =VLOOKUP($C46,'2027'!$B$14:$T$4000,H$5,FALSE) -> 7 | I46: =VLOOKUP($C46,'2027'!$B$14:$T$4000,I$5,FALSE) -> 225.18 | J46: =VLOOKUP($C46,'2027'!$B$14:$T$4000,J$5,FALSE) -> 253.5 | K46: =VLOOKUP($C46,'2027'!$B$14:$T$4000,K$5,FALSE) -> 233.47 | L46: =VLOOKUP($C46,'2027'!$B$14:$T$4000,L$5,FALSE) -> 263.4 | M46: =(L46-K46)/ABS(K46)*100 -> 12.819634 | N46: =IF(ISBLANK(VLOOKUP($C46,'2027'!$B$14:$T$3000,N$5,FALSE)),"",VLOOKUP($C46,'2027'!$B$14:$T$3000,N$5,FALSE)) | O46: =IF(AND(I46<K46,J46<L46,K46<L46),1,IF(AND(I46>K46,J46>L46,K46>L46),-1,0)) -> 1 | P46: =IF(ISBLANK(VLOOKUP($C46,'2027'!$B$14:$T$3000,P$5,FALSE)),"",VLOOKUP($C46,'2027'!$B$14:$T$3000,P$5,FALSE)) | Q46: =IF(O46=1,"Surprise",IF(O46=-1,"Shock","")) -> Surprise | R46: =IF(N46="","",IF((N46-L46)/ABS(L46)>$R$9,"Surprise",IF((N46-L46)/ABS(L46)<$R$9*-1,"Shock",""))) | S46: =VLOOKUP($C46,'2027'!$B$14:$T$3000,S$5,FALSE) -> -22.69 | T46: =VLOOKUP($C46,'2027'!$B$14:$T$3000,T$5,FALSE) -> 22.46
B47: 110 | C47: =VLOOKUP(B47,'2027'!$A$14:$B$4000,2,FALSE) -> A004020 | D47: =VLOOKUP($C47,'2027'!$B$14:$T$4000,D$5,FALSE) -> 현대제철 | E47: =VLOOKUP($C47,'2027'!$B$14:$T$4000,E$5,FALSE) -> KS | F47: =VLOOKUP($C47,'2027'!$B$14:$T$4000,F$5,FALSE) -> 철강 | G47: =VLOOKUP($C47,'2027'!$B$14:$T$4000,G$5,FALSE) -> 3783.19 | H47: =VLOOKUP($C47,'2027'!$B$14:$T$4000,H$5,FALSE) -> 16 | I47: =VLOOKUP($C47,'2027'!$B$14:$T$4000,I$5,FALSE) -> 768.49 | J47: =VLOOKUP($C47,'2027'!$B$14:$T$4000,J$5,FALSE) -> 707.2 | K47: =VLOOKUP($C47,'2027'!$B$14:$T$4000,K$5,FALSE) -> 787.39 | L47: =VLOOKUP($C47,'2027'!$B$14:$T$4000,L$5,FALSE) -> 829.1 | M47: =(L47-K47)/ABS(K47)*100 -> 5.2972479 | N47: =IF(ISBLANK(VLOOKUP($C47,'2027'!$B$14:$T$3000,N$5,FALSE)),"",VLOOKUP($C47,'2027'!$B$14:$T$3000,N$5,FALSE)) | O47: =IF(AND(I47<K47,J47<L47,K47<L47),1,IF(AND(I47>K47,J47>L47,K47>L47),-1,0)) -> 1 | P47: =IF(ISBLANK(VLOOKUP($C47,'2027'!$B$14:$T$3000,P$5,FALSE)),"",VLOOKUP($C47,'2027'!$B$14:$T$3000,P$5,FALSE)) | Q47: =IF(O47=1,"Surprise",IF(O47=-1,"Shock","")) -> Surprise | R47: =IF(N47="","",IF((N47-L47)/ABS(L47)>$R$9,"Surprise",IF((N47-L47)/ABS(L47)<$R$9*-1,"Shock",""))) | S47: =VLOOKUP($C47,'2027'!$B$14:$T$3000,S$5,FALSE) -> -27.49 | T47: =VLOOKUP($C47,'2027'!$B$14:$T$3000,T$5,FALSE) -> -20.59 | X47: =X46+1 -> 1 | Y47: A005180 | Z47: 빙그레
B48: 147 | C48: =VLOOKUP(B48,'2027'!$A$14:$B$4000,2,FALSE) -> A081660 | D48: =VLOOKUP($C48,'2027'!$B$14:$T$4000,D$5,FALSE) -> 미스토홀딩스 | E48: =VLOOKUP($C48,'2027'!$B$14:$T$4000,E$5,FALSE) -> KS | F48: =VLOOKUP($C48,'2027'!$B$14:$T$4000,F$5,FALSE) -> 의류 | G48: =VLOOKUP($C48,'2027'!$B$14:$T$4000,G$5,FALSE) -> 2288.26 | H48: =VLOOKUP($C48,'2027'!$B$14:$T$4000,H$5,FALSE) -> 9 | I48: =VLOOKUP($C48,'2027'!$B$14:$T$4000,I$5,FALSE) -> 597.39 | J48: =VLOOKUP($C48,'2027'!$B$14:$T$4000,J$5,FALSE) -> 596.97 | K48: =VLOOKUP($C48,'2027'!$B$14:$T$4000,K$5,FALSE) -> 599.26 | L48: =VLOOKUP($C48,'2027'!$B$14:$T$4000,L$5,FALSE) -> 602.73 | M48: =(L48-K48)/ABS(K48)*100 -> 0.57904749 | N48: =IF(ISBLANK(VLOOKUP($C48,'2027'!$B$14:$T$3000,N$5,FALSE)),"",VLOOKUP($C48,'2027'!$B$14:$T$3000,N$5,FALSE)) | O48: =IF(AND(I48<K48,J48<L48,K48<L48),1,IF(AND(I48>K48,J48>L48,K48>L48),-1,0)) -> 1 | P48: =IF(ISBLANK(VLOOKUP($C48,'2027'!$B$14:$T$3000,P$5,FALSE)),"",VLOOKUP($C48,'2027'!$B$14:$T$3000,P$5,FALSE)) | Q48: =IF(O48=1,"Surprise",IF(O48=-1,"Shock","")) -> Surprise | R48: =IF(N48="","",IF((N48-L48)/ABS(L48)>$R$9,"Surprise",IF((N48-L48)/ABS(L48)<$R$9*-1,"Shock",""))) | S48: =VLOOKUP($C48,'2027'!$B$14:$T$3000,S$5,FALSE) -> 15.24 | T48: =VLOOKUP($C48,'2027'!$B$14:$T$3000,T$5,FALSE) -> 2.99 | X48: =X47+1 -> 2 | Y48: A010950 | Z48: S-Oil
B49: 104 | C49: =VLOOKUP(B49,'2027'!$A$14:$B$4000,2,FALSE) -> A069960 | D49: =VLOOKUP($C49,'2027'!$B$14:$T$4000,D$5,FALSE) -> 현대백화점 | E49: =VLOOKUP($C49,'2027'!$B$14:$T$4000,E$5,FALSE) -> KS | F49: =VLOOKUP($C49,'2027'!$B$14:$T$4000,F$5,FALSE) -> 백화점 | G49: =VLOOKUP($C49,'2027'!$B$14:$T$4000,G$5,FALSE) -> 4183.59 | H49: =VLOOKUP($C49,'2027'!$B$14:$T$4000,H$5,FALSE) -> 16 | I49: =VLOOKUP($C49,'2027'!$B$14:$T$4000,I$5,FALSE) -> 507.86 | J49: =VLOOKUP($C49,'2027'!$B$14:$T$4000,J$5,FALSE) -> 522.63 | K49: =VLOOKUP($C49,'2027'!$B$14:$T$4000,K$5,FALSE) -> 519.58 | L49: =VLOOKUP($C49,'2027'!$B$14:$T$4000,L$5,FALSE) -> 537.98 | M49: =(L49-K49)/ABS(K49)*100 -> 3.5413218 | N49: =IF(ISBLANK(VLOOKUP($C49,'2027'!$B$14:$T$3000,N$5,FALSE)),"",VLOOKUP($C49,'2027'!$B$14:$T$3000,N$5,FALSE)) | O49: =IF(AND(I49<K49,J49<L49,K49<L49),1,IF(AND(I49>K49,J49>L49,K49>L49),-1,0)) -> 1 | P49: =IF(ISBLANK(VLOOKUP($C49,'2027'!$B$14:$T$3000,P$5,FALSE)),"",VLOOKUP($C49,'2027'!$B$14:$T$3000,P$5,FALSE)) | Q49: =IF(O49=1,"Surprise",IF(O49=-1,"Shock","")) -> Surprise | R49: =IF(N49="","",IF((N49-L49)/ABS(L49)>$R$9,"Surprise",IF((N49-L49)/ABS(L49)<$R$9*-1,"Shock",""))) | S49: =VLOOKUP($C49,'2027'!$B$14:$T$3000,S$5,FALSE) -> 73.06 | T49: =VLOOKUP($C49,'2027'!$B$14:$T$3000,T$5,FALSE) -> 138.04 | X49: =X48+1 -> 3 | Y49: A011070 | Z49: LG이노텍
B50: 112 | C50: =VLOOKUP(B50,'2027'!$A$14:$B$4000,2,FALSE) -> A095340 | D50: =VLOOKUP($C50,'2027'!$B$14:$T$4000,D$5,FALSE) -> ISC | E50: =VLOOKUP($C50,'2027'!$B$14:$T$4000,E$5,FALSE) -> KQ | F50: =VLOOKUP($C50,'2027'!$B$14:$T$4000,F$5,FALSE) -> 반도체 | G50: =VLOOKUP($C50,'2027'!$B$14:$T$4000,G$5,FALSE) -> 3618.34 | H50: =VLOOKUP($C50,'2027'!$B$14:$T$4000,H$5,FALSE) -> 8 | I50: =VLOOKUP($C50,'2027'!$B$14:$T$4000,I$5,FALSE) -> 141.31 | J50: =VLOOKUP($C50,'2027'!$B$14:$T$4000,J$5,FALSE) -> 138.03 | K50: =VLOOKUP($C50,'2027'!$B$14:$T$4000,K$5,FALSE) -> 143.44 | L50: =VLOOKUP($C50,'2027'!$B$14:$T$4000,L$5,FALSE) -> 143.45 | M50: =(L50-K50)/ABS(K50)*100 -> 0.0069715561 | N50: =IF(ISBLANK(VLOOKUP($C50,'2027'!$B$14:$T$3000,N$5,FALSE)),"",VLOOKUP($C50,'2027'!$B$14:$T$3000,N$5,FALSE)) | O50: =IF(AND(I50<K50,J50<L50,K50<L50),1,IF(AND(I50>K50,J50>L50,K50>L50),-1,0)) -> 1 | P50: =IF(ISBLANK(VLOOKUP($C50,'2027'!$B$14:$T$3000,P$5,FALSE)),"",VLOOKUP($C50,'2027'!$B$14:$T$3000,P$5,FALSE)) | Q50: =IF(O50=1,"Surprise",IF(O50=-1,"Shock","")) -> Surprise | R50: =IF(N50="","",IF((N50-L50)/ABS(L50)>$R$9,"Surprise",IF((N50-L50)/ABS(L50)<$R$9*-1,"Shock",""))) | S50: =VLOOKUP($C50,'2027'!$B$14:$T$3000,S$5,FALSE) -> -18.52 | T50: =VLOOKUP($C50,'2027'!$B$14:$T$3000,T$5,FALSE) -> -35.34
B51: 118 | C51: =VLOOKUP(B51,'2027'!$A$14:$B$4000,2,FALSE) -> A014680 | D51: =VLOOKUP($C51,'2027'!$B$14:$T$4000,D$5,FALSE) -> 한솔케미칼 | E51: =VLOOKUP($C51,'2027'!$B$14:$T$4000,E$5,FALSE) -> KS | F51: =VLOOKUP($C51,'2027'!$B$14:$T$4000,F$5,FALSE) -> 화학 | G51: =VLOOKUP($C51,'2027'!$B$14:$T$4000,G$5,FALSE) -> 3347.92 | H51: =VLOOKUP($C51,'2027'!$B$14:$T$4000,H$5,FALSE) -> 10 | I51: =VLOOKUP($C51,'2027'!$B$14:$T$4000,I$5,FALSE) -> 238.3 | J51: =VLOOKUP($C51,'2027'!$B$14:$T$4000,J$5,FALSE) -> 232.85 | K51: =VLOOKUP($C51,'2027'!$B$14:$T$4000,K$5,FALSE) -> 236.69 | L51: =VLOOKUP($C51,'2027'!$B$14:$T$4000,L$5,FALSE) -> 231.95 | M51: =(L51-K51)/ABS(K51)*100 -> -2.0026195 | N51: =IF(ISBLANK(VLOOKUP($C51,'2027'!$B$14:$T$3000,N$5,FALSE)),"",VLOOKUP($C51,'2027'!$B$14:$T$3000,N$5,FALSE)) | O51: =IF(AND(I51<K51,J51<L51,K51<L51),1,IF(AND(I51>K51,J51>L51,K51>L51),-1,0)) -> -1 | P51: =IF(ISBLANK(VLOOKUP($C51,'2027'!$B$14:$T$3000,P$5,FALSE)),"",VLOOKUP($C51,'2027'!$B$14:$T$3000,P$5,FALSE)) | Q51: =IF(O51=1,"Surprise",IF(O51=-1,"Shock","")) -> Shock | R51: =IF(N51="","",IF((N51-L51)/ABS(L51)>$R$9,"Surprise",IF((N51-L51)/ABS(L51)<$R$9*-1,"Shock",""))) | S51: =VLOOKUP($C51,'2027'!$B$14:$T$3000,S$5,FALSE) -> 16.7 | T51: =VLOOKUP($C51,'2027'!$B$14:$T$3000,T$5,FALSE) -> 7.04 | X51: =X50+1 -> 1 | Y51: A066570 | Z51: LG전자
B52: 79 | C52: =VLOOKUP(B52,'2027'!$A$14:$B$4000,2,FALSE) -> A064400 | D52: =VLOOKUP($C52,'2027'!$B$14:$T$4000,D$5,FALSE) -> LG씨엔에스 | E52: =VLOOKUP($C52,'2027'!$B$14:$T$4000,E$5,FALSE) -> KS | F52: =VLOOKUP($C52,'2027'!$B$14:$T$4000,F$5,FALSE) -> 소프트웨어 | G52: =VLOOKUP($C52,'2027'!$B$14:$T$4000,G$5,FALSE) -> 7382.71 | H52: =VLOOKUP($C52,'2027'!$B$14:$T$4000,H$5,FALSE) -> 10 | I52: =VLOOKUP($C52,'2027'!$B$14:$T$4000,I$5,FALSE) -> 706.84 | J52: =VLOOKUP($C52,'2027'!$B$14:$T$4000,J$5,FALSE) -> 727 | K52: =VLOOKUP($C52,'2027'!$B$14:$T$4000,K$5,FALSE) -> 703.46 | L52: =VLOOKUP($C52,'2027'!$B$14:$T$4000,L$5,FALSE) -> 636.7 | M52: =(L52-K52)/ABS(K52)*100 -> -9.490234 | N52: =IF(ISBLANK(VLOOKUP($C52,'2027'!$B$14:$T$3000,N$5,FALSE)),"",VLOOKUP($C52,'2027'!$B$14:$T$3000,N$5,FALSE)) | O52: =IF(AND(I52<K52,J52<L52,K52<L52),1,IF(AND(I52>K52,J52>L52,K52>L52),-1,0)) -> -1 | P52: =IF(ISBLANK(VLOOKUP($C52,'2027'!$B$14:$T$3000,P$5,FALSE)),"",VLOOKUP($C52,'2027'!$B$14:$T$3000,P$5,FALSE)) | Q52: =IF(O52=1,"Surprise",IF(O52=-1,"Shock","")) -> Shock | R52: =IF(N52="","",IF((N52-L52)/ABS(L52)>$R$9,"Surprise",IF((N52-L52)/ABS(L52)<$R$9*-1,"Shock",""))) | S52: =VLOOKUP($C52,'2027'!$B$14:$T$3000,S$5,FALSE) -> -46.97 | T52: =VLOOKUP($C52,'2027'!$B$14:$T$3000,T$5,FALSE) -> 28.07 | X52: =X51+1 -> 2 | Y52: A000080 | Z52: 하이트진로
B53: 48 | C53: =VLOOKUP(B53,'2027'!$A$14:$B$4000,2,FALSE) -> A035720 | D53: =VLOOKUP($C53,'2027'!$B$14:$T$4000,D$5,FALSE) -> 카카오 | E53: =VLOOKUP($C53,'2027'!$B$14:$T$4000,E$5,FALSE) -> KS | F53: =VLOOKUP($C53,'2027'!$B$14:$T$4000,F$5,FALSE) -> 소프트웨어 | G53: =VLOOKUP($C53,'2027'!$B$14:$T$4000,G$5,FALSE) -> 15415.21 | H53: =VLOOKUP($C53,'2027'!$B$14:$T$4000,H$5,FALSE) -> 18 | I53: =VLOOKUP($C53,'2027'!$B$14:$T$4000,I$5,FALSE) -> 1113.45 | J53: =VLOOKUP($C53,'2027'!$B$14:$T$4000,J$5,FALSE) -> 1129.62 | K53: =VLOOKUP($C53,'2027'!$B$14:$T$4000,K$5,FALSE) -> 1094.14 | L53: =VLOOKUP($C53,'2027'!$B$14:$T$4000,L$5,FALSE) -> 1042.2 | M53: =(L53-K53)/ABS(K53)*100 -> -4.7471073 | N53: =IF(ISBLANK(VLOOKUP($C53,'2027'!$B$14:$T$3000,N$5,FALSE)),"",VLOOKUP($C53,'2027'!$B$14:$T$3000,N$5,FALSE)) | O53: =IF(AND(I53<K53,J53<L53,K53<L53),1,IF(AND(I53>K53,J53>L53,K53>L53),-1,0)) -> -1 | P53: =IF(ISBLANK(VLOOKUP($C53,'2027'!$B$14:$T$3000,P$5,FALSE)),"",VLOOKUP($C53,'2027'!$B$14:$T$3000,P$5,FALSE)) | Q53: =IF(O53=1,"Surprise",IF(O53=-1,"Shock","")) -> Shock | R53: =IF(N53="","",IF((N53-L53)/ABS(L53)>$R$9,"Surprise",IF((N53-L53)/ABS(L53)<$R$9*-1,"Shock",""))) | S53: =VLOOKUP($C53,'2027'!$B$14:$T$3000,S$5,FALSE) -> -18.5 | T53: =VLOOKUP($C53,'2027'!$B$14:$T$3000,T$5,FALSE) -> -27.88
B54: 23 | C54: =VLOOKUP(B54,'2027'!$A$14:$B$4000,2,FALSE) -> A086790 | D54: =VLOOKUP($C54,'2027'!$B$14:$T$4000,D$5,FALSE) -> 하나금융지주 | E54: =VLOOKUP($C54,'2027'!$B$14:$T$4000,E$5,FALSE) -> KS | F54: =VLOOKUP($C54,'2027'!$B$14:$T$4000,F$5,FALSE) -> 은행 | G54: =VLOOKUP($C54,'2027'!$B$14:$T$4000,G$5,FALSE) -> 31936.41 | H54: =VLOOKUP($C54,'2027'!$B$14:$T$4000,H$5,FALSE) -> 19 | I54: =VLOOKUP($C54,'2027'!$B$14:$T$4000,I$5,FALSE) -> 6311.63 | J54: =VLOOKUP($C54,'2027'!$B$14:$T$4000,J$5,FALSE) -> 6302.2 | K54: =VLOOKUP($C54,'2027'!$B$14:$T$4000,K$5,FALSE) -> 6305.79 | L54: =VLOOKUP($C54,'2027'!$B$14:$T$4000,L$5,FALSE) -> 6042 | M54: =(L54-K54)/ABS(K54)*100 -> -4.1832982 | N54: =IF(ISBLANK(VLOOKUP($C54,'2027'!$B$14:$T$3000,N$5,FALSE)),"",VLOOKUP($C54,'2027'!$B$14:$T$3000,N$5,FALSE)) | O54: =IF(AND(I54<K54,J54<L54,K54<L54),1,IF(AND(I54>K54,J54>L54,K54>L54),-1,0)) -> -1 | P54: =IF(ISBLANK(VLOOKUP($C54,'2027'!$B$14:$T$3000,P$5,FALSE)),"",VLOOKUP($C54,'2027'!$B$14:$T$3000,P$5,FALSE)) | Q54: =IF(O54=1,"Surprise",IF(O54=-1,"Shock","")) -> Shock | R54: =IF(N54="","",IF((N54-L54)/ABS(L54)>$R$9,"Surprise",IF((N54-L54)/ABS(L54)<$R$9*-1,"Shock",""))) | S54: =VLOOKUP($C54,'2027'!$B$14:$T$3000,S$5,FALSE) -> 2.19 | T54: =VLOOKUP($C54,'2027'!$B$14:$T$3000,T$5,FALSE) -> 3.19
B55: 144 | C55: =VLOOKUP(B55,'2027'!$A$14:$B$4000,2,FALSE) -> A257720 | D55: =VLOOKUP($C55,'2027'!$B$14:$T$4000,D$5,FALSE) -> 실리콘투 | E55: =VLOOKUP($C55,'2027'!$B$14:$T$4000,E$5,FALSE) -> KQ | F55: =VLOOKUP($C55,'2027'!$B$14:$T$4000,F$5,FALSE) -> 기타유통 | G55: =VLOOKUP($C55,'2027'!$B$14:$T$4000,G$5,FALSE) -> 2331.24 | H55: =VLOOKUP($C55,'2027'!$B$14:$T$4000,H$5,FALSE) -> 7 | I55: =VLOOKUP($C55,'2027'!$B$14:$T$4000,I$5,FALSE) -> 348.7 | J55: =VLOOKUP($C55,'2027'!$B$14:$T$4000,J$5,FALSE) -> 360.2 | K55: =VLOOKUP($C55,'2027'!$B$14:$T$4000,K$5,FALSE) -> 345.07 | L55: =VLOOKUP($C55,'2027'!$B$14:$T$4000,L$5,FALSE) -> 340.3 | M55: =(L55-K55)/ABS(K55)*100 -> -1.3823282 | N55: =IF(ISBLANK(VLOOKUP($C55,'2027'!$B$14:$T$3000,N$5,FALSE)),"",VLOOKUP($C55,'2027'!$B$14:$T$3000,N$5,FALSE)) | O55: =IF(AND(I55<K55,J55<L55,K55<L55),1,IF(AND(I55>K55,J55>L55,K55>L55),-1,0)) -> -1 | P55: =IF(ISBLANK(VLOOKUP($C55,'2027'!$B$14:$T$3000,P$5,FALSE)),"",VLOOKUP($C55,'2027'!$B$14:$T$3000,P$5,FALSE)) | Q55: =IF(O55=1,"Surprise",IF(O55=-1,"Shock","")) -> Shock | R55: =IF(N55="","",IF((N55-L55)/ABS(L55)>$R$9,"Surprise",IF((N55-L55)/ABS(L55)<$R$9*-1,"Shock",""))) | S55: =VLOOKUP($C55,'2027'!$B$14:$T$3000,S$5,FALSE) -> -0.56 | T55: =VLOOKUP($C55,'2027'!$B$14:$T$3000,T$5,FALSE) -> -11.13
B56: 21 | C56: =VLOOKUP(B56,'2027'!$A$14:$B$4000,2,FALSE) -> A267260 | D56: =VLOOKUP($C56,'2027'!$B$14:$T$4000,D$5,FALSE) -> HD현대일렉트릭 | E56: =VLOOKUP($C56,'2027'!$B$14:$T$4000,E$5,FALSE) -> KS | F56: =VLOOKUP($C56,'2027'!$B$14:$T$4000,F$5,FALSE) -> 전기장비 | G56: =VLOOKUP($C56,'2027'!$B$14:$T$4000,G$5,FALSE) -> 36479.7 | H56: =VLOOKUP($C56,'2027'!$B$14:$T$4000,H$5,FALSE) -> 14 | I56: =VLOOKUP($C56,'2027'!$B$14:$T$4000,I$5,FALSE) -> 1551.19 | J56: =VLOOKUP($C56,'2027'!$B$14:$T$4000,J$5,FALSE) -> 1574.25 | K56: =VLOOKUP($C56,'2027'!$B$14:$T$4000,K$5,FALSE) -> 1539.75 | L56: =VLOOKUP($C56,'2027'!$B$14:$T$4000,L$5,FALSE) -> 1510.3 | M56: =(L56-K56)/ABS(K56)*100 -> -1.9126482 | N56: =IF(ISBLANK(VLOOKUP($C56,'2027'!$B$14:$T$3000,N$5,FALSE)),"",VLOOKUP($C56,'2027'!$B$14:$T$3000,N$5,FALSE)) | O56: =IF(AND(I56<K56,J56<L56,K56<L56),1,IF(AND(I56>K56,J56>L56,K56>L56),-1,0)) -> -1 | P56: =IF(ISBLANK(VLOOKUP($C56,'2027'!$B$14:$T$3000,P$5,FALSE)),"",VLOOKUP($C56,'2027'!$B$14:$T$3000,P$5,FALSE)) | Q56: =IF(O56=1,"Surprise",IF(O56=-1,"Shock","")) -> Shock | R56: =IF(N56="","",IF((N56-L56)/ABS(L56)>$R$9,"Surprise",IF((N56-L56)/ABS(L56)<$R$9*-1,"Shock",""))) | S56: =VLOOKUP($C56,'2027'!$B$14:$T$3000,S$5,FALSE) -> -5.07 | T56: =VLOOKUP($C56,'2027'!$B$14:$T$3000,T$5,FALSE) -> 12.2 | X56: =X55+1 -> 1 | Y56: A011170 | Z56: 롯데케미칼
B57: 134 | C57: =VLOOKUP(B57,'2027'!$A$14:$B$4000,2,FALSE) -> A375500 | D57: =VLOOKUP($C57,'2027'!$B$14:$T$4000,D$5,FALSE) -> DL이앤씨 | E57: =VLOOKUP($C57,'2027'!$B$14:$T$4000,E$5,FALSE) -> KS | F57: =VLOOKUP($C57,'2027'!$B$14:$T$4000,F$5,FALSE) -> 건설,건축제품,건축자재 | G57: =VLOOKUP($C57,'2027'!$B$14:$T$4000,G$5,FALSE) -> 2584.73 | H57: =VLOOKUP($C57,'2027'!$B$14:$T$4000,H$5,FALSE) -> 18 | I57: =VLOOKUP($C57,'2027'!$B$14:$T$4000,I$5,FALSE) -> 563.59 | J57: =VLOOKUP($C57,'2027'!$B$14:$T$4000,J$5,FALSE) -> 546.85 | K57: =VLOOKUP($C57,'2027'!$B$14:$T$4000,K$5,FALSE) -> 559.15 | L57: =VLOOKUP($C57,'2027'!$B$14:$T$4000,L$5,FALSE) -> 539.73 | M57: =(L57-K57)/ABS(K57)*100 -> -3.4731289 | N57: =IF(ISBLANK(VLOOKUP($C57,'2027'!$B$14:$T$3000,N$5,FALSE)),"",VLOOKUP($C57,'2027'!$B$14:$T$3000,N$5,FALSE)) | O57: =IF(AND(I57<K57,J57<L57,K57<L57),1,IF(AND(I57>K57,J57>L57,K57>L57),-1,0)) -> -1 | P57: =IF(ISBLANK(VLOOKUP($C57,'2027'!$B$14:$T$3000,P$5,FALSE)),"",VLOOKUP($C57,'2027'!$B$14:$T$3000,P$5,FALSE)) | Q57: =IF(O57=1,"Surprise",IF(O57=-1,"Shock","")) -> Shock | R57: =IF(N57="","",IF((N57-L57)/ABS(L57)>$R$9,"Surprise",IF((N57-L57)/ABS(L57)<$R$9*-1,"Shock",""))) | S57: =VLOOKUP($C57,'2027'!$B$14:$T$3000,S$5,FALSE) -> -7.22 | T57: =VLOOKUP($C57,'2027'!$B$14:$T$3000,T$5,FALSE) -> -7.86
B58: 17 | C58: =VLOOKUP(B58,'2027'!$A$14:$B$4000,2,FALSE) -> A012330 | D58: =VLOOKUP($C58,'2027'!$B$14:$T$4000,D$5,FALSE) -> 현대모비스 | E58: =VLOOKUP($C58,'2027'!$B$14:$T$4000,E$5,FALSE) -> KS | F58: =VLOOKUP($C58,'2027'!$B$14:$T$4000,F$5,FALSE) -> 자동차부품 | G58: =VLOOKUP($C58,'2027'!$B$14:$T$4000,G$5,FALSE) -> 44821.9 | H58: =VLOOKUP($C58,'2027'!$B$14:$T$4000,H$5,FALSE) -> 25 | I58: =VLOOKUP($C58,'2027'!$B$14:$T$4000,I$5,FALSE) -> 4261.72 | J58: =VLOOKUP($C58,'2027'!$B$14:$T$4000,J$5,FALSE) -> 4237.06 | K58: =VLOOKUP($C58,'2027'!$B$14:$T$4000,K$5,FALSE) -> 4255.68 | L58: =VLOOKUP($C58,'2027'!$B$14:$T$4000,L$5,FALSE) -> 4236.56 | M58: =(L58-K58)/ABS(K58)*100 -> -0.4492819 | N58: =IF(ISBLANK(VLOOKUP($C58,'2027'!$B$14:$T$3000,N$5,FALSE)),"",VLOOKUP($C58,'2027'!$B$14:$T$3000,N$5,FALSE)) | O58: =IF(AND(I58<K58,J58<L58,K58<L58),1,IF(AND(I58>K58,J58>L58,K58>L58),-1,0)) -> -1 | P58: =IF(ISBLANK(VLOOKUP($C58,'2027'!$B$14:$T$3000,P$5,FALSE)),"",VLOOKUP($C58,'2027'!$B$14:$T$3000,P$5,FALSE)) | Q58: =IF(O58=1,"Surprise",IF(O58=-1,"Shock","")) -> Shock | R58: =IF(N58="","",IF((N58-L58)/ABS(L58)>$R$9,"Surprise",IF((N58-L58)/ABS(L58)<$R$9*-1,"Shock",""))) | S58: =VLOOKUP($C58,'2027'!$B$14:$T$3000,S$5,FALSE) -> -35.09 | T58: =VLOOKUP($C58,'2027'!$B$14:$T$3000,T$5,FALSE) -> 20.78
B59: 40 | C59: =VLOOKUP(B59,'2027'!$A$14:$B$4000,2,FALSE) -> A017670 | D59: =VLOOKUP($C59,'2027'!$B$14:$T$4000,D$5,FALSE) -> SK텔레콤 | E59: =VLOOKUP($C59,'2027'!$B$14:$T$4000,E$5,FALSE) -> KS | F59: =VLOOKUP($C59,'2027'!$B$14:$T$4000,F$5,FALSE) -> 통신서비스 | G59: =VLOOKUP($C59,'2027'!$B$14:$T$4000,G$5,FALSE) -> 19030.4 | H59: =VLOOKUP($C59,'2027'!$B$14:$T$4000,H$5,FALSE) -> 18 | I59: =VLOOKUP($C59,'2027'!$B$14:$T$4000,I$5,FALSE) -> 2030.12 | J59: =VLOOKUP($C59,'2027'!$B$14:$T$4000,J$5,FALSE) -> 2020.6 | K59: =VLOOKUP($C59,'2027'!$B$14:$T$4000,K$5,FALSE) -> 2029.32 | L59: =VLOOKUP($C59,'2027'!$B$14:$T$4000,L$5,FALSE) -> 2016.69 | M59: =(L59-K59)/ABS(K59)*100 -> -0.62237597 | N59: =IF(ISBLANK(VLOOKUP($C59,'2027'!$B$14:$T$3000,N$5,FALSE)),"",VLOOKUP($C59,'2027'!$B$14:$T$3000,N$5,FALSE)) | O59: =IF(AND(I59<K59,J59<L59,K59<L59),1,IF(AND(I59>K59,J59>L59,K59>L59),-1,0)) -> -1 | P59: =IF(ISBLANK(VLOOKUP($C59,'2027'!$B$14:$T$3000,P$5,FALSE)),"",VLOOKUP($C59,'2027'!$B$14:$T$3000,P$5,FALSE)) | Q59: =IF(O59=1,"Surprise",IF(O59=-1,"Shock","")) -> Shock | R59: =IF(N59="","",IF((N59-L59)/ABS(L59)>$R$9,"Surprise",IF((N59-L59)/ABS(L59)<$R$9*-1,"Shock",""))) | S59: =VLOOKUP($C59,'2027'!$B$14:$T$3000,S$5,FALSE) -> -21.03 | T59: =VLOOKUP($C59,'2027'!$B$14:$T$3000,T$5,FALSE) -> 12.87
B60: 19 | C60: =VLOOKUP(B60,'2027'!$A$14:$B$4000,2,FALSE) -> A006400 | D60: =VLOOKUP($C60,'2027'!$B$14:$T$4000,D$5,FALSE) -> 삼성SDI | E60: =VLOOKUP($C60,'2027'!$B$14:$T$4000,E$5,FALSE) -> KS | F60: =VLOOKUP($C60,'2027'!$B$14:$T$4000,F$5,FALSE) -> 전기제품 | G60: =VLOOKUP($C60,'2027'!$B$14:$T$4000,G$5,FALSE) -> 39567.5 | H60: =VLOOKUP($C60,'2027'!$B$14:$T$4000,H$5,FALSE) -> 23 | I60: =VLOOKUP($C60,'2027'!$B$14:$T$4000,I$5,FALSE) -> 1452.17 | J60: =VLOOKUP($C60,'2027'!$B$14:$T$4000,J$5,FALSE) -> 1328.74 | K60: =VLOOKUP($C60,'2027'!$B$14:$T$4000,K$5,FALSE) -> 1441.43 | L60: =VLOOKUP($C60,'2027'!$B$14:$T$4000,L$5,FALSE) -> 1183.84 | M60: =(L60-K60)/ABS(K60)*100 -> -17.870448 | N60: =IF(ISBLANK(VLOOKUP($C60,'2027'!$B$14:$T$3000,N$5,FALSE)),"",VLOOKUP($C60,'2027'!$B$14:$T$3000,N$5,FALSE)) | O60: =IF(AND(I60<K60,J60<L60,K60<L60),1,IF(AND(I60>K60,J60>L60,K60>L60),-1,0)) -> -1 | P60: =IF(ISBLANK(VLOOKUP($C60,'2027'!$B$14:$T$3000,P$5,FALSE)),"",VLOOKUP($C60,'2027'!$B$14:$T$3000,P$5,FALSE)) | Q60: =IF(O60=1,"Surprise",IF(O60=-1,"Shock","")) -> Shock | R60: =IF(N60="","",IF((N60-L60)/ABS(L60)>$R$9,"Surprise",IF((N60-L60)/ABS(L60)<$R$9*-1,"Shock",""))) | S60: =VLOOKUP($C60,'2027'!$B$14:$T$3000,S$5,FALSE) -> -24.69 | T60: =VLOOKUP($C60,'2027'!$B$14:$T$3000,T$5,FALSE) -> 13.66
B61: 98 | C61: =VLOOKUP(B61,'2027'!$A$14:$B$4000,2,FALSE) -> A001040 | D61: =VLOOKUP($C61,'2027'!$B$14:$T$4000,D$5,FALSE) -> CJ | E61: =VLOOKUP($C61,'2027'!$B$14:$T$4000,E$5,FALSE) -> KS | F61: =VLOOKUP($C61,'2027'!$B$14:$T$4000,F$5,FALSE) -> 복합기업 | G61: =VLOOKUP($C61,'2027'!$B$14:$T$4000,G$5,FALSE) -> 4668.32 | H61: =VLOOKUP($C61,'2027'!$B$14:$T$4000,H$5,FALSE) -> 9 | I61: =VLOOKUP($C61,'2027'!$B$14:$T$4000,I$5,FALSE) -> 3033.68 | J61: =VLOOKUP($C61,'2027'!$B$14:$T$4000,J$5,FALSE) -> 2999.75 | K61: =VLOOKUP($C61,'2027'!$B$14:$T$4000,K$5,FALSE) -> 3026.44 | L61: =VLOOKUP($C61,'2027'!$B$14:$T$4000,L$5,FALSE) -> 2952 | M61: =(L61-K61)/ABS(K61)*100 -> -2.4596556 | N61: =IF(ISBLANK(VLOOKUP($C61,'2027'!$B$14:$T$3000,N$5,FALSE)),"",VLOOKUP($C61,'2027'!$B$14:$T$3000,N$5,FALSE)) | O61: =IF(AND(I61<K61,J61<L61,K61<L61),1,IF(AND(I61>K61,J61>L61,K61>L61),-1,0)) -> -1 | P61: =IF(ISBLANK(VLOOKUP($C61,'2027'!$B$14:$T$3000,P$5,FALSE)),"",VLOOKUP($C61,'2027'!$B$14:$T$3000,P$5,FALSE)) | Q61: =IF(O61=1,"Surprise",IF(O61=-1,"Shock","")) -> Shock | R61: =IF(N61="","",IF((N61-L61)/ABS(L61)>$R$9,"Surprise",IF((N61-L61)/ABS(L61)<$R$9*-1,"Shock",""))) | S61: =VLOOKUP($C61,'2027'!$B$14:$T$3000,S$5,FALSE) -> -12.57 | T61: =VLOOKUP($C61,'2027'!$B$14:$T$3000,T$5,FALSE) -> -20.4
B62: 37 | C62: =VLOOKUP(B62,'2027'!$A$14:$B$4000,2,FALSE) -> A064350 | D62: =VLOOKUP($C62,'2027'!$B$14:$T$4000,D$5,FALSE) -> 현대로템 | E62: =VLOOKUP($C62,'2027'!$B$14:$T$4000,E$5,FALSE) -> KS | F62: =VLOOKUP($C62,'2027'!$B$14:$T$4000,F$5,FALSE) -> 기타자본재 | G62: =VLOOKUP($C62,'2027'!$B$14:$T$4000,G$5,FALSE) -> 20715.21 | H62: =VLOOKUP($C62,'2027'!$B$14:$T$4000,H$5,FALSE) -> 19 | I62: =VLOOKUP($C62,'2027'!$B$14:$T$4000,I$5,FALSE) -> 1570.57 | J62: =VLOOKUP($C62,'2027'!$B$14:$T$4000,J$5,FALSE) -> 1525.84 | K62: =VLOOKUP($C62,'2027'!$B$14:$T$4000,K$5,FALSE) -> 1559.65 | L62: =VLOOKUP($C62,'2027'!$B$14:$T$4000,L$5,FALSE) -> 1328.2 | M62: =(L62-K62)/ABS(K62)*100 -> -14.839868 | N62: =IF(ISBLANK(VLOOKUP($C62,'2027'!$B$14:$T$3000,N$5,FALSE)),"",VLOOKUP($C62,'2027'!$B$14:$T$3000,N$5,FALSE)) | O62: =IF(AND(I62<K62,J62<L62,K62<L62),1,IF(AND(I62>K62,J62>L62,K62>L62),-1,0)) -> -1 | P62: =IF(ISBLANK(VLOOKUP($C62,'2027'!$B$14:$T$3000,P$5,FALSE)),"",VLOOKUP($C62,'2027'!$B$14:$T$3000,P$5,FALSE)) | Q62: =IF(O62=1,"Surprise",IF(O62=-1,"Shock","")) -> Shock | R62: =IF(N62="","",IF((N62-L62)/ABS(L62)>$R$9,"Surprise",IF((N62-L62)/ABS(L62)<$R$9*-1,"Shock",""))) | S62: =VLOOKUP($C62,'2027'!$B$14:$T$3000,S$5,FALSE) -> -10.89 | T62: =VLOOKUP($C62,'2027'!$B$14:$T$3000,T$5,FALSE) -> 0.53
B63: 137 | C63: =VLOOKUP(B63,'2027'!$A$14:$B$4000,2,FALSE) -> A028670 | D63: =VLOOKUP($C63,'2027'!$B$14:$T$4000,D$5,FALSE) -> 팬오션 | E63: =VLOOKUP($C63,'2027'!$B$14:$T$4000,E$5,FALSE) -> KS | F63: =VLOOKUP($C63,'2027'!$B$14:$T$4000,F$5,FALSE) -> 운송 | G63: =VLOOKUP($C63,'2027'!$B$14:$T$4000,G$5,FALSE) -> 2565.93 | H63: =VLOOKUP($C63,'2027'!$B$14:$T$4000,H$5,FALSE) -> 14 | I63: =VLOOKUP($C63,'2027'!$B$14:$T$4000,I$5,FALSE) -> 600.2 | J63: =VLOOKUP($C63,'2027'!$B$14:$T$4000,J$5,FALSE) -> 626.95 | K63: =VLOOKUP($C63,'2027'!$B$14:$T$4000,K$5,FALSE) -> 599.33 | L63: =VLOOKUP($C63,'2027'!$B$14:$T$4000,L$5,FALSE) -> 574.75 | M63: =(L63-K63)/ABS(K63)*100 -> -4.1012464 | N63: =IF(ISBLANK(VLOOKUP($C63,'2027'!$B$14:$T$3000,N$5,FALSE)),"",VLOOKUP($C63,'2027'!$B$14:$T$3000,N$5,FALSE)) | O63: =IF(AND(I63<K63,J63<L63,K63<L63),1,IF(AND(I63>K63,J63>L63,K63>L63),-1,0)) -> -1 | P63: =IF(ISBLANK(VLOOKUP($C63,'2027'!$B$14:$T$3000,P$5,FALSE)),"",VLOOKUP($C63,'2027'!$B$14:$T$3000,P$5,FALSE)) | Q63: =IF(O63=1,"Surprise",IF(O63=-1,"Shock","")) -> Shock | R63: =IF(N63="","",IF((N63-L63)/ABS(L63)>$R$9,"Surprise",IF((N63-L63)/ABS(L63)<$R$9*-1,"Shock",""))) | S63: =VLOOKUP($C63,'2027'!$B$14:$T$3000,S$5,FALSE) -> -6.07 | T63: =VLOOKUP($C63,'2027'!$B$14:$T$3000,T$5,FALSE) -> -5.14
B64: 92 | C64: =VLOOKUP(B64,'2027'!$A$14:$B$4000,2,FALSE) -> A141080 | D64: =VLOOKUP($C64,'2027'!$B$14:$T$4000,D$5,FALSE) -> 리가켐바이오 | E64: =VLOOKUP($C64,'2027'!$B$14:$T$4000,E$5,FALSE) -> KQ | F64: =VLOOKUP($C64,'2027'!$B$14:$T$4000,F$5,FALSE) -> 제약 | G64: =VLOOKUP($C64,'2027'!$B$14:$T$4000,G$5,FALSE) -> 5552.91 | H64: =VLOOKUP($C64,'2027'!$B$14:$T$4000,H$5,FALSE) -> 5 | I64: =VLOOKUP($C64,'2027'!$B$14:$T$4000,I$5,FALSE) -> -48.2 | J64: =VLOOKUP($C64,'2027'!$B$14:$T$4000,J$5,FALSE) -> -56.84 | K64: =VLOOKUP($C64,'2027'!$B$14:$T$4000,K$5,FALSE) -> -56.84 | L64: =VLOOKUP($C64,'2027'!$B$14:$T$4000,L$5,FALSE) -> -132.35 | M64: =(L64-K64)/ABS(K64)*100 -> -132.84659 | N64: =IF(ISBLANK(VLOOKUP($C64,'2027'!$B$14:$T$3000,N$5,FALSE)),"",VLOOKUP($C64,'2027'!$B$14:$T$3000,N$5,FALSE)) | O64: =IF(AND(I64<K64,J64<L64,K64<L64),1,IF(AND(I64>K64,J64>L64,K64>L64),-1,0)) -> -1 | P64: =IF(ISBLANK(VLOOKUP($C64,'2027'!$B$14:$T$3000,P$5,FALSE)),"",VLOOKUP($C64,'2027'!$B$14:$T$3000,P$5,FALSE)) | Q64: =IF(O64=1,"Surprise",IF(O64=-1,"Shock","")) -> Shock | R64: =IF(N64="","",IF((N64-L64)/ABS(L64)>$R$9,"Surprise",IF((N64-L64)/ABS(L64)<$R$9*-1,"Shock",""))) | S64: =VLOOKUP($C64,'2027'!$B$14:$T$3000,S$5,FALSE) -> 2.18 | T64: =VLOOKUP($C64,'2027'!$B$14:$T$3000,T$5,FALSE) -> -27.01
B65: 25 | C65: =VLOOKUP(B65,'2027'!$A$14:$B$4000,2,FALSE) -> A066570 | D65: =VLOOKUP($C65,'2027'!$B$14:$T$4000,D$5,FALSE) -> LG전자 | E65: =VLOOKUP($C65,'2027'!$B$14:$T$4000,E$5,FALSE) -> KS | F65: =VLOOKUP($C65,'2027'!$B$14:$T$4000,F$5,FALSE) -> 전자제품 | G65: =VLOOKUP($C65,'2027'!$B$14:$T$4000,G$5,FALSE) -> 31485.6 | H65: =VLOOKUP($C65,'2027'!$B$14:$T$4000,H$5,FALSE) -> 20 | I65: =VLOOKUP($C65,'2027'!$B$14:$T$4000,I$5,FALSE) -> 4318.37 | J65: =VLOOKUP($C65,'2027'!$B$14:$T$4000,J$5,FALSE) -> 4220 | K65: =VLOOKUP($C65,'2027'!$B$14:$T$4000,K$5,FALSE) -> 4310.82 | L65: =VLOOKUP($C65,'2027'!$B$14:$T$4000,L$5,FALSE) -> 4179 | M65: =(L65-K65)/ABS(K65)*100 -> -3.0578869 | N65: =IF(ISBLANK(VLOOKUP($C65,'2027'!$B$14:$T$3000,N$5,FALSE)),"",VLOOKUP($C65,'2027'!$B$14:$T$3000,N$5,FALSE)) | O65: =IF(AND(I65<K65,J65<L65,K65<L65),1,IF(AND(I65>K65,J65>L65,K65>L65),-1,0)) -> -1 | P65: =IF(ISBLANK(VLOOKUP($C65,'2027'!$B$14:$T$3000,P$5,FALSE)),"",VLOOKUP($C65,'2027'!$B$14:$T$3000,P$5,FALSE)) | Q65: =IF(O65=1,"Surprise",IF(O65=-1,"Shock","")) -> Shock | R65: =IF(N65="","",IF((N65-L65)/ABS(L65)>$R$9,"Surprise",IF((N65-L65)/ABS(L65)<$R$9*-1,"Shock",""))) | S65: =VLOOKUP($C65,'2027'!$B$14:$T$3000,S$5,FALSE) -> -49.2 | T65: =VLOOKUP($C65,'2027'!$B$14:$T$3000,T$5,FALSE) -> 71.82
B66: 38 | C66: =VLOOKUP(B66,'2027'!$A$14:$B$4000,2,FALSE) -> A051910 | D66: =VLOOKUP($C66,'2027'!$B$14:$T$4000,D$5,FALSE) -> LG화학 | E66: =VLOOKUP($C66,'2027'!$B$14:$T$4000,E$5,FALSE) -> KS | F66: =VLOOKUP($C66,'2027'!$B$14:$T$4000,F$5,FALSE) -> 화학 | G66: =VLOOKUP($C66,'2027'!$B$14:$T$4000,G$5,FALSE) -> 19765.86 | H66: =VLOOKUP($C66,'2027'!$B$14:$T$4000,H$5,FALSE) -> 15 | I66: =VLOOKUP($C66,'2027'!$B$14:$T$4000,I$5,FALSE) -> 3963.71 | J66: =VLOOKUP($C66,'2027'!$B$14:$T$4000,J$5,FALSE) -> 5333.7 | K66: =VLOOKUP($C66,'2027'!$B$14:$T$4000,K$5,FALSE) -> 3945.31 | L66: =VLOOKUP($C66,'2027'!$B$14:$T$4000,L$5,FALSE) -> 3082.8 | M66: =(L66-K66)/ABS(K66)*100 -> -21.861653 | N66: =IF(ISBLANK(VLOOKUP($C66,'2027'!$B$14:$T$3000,N$5,FALSE)),"",VLOOKUP($C66,'2027'!$B$14:$T$3000,N$5,FALSE)) | O66: =IF(AND(I66<K66,J66<L66,K66<L66),1,IF(AND(I66>K66,J66>L66,K66>L66),-1,0)) -> -1 | P66: =IF(ISBLANK(VLOOKUP($C66,'2027'!$B$14:$T$3000,P$5,FALSE)),"",VLOOKUP($C66,'2027'!$B$14:$T$3000,P$5,FALSE)) | Q66: =IF(O66=1,"Surprise",IF(O66=-1,"Shock","")) -> Shock | R66: =IF(N66="","",IF((N66-L66)/ABS(L66)>$R$9,"Surprise",IF((N66-L66)/ABS(L66)<$R$9*-1,"Shock",""))) | S66: =VLOOKUP($C66,'2027'!$B$14:$T$3000,S$5,FALSE) -> -22.97 | T66: =VLOOKUP($C66,'2027'!$B$14:$T$3000,T$5,FALSE) -> -10.4
B67: 54 | C67: =VLOOKUP(B67,'2027'!$A$14:$B$4000,2,FALSE) -> A003550 | D67: =VLOOKUP($C67,'2027'!$B$14:$T$4000,D$5,FALSE) -> LG | E67: =VLOOKUP($C67,'2027'!$B$14:$T$4000,E$5,FALSE) -> KS | F67: =VLOOKUP($C67,'2027'!$B$14:$T$4000,F$5,FALSE) -> 복합기업 | G67: =VLOOKUP($C67,'2027'!$B$14:$T$4000,G$5,FALSE) -> 14605.15 | H67: =VLOOKUP($C67,'2027'!$B$14:$T$4000,H$5,FALSE) -> 11 | I67: =VLOOKUP($C67,'2027'!$B$14:$T$4000,I$5,FALSE) -> 2101.23 | J67: =VLOOKUP($C67,'2027'!$B$14:$T$4000,J$5,FALSE) -> 1747.8 | K67: =VLOOKUP($C67,'2027'!$B$14:$T$4000,K$5,FALSE) -> 2052.89 | L67: =VLOOKUP($C67,'2027'!$B$14:$T$4000,L$5,FALSE) -> 1418 | M67: =(L67-K67)/ABS(K67)*100 -> -30.926645 | N67: =IF(ISBLANK(VLOOKUP($C67,'2027'!$B$14:$T$3000,N$5,FALSE)),"",VLOOKUP($C67,'2027'!$B$14:$T$3000,N$5,FALSE)) | O67: =IF(AND(I67<K67,J67<L67,K67<L67),1,IF(AND(I67>K67,J67>L67,K67>L67),-1,0)) -> -1 | P67: =IF(ISBLANK(VLOOKUP($C67,'2027'!$B$14:$T$3000,P$5,FALSE)),"",VLOOKUP($C67,'2027'!$B$14:$T$3000,P$5,FALSE)) | Q67: =IF(O67=1,"Surprise",IF(O67=-1,"Shock","")) -> Shock | R67: =IF(N67="","",IF((N67-L67)/ABS(L67)>$R$9,"Surprise",IF((N67-L67)/ABS(L67)<$R$9*-1,"Shock",""))) | S67: =VLOOKUP($C67,'2027'!$B$14:$T$3000,S$5,FALSE) -> -41.74 | T67: =VLOOKUP($C67,'2027'!$B$14:$T$3000,T$5,FALSE) -> 10.78
B68: 164 | C68: =VLOOKUP(B68,'2027'!$A$14:$B$4000,2,FALSE) -> A229640 | D68: =VLOOKUP($C68,'2027'!$B$14:$T$4000,D$5,FALSE) -> LS에코에너지 | E68: =VLOOKUP($C68,'2027'!$B$14:$T$4000,E$5,FALSE) -> KS | F68: =VLOOKUP($C68,'2027'!$B$14:$T$4000,F$5,FALSE) -> 전기장비 | G68: =VLOOKUP($C68,'2027'!$B$14:$T$4000,G$5,FALSE) -> 1858.93 | H68: =VLOOKUP($C68,'2027'!$B$14:$T$4000,H$5,FALSE) -> 7 | I68: =VLOOKUP($C68,'2027'!$B$14:$T$4000,I$5,FALSE) -> 94.1 | J68: =VLOOKUP($C68,'2027'!$B$14:$T$4000,J$5,FALSE) -> 94 | K68: =VLOOKUP($C68,'2027'!$B$14:$T$4000,K$5,FALSE) -> 93.03 | L68: =VLOOKUP($C68,'2027'!$B$14:$T$4000,L$5,FALSE) -> 91.9 | M68: =(L68-K68)/ABS(K68)*100 -> -1.2146619 | N68: =IF(ISBLANK(VLOOKUP($C68,'2027'!$B$14:$T$3000,N$5,FALSE)),"",VLOOKUP($C68,'2027'!$B$14:$T$3000,N$5,FALSE)) | O68: =IF(AND(I68<K68,J68<L68,K68<L68),1,IF(AND(I68>K68,J68>L68,K68>L68),-1,0)) -> -1 | P68: =IF(ISBLANK(VLOOKUP($C68,'2027'!$B$14:$T$3000,P$5,FALSE)),"",VLOOKUP($C68,'2027'!$B$14:$T$3000,P$5,FALSE)) | Q68: =IF(O68=1,"Surprise",IF(O68=-1,"Shock","")) -> Shock | R68: =IF(N68="","",IF((N68-L68)/ABS(L68)>$R$9,"Surprise",IF((N68-L68)/ABS(L68)<$R$9*-1,"Shock",""))) | S68: =VLOOKUP($C68,'2027'!$B$14:$T$3000,S$5,FALSE) -> -14.14 | T68: =VLOOKUP($C68,'2027'!$B$14:$T$3000,T$5,FALSE) -> 36.87
... B84: 124 | C84: =VLOOKUP(B84,'2027'!$A$14:$B$4000,2,FALSE) -> A035250 | D84: =VLOOKUP($C84,'2027'!$B$14:$T$4000,D$5,FALSE) -> 강원랜드 | E84: =VLOOKUP($C84,'2027'!$B$14:$T$4000,E$5,FALSE) -> KS | F84: =VLOOKUP($C84,'2027'!$B$14:$T$4000,F$5,FALSE) -> 호텔,레저서비스 | G84: =VLOOKUP($C84,'2027'!$B$14:$T$4000,G$5,FALSE) -> 3059.35 | H84: =VLOOKUP($C84,'2027'!$B$14:$T$4000,H$5,FALSE) -> 10 | I84: =VLOOKUP($C84,'2027'!$B$14:$T$4000,I$5,FALSE) -> 236.87 | J84: =VLOOKUP($C84,'2027'!$B$14:$T$4000,J$5,FALSE) -> 241.4 | K84: =VLOOKUP($C84,'2027'!$B$14:$T$4000,K$5,FALSE) -> 236.87 | L84: =VLOOKUP($C84,'2027'!$B$14:$T$4000,L$5,FALSE) -> 247.27 | M84: =(L84-K84)/ABS(K84)*100 -> 4.390594 | N84: =IF(ISBLANK(VLOOKUP($C84,'2027'!$B$14:$T$3000,N$5,FALSE)),"",VLOOKUP($C84,'2027'!$B$14:$T$3000,N$5,FALSE)) | O84: =IF(AND(I84<K84,J84<L84,K84<L84),1,IF(AND(I84>K84,J84>L84,K84>L84),-1,0)) -> 0 | P84: =IF(ISBLANK(VLOOKUP($C84,'2027'!$B$14:$T$3000,P$5,FALSE)),"",VLOOKUP($C84,'2027'!$B$14:$T$3000,P$5,FALSE)) | Q84: =IF(O84=1,"Surprise",IF(O84=-1,"Shock","")) | R84: =IF(N84="","",IF((N84-L84)/ABS(L84)>$R$9,"Surprise",IF((N84-L84)/ABS(L84)<$R$9*-1,"Shock",""))) | S84: =VLOOKUP($C84,'2027'!$B$14:$T$3000,S$5,FALSE) -> -4.6 | T84: =VLOOKUP($C84,'2027'!$B$14:$T$3000,T$5,FALSE) -> -16.67
B85: 160 | C85: =VLOOKUP(B85,'2027'!$A$14:$B$4000,2,FALSE) -> A082920 | D85: =VLOOKUP($C85,'2027'!$B$14:$T$4000,D$5,FALSE) -> 비츠로셀 | E85: =VLOOKUP($C85,'2027'!$B$14:$T$4000,E$5,FALSE) -> KQ | F85: =VLOOKUP($C85,'2027'!$B$14:$T$4000,F$5,FALSE) -> 전기제품 | G85: =VLOOKUP($C85,'2027'!$B$14:$T$4000,G$5,FALSE) -> 1890.66 | H85: =VLOOKUP($C85,'2027'!$B$14:$T$4000,H$5,FALSE) -> 4 | I85: =VLOOKUP($C85,'2027'!$B$14:$T$4000,I$5,FALSE) -> 109.53 | J85: =VLOOKUP($C85,'2027'!$B$14:$T$4000,J$5,FALSE) -> 110.4 | K85: =VLOOKUP($C85,'2027'!$B$14:$T$4000,K$5,FALSE) -> 109.53 | L85: =VLOOKUP($C85,'2027'!$B$14:$T$4000,L$5,FALSE) -> 110.4 | M85: =(L85-K85)/ABS(K85)*100 -> 0.79430293 | N85: =IF(ISBLANK(VLOOKUP($C85,'2027'!$B$14:$T$3000,N$5,FALSE)),"",VLOOKUP($C85,'2027'!$B$14:$T$3000,N$5,FALSE)) | O85: =IF(AND(I85<K85,J85<L85,K85<L85),1,IF(AND(I85>K85,J85>L85,K85>L85),-1,0)) -> 0 | P85: =IF(ISBLANK(VLOOKUP($C85,'2027'!$B$14:$T$3000,P$5,FALSE)),"",VLOOKUP($C85,'2027'!$B$14:$T$3000,P$5,FALSE)) | Q85: =IF(O85=1,"Surprise",IF(O85=-1,"Shock","")) | R85: =IF(N85="","",IF((N85-L85)/ABS(L85)>$R$9,"Surprise",IF((N85-L85)/ABS(L85)<$R$9*-1,"Shock",""))) | S85: =VLOOKUP($C85,'2027'!$B$14:$T$3000,S$5,FALSE) -> -19.81 | T85: =VLOOKUP($C85,'2027'!$B$14:$T$3000,T$5,FALSE) -> 8.31 | X85: =X84+1 -> 1 | Y85: A000210 | Z85: 대림산업
B86: 139 | C86: =VLOOKUP(B86,'2027'!$A$14:$B$4000,2,FALSE) -> A290650 | D86: =VLOOKUP($C86,'2027'!$B$14:$T$4000,D$5,FALSE) -> 엘앤씨바이오 | E86: =VLOOKUP($C86,'2027'!$B$14:$T$4000,E$5,FALSE) -> KQ | F86: =VLOOKUP($C86,'2027'!$B$14:$T$4000,F$5,FALSE) -> 건강관리장비,서비스 | G86: =VLOOKUP($C86,'2027'!$B$14:$T$4000,G$5,FALSE) -> 2446.15 | H86: =VLOOKUP($C86,'2027'!$B$14:$T$4000,H$5,FALSE) -> 4 | I86: =VLOOKUP($C86,'2027'!$B$14:$T$4000,I$5,FALSE) -> 66.53 | J86: =VLOOKUP($C86,'2027'!$B$14:$T$4000,J$5,FALSE) -> 54 | K86: =VLOOKUP($C86,'2027'!$B$14:$T$4000,K$5,FALSE) -> 60.33 | L86: =VLOOKUP($C86,'2027'!$B$14:$T$4000,L$5,FALSE) -> 63.43 | M86: =(L86-K86)/ABS(K86)*100 -> 5.1384054 | N86: =IF(ISBLANK(VLOOKUP($C86,'2027'!$B$14:$T$3000,N$5,FALSE)),"",VLOOKUP($C86,'2027'!$B$14:$T$3000,N$5,FALSE)) | O86: =IF(AND(I86<K86,J86<L86,K86<L86),1,IF(AND(I86>K86,J86>L86,K86>L86),-1,0)) -> 0 | P86: =IF(ISBLANK(VLOOKUP($C86,'2027'!$B$14:$T$3000,P$5,FALSE)),"",VLOOKUP($C86,'2027'!$B$14:$T$3000,P$5,FALSE)) | Q86: =IF(O86=1,"Surprise",IF(O86=-1,"Shock","")) | R86: =IF(N86="","",IF((N86-L86)/ABS(L86)>$R$9,"Surprise",IF((N86-L86)/ABS(L86)<$R$9*-1,"Shock",""))) | S86: =VLOOKUP($C86,'2027'!$B$14:$T$3000,S$5,FALSE) -> 22.4 | T86: =VLOOKUP($C86,'2027'!$B$14:$T$3000,T$5,FALSE) -> 29.57 | X86: =X85+1 -> 2 | Y86: A105560 | Z86: KB금융
B87: 66 | C87: =VLOOKUP(B87,'2027'!$A$14:$B$4000,2,FALSE) -> A028050 | D87: =VLOOKUP($C87,'2027'!$B$14:$T$4000,D$5,FALSE) -> 삼성E&A | E87: =VLOOKUP($C87,'2027'!$B$14:$T$4000,E$5,FALSE) -> KS | F87: =VLOOKUP($C87,'2027'!$B$14:$T$4000,F$5,FALSE) -> 건설,건축제품,건축자재 | G87: =VLOOKUP($C87,'2027'!$B$14:$T$4000,G$5,FALSE) -> 10133.2 | H87: =VLOOKUP($C87,'2027'!$B$14:$T$4000,H$5,FALSE) -> 19 | I87: =VLOOKUP($C87,'2027'!$B$14:$T$4000,I$5,FALSE) -> 1023.55 | J87: =VLOOKUP($C87,'2027'!$B$14:$T$4000,J$5,FALSE) -> 1009.35 | K87: =VLOOKUP($C87,'2027'!$B$14:$T$4000,K$5,FALSE) -> 1020.34 | L87: =VLOOKUP($C87,'2027'!$B$14:$T$4000,L$5,FALSE) -> 1016.54 | M87: =(L87-K87)/ABS(K87)*100 -> -0.37242488 | N87: =IF(ISBLANK(VLOOKUP($C87,'2027'!$B$14:$T$3000,N$5,FALSE)),"",VLOOKUP($C87,'2027'!$B$14:$T$3000,N$5,FALSE)) | O87: =IF(AND(I87<K87,J87<L87,K87<L87),1,IF(AND(I87>K87,J87>L87,K87>L87),-1,0)) -> 0 | P87: =IF(ISBLANK(VLOOKUP($C87,'2027'!$B$14:$T$3000,P$5,FALSE)),"",VLOOKUP($C87,'2027'!$B$14:$T$3000,P$5,FALSE)) | Q87: =IF(O87=1,"Surprise",IF(O87=-1,"Shock","")) | R87: =IF(N87="","",IF((N87-L87)/ABS(L87)>$R$9,"Surprise",IF((N87-L87)/ABS(L87)<$R$9*-1,"Shock",""))) | S87: =VLOOKUP($C87,'2027'!$B$14:$T$3000,S$5,FALSE) -> 2.78 | T87: =VLOOKUP($C87,'2027'!$B$14:$T$3000,T$5,FALSE) -> 36.41 | X87: =X86+1 -> 3 | Y87: A081660 | Z87: 휠라코리아
B88: 77 | C88: =VLOOKUP(B88,'2027'!$A$14:$B$4000,2,FALSE) -> A161390 | D88: =VLOOKUP($C88,'2027'!$B$14:$T$4000,D$5,FALSE) -> 한국타이어앤테크놀로지 | E88: =VLOOKUP($C88,'2027'!$B$14:$T$4000,E$5,FALSE) -> KS | F88: =VLOOKUP($C88,'2027'!$B$14:$T$4000,F$5,FALSE) -> 자동차부품 | G88: =VLOOKUP($C88,'2027'!$B$14:$T$4000,G$5,FALSE) -> 7779.35 | H88: =VLOOKUP($C88,'2027'!$B$14:$T$4000,H$5,FALSE) -> 15 | I88: =VLOOKUP($C88,'2027'!$B$14:$T$4000,I$5,FALSE) -> 2364.08 | J88: =VLOOKUP($C88,'2027'!$B$14:$T$4000,J$5,FALSE) -> 2415.85 | K88: =VLOOKUP($C88,'2027'!$B$14:$T$4000,K$5,FALSE) -> 2364.08 | L88: =VLOOKUP($C88,'2027'!$B$14:$T$4000,L$5,FALSE) -> 2459.47 | M88: =(L88-K88)/ABS(K88)*100 -> 4.0349734 | N88: =IF(ISBLANK(VLOOKUP($C88,'2027'!$B$14:$T$3000,N$5,FALSE)),"",VLOOKUP($C88,'2027'!$B$14:$T$3000,N$5,FALSE)) | O88: =IF(AND(I88<K88,J88<L88,K88<L88),1,IF(AND(I88>K88,J88>L88,K88>L88),-1,0)) -> 0 | P88: =IF(ISBLANK(VLOOKUP($C88,'2027'!$B$14:$T$3000,P$5,FALSE)),"",VLOOKUP($C88,'2027'!$B$14:$T$3000,P$5,FALSE)) | Q88: =IF(O88=1,"Surprise",IF(O88=-1,"Shock","")) | R88: =IF(N88="","",IF((N88-L88)/ABS(L88)>$R$9,"Surprise",IF((N88-L88)/ABS(L88)<$R$9*-1,"Shock",""))) | S88: =VLOOKUP($C88,'2027'!$B$14:$T$3000,S$5,FALSE) -> -8.59 | T88: =VLOOKUP($C88,'2027'!$B$14:$T$3000,T$5,FALSE) -> 11.35 | X88: =X87+1 -> 4 | Y88: A078930 | Z88: GS
B89: 5 | C89: =VLOOKUP(B89,'2027'!$A$14:$B$4000,2,FALSE) -> A005380 | D89: =VLOOKUP($C89,'2027'!$B$14:$T$4000,D$5,FALSE) -> 현대차 | E89: =VLOOKUP($C89,'2027'!$B$14:$T$4000,E$5,FALSE) -> KS | F89: =VLOOKUP($C89,'2027'!$B$14:$T$4000,F$5,FALSE) -> 자동차 | G89: =VLOOKUP($C89,'2027'!$B$14:$T$4000,G$5,FALSE) -> 99819.41 | H89: =VLOOKUP($C89,'2027'!$B$14:$T$4000,H$5,FALSE) -> 26 | I89: =VLOOKUP($C89,'2027'!$B$14:$T$4000,I$5,FALSE) -> 13360.77 | J89: =VLOOKUP($C89,'2027'!$B$14:$T$4000,J$5,FALSE) -> 13226.04 | K89: =VLOOKUP($C89,'2027'!$B$14:$T$4000,K$5,FALSE) -> 13367.34 | L89: =VLOOKUP($C89,'2027'!$B$14:$T$4000,L$5,FALSE) -> 13034.18 | M89: =(L89-K89)/ABS(K89)*100 -> -2.4923433 | N89: =IF(ISBLANK(VLOOKUP($C89,'2027'!$B$14:$T$3000,N$5,FALSE)),"",VLOOKUP($C89,'2027'!$B$14:$T$3000,N$5,FALSE)) | O89: =IF(AND(I89<K89,J89<L89,K89<L89),1,IF(AND(I89>K89,J89>L89,K89>L89),-1,0)) -> 0 | P89: =IF(ISBLANK(VLOOKUP($C89,'2027'!$B$14:$T$3000,P$5,FALSE)),"",VLOOKUP($C89,'2027'!$B$14:$T$3000,P$5,FALSE)) | Q89: =IF(O89=1,"Surprise",IF(O89=-1,"Shock","")) | R89: =IF(N89="","",IF((N89-L89)/ABS(L89)>$R$9,"Surprise",IF((N89-L89)/ABS(L89)<$R$9*-1,"Shock",""))) | S89: =VLOOKUP($C89,'2027'!$B$14:$T$3000,S$5,FALSE) -> -35 | T89: =VLOOKUP($C89,'2027'!$B$14:$T$3000,T$5,FALSE) -> -0.1 | X89: =X88+1 -> 5 | Y89: A001800 | Z89: 오리온
B90: 55 | C90: =VLOOKUP(B90,'2027'!$A$14:$B$4000,2,FALSE) -> A272210 | D90: =VLOOKUP($C90,'2027'!$B$14:$T$4000,D$5,FALSE) -> 한화시스템 | E90: =VLOOKUP($C90,'2027'!$B$14:$T$4000,E$5,FALSE) -> KS | F90: =VLOOKUP($C90,'2027'!$B$14:$T$4000,F$5,FALSE) -> 기타자본재 | G90: =VLOOKUP($C90,'2027'!$B$14:$T$4000,G$5,FALSE) -> 14546.79 | H90: =VLOOKUP($C90,'2027'!$B$14:$T$4000,H$5,FALSE) -> 15 | I90: =VLOOKUP($C90,'2027'!$B$14:$T$4000,I$5,FALSE) -> 491.1 | J90: =VLOOKUP($C90,'2027'!$B$14:$T$4000,J$5,FALSE) -> 496.96 | K90: =VLOOKUP($C90,'2027'!$B$14:$T$4000,K$5,FALSE) -> 491.71 | L90: =VLOOKUP($C90,'2027'!$B$14:$T$4000,L$5,FALSE) -> 484.23 | M90: =(L90-K90)/ABS(K90)*100 -> -1.5212219 | N90: =IF(ISBLANK(VLOOKUP($C90,'2027'!$B$14:$T$3000,N$5,FALSE)),"",VLOOKUP($C90,'2027'!$B$14:$T$3000,N$5,FALSE)) | O90: =IF(AND(I90<K90,J90<L90,K90<L90),1,IF(AND(I90>K90,J90>L90,K90>L90),-1,0)) -> 0 | P90: =IF(ISBLANK(VLOOKUP($C90,'2027'!$B$14:$T$3000,P$5,FALSE)),"",VLOOKUP($C90,'2027'!$B$14:$T$3000,P$5,FALSE)) | Q90: =IF(O90=1,"Surprise",IF(O90=-1,"Shock","")) | R90: =IF(N90="","",IF((N90-L90)/ABS(L90)>$R$9,"Surprise",IF((N90-L90)/ABS(L90)<$R$9*-1,"Shock",""))) | S90: =VLOOKUP($C90,'2027'!$B$14:$T$3000,S$5,FALSE) -> -24.51 | T90: =VLOOKUP($C90,'2027'!$B$14:$T$3000,T$5,FALSE) -> -40.22 | X90: =X89+1 -> 6 | Y90: A001120 | Z90: LG상사
B91: 120 | C91: =VLOOKUP(B91,'2027'!$A$14:$B$4000,2,FALSE) -> A009420 | D91: =VLOOKUP($C91,'2027'!$B$14:$T$4000,D$5,FALSE) -> 한올바이오파마 | E91: =VLOOKUP($C91,'2027'!$B$14:$T$4000,E$5,FALSE) -> KS | F91: =VLOOKUP($C91,'2027'!$B$14:$T$4000,F$5,FALSE) -> 제약 | G91: =VLOOKUP($C91,'2027'!$B$14:$T$4000,G$5,FALSE) -> 3218.02 | H91: =VLOOKUP($C91,'2027'!$B$14:$T$4000,H$5,FALSE) -> 8 | I91: =VLOOKUP($C91,'2027'!$B$14:$T$4000,I$5,FALSE) -> 8.77 | J91: =VLOOKUP($C91,'2027'!$B$14:$T$4000,J$5,FALSE) -> 10.4 | K91: =VLOOKUP($C91,'2027'!$B$14:$T$4000,K$5,FALSE) -> 8.77 | L91: =VLOOKUP($C91,'2027'!$B$14:$T$4000,L$5,FALSE) -> 2 | M91: =(L91-K91)/ABS(K91)*100 -> -77.194983 | N91: =IF(ISBLANK(VLOOKUP($C91,'2027'!$B$14:$T$3000,N$5,FALSE)),"",VLOOKUP($C91,'2027'!$B$14:$T$3000,N$5,FALSE)) | O91: =IF(AND(I91<K91,J91<L91,K91<L91),1,IF(AND(I91>K91,J91>L91,K91>L91),-1,0)) -> 0 | P91: =IF(ISBLANK(VLOOKUP($C91,'2027'!$B$14:$T$3000,P$5,FALSE)),"",VLOOKUP($C91,'2027'!$B$14:$T$3000,P$5,FALSE)) | Q91: =IF(O91=1,"Surprise",IF(O91=-1,"Shock","")) | R91: =IF(N91="","",IF((N91-L91)/ABS(L91)>$R$9,"Surprise",IF((N91-L91)/ABS(L91)<$R$9*-1,"Shock",""))) | S91: =VLOOKUP($C91,'2027'!$B$14:$T$3000,S$5,FALSE) -> 6.02 | T91: =VLOOKUP($C91,'2027'!$B$14:$T$3000,T$5,FALSE) -> 5.3 | X91: =X90+1 -> 7 | Y91: A034120 | Z91: SBS
B92: 135 | C92: =VLOOKUP(B92,'2027'!$A$14:$B$4000,2,FALSE) -> A006360 | D92: =VLOOKUP($C92,'2027'!$B$14:$T$4000,D$5,FALSE) -> GS건설 | E92: =VLOOKUP($C92,'2027'!$B$14:$T$4000,E$5,FALSE) -> KS | F92: =VLOOKUP($C92,'2027'!$B$14:$T$4000,F$5,FALSE) -> 건설,건축제품,건축자재 | G92: =VLOOKUP($C92,'2027'!$B$14:$T$4000,G$5,FALSE) -> 2576 | H92: =VLOOKUP($C92,'2027'!$B$14:$T$4000,H$5,FALSE) -> 18 | I92: =VLOOKUP($C92,'2027'!$B$14:$T$4000,I$5,FALSE) -> 600.21 | J92: =VLOOKUP($C92,'2027'!$B$14:$T$4000,J$5,FALSE) -> 628.28 | K92: =VLOOKUP($C92,'2027'!$B$14:$T$4000,K$5,FALSE) -> 601.77 | L92: =VLOOKUP($C92,'2027'!$B$14:$T$4000,L$5,FALSE) -> 582.7 | M92: =(L92-K92)/ABS(K92)*100 -> -3.1689848 | N92: =IF(ISBLANK(VLOOKUP($C92,'2027'!$B$14:$T$3000,N$5,FALSE)),"",VLOOKUP($C92,'2027'!$B$14:$T$3000,N$5,FALSE)) | O92: =IF(AND(I92<K92,J92<L92,K92<L92),1,IF(AND(I92>K92,J92>L92,K92>L92),-1,0)) -> 0 | P92: =IF(ISBLANK(VLOOKUP($C92,'2027'!$B$14:$T$3000,P$5,FALSE)),"",VLOOKUP($C92,'2027'!$B$14:$T$3000,P$5,FALSE)) | Q92: =IF(O92=1,"Surprise",IF(O92=-1,"Shock","")) | R92: =IF(N92="","",IF((N92-L92)/ABS(L92)>$R$9,"Surprise",IF((N92-L92)/ABS(L92)<$R$9*-1,"Shock",""))) | S92: =VLOOKUP($C92,'2027'!$B$14:$T$3000,S$5,FALSE) -> 4.33 | T92: =VLOOKUP($C92,'2027'!$B$14:$T$3000,T$5,FALSE) -> 7.31 | X92: =X91+1 -> 8 | Y92: A001040 | Z92: CJ
B93: 100 | C93: =VLOOKUP(B93,'2027'!$A$14:$B$4000,2,FALSE) -> A082740 | D93: =VLOOKUP($C93,'2027'!$B$14:$T$4000,D$5,FALSE) -> 한화엔진 | E93: =VLOOKUP($C93,'2027'!$B$14:$T$4000,E$5,FALSE) -> KS | F93: =VLOOKUP($C93,'2027'!$B$14:$T$4000,F$5,FALSE) -> 조선 | G93: =VLOOKUP($C93,'2027'!$B$14:$T$4000,G$5,FALSE) -> 4589.59 | H93: =VLOOKUP($C93,'2027'!$B$14:$T$4000,H$5,FALSE) -> 5 | I93: =VLOOKUP($C93,'2027'!$B$14:$T$4000,I$5,FALSE) -> 372.08 | J93: =VLOOKUP($C93,'2027'!$B$14:$T$4000,J$5,FALSE) -> 442 | K93: =VLOOKUP($C93,'2027'!$B$14:$T$4000,K$5,FALSE) -> 367.86 | L93: =VLOOKUP($C93,'2027'!$B$14:$T$4000,L$5,FALSE) -> 398.85 | M93: =(L93-K93)/ABS(K93)*100 -> 8.4244006 | N93: =IF(ISBLANK(VLOOKUP($C93,'2027'!$B$14:$T$3000,N$5,FALSE)),"",VLOOKUP($C93,'2027'!$B$14:$T$3000,N$5,FALSE)) | O93: =IF(AND(I93<K93,J93<L93,K93<L93),1,IF(AND(I93>K93,J93>L93,K93>L93),-1,0)) -> 0 | P93: =IF(ISBLANK(VLOOKUP($C93,'2027'!$B$14:$T$3000,P$5,FALSE)),"",VLOOKUP($C93,'2027'!$B$14:$T$3000,P$5,FALSE)) | Q93: =IF(O93=1,"Surprise",IF(O93=-1,"Shock","")) | R93: =IF(N93="","",IF((N93-L93)/ABS(L93)>$R$9,"Surprise",IF((N93-L93)/ABS(L93)<$R$9*-1,"Shock",""))) | S93: =VLOOKUP($C93,'2027'!$B$14:$T$3000,S$5,FALSE) -> -11 | T93: =VLOOKUP($C93,'2027'!$B$14:$T$3000,T$5,FALSE) -> 23.04 | X93: =X92+1 -> 9 | Y93: A003600 | Z93: SK
B94: 163 | C94: =VLOOKUP(B94,'2027'!$A$14:$B$4000,2,FALSE) -> A140860 | D94: =VLOOKUP($C94,'2027'!$B$14:$T$4000,D$5,FALSE) -> 파크시스템스 | E94: =VLOOKUP($C94,'2027'!$B$14:$T$4000,E$5,FALSE) -> KQ | F94: =VLOOKUP($C94,'2027'!$B$14:$T$4000,F$5,FALSE) -> 전자장비,사무용전자제품 | G94: =VLOOKUP($C94,'2027'!$B$14:$T$4000,G$5,FALSE) -> 1873.16 | H94: =VLOOKUP($C94,'2027'!$B$14:$T$4000,H$5,FALSE) -> 7 | I94: =VLOOKUP($C94,'2027'!$B$14:$T$4000,I$5,FALSE) -> 74.09 | J94: =VLOOKUP($C94,'2027'!$B$14:$T$4000,J$5,FALSE) -> 65.5 | K94: =VLOOKUP($C94,'2027'!$B$14:$T$4000,K$5,FALSE) -> 74.09 | L94: =VLOOKUP($C94,'2027'!$B$14:$T$4000,L$5,FALSE) -> 65.5 | M94: =(L94-K94)/ABS(K94)*100 -> -11.594007 | N94: =IF(ISBLANK(VLOOKUP($C94,'2027'!$B$14:$T$3000,N$5,FALSE)),"",VLOOKUP($C94,'2027'!$B$14:$T$3000,N$5,FALSE)) | O94: =IF(AND(I94<K94,J94<L94,K94<L94),1,IF(AND(I94>K94,J94>L94,K94>L94),-1,0)) -> 0 | P94: =IF(ISBLANK(VLOOKUP($C94,'2027'!$B$14:$T$3000,P$5,FALSE)),"",VLOOKUP($C94,'2027'!$B$14:$T$3000,P$5,FALSE)) | Q94: =IF(O94=1,"Surprise",IF(O94=-1,"Shock","")) | R94: =IF(N94="","",IF((N94-L94)/ABS(L94)>$R$9,"Surprise",IF((N94-L94)/ABS(L94)<$R$9*-1,"Shock",""))) | S94: =VLOOKUP($C94,'2027'!$B$14:$T$3000,S$5,FALSE) -> -3.78 | T94: =VLOOKUP($C94,'2027'!$B$14:$T$3000,T$5,FALSE) -> 3.28 | X94: =X93+1 -> 10 | Y94: A039130 | Z94: 하나투어
B95: 143 | C95: =VLOOKUP(B95,'2027'!$A$14:$B$4000,2,FALSE) -> A071970 | D95: =VLOOKUP($C95,'2027'!$B$14:$T$4000,D$5,FALSE) -> HD현대마린엔진 | E95: =VLOOKUP($C95,'2027'!$B$14:$T$4000,E$5,FALSE) -> KS | F95: =VLOOKUP($C95,'2027'!$B$14:$T$4000,F$5,FALSE) -> 조선 | G95: =VLOOKUP($C95,'2027'!$B$14:$T$4000,G$5,FALSE) -> 2333.8 | H95: =VLOOKUP($C95,'2027'!$B$14:$T$4000,H$5,FALSE) -> 7 | I95: =VLOOKUP($C95,'2027'!$B$14:$T$4000,I$5,FALSE) -> 202.94 | J95: =VLOOKUP($C95,'2027'!$B$14:$T$4000,J$5,FALSE) -> 230.6 | K95: =VLOOKUP($C95,'2027'!$B$14:$T$4000,K$5,FALSE) -> 202.94 | L95: =VLOOKUP($C95,'2027'!$B$14:$T$4000,L$5,FALSE) -> 230.6 | M95: =(L95-K95)/ABS(K95)*100 -> 13.629644 | N95: =IF(ISBLANK(VLOOKUP($C95,'2027'!$B$14:$T$3000,N$5,FALSE)),"",VLOOKUP($C95,'2027'!$B$14:$T$3000,N$5,FALSE)) | O95: =IF(AND(I95<K95,J95<L95,K95<L95),1,IF(AND(I95>K95,J95>L95,K95>L95),-1,0)) -> 0 | P95: =IF(ISBLANK(VLOOKUP($C95,'2027'!$B$14:$T$3000,P$5,FALSE)),"",VLOOKUP($C95,'2027'!$B$14:$T$3000,P$5,FALSE)) | Q95: =IF(O95=1,"Surprise",IF(O95=-1,"Shock","")) | R95: =IF(N95="","",IF((N95-L95)/ABS(L95)>$R$9,"Surprise",IF((N95-L95)/ABS(L95)<$R$9*-1,"Shock",""))) | S95: =VLOOKUP($C95,'2027'!$B$14:$T$3000,S$5,FALSE) -> -1.43 | T95: =VLOOKUP($C95,'2027'!$B$14:$T$3000,T$5,FALSE) -> -3.64 | X95: =X94+1 -> 11 | Y95: A086790 | Z95: 하나금융지주
B96: 146 | C96: =VLOOKUP(B96,'2027'!$A$14:$B$4000,2,FALSE) -> A020150 | D96: =VLOOKUP($C96,'2027'!$B$14:$T$4000,D$5,FALSE) -> 롯데에너지머티리얼즈 | E96: =VLOOKUP($C96,'2027'!$B$14:$T$4000,E$5,FALSE) -> KS | F96: =VLOOKUP($C96,'2027'!$B$14:$T$4000,F$5,FALSE) -> 전자장비,사무용전자제품 | G96: =VLOOKUP($C96,'2027'!$B$14:$T$4000,G$5,FALSE) -> 2288.37 | H96: =VLOOKUP($C96,'2027'!$B$14:$T$4000,H$5,FALSE) -> 13 | I96: =VLOOKUP($C96,'2027'!$B$14:$T$4000,I$5,FALSE) -> 55.06 | J96: =VLOOKUP($C96,'2027'!$B$14:$T$4000,J$5,FALSE) -> 75.27 | K96: =VLOOKUP($C96,'2027'!$B$14:$T$4000,K$5,FALSE) -> 53.91 | L96: =VLOOKUP($C96,'2027'!$B$14:$T$4000,L$5,FALSE) -> 68.9 | M96: =(L96-K96)/ABS(K96)*100 -> 27.805602 | N96: =IF(ISBLANK(VLOOKUP($C96,'2027'!$B$14:$T$3000,N$5,FALSE)),"",VLOOKUP($C96,'2027'!$B$14:$T$3000,N$5,FALSE)) | O96: =IF(AND(I96<K96,J96<L96,K96<L96),1,IF(AND(I96>K96,J96>L96,K96>L96),-1,0)) -> 0 | P96: =IF(ISBLANK(VLOOKUP($C96,'2027'!$B$14:$T$3000,P$5,FALSE)),"",VLOOKUP($C96,'2027'!$B$14:$T$3000,P$5,FALSE)) | Q96: =IF(O96=1,"Surprise",IF(O96=-1,"Shock","")) | R96: =IF(N96="","",IF((N96-L96)/ABS(L96)>$R$9,"Surprise",IF((N96-L96)/ABS(L96)<$R$9*-1,"Shock",""))) | S96: =VLOOKUP($C96,'2027'!$B$14:$T$3000,S$5,FALSE) -> -32.04 | T96: =VLOOKUP($C96,'2027'!$B$14:$T$3000,T$5,FALSE) -> 3.07 | X96: =X95+1 -> 12 | Y96: A009540 | Z96: 현대중공업
... B98: 49 | C98: =VLOOKUP(B98,'2027'!$A$14:$B$4000,2,FALSE) -> A278470 | D98: =VLOOKUP($C98,'2027'!$B$14:$T$4000,D$5,FALSE) -> 에이피알 | E98: =VLOOKUP($C98,'2027'!$B$14:$T$4000,E$5,FALSE) -> KS | F98: =VLOOKUP($C98,'2027'!$B$14:$T$4000,F$5,FALSE) -> 화장품 | G98: =VLOOKUP($C98,'2027'!$B$14:$T$4000,G$5,FALSE) -> 15274.77 | H98: =VLOOKUP($C98,'2027'!$B$14:$T$4000,H$5,FALSE) -> 18 | I98: =VLOOKUP($C98,'2027'!$B$14:$T$4000,I$5,FALSE) -> 920.48 | J98: =VLOOKUP($C98,'2027'!$B$14:$T$4000,J$5,FALSE) -> 930.96 | K98: =VLOOKUP($C98,'2027'!$B$14:$T$4000,K$5,FALSE) -> 921.02 | L98: =VLOOKUP($C98,'2027'!$B$14:$T$4000,L$5,FALSE) -> 927.72 | M98: =(L98-K98)/ABS(K98)*100 -> 0.72745434 | N98: =IF(ISBLANK(VLOOKUP($C98,'2027'!$B$14:$T$3000,N$5,FALSE)),"",VLOOKUP($C98,'2027'!$B$14:$T$3000,N$5,FALSE)) | O98: =IF(AND(I98<K98,J98<L98,K98<L98),1,IF(AND(I98>K98,J98>L98,K98>L98),-1,0)) -> 0 | P98: =IF(ISBLANK(VLOOKUP($C98,'2027'!$B$14:$T$3000,P$5,FALSE)),"",VLOOKUP($C98,'2027'!$B$14:$T$3000,P$5,FALSE)) | Q98: =IF(O98=1,"Surprise",IF(O98=-1,"Shock","")) | R98: =IF(N98="","",IF((N98-L98)/ABS(L98)>$R$9,"Surprise",IF((N98-L98)/ABS(L98)<$R$9*-1,"Shock",""))) | S98: =VLOOKUP($C98,'2027'!$B$14:$T$3000,S$5,FALSE) -> -4.34 | T98: =VLOOKUP($C98,'2027'!$B$14:$T$3000,T$5,FALSE) -> 18.43 | X98: =X97+1 -> 14 | Y98: A016360 | Z98: 삼성증권
B99: 94 | C99: =VLOOKUP(B99,'2027'!$A$14:$B$4000,2,FALSE) -> A128940 | D99: =VLOOKUP($C99,'2027'!$B$14:$T$4000,D$5,FALSE) -> 한미약품 | E99: =VLOOKUP($C99,'2027'!$B$14:$T$4000,E$5,FALSE) -> KS | F99: =VLOOKUP($C99,'2027'!$B$14:$T$4000,F$5,FALSE) -> 제약 | G99: =VLOOKUP($C99,'2027'!$B$14:$T$4000,G$5,FALSE) -> 5406.24 | H99: =VLOOKUP($C99,'2027'!$B$14:$T$4000,H$5,FALSE) -> 15 | I99: =VLOOKUP($C99,'2027'!$B$14:$T$4000,I$5,FALSE) -> 310.42 | J99: =VLOOKUP($C99,'2027'!$B$14:$T$4000,J$5,FALSE) -> 314.82 | K99: =VLOOKUP($C99,'2027'!$B$14:$T$4000,K$5,FALSE) -> 310.42 | L99: =VLOOKUP($C99,'2027'!$B$14:$T$4000,L$5,FALSE) -> 318.31 | M99: =(L99-K99)/ABS(K99)*100 -> 2.5417177 | N99: =IF(ISBLANK(VLOOKUP($C99,'2027'!$B$14:$T$3000,N$5,FALSE)),"",VLOOKUP($C99,'2027'!$B$14:$T$3000,N$5,FALSE)) | O99: =IF(AND(I99<K99,J99<L99,K99<L99),1,IF(AND(I99>K99,J99>L99,K99>L99),-1,0)) -> 0 | P99: =IF(ISBLANK(VLOOKUP($C99,'2027'!$B$14:$T$3000,P$5,FALSE)),"",VLOOKUP($C99,'2027'!$B$14:$T$3000,P$5,FALSE)) | Q99: =IF(O99=1,"Surprise",IF(O99=-1,"Shock","")) | R99: =IF(N99="","",IF((N99-L99)/ABS(L99)>$R$9,"Surprise",IF((N99-L99)/ABS(L99)<$R$9*-1,"Shock",""))) | S99: =VLOOKUP($C99,'2027'!$B$14:$T$3000,S$5,FALSE) -> -21.71 | T99: =VLOOKUP($C99,'2027'!$B$14:$T$3000,T$5,FALSE) -> -23.69 | X99: =X12+1 -> 16 | Y99: A071320 | Z99: 지역난방공사
B100: 73 | C100: =VLOOKUP(B100,'2027'!$A$14:$B$4000,2,FALSE) -> A352820 | D100: =VLOOKUP($C100,'2027'!$B$14:$T$4000,D$5,FALSE) -> 하이브 | E100: =VLOOKUP($C100,'2027'!$B$14:$T$4000,E$5,FALSE) -> KS | F100: =VLOOKUP($C100,'2027'!$B$14:$T$4000,F$5,FALSE) -> 미디어 | G100: =VLOOKUP($C100,'2027'!$B$14:$T$4000,G$5,FALSE) -> 8792.86 | H100: =VLOOKUP($C100,'2027'!$B$14:$T$4000,H$5,FALSE) -> 20 | I100: =VLOOKUP($C100,'2027'!$B$14:$T$4000,I$5,FALSE) -> 499.56 | J100: =VLOOKUP($C100,'2027'!$B$14:$T$4000,J$5,FALSE) -> 492.5 | K100: =VLOOKUP($C100,'2027'!$B$14:$T$4000,K$5,FALSE) -> 499.56 | L100: =VLOOKUP($C100,'2027'!$B$14:$T$4000,L$5,FALSE) -> 467.1 | M100: =(L100-K100)/ABS(K100)*100 -> -6.497718 | N100: =IF(ISBLANK(VLOOKUP($C100,'2027'!$B$14:$T$3000,N$5,FALSE)),"",VLOOKUP($C100,'2027'!$B$14:$T$3000,N$5,FALSE)) | O100: =IF(AND(I100<K100,J100<L100,K100<L100),1,IF(AND(I100>K100,J100>L100,K100>L100),-1,0)) -> 0 | P100: =IF(ISBLANK(VLOOKUP($C100,'2027'!$B$14:$T$3000,P$5,FALSE)),"",VLOOKUP($C100,'2027'!$B$14:$T$3000,P$5,FALSE)) | Q100: =IF(O100=1,"Surprise",IF(O100=-1,"Shock","")) | R100: =IF(N100="","",IF((N100-L100)/ABS(L100)>$R$9,"Surprise",IF((N100-L100)/ABS(L100)<$R$9*-1,"Shock",""))) | S100: =VLOOKUP($C100,'2027'!$B$14:$T$3000,S$5,FALSE) -> -5.56 | T100: =VLOOKUP($C100,'2027'!$B$14:$T$3000,T$5,FALSE) -> -29.53 | X100: =X29+1 -> #REF! | Y100: A078340 | Z100: 컴투스
B101: 152 | C101: =VLOOKUP(B101,'2027'!$A$14:$B$4000,2,FALSE) -> A089030 | D101: =VLOOKUP($C101,'2027'!$B$14:$T$4000,D$5,FALSE) -> 테크윙 | E101: =VLOOKUP($C101,'2027'!$B$14:$T$4000,E$5,FALSE) -> KQ | F101: =VLOOKUP($C101,'2027'!$B$14:$T$4000,F$5,FALSE) -> 반도체 | G101: =VLOOKUP($C101,'2027'!$B$14:$T$4000,G$5,FALSE) -> 2163.93 | H101: =VLOOKUP($C101,'2027'!$B$14:$T$4000,H$5,FALSE) -> 1 | I101: =VLOOKUP($C101,'2027'!$B$14:$T$4000,I$5,FALSE) -> 172.9 | J101: =VLOOKUP($C101,'2027'!$B$14:$T$4000,J$5,FALSE) -> 172.9 | K101: =VLOOKUP($C101,'2027'!$B$14:$T$4000,K$5,FALSE) -> 172.9 | L101: =VLOOKUP($C101,'2027'!$B$14:$T$4000,L$5,FALSE) -> 172.9 | M101: =(L101-K101)/ABS(K101)*100 -> 0 | N101: =IF(ISBLANK(VLOOKUP($C101,'2027'!$B$14:$T$3000,N$5,FALSE)),"",VLOOKUP($C101,'2027'!$B$14:$T$3000,N$5,FALSE)) | O101: =IF(AND(I101<K101,J101<L101,K101<L101),1,IF(AND(I101>K101,J101>L101,K101>L101),-1,0)) -> 0 | P101: =IF(ISBLANK(VLOOKUP($C101,'2027'!$B$14:$T$3000,P$5,FALSE)),"",VLOOKUP($C101,'2027'!$B$14:$T$3000,P$5,FALSE)) | Q101: =IF(O101=1,"Surprise",IF(O101=-1,"Shock","")) | R101: =IF(N101="","",IF((N101-L101)/ABS(L101)>$R$9,"Surprise",IF((N101-L101)/ABS(L101)<$R$9*-1,"Shock",""))) | S101: =VLOOKUP($C101,'2027'!$B$14:$T$3000,S$5,FALSE) -> 18.7 | T101: =VLOOKUP($C101,'2027'!$B$14:$T$3000,T$5,FALSE) -> 17.86
B102: 127 | C102: =VLOOKUP(B102,'2027'!$A$14:$B$4000,2,FALSE) -> A001450 | D102: =VLOOKUP($C102,'2027'!$B$14:$T$4000,D$5,FALSE) -> 현대해상 | E102: =VLOOKUP($C102,'2027'!$B$14:$T$4000,E$5,FALSE) -> KS | F102: =VLOOKUP($C102,'2027'!$B$14:$T$4000,F$5,FALSE) -> 보험 | G102: =VLOOKUP($C102,'2027'!$B$14:$T$4000,G$5,FALSE) -> 2932.54 | H102: =VLOOKUP($C102,'2027'!$B$14:$T$4000,H$5,FALSE) -> 17 | I102: =VLOOKUP($C102,'2027'!$B$14:$T$4000,I$5,FALSE) -> 1226.61 | J102: =VLOOKUP($C102,'2027'!$B$14:$T$4000,J$5,FALSE) -> 1223.74 | K102: =VLOOKUP($C102,'2027'!$B$14:$T$4000,K$5,FALSE) -> 1228.73 | L102: =VLOOKUP($C102,'2027'!$B$14:$T$4000,L$5,FALSE) -> 1177.8 | M102: =(L102-K102)/ABS(K102)*100 -> -4.1449301 | N102: =IF(ISBLANK(VLOOKUP($C102,'2027'!$B$14:$T$3000,N$5,FALSE)),"",VLOOKUP($C102,'2027'!$B$14:$T$3000,N$5,FALSE)) | O102: =IF(AND(I102<K102,J102<L102,K102<L102),1,IF(AND(I102>K102,J102>L102,K102>L102),-1,0)) -> 0 | P102: =IF(ISBLANK(VLOOKUP($C102,'2027'!$B$14:$T$3000,P$5,FALSE)),"",VLOOKUP($C102,'2027'!$B$14:$T$3000,P$5,FALSE)) | Q102: =IF(O102=1,"Surprise",IF(O102=-1,"Shock","")) | R102: =IF(N102="","",IF((N102-L102)/ABS(L102)>$R$9,"Surprise",IF((N102-L102)/ABS(L102)<$R$9*-1,"Shock",""))) | S102: =VLOOKUP($C102,'2027'!$B$14:$T$3000,S$5,FALSE) -> 0 | T102: =VLOOKUP($C102,'2027'!$B$14:$T$3000,T$5,FALSE) -> 9.38
B103: 95 | C103: =VLOOKUP(B103,'2027'!$A$14:$B$4000,2,FALSE) -> A271560 | D103: =VLOOKUP($C103,'2027'!$B$14:$T$4000,D$5,FALSE) -> 오리온 | E103: =VLOOKUP($C103,'2027'!$B$14:$T$4000,E$5,FALSE) -> KS | F103: =VLOOKUP($C103,'2027'!$B$14:$T$4000,F$5,FALSE) -> 식품,음료 | G103: =VLOOKUP($C103,'2027'!$B$14:$T$4000,G$5,FALSE) -> 5404.59 | H103: =VLOOKUP($C103,'2027'!$B$14:$T$4000,H$5,FALSE) -> 12 | I103: =VLOOKUP($C103,'2027'!$B$14:$T$4000,I$5,FALSE) -> 704.31 | J103: =VLOOKUP($C103,'2027'!$B$14:$T$4000,J$5,FALSE) -> 708.35 | K103: =VLOOKUP($C103,'2027'!$B$14:$T$4000,K$5,FALSE) -> 704.18 | L103: =VLOOKUP($C103,'2027'!$B$14:$T$4000,L$5,FALSE) -> 715.97 | M103: =(L103-K103)/ABS(K103)*100 -> 1.6742878 | N103: =IF(ISBLANK(VLOOKUP($C103,'2027'!$B$14:$T$3000,N$5,FALSE)),"",VLOOKUP($C103,'2027'!$B$14:$T$3000,N$5,FALSE)) | O103: =IF(AND(I103<K103,J103<L103,K103<L103),1,IF(AND(I103>K103,J103>L103,K103>L103),-1,0)) -> 0 | P103: =IF(ISBLANK(VLOOKUP($C103,'2027'!$B$14:$T$3000,P$5,FALSE)),"",VLOOKUP($C103,'2027'!$B$14:$T$3000,P$5,FALSE)) | Q103: =IF(O103=1,"Surprise",IF(O103=-1,"Shock","")) | R103: =IF(N103="","",IF((N103-L103)/ABS(L103)>$R$9,"Surprise",IF((N103-L103)/ABS(L103)<$R$9*-1,"Shock",""))) | S103: =VLOOKUP($C103,'2027'!$B$14:$T$3000,S$5,FALSE) -> 7.05 | T103: =VLOOKUP($C103,'2027'!$B$14:$T$3000,T$5,FALSE) -> 3.72
B104: 65 | C104: =VLOOKUP(B104,'2027'!$A$14:$B$4000,2,FALSE) -> A003490 | D104: =VLOOKUP($C104,'2027'!$B$14:$T$4000,D$5,FALSE) -> 대한항공 | E104: =VLOOKUP($C104,'2027'!$B$14:$T$4000,E$5,FALSE) -> KS | F104: =VLOOKUP($C104,'2027'!$B$14:$T$4000,F$5,FALSE) -> 운송 | G104: =VLOOKUP($C104,'2027'!$B$14:$T$4000,G$5,FALSE) -> 10236.53 | H104: =VLOOKUP($C104,'2027'!$B$14:$T$4000,H$5,FALSE) -> 13 | I104: =VLOOKUP($C104,'2027'!$B$14:$T$4000,I$5,FALSE) -> 2047.89 | J104: =VLOOKUP($C104,'2027'!$B$14:$T$4000,J$5,FALSE) -> 1967.47 | K104: =VLOOKUP($C104,'2027'!$B$14:$T$4000,K$5,FALSE) -> 2070.44 | L104: =VLOOKUP($C104,'2027'!$B$14:$T$4000,L$5,FALSE) -> 1986.54 | M104: =(L104-K104)/ABS(K104)*100 -> -4.0522787 | N104: =IF(ISBLANK(VLOOKUP($C104,'2027'!$B$14:$T$3000,N$5,FALSE)),"",VLOOKUP($C104,'2027'!$B$14:$T$3000,N$5,FALSE)) | O104: =IF(AND(I104<K104,J104<L104,K104<L104),1,IF(AND(I104>K104,J104>L104,K104>L104),-1,0)) -> 0 | P104: =IF(ISBLANK(VLOOKUP($C104,'2027'!$B$14:$T$3000,P$5,FALSE)),"",VLOOKUP($C104,'2027'!$B$14:$T$3000,P$5,FALSE)) | Q104: =IF(O104=1,"Surprise",IF(O104=-1,"Shock","")) | R104: =IF(N104="","",IF((N104-L104)/ABS(L104)>$R$9,"Surprise",IF((N104-L104)/ABS(L104)<$R$9*-1,"Shock",""))) | S104: =VLOOKUP($C104,'2027'!$B$14:$T$3000,S$5,FALSE) -> 7.75 | T104: =VLOOKUP($C104,'2027'!$B$14:$T$3000,T$5,FALSE) -> 12.55
B105: 41 | C105: =VLOOKUP(B105,'2027'!$A$14:$B$4000,2,FALSE) -> A138040 | D105: =VLOOKUP($C105,'2027'!$B$14:$T$4000,D$5,FALSE) -> 메리츠금융지주 | E105: =VLOOKUP($C105,'2027'!$B$14:$T$4000,E$5,FALSE) -> KS | F105: =VLOOKUP($C105,'2027'!$B$14:$T$4000,F$5,FALSE) -> 증권 | G105: =VLOOKUP($C105,'2027'!$B$14:$T$4000,G$5,FALSE) -> 17889.42 | H105: =VLOOKUP($C105,'2027'!$B$14:$T$4000,H$5,FALSE) -> 5 | I105: =VLOOKUP($C105,'2027'!$B$14:$T$4000,I$5,FALSE) -> 3409.15 | J105: =VLOOKUP($C105,'2027'!$B$14:$T$4000,J$5,FALSE) -> 3372.2 | K105: =VLOOKUP($C105,'2027'!$B$14:$T$4000,K$5,FALSE) -> 3409.15 | L105: =VLOOKUP($C105,'2027'!$B$14:$T$4000,L$5,FALSE) -> 3634.1 | M105: =(L105-K105)/ABS(K105)*100 -> 6.598419 | N105: =IF(ISBLANK(VLOOKUP($C105,'2027'!$B$14:$T$3000,N$5,FALSE)),"",VLOOKUP($C105,'2027'!$B$14:$T$3000,N$5,FALSE)) | O105: =IF(AND(I105<K105,J105<L105,K105<L105),1,IF(AND(I105>K105,J105>L105,K105>L105),-1,0)) -> 0 | P105: =IF(ISBLANK(VLOOKUP($C105,'2027'!$B$14:$T$3000,P$5,FALSE)),"",VLOOKUP($C105,'2027'!$B$14:$T$3000,P$5,FALSE)) | Q105: =IF(O105=1,"Surprise",IF(O105=-1,"Shock","")) | R105: =IF(N105="","",IF((N105-L105)/ABS(L105)>$R$9,"Surprise",IF((N105-L105)/ABS(L105)<$R$9*-1,"Shock",""))) | S105: =VLOOKUP($C105,'2027'!$B$14:$T$3000,S$5,FALSE) -> 0.75 | T105: =VLOOKUP($C105,'2027'!$B$14:$T$3000,T$5,FALSE) -> -7.61
B106: 113 | C106: =VLOOKUP(B106,'2027'!$A$14:$B$4000,2,FALSE) -> A031980 | D106: =VLOOKUP($C106,'2027'!$B$14:$T$4000,D$5,FALSE) -> 피에스케이홀딩스 | E106: =VLOOKUP($C106,'2027'!$B$14:$T$4000,E$5,FALSE) -> KQ | F106: =VLOOKUP($C106,'2027'!$B$14:$T$4000,F$5,FALSE) -> 반도체 | G106: =VLOOKUP($C106,'2027'!$B$14:$T$4000,G$5,FALSE) -> 3590.14 | H106: =VLOOKUP($C106,'2027'!$B$14:$T$4000,H$5,FALSE) -> 2 | I106: =VLOOKUP($C106,'2027'!$B$14:$T$4000,I$5,FALSE) -> 139.37 | J106: =VLOOKUP($C106,'2027'!$B$14:$T$4000,J$5,FALSE) -> 128.4 | K106: =VLOOKUP($C106,'2027'!$B$14:$T$4000,K$5,FALSE) -> 142.3 | L106: =VLOOKUP($C106,'2027'!$B$14:$T$4000,L$5,FALSE) -> 139.75 | M106: =(L106-K106)/ABS(K106)*100 -> -1.7919888 | N106: =IF(ISBLANK(VLOOKUP($C106,'2027'!$B$14:$T$3000,N$5,FALSE)),"",VLOOKUP($C106,'2027'!$B$14:$T$3000,N$5,FALSE)) | O106: =IF(AND(I106<K106,J106<L106,K106<L106),1,IF(AND(I106>K106,J106>L106,K106>L106),-1,0)) -> 0 | P106: =IF(ISBLANK(VLOOKUP($C106,'2027'!$B$14:$T$3000,P$5,FALSE)),"",VLOOKUP($C106,'2027'!$B$14:$T$3000,P$5,FALSE)) | Q106: =IF(O106=1,"Surprise",IF(O106=-1,"Shock","")) | R106: =IF(N106="","",IF((N106-L106)/ABS(L106)>$R$9,"Surprise",IF((N106-L106)/ABS(L106)<$R$9*-1,"Shock",""))) | S106: =VLOOKUP($C106,'2027'!$B$14:$T$3000,S$5,FALSE) -> 58.57 | T106: =VLOOKUP($C106,'2027'!$B$14:$T$3000,T$5,FALSE) -> 50.54
B107: 133 | C107: =VLOOKUP(B107,'2027'!$A$14:$B$4000,2,FALSE) -> A357780 | D107: =VLOOKUP($C107,'2027'!$B$14:$T$4000,D$5,FALSE) -> 솔브레인 | E107: =VLOOKUP($C107,'2027'!$B$14:$T$4000,E$5,FALSE) -> KQ | F107: =VLOOKUP($C107,'2027'!$B$14:$T$4000,F$5,FALSE) -> 반도체 | G107: =VLOOKUP($C107,'2027'!$B$14:$T$4000,G$5,FALSE) -> 2633.04 | H107: =VLOOKUP($C107,'2027'!$B$14:$T$4000,H$5,FALSE) -> 8 | I107: =VLOOKUP($C107,'2027'!$B$14:$T$4000,I$5,FALSE) -> 253.99 | J107: =VLOOKUP($C107,'2027'!$B$14:$T$4000,J$5,FALSE) -> 251.25 | K107: =VLOOKUP($C107,'2027'!$B$14:$T$4000,K$5,FALSE) -> 253.99 | L107: =VLOOKUP($C107,'2027'!$B$14:$T$4000,L$5,FALSE) -> 263.1 | M107: =(L107-K107)/ABS(K107)*100 -> 3.5867554 | N107: =IF(ISBLANK(VLOOKUP($C107,'2027'!$B$14:$T$3000,N$5,FALSE)),"",VLOOKUP($C107,'2027'!$B$14:$T$3000,N$5,FALSE)) | O107: =IF(AND(I107<K107,J107<L107,K107<L107),1,IF(AND(I107>K107,J107>L107,K107>L107),-1,0)) -> 0 | P107: =IF(ISBLANK(VLOOKUP($C107,'2027'!$B$14:$T$3000,P$5,FALSE)),"",VLOOKUP($C107,'2027'!$B$14:$T$3000,P$5,FALSE)) | Q107: =IF(O107=1,"Surprise",IF(O107=-1,"Shock","")) | R107: =IF(N107="","",IF((N107-L107)/ABS(L107)>$R$9,"Surprise",IF((N107-L107)/ABS(L107)<$R$9*-1,"Shock",""))) | S107: =VLOOKUP($C107,'2027'!$B$14:$T$3000,S$5,FALSE) -> -12.08 | T107: =VLOOKUP($C107,'2027'!$B$14:$T$3000,T$5,FALSE) -> -14.52
B108: 74 | C108: =VLOOKUP(B108,'2027'!$A$14:$B$4000,2,FALSE) -> A003230 | D108: =VLOOKUP($C108,'2027'!$B$14:$T$4000,D$5,FALSE) -> 삼양식품 | E108: =VLOOKUP($C108,'2027'!$B$14:$T$4000,E$5,FALSE) -> KS | F108: =VLOOKUP($C108,'2027'!$B$14:$T$4000,F$5,FALSE) -> 식품,음료 | G108: =VLOOKUP($C108,'2027'!$B$14:$T$4000,G$5,FALSE) -> 8753.36 | H108: =VLOOKUP($C108,'2027'!$B$14:$T$4000,H$5,FALSE) -> 15 | I108: =VLOOKUP($C108,'2027'!$B$14:$T$4000,I$5,FALSE) -> 871.09 | J108: =VLOOKUP($C108,'2027'!$B$14:$T$4000,J$5,FALSE) -> 869.76 | K108: =VLOOKUP($C108,'2027'!$B$14:$T$4000,K$5,FALSE) -> 871.09 | L108: =VLOOKUP($C108,'2027'!$B$14:$T$4000,L$5,FALSE) -> 868.07 | M108: =(L108-K108)/ABS(K108)*100 -> -0.34669208 | N108: =IF(ISBLANK(VLOOKUP($C108,'2027'!$B$14:$T$3000,N$5,FALSE)),"",VLOOKUP($C108,'2027'!$B$14:$T$3000,N$5,FALSE)) | O108: =IF(AND(I108<K108,J108<L108,K108<L108),1,IF(AND(I108>K108,J108>L108,K108>L108),-1,0)) -> 0 | P108: =IF(ISBLANK(VLOOKUP($C108,'2027'!$B$14:$T$3000,P$5,FALSE)),"",VLOOKUP($C108,'2027'!$B$14:$T$3000,P$5,FALSE)) | Q108: =IF(O108=1,"Surprise",IF(O108=-1,"Shock","")) | R108: =IF(N108="","",IF((N108-L108)/ABS(L108)>$R$9,"Surprise",IF((N108-L108)/ABS(L108)<$R$9*-1,"Shock",""))) | S108: =VLOOKUP($C108,'2027'!$B$14:$T$3000,S$5,FALSE) -> -0.34 | T108: =VLOOKUP($C108,'2027'!$B$14:$T$3000,T$5,FALSE) -> -11.7
B109: 35 | C109: =VLOOKUP(B109,'2027'!$A$14:$B$4000,2,FALSE) -> A316140 | D109: =VLOOKUP($C109,'2027'!$B$14:$T$4000,D$5,FALSE) -> 우리금융지주 | E109: =VLOOKUP($C109,'2027'!$B$14:$T$4000,E$5,FALSE) -> KS | F109: =VLOOKUP($C109,'2027'!$B$14:$T$4000,F$5,FALSE) -> 은행 | G109: =VLOOKUP($C109,'2027'!$B$14:$T$4000,G$5,FALSE) -> 21369.43 | H109: =VLOOKUP($C109,'2027'!$B$14:$T$4000,H$5,FALSE) -> 20 | I109: =VLOOKUP($C109,'2027'!$B$14:$T$4000,I$5,FALSE) -> 4778.43 | J109: =VLOOKUP($C109,'2027'!$B$14:$T$4000,J$5,FALSE) -> 4590.4 | K109: =VLOOKUP($C109,'2027'!$B$14:$T$4000,K$5,FALSE) -> 4784.66 | L109: =VLOOKUP($C109,'2027'!$B$14:$T$4000,L$5,FALSE) -> 4665.33 | M109: =(L109-K109)/ABS(K109)*100 -> -2.4940121 | N109: =IF(ISBLANK(VLOOKUP($C109,'2027'!$B$14:$T$3000,N$5,FALSE)),"",VLOOKUP($C109,'2027'!$B$14:$T$3000,N$5,FALSE)) | O109: =IF(AND(I109<K109,J109<L109,K109<L109),1,IF(AND(I109>K109,J109>L109,K109>L109),-1,0)) -> 0 | P109: =IF(ISBLANK(VLOOKUP($C109,'2027'!$B$14:$T$3000,P$5,FALSE)),"",VLOOKUP($C109,'2027'!$B$14:$T$3000,P$5,FALSE)) | Q109: =IF(O109=1,"Surprise",IF(O109=-1,"Shock","")) | R109: =IF(N109="","",IF((N109-L109)/ABS(L109)>$R$9,"Surprise",IF((N109-L109)/ABS(L109)<$R$9*-1,"Shock",""))) | S109: =VLOOKUP($C109,'2027'!$B$14:$T$3000,S$5,FALSE) -> -0.17 | T109: =VLOOKUP($C109,'2027'!$B$14:$T$3000,T$5,FALSE) -> -10.79
B110: 26 | C110: =VLOOKUP(B110,'2027'!$A$14:$B$4000,2,FALSE) -> A035420 | D110: =VLOOKUP($C110,'2027'!$B$14:$T$4000,D$5,FALSE) -> NAVER | E110: =VLOOKUP($C110,'2027'!$B$14:$T$4000,E$5,FALSE) -> KS | F110: =VLOOKUP($C110,'2027'!$B$14:$T$4000,F$5,FALSE) -> 소프트웨어 | G110: =VLOOKUP($C110,'2027'!$B$14:$T$4000,G$5,FALSE) -> 30969.63 | H110: =VLOOKUP($C110,'2027'!$B$14:$T$4000,H$5,FALSE) -> 22 | I110: =VLOOKUP($C110,'2027'!$B$14:$T$4000,I$5,FALSE) -> 2790.97 | J110: =VLOOKUP($C110,'2027'!$B$14:$T$4000,J$5,FALSE) -> 2758.65 | K110: =VLOOKUP($C110,'2027'!$B$14:$T$4000,K$5,FALSE) -> 2793.36 | L110: =VLOOKUP($C110,'2027'!$B$14:$T$4000,L$5,FALSE) -> 2762.54 | M110: =(L110-K110)/ABS(K110)*100 -> -1.1033308 | N110: =IF(ISBLANK(VLOOKUP($C110,'2027'!$B$14:$T$3000,N$5,FALSE)),"",VLOOKUP($C110,'2027'!$B$14:$T$3000,N$5,FALSE)) | O110: =IF(AND(I110<K110,J110<L110,K110<L110),1,IF(AND(I110>K110,J110>L110,K110>L110),-1,0)) -> 0 | P110: =IF(ISBLANK(VLOOKUP($C110,'2027'!$B$14:$T$3000,P$5,FALSE)),"",VLOOKUP($C110,'2027'!$B$14:$T$3000,P$5,FALSE)) | Q110: =IF(O110=1,"Surprise",IF(O110=-1,"Shock","")) | R110: =IF(N110="","",IF((N110-L110)/ABS(L110)>$R$9,"Surprise",IF((N110-L110)/ABS(L110)<$R$9*-1,"Shock",""))) | S110: =VLOOKUP($C110,'2027'!$B$14:$T$3000,S$5,FALSE) -> -27.29 | T110: =VLOOKUP($C110,'2027'!$B$14:$T$3000,T$5,FALSE) -> -6
B111: 132 | C111: =VLOOKUP(B111,'2027'!$A$14:$B$4000,2,FALSE) -> A237690 | D111: =VLOOKUP($C111,'2027'!$B$14:$T$4000,D$5,FALSE) -> 에스티팜 | E111: =VLOOKUP($C111,'2027'!$B$14:$T$4000,E$5,FALSE) -> KQ | F111: =VLOOKUP($C111,'2027'!$B$14:$T$4000,F$5,FALSE) -> 제약 | G111: =VLOOKUP($C111,'2027'!$B$14:$T$4000,G$5,FALSE) -> 2746.13 | H111: =VLOOKUP($C111,'2027'!$B$14:$T$4000,H$5,FALSE) -> 14 | I111: =VLOOKUP($C111,'2027'!$B$14:$T$4000,I$5,FALSE) -> 100.95 | J111: =VLOOKUP($C111,'2027'!$B$14:$T$4000,J$5,FALSE) -> 112.67 | K111: =VLOOKUP($C111,'2027'!$B$14:$T$4000,K$5,FALSE) -> 100.95 | L111: =VLOOKUP($C111,'2027'!$B$14:$T$4000,L$5,FALSE) -> 121 | M111: =(L111-K111)/ABS(K111)*100 -> 19.861317 | N111: =IF(ISBLANK(VLOOKUP($C111,'2027'!$B$14:$T$3000,N$5,FALSE)),"",VLOOKUP($C111,'2027'!$B$14:$T$3000,N$5,FALSE)) | O111: =IF(AND(I111<K111,J111<L111,K111<L111),1,IF(AND(I111>K111,J111>L111,K111>L111),-1,0)) -> 0 | P111: =IF(ISBLANK(VLOOKUP($C111,'2027'!$B$14:$T$3000,P$5,FALSE)),"",VLOOKUP($C111,'2027'!$B$14:$T$3000,P$5,FALSE)) | Q111: =IF(O111=1,"Surprise",IF(O111=-1,"Shock","")) | R111: =IF(N111="","",IF((N111-L111)/ABS(L111)>$R$9,"Surprise",IF((N111-L111)/ABS(L111)<$R$9*-1,"Shock",""))) | S111: =VLOOKUP($C111,'2027'!$B$14:$T$3000,S$5,FALSE) -> 1.62 | T111: =VLOOKUP($C111,'2027'!$B$14:$T$3000,T$5,FALSE) -> -13.87
B112: 18 | C112: =VLOOKUP(B112,'2027'!$A$14:$B$4000,2,FALSE) -> A068270 | D112: =VLOOKUP($C112,'2027'!$B$14:$T$4000,D$5,FALSE) -> 셀트리온 | E112: =VLOOKUP($C112,'2027'!$B$14:$T$4000,E$5,FALSE) -> KS | F112: =VLOOKUP($C112,'2027'!$B$14:$T$4000,F$5,FALSE) -> 제약 | G112: =VLOOKUP($C112,'2027'!$B$14:$T$4000,G$5,FALSE) -> 40580.62 | H112: =VLOOKUP($C112,'2027'!$B$14:$T$4000,H$5,FALSE) -> 20 | I112: =VLOOKUP($C112,'2027'!$B$14:$T$4000,I$5,FALSE) -> 2090.16 | J112: =VLOOKUP($C112,'2027'!$B$14:$T$4000,J$5,FALSE) -> 1933.64 | K112: =VLOOKUP($C112,'2027'!$B$14:$T$4000,K$5,FALSE) -> 2090.16 | L112: =VLOOKUP($C112,'2027'!$B$14:$T$4000,L$5,FALSE) -> 1949.9 | M112: =(L112-K112)/ABS(K112)*100 -> -6.7104911 | N112: =IF(ISBLANK(VLOOKUP($C112,'2027'!$B$14:$T$3000,N$5,FALSE)),"",VLOOKUP($C112,'2027'!$B$14:$T$3000,N$5,FALSE)) | O112: =IF(AND(I112<K112,J112<L112,K112<L112),1,IF(AND(I112>K112,J112>L112,K112>L112),-1,0)) -> 0 | P112: =IF(ISBLANK(VLOOKUP($C112,'2027'!$B$14:$T$3000,P$5,FALSE)),"",VLOOKUP($C112,'2027'!$B$14:$T$3000,P$5,FALSE)) | Q112: =IF(O112=1,"Surprise",IF(O112=-1,"Shock","")) | R112: =IF(N112="","",IF((N112-L112)/ABS(L112)>$R$9,"Surprise",IF((N112-L112)/ABS(L112)<$R$9*-1,"Shock",""))) | S112: =VLOOKUP($C112,'2027'!$B$14:$T$3000,S$5,FALSE) -> -4.5 | T112: =VLOOKUP($C112,'2027'!$B$14:$T$3000,T$5,FALSE) -> -11.13
... B178: 150 | C178: =VLOOKUP(B178,'2027'!$A$14:$B$4000,2,FALSE) -> A007340 | D178: =VLOOKUP($C178,'2027'!$B$14:$T$4000,D$5,FALSE) -> DN오토모티브 | E178: =VLOOKUP($C178,'2027'!$B$14:$T$4000,E$5,FALSE) -> KS | F178: =VLOOKUP($C178,'2027'!$B$14:$T$4000,F$5,FALSE) -> 자동차부품 | G178: =VLOOKUP($C178,'2027'!$B$14:$T$4000,G$5,FALSE) -> 2229.26 | H178: =VLOOKUP($C178,'2027'!$B$14:$T$4000,H$5,FALSE) -> 2 | I178: =VLOOKUP($C178,'2027'!$B$14:$T$4000,I$5,FALSE) -> 649.95 | J178: =VLOOKUP($C178,'2027'!$B$14:$T$4000,J$5,FALSE) -> 634.8 | K178: =VLOOKUP($C178,'2027'!$B$14:$T$4000,K$5,FALSE) -> 649.95 | L178: =VLOOKUP($C178,'2027'!$B$14:$T$4000,L$5,FALSE) -> 634.8 | M178: =(L178-K178)/ABS(K178)*100 -> -2.3309485 | N178: =IF(ISBLANK(VLOOKUP($C178,'2027'!$B$14:$T$3000,N$5,FALSE)),"",VLOOKUP($C178,'2027'!$B$14:$T$3000,N$5,FALSE)) | O178: =IF(AND(I178<K178,J178<L178,K178<L178),1,IF(AND(I178>K178,J178>L178,K178>L178),-1,0)) -> 0 | P178: =IF(ISBLANK(VLOOKUP($C178,'2027'!$B$14:$T$3000,P$5,FALSE)),"",VLOOKUP($C178,'2027'!$B$14:$T$3000,P$5,FALSE)) | Q178: =IF(O178=1,"Surprise",IF(O178=-1,"Shock","")) | R178: =IF(N178="","",IF((N178-L178)/ABS(L178)>$R$9,"Surprise",IF((N178-L178)/ABS(L178)<$R$9*-1,"Shock",""))) | S178: =VLOOKUP($C178,'2027'!$B$14:$T$3000,S$5,FALSE) -> -9.5 | T178: =VLOOKUP($C178,'2027'!$B$14:$T$3000,T$5,FALSE) -> -6.39

Sheet 2Q26전망(10일)
B3: 추정영업이익 변화에따른 실적 쇼크 조심하기 15일 변화 기준
D5: 2 | E5: =D5+1 -> 3 | F5: 10 | G5: =E5+1 -> 4 | H5: =G5+1 -> 5 | I5: =H5+1 -> 6 | J5: =K5+1 -> 8 | K5: =I5+1 -> 7 | L5: =J5+1 -> 9 | N5: ='2Q26'!L1 -> 11 | P5: ='2Q26'!N1 -> 13 | Q5: 14 | R5: 14 | S5: ='2Q26'!O1 -> 14 | T5: ='2Q26'!P1 -> 15
H6: EPS참여 | I6: 3개월 평균추정 | J6: 1개월 평균추정 | K6: 3개월 평균추정 | L6: 1개월 평균추정 | M6: 1개월대비 | N6: 잠정치 | P6: 잠정치 | R6: 실제 | S6: 1M | T6: 3M
G7: ='2027전망(10일)'!G7 -> 20260702 | H7: 증권사 | I7: 202606 | J7: =K7 -> 202606 | K7: =I7 -> 202606 | L7: =J7 -> 202606 | M7: 3개월 | N7: =K7 -> 202606 | P7: =N7 -> 202606 | Q7: 예상 | R7: Surprise | S7: 수익률 | T7: 수익률 | Y7: Surprise
G8: KRW BIL | H8: # | I8: KRW bil | J8: KRW bil | K8: KRW bil | L8: KRW bil | M8: % | N8: KRW bil | O8: TEST | P8: KRW bil | Q8: =COUNT($B$11:$B$178) -> 168 | R8: Shock | S8: % | T8: % | Y8: Shock
B9: 시총 | E9: 시장 | H9: =G7 -> 20260702 | I9: ='2027전망(10일)'!I9 -> CPD-10TD | J9: =I9 -> CPD-10TD | K9: =H9 -> 20260702 | L9: =K9 -> 20260702 | O9: 1 = Surprise | P9: 발표예정일 | Q9: =COUNTIF($Q$11:$Q$178,"Surprise") -> 45 | R9: 0.05
B10: Rank | C10: Code | D10: 종목명 | F10: Sector | G10: 시가총액 | I10: 영업이익 | J10: 영업이익 | K10: 영업이익 | L10: 영업이익 | M10: 괴리율 | N10: 영업이익 | O10: -1 = Shock | P10: 영업이익 | Q10: =COUNTIF($Q$11:$Q$178,"Shock") -> 24 | R10: 기준 | X10: 1 | Y10: A000150 | Z10: 두산
B11: 51 | C11: =VLOOKUP(B11,'2Q26'!$A$14:$B$4000,2,FALSE) -> A030200 | D11: =VLOOKUP($C11,'2Q26'!$B$14:$T$4000,D$5,FALSE) -> KT | E11: =VLOOKUP($C11,'2Q26'!$B$14:$T$4000,E$5,FALSE) -> KS | F11: =VLOOKUP($C11,'2Q26'!$B$14:$T$4000,F$5,FALSE) -> 통신서비스 | G11: =VLOOKUP($C11,'2Q26'!$B$14:$T$4000,G$5,FALSE) -> 13533.56 | H11: =VLOOKUP($C11,'2Q26'!$B$14:$T$4000,H$5,FALSE) -> 17 | I11: =VLOOKUP($C11,'2Q26'!$B$14:$T$4000,I$5,FALSE) -> 609.01 | J11: =VLOOKUP($C11,'2Q26'!$B$14:$T$4000,J$5,FALSE) -> 562 | K11: =VLOOKUP($C11,'2Q26'!$B$14:$T$4000,K$5,FALSE) -> 613.72 | L11: =VLOOKUP($C11,'2Q26'!$B$14:$T$4000,L$5,FALSE) -> 625.5 | M11: =(L11-K11)/ABS(K11)*100 -> 1.9194421 | N11: =IF(ISBLANK(VLOOKUP($C11,'2Q26'!$B$14:$T$3000,N$5,FALSE)),"",VLOOKUP($C11,'2Q26'!$B$14:$T$3000,N$5,FALSE)) | O11: =IF(AND(I11<K11,J11<L11,K11<L11),1,IF(AND(I11>K11,J11>L11,K11>L11),-1,0)) -> 1 | P11: =IF(ISBLANK(VLOOKUP($C11,'2Q26'!$B$14:$T$3000,P$5,FALSE)),"",VLOOKUP($C11,'2Q26'!$B$14:$T$3000,P$5,FALSE)) | Q11: =IF(O11=1,"Surprise",IF(O11=-1,"Shock","")) -> Surprise | R11: =IF(N11="","",IF((N11-L11)/ABS(L11)>$R$9,"Surprise",IF((N11-L11)/ABS(L11)<$R$9*-1,"Shock",""))) | S11: =VLOOKUP($C11,'2Q26'!$B$14:$T$3000,S$5,FALSE) -> 0.94 | T11: =VLOOKUP($C11,'2Q26'!$B$14:$T$3000,T$5,FALSE) -> -12.54 | X11: =X97+1 -> 14 | Y11: A010520 | Z11: 현대하이스코
B12: 57 | C12: =VLOOKUP(B12,'2Q26'!$A$14:$B$4000,2,FALSE) -> A005940 | D12: =VLOOKUP($C12,'2Q26'!$B$14:$T$4000,D$5,FALSE) -> NH투자증권 | E12: =VLOOKUP($C12,'2Q26'!$B$14:$T$4000,E$5,FALSE) -> KS | F12: =VLOOKUP($C12,'2Q26'!$B$14:$T$4000,F$5,FALSE) -> 증권 | G12: =VLOOKUP($C12,'2Q26'!$B$14:$T$4000,G$5,FALSE) -> 10529.98 | H12: =VLOOKUP($C12,'2Q26'!$B$14:$T$4000,H$5,FALSE) -> 17 | I12: =VLOOKUP($C12,'2Q26'!$B$14:$T$4000,I$5,FALSE) -> 520.53 | J12: =VLOOKUP($C12,'2Q26'!$B$14:$T$4000,J$5,FALSE) -> 575.2 | K12: =VLOOKUP($C12,'2Q26'!$B$14:$T$4000,K$5,FALSE) -> 547.11 | L12: =VLOOKUP($C12,'2Q26'!$B$14:$T$4000,L$5,FALSE) -> 629.57 | M12: =(L12-K12)/ABS(K12)*100 -> 15.071923 | N12: =IF(ISBLANK(VLOOKUP($C12,'2Q26'!$B$14:$T$3000,N$5,FALSE)),"",VLOOKUP($C12,'2Q26'!$B$14:$T$3000,N$5,FALSE)) | O12: =IF(AND(I12<K12,J12<L12,K12<L12),1,IF(AND(I12>K12,J12>L12,K12>L12),-1,0)) -> 1 | P12: =IF(ISBLANK(VLOOKUP($C12,'2Q26'!$B$14:$T$3000,P$5,FALSE)),"",VLOOKUP($C12,'2Q26'!$B$14:$T$3000,P$5,FALSE)) | Q12: =IF(O12=1,"Surprise",IF(O12=-1,"Shock","")) -> Surprise | R12: =IF(N12="","",IF((N12-L12)/ABS(L12)>$R$9,"Surprise",IF((N12-L12)/ABS(L12)<$R$9*-1,"Shock",""))) | S12: =VLOOKUP($C12,'2Q26'!$B$14:$T$3000,S$5,FALSE) -> -5.29 | T12: =VLOOKUP($C12,'2Q26'!$B$14:$T$3000,T$5,FALSE) -> -7.22 | X12: =X11+1 -> 15 | Y12: A042670 | Z12: 두산인프라코어
B13: 165 | C13: =VLOOKUP(B13,'2Q26'!$A$14:$B$4000,2,FALSE) -> A232140 | D13: =VLOOKUP($C13,'2Q26'!$B$14:$T$4000,D$5,FALSE) -> 와이씨 | E13: =VLOOKUP($C13,'2Q26'!$B$14:$T$4000,E$5,FALSE) -> KQ | F13: =VLOOKUP($C13,'2Q26'!$B$14:$T$4000,F$5,FALSE) -> 반도체 | G13: =VLOOKUP($C13,'2Q26'!$B$14:$T$4000,G$5,FALSE) -> 1101.87 | H13: =VLOOKUP($C13,'2Q26'!$B$14:$T$4000,H$5,FALSE) -> 4 | I13: =VLOOKUP($C13,'2Q26'!$B$14:$T$4000,I$5,FALSE) -> 9.6 | J13: =VLOOKUP($C13,'2Q26'!$B$14:$T$4000,J$5,FALSE) -> 9.55 | K13: =VLOOKUP($C13,'2Q26'!$B$14:$T$4000,K$5,FALSE) -> 9.7 | L13: =VLOOKUP($C13,'2Q26'!$B$14:$T$4000,L$5,FALSE) -> 10.35 | M13: =(L13-K13)/ABS(K13)*100 -> 6.7010309 | N13: =IF(ISBLANK(VLOOKUP($C13,'2Q26'!$B$14:$T$3000,N$5,FALSE)),"",VLOOKUP($C13,'2Q26'!$B$14:$T$3000,N$5,FALSE)) | O13: =IF(AND(I13<K13,J13<L13,K13<L13),1,IF(AND(I13>K13,J13>L13,K13>L13),-1,0)) -> 1 | P13: =IF(ISBLANK(VLOOKUP($C13,'2Q26'!$B$14:$T$3000,P$5,FALSE)),"",VLOOKUP($C13,'2Q26'!$B$14:$T$3000,P$5,FALSE)) | Q13: =IF(O13=1,"Surprise",IF(O13=-1,"Shock","")) -> Surprise | R13: =IF(N13="","",IF((N13-L13)/ABS(L13)>$R$9,"Surprise",IF((N13-L13)/ABS(L13)<$R$9*-1,"Shock",""))) | S13: =VLOOKUP($C13,'2Q26'!$B$14:$T$3000,S$5,FALSE) -> -15.38 | T13: =VLOOKUP($C13,'2Q26'!$B$14:$T$3000,T$5,FALSE) -> -27.64 | X13: =X12+1 -> 16 | Y13: A036460 | Z13: 한국가스공사
B14: 159 | C14: =VLOOKUP(B14,'2Q26'!$A$14:$B$4000,2,FALSE) -> A077970 | D14: =VLOOKUP($C14,'2Q26'!$B$14:$T$4000,D$5,FALSE) -> STX엔진 | E14: =VLOOKUP($C14,'2Q26'!$B$14:$T$4000,E$5,FALSE) -> KS | F14: =VLOOKUP($C14,'2Q26'!$B$14:$T$4000,F$5,FALSE) -> 조선 | G14: =VLOOKUP($C14,'2Q26'!$B$14:$T$4000,G$5,FALSE) -> 1238.57 | H14: =VLOOKUP($C14,'2Q26'!$B$14:$T$4000,H$5,FALSE) -> 2 | I14: =VLOOKUP($C14,'2Q26'!$B$14:$T$4000,I$5,FALSE) -> 26.85 | J14: =VLOOKUP($C14,'2Q26'!$B$14:$T$4000,J$5,FALSE) -> 23 | K14: =VLOOKUP($C14,'2Q26'!$B$14:$T$4000,K$5,FALSE) -> 26.9 | L14: =VLOOKUP($C14,'2Q26'!$B$14:$T$4000,L$5,FALSE) -> 30.8 | M14: =(L14-K14)/ABS(K14)*100 -> 14.498141 | N14: =IF(ISBLANK(VLOOKUP($C14,'2Q26'!$B$14:$T$3000,N$5,FALSE)),"",VLOOKUP($C14,'2Q26'!$B$14:$T$3000,N$5,FALSE)) | O14: =IF(AND(I14<K14,J14<L14,K14<L14),1,IF(AND(I14>K14,J14>L14,K14>L14),-1,0)) -> 1 | P14: =IF(ISBLANK(VLOOKUP($C14,'2Q26'!$B$14:$T$3000,P$5,FALSE)),"",VLOOKUP($C14,'2Q26'!$B$14:$T$3000,P$5,FALSE)) | Q14: =IF(O14=1,"Surprise",IF(O14=-1,"Shock","")) -> Surprise | R14: =IF(N14="","",IF((N14-L14)/ABS(L14)>$R$9,"Surprise",IF((N14-L14)/ABS(L14)<$R$9*-1,"Shock",""))) | S14: =VLOOKUP($C14,'2Q26'!$B$14:$T$3000,S$5,FALSE) -> -21 | T14: =VLOOKUP($C14,'2Q26'!$B$14:$T$3000,T$5,FALSE) -> -4.78 | X14: =X13+1 -> 17 | Y14: A003490 | Z14: 대한항공
B15: 168 | C15: =VLOOKUP(B15,'2Q26'!$A$14:$B$4000,2,FALSE) -> A005300 | D15: =VLOOKUP($C15,'2Q26'!$B$14:$T$4000,D$5,FALSE) -> 롯데칠성 | E15: =VLOOKUP($C15,'2Q26'!$B$14:$T$4000,E$5,FALSE) -> KS | F15: =VLOOKUP($C15,'2Q26'!$B$14:$T$4000,F$5,FALSE) -> 식품,음료 | G15: =VLOOKUP($C15,'2Q26'!$B$14:$T$4000,G$5,FALSE) -> 914.9 | H15: =VLOOKUP($C15,'2Q26'!$B$14:$T$4000,H$5,FALSE) -> 11 | I15: =VLOOKUP($C15,'2Q26'!$B$14:$T$4000,I$5,FALSE) -> 62.15 | J15: =VLOOKUP($C15,'2Q26'!$B$14:$T$4000,J$5,FALSE) -> 61.6 | K15: =VLOOKUP($C15,'2Q26'!$B$14:$T$4000,K$5,FALSE) -> 62.15 | L15: =VLOOKUP($C15,'2Q26'!$B$14:$T$4000,L$5,FALSE) -> 59.8 | M15: =(L15-K15)/ABS(K15)*100 -> -3.7811746 | N15: =IF(ISBLANK(VLOOKUP($C15,'2Q26'!$B$14:$T$3000,N$5,FALSE)),"",VLOOKUP($C15,'2Q26'!$B$14:$T$3000,N$5,FALSE)) | O15: =IF(AND(I15<K15,J15<L15,K15<L15),1,IF(AND(I15>K15,J15>L15,K15>L15),-1,0)) -> 0 | P15: =IF(ISBLANK(VLOOKUP($C15,'2Q26'!$B$14:$T$3000,P$5,FALSE)),"",VLOOKUP($C15,'2Q26'!$B$14:$T$3000,P$5,FALSE)) | Q15: =IF(O15=1,"Surprise",IF(O15=-1,"Shock","")) | R15: =IF(N15="","",IF((N15-L15)/ABS(L15)>$R$9,"Surprise",IF((N15-L15)/ABS(L15)<$R$9*-1,"Shock",""))) | S15: =VLOOKUP($C15,'2Q26'!$B$14:$T$3000,S$5,FALSE) -> -8.87 | T15: =VLOOKUP($C15,'2Q26'!$B$14:$T$3000,T$5,FALSE) -> -16.16 | X15: =X14+1 -> 18 | Y15: A005380 | Z15: 현대차
B16: 155 | C16: =VLOOKUP(B16,'2Q26'!$A$14:$B$4000,2,FALSE) -> A017960 | D16: =VLOOKUP($C16,'2Q26'!$B$14:$T$4000,D$5,FALSE) -> 한국카본 | E16: =VLOOKUP($C16,'2Q26'!$B$14:$T$4000,E$5,FALSE) -> KS | F16: =VLOOKUP($C16,'2Q26'!$B$14:$T$4000,F$5,FALSE) -> 조선 | G16: =VLOOKUP($C16,'2Q26'!$B$14:$T$4000,G$5,FALSE) -> 1421.1 | H16: =VLOOKUP($C16,'2Q26'!$B$14:$T$4000,H$5,FALSE) -> 3 | I16: =VLOOKUP($C16,'2Q26'!$B$14:$T$4000,I$5,FALSE) -> 46.97 | J16: =VLOOKUP($C16,'2Q26'!$B$14:$T$4000,J$5,FALSE) -> 46.97 | K16: =VLOOKUP($C16,'2Q26'!$B$14:$T$4000,K$5,FALSE) -> 46.97 | L16: =VLOOKUP($C16,'2Q26'!$B$14:$T$4000,L$5,FALSE) -> 45.45 | M16: =(L16-K16)/ABS(K16)*100 -> -3.2361082 | N16: =IF(ISBLANK(VLOOKUP($C16,'2Q26'!$B$14:$T$3000,N$5,FALSE)),"",VLOOKUP($C16,'2Q26'!$B$14:$T$3000,N$5,FALSE)) | O16: =IF(AND(I16<K16,J16<L16,K16<L16),1,IF(AND(I16>K16,J16>L16,K16>L16),-1,0)) -> 0 | P16: =IF(ISBLANK(VLOOKUP($C16,'2Q26'!$B$14:$T$3000,P$5,FALSE)),"",VLOOKUP($C16,'2Q26'!$B$14:$T$3000,P$5,FALSE)) | Q16: =IF(O16=1,"Surprise",IF(O16=-1,"Shock","")) | R16: =IF(N16="","",IF((N16-L16)/ABS(L16)>$R$9,"Surprise",IF((N16-L16)/ABS(L16)<$R$9*-1,"Shock",""))) | S16: =VLOOKUP($C16,'2Q26'!$B$14:$T$3000,S$5,FALSE) -> -14.46 | T16: =VLOOKUP($C16,'2Q26'!$B$14:$T$3000,T$5,FALSE) -> -33.25 | X16: =X15+1 -> 19 | Y16: A012450 | Z16: 삼성테크윈
B17: 161 | C17: =VLOOKUP(B17,'2Q26'!$A$14:$B$4000,2,FALSE) -> A195870 | D17: =VLOOKUP($C17,'2Q26'!$B$14:$T$4000,D$5,FALSE) -> 해성디에스 | E17: =VLOOKUP($C17,'2Q26'!$B$14:$T$4000,E$5,FALSE) -> KS | F17: =VLOOKUP($C17,'2Q26'!$B$14:$T$4000,F$5,FALSE) -> 반도체 | G17: =VLOOKUP($C17,'2Q26'!$B$14:$T$4000,G$5,FALSE) -> 1200.2 | H17: =VLOOKUP($C17,'2Q26'!$B$14:$T$4000,H$5,FALSE) -> 8 | I17: =VLOOKUP($C17,'2Q26'!$B$14:$T$4000,I$5,FALSE) -> 22.38 | J17: =VLOOKUP($C17,'2Q26'!$B$14:$T$4000,J$5,FALSE) -> 22.7 | K17: =VLOOKUP($C17,'2Q26'!$B$14:$T$4000,K$5,FALSE) -> 22.16 | L17: =VLOOKUP($C17,'2Q26'!$B$14:$T$4000,L$5,FALSE) -> 20.3 | M17: =(L17-K17)/ABS(K17)*100 -> -8.3935018 | N17: =IF(ISBLANK(VLOOKUP($C17,'2Q26'!$B$14:$T$3000,N$5,FALSE)),"",VLOOKUP($C17,'2Q26'!$B$14:$T$3000,N$5,FALSE)) | O17: =IF(AND(I17<K17,J17<L17,K17<L17),1,IF(AND(I17>K17,J17>L17,K17>L17),-1,0)) -> -1 | P17: =IF(ISBLANK(VLOOKUP($C17,'2Q26'!$B$14:$T$3000,P$5,FALSE)),"",VLOOKUP($C17,'2Q26'!$B$14:$T$3000,P$5,FALSE)) | Q17: =IF(O17=1,"Surprise",IF(O17=-1,"Shock","")) -> Shock | R17: =IF(N17="","",IF((N17-L17)/ABS(L17)>$R$9,"Surprise",IF((N17-L17)/ABS(L17)<$R$9*-1,"Shock",""))) | S17: =VLOOKUP($C17,'2Q26'!$B$14:$T$3000,S$5,FALSE) -> -12.41 | T17: =VLOOKUP($C17,'2Q26'!$B$14:$T$3000,T$5,FALSE) -> 26.75 | X17: =X16+1 -> 20 | Y17: A036570 | Z17: 엔씨소프트
B18: 162 | C18: =VLOOKUP(B18,'2Q26'!$A$14:$B$4000,2,FALSE) -> A032350 | D18: =VLOOKUP($C18,'2Q26'!$B$14:$T$4000,D$5,FALSE) -> 롯데관광개발 | E18: =VLOOKUP($C18,'2Q26'!$B$14:$T$4000,E$5,FALSE) -> KS | F18: =VLOOKUP($C18,'2Q26'!$B$14:$T$4000,F$5,FALSE) -> 호텔,레저서비스 | G18: =VLOOKUP($C18,'2Q26'!$B$14:$T$4000,G$5,FALSE) -> 1188.71 | H18: =VLOOKUP($C18,'2Q26'!$B$14:$T$4000,H$5,FALSE) -> 13 | I18: =VLOOKUP($C18,'2Q26'!$B$14:$T$4000,I$5,FALSE) -> 50.98 | J18: =VLOOKUP($C18,'2Q26'!$B$14:$T$4000,J$5,FALSE) -> 52.42 | K18: =VLOOKUP($C18,'2Q26'!$B$14:$T$4000,K$5,FALSE) -> 50.98 | L18: =VLOOKUP($C18,'2Q26'!$B$14:$T$4000,L$5,FALSE) -> 51 | M18: =(L18-K18)/ABS(K18)*100 -> 0.039231071 | N18: =IF(ISBLANK(VLOOKUP($C18,'2Q26'!$B$14:$T$3000,N$5,FALSE)),"",VLOOKUP($C18,'2Q26'!$B$14:$T$3000,N$5,FALSE)) | O18: =IF(AND(I18<K18,J18<L18,K18<L18),1,IF(AND(I18>K18,J18>L18,K18>L18),-1,0)) -> 0 | P18: =IF(ISBLANK(VLOOKUP($C18,'2Q26'!$B$14:$T$3000,P$5,FALSE)),"",VLOOKUP($C18,'2Q26'!$B$14:$T$3000,P$5,FALSE)) | Q18: =IF(O18=1,"Surprise",IF(O18=-1,"Shock","")) | R18: =IF(N18="","",IF((N18-L18)/ABS(L18)>$R$9,"Surprise",IF((N18-L18)/ABS(L18)<$R$9*-1,"Shock",""))) | S18: =VLOOKUP($C18,'2Q26'!$B$14:$T$3000,S$5,FALSE) -> -19.01 | T18: =VLOOKUP($C18,'2Q26'!$B$14:$T$3000,T$5,FALSE) -> -17.72 | X18: =X17+1 -> 21 | Y18: A139480 | Z18: 이마트
B19: 166 | C19: =VLOOKUP(B19,'2Q26'!$A$14:$B$4000,2,FALSE) -> A000080 | D19: =VLOOKUP($C19,'2Q26'!$B$14:$T$4000,D$5,FALSE) -> 하이트진로 | E19: =VLOOKUP($C19,'2Q26'!$B$14:$T$4000,E$5,FALSE) -> KS | F19: =VLOOKUP($C19,'2Q26'!$B$14:$T$4000,F$5,FALSE) -> 식품,음료 | G19: =VLOOKUP($C19,'2Q26'!$B$14:$T$4000,G$5,FALSE) -> 1020.44 | H19: =VLOOKUP($C19,'2Q26'!$B$14:$T$4000,H$5,FALSE) -> 6 | I19: =VLOOKUP($C19,'2Q26'!$B$14:$T$4000,I$5,FALSE) -> 60.13 | J19: =VLOOKUP($C19,'2Q26'!$B$14:$T$4000,J$5,FALSE) -> 58.8 | K19: =VLOOKUP($C19,'2Q26'!$B$14:$T$4000,K$5,FALSE) -> 60.13 | L19: =VLOOKUP($C19,'2Q26'!$B$14:$T$4000,L$5,FALSE) -> 57.05 | M19: =(L19-K19)/ABS(K19)*100 -> -5.1222352 | N19: =IF(ISBLANK(VLOOKUP($C19,'2Q26'!$B$14:$T$3000,N$5,FALSE)),"",VLOOKUP($C19,'2Q26'!$B$14:$T$3000,N$5,FALSE)) | O19: =IF(AND(I19<K19,J19<L19,K19<L19),1,IF(AND(I19>K19,J19>L19,K19>L19),-1,0)) -> 0 | P19: =IF(ISBLANK(VLOOKUP($C19,'2Q26'!$B$14:$T$3000,P$5,FALSE)),"",VLOOKUP($C19,'2Q26'!$B$14:$T$3000,P$5,FALSE)) | Q19: =IF(O19=1,"Surprise",IF(O19=-1,"Shock","")) | R19: =IF(N19="","",IF((N19-L19)/ABS(L19)>$R$9,"Surprise",IF((N19-L19)/ABS(L19)<$R$9*-1,"Shock",""))) | S19: =VLOOKUP($C19,'2Q26'!$B$14:$T$3000,S$5,FALSE) -> -8.49 | T19: =VLOOKUP($C19,'2Q26'!$B$14:$T$3000,T$5,FALSE) -> -14.11 | X19: =X18+1 -> 22 | Y19: A071840 | Z19: 롯데하이마트
B20: 164 | C20: =VLOOKUP(B20,'2Q26'!$A$14:$B$4000,2,FALSE) -> A089860 | D20: =VLOOKUP($C20,'2Q26'!$B$14:$T$4000,D$5,FALSE) -> 롯데렌탈 | E20: =VLOOKUP($C20,'2Q26'!$B$14:$T$4000,E$5,FALSE) -> KS | F20: =VLOOKUP($C20,'2Q26'!$B$14:$T$4000,F$5,FALSE) -> 운송 | G20: =VLOOKUP($C20,'2Q26'!$B$14:$T$4000,G$5,FALSE) -> 1160.08 | H20: =VLOOKUP($C20,'2Q26'!$B$14:$T$4000,H$5,FALSE) -> 9 | I20: =VLOOKUP($C20,'2Q26'!$B$14:$T$4000,I$5,FALSE) -> 87.96 | J20: =VLOOKUP($C20,'2Q26'!$B$14:$T$4000,J$5,FALSE) -> 89.9 | K20: =VLOOKUP($C20,'2Q26'!$B$14:$T$4000,K$5,FALSE) -> 87.87 | L20: =VLOOKUP($C20,'2Q26'!$B$14:$T$4000,L$5,FALSE) -> 89.1 | M20: =(L20-K20)/ABS(K20)*100 -> 1.3997952 | N20: =IF(ISBLANK(VLOOKUP($C20,'2Q26'!$B$14:$T$3000,N$5,FALSE)),"",VLOOKUP($C20,'2Q26'!$B$14:$T$3000,N$5,FALSE)) | O20: =IF(AND(I20<K20,J20<L20,K20<L20),1,IF(AND(I20>K20,J20>L20,K20>L20),-1,0)) -> 0 | P20: =IF(ISBLANK(VLOOKUP($C20,'2Q26'!$B$14:$T$3000,P$5,FALSE)),"",VLOOKUP($C20,'2Q26'!$B$14:$T$3000,P$5,FALSE)) | Q20: =IF(O20=1,"Surprise",IF(O20=-1,"Shock","")) | R20: =IF(N20="","",IF((N20-L20)/ABS(L20)>$R$9,"Surprise",IF((N20-L20)/ABS(L20)<$R$9*-1,"Shock",""))) | S20: =VLOOKUP($C20,'2Q26'!$B$14:$T$3000,S$5,FALSE) -> 2.4 | T20: =VLOOKUP($C20,'2Q26'!$B$14:$T$3000,T$5,FALSE) -> 2.9 | X20: =X19+1 -> 23 | Y20: A000270 | Z20: 기아차
B21: 154 | C21: =VLOOKUP(B21,'2Q26'!$A$14:$B$4000,2,FALSE) -> A073240 | D21: =VLOOKUP($C21,'2Q26'!$B$14:$T$4000,D$5,FALSE) -> 금호타이어 | E21: =VLOOKUP($C21,'2Q26'!$B$14:$T$4000,E$5,FALSE) -> KS | F21: =VLOOKUP($C21,'2Q26'!$B$14:$T$4000,F$5,FALSE) -> 자동차부품 | G21: =VLOOKUP($C21,'2Q26'!$B$14:$T$4000,G$5,FALSE) -> 1453.54 | H21: =VLOOKUP($C21,'2Q26'!$B$14:$T$4000,H$5,FALSE) -> 9 | I21: =VLOOKUP($C21,'2Q26'!$B$14:$T$4000,I$5,FALSE) -> 145.77 | J21: =VLOOKUP($C21,'2Q26'!$B$14:$T$4000,J$5,FALSE) -> 147 | K21: =VLOOKUP($C21,'2Q26'!$B$14:$T$4000,K$5,FALSE) -> 145.77 | L21: =VLOOKUP($C21,'2Q26'!$B$14:$T$4000,L$5,FALSE) -> 147 | M21: =(L21-K21)/ABS(K21)*100 -> 0.84379502 | N21: =IF(ISBLANK(VLOOKUP($C21,'2Q26'!$B$14:$T$3000,N$5,FALSE)),"",VLOOKUP($C21,'2Q26'!$B$14:$T$3000,N$5,FALSE)) | O21: =IF(AND(I21<K21,J21<L21,K21<L21),1,IF(AND(I21>K21,J21>L21,K21>L21),-1,0)) -> 0 | P21: =IF(ISBLANK(VLOOKUP($C21,'2Q26'!$B$14:$T$3000,P$5,FALSE)),"",VLOOKUP($C21,'2Q26'!$B$14:$T$3000,P$5,FALSE)) | Q21: =IF(O21=1,"Surprise",IF(O21=-1,"Shock","")) | R21: =IF(N21="","",IF((N21-L21)/ABS(L21)>$R$9,"Surprise",IF((N21-L21)/ABS(L21)<$R$9*-1,"Shock",""))) | S21: =VLOOKUP($C21,'2Q26'!$B$14:$T$3000,S$5,FALSE) -> 7.55 | T21: =VLOOKUP($C21,'2Q26'!$B$14:$T$3000,T$5,FALSE) -> -18.39 | X21: =X20+1 -> 24 | Y21: A035760 | Z21: CJ오쇼핑
B22: 167 | C22: =VLOOKUP(B22,'2Q26'!$A$14:$B$4000,2,FALSE) -> A000210 | D22: =VLOOKUP($C22,'2Q26'!$B$14:$T$4000,D$5,FALSE) -> DL | E22: =VLOOKUP($C22,'2Q26'!$B$14:$T$4000,E$5,FALSE) -> KS | F22: =VLOOKUP($C22,'2Q26'!$B$14:$T$4000,F$5,FALSE) -> 화학 | G22: =VLOOKUP($C22,'2Q26'!$B$14:$T$4000,G$5,FALSE) -> 954.54 | H22: =VLOOKUP($C22,'2Q26'!$B$14:$T$4000,H$5,FALSE) -> 2 | I22: =VLOOKUP($C22,'2Q26'!$B$14:$T$4000,I$5,FALSE) -> 155.4 | J22: =VLOOKUP($C22,'2Q26'!$B$14:$T$4000,J$5,FALSE) -> 207.8 | K22: =VLOOKUP($C22,'2Q26'!$B$14:$T$4000,K$5,FALSE) -> 155.4 | L22: =VLOOKUP($C22,'2Q26'!$B$14:$T$4000,L$5,FALSE) -> 207.8 | M22: =(L22-K22)/ABS(K22)*100 -> 33.719434 | N22: =IF(ISBLANK(VLOOKUP($C22,'2Q26'!$B$14:$T$3000,N$5,FALSE)),"",VLOOKUP($C22,'2Q26'!$B$14:$T$3000,N$5,FALSE)) | O22: =IF(AND(I22<K22,J22<L22,K22<L22),1,IF(AND(I22>K22,J22>L22,K22>L22),-1,0)) -> 0 | P22: =IF(ISBLANK(VLOOKUP($C22,'2Q26'!$B$14:$T$3000,P$5,FALSE)),"",VLOOKUP($C22,'2Q26'!$B$14:$T$3000,P$5,FALSE)) | Q22: =IF(O22=1,"Surprise",IF(O22=-1,"Shock","")) | R22: =IF(N22="","",IF((N22-L22)/ABS(L22)>$R$9,"Surprise",IF((N22-L22)/ABS(L22)<$R$9*-1,"Shock",""))) | S22: =VLOOKUP($C22,'2Q26'!$B$14:$T$3000,S$5,FALSE) -> -12.07 | T22: =VLOOKUP($C22,'2Q26'!$B$14:$T$3000,T$5,FALSE) -> -27.35 | X22: =#REF!+1 -> #REF! | Y22: A063080 | Z22: 게임빌
B23: 163 | C23: =VLOOKUP(B23,'2Q26'!$A$14:$B$4000,2,FALSE) -> A181710 | D23: =VLOOKUP($C23,'2Q26'!$B$14:$T$4000,D$5,FALSE) -> NHN | E23: =VLOOKUP($C23,'2Q26'!$B$14:$T$4000,E$5,FALSE) -> KS | F23: =VLOOKUP($C23,'2Q26'!$B$14:$T$4000,F$5,FALSE) -> 소프트웨어 | G23: =VLOOKUP($C23,'2Q26'!$B$14:$T$4000,G$5,FALSE) -> 1162.74 | H23: =VLOOKUP($C23,'2Q26'!$B$14:$T$4000,H$5,FALSE) -> 10 | I23: =VLOOKUP($C23,'2Q26'!$B$14:$T$4000,I$5,FALSE) -> 41.4 | J23: =VLOOKUP($C23,'2Q26'!$B$14:$T$4000,J$5,FALSE) -> 42.85 | K23: =VLOOKUP($C23,'2Q26'!$B$14:$T$4000,K$5,FALSE) -> 40.64 | L23: =VLOOKUP($C23,'2Q26'!$B$14:$T$4000,L$5,FALSE) -> 38.5 | M23: =(L23-K23)/ABS(K23)*100 -> -5.265748 | N23: =IF(ISBLANK(VLOOKUP($C23,'2Q26'!$B$14:$T$3000,N$5,FALSE)),"",VLOOKUP($C23,'2Q26'!$B$14:$T$3000,N$5,FALSE)) | O23: =IF(AND(I23<K23,J23<L23,K23<L23),1,IF(AND(I23>K23,J23>L23,K23>L23),-1,0)) -> -1 | P23: =IF(ISBLANK(VLOOKUP($C23,'2Q26'!$B$14:$T$3000,P$5,FALSE)),"",VLOOKUP($C23,'2Q26'!$B$14:$T$3000,P$5,FALSE)) | Q23: =IF(O23=1,"Surprise",IF(O23=-1,"Shock","")) -> Shock | R23: =IF(N23="","",IF((N23-L23)/ABS(L23)>$R$9,"Surprise",IF((N23-L23)/ABS(L23)<$R$9*-1,"Shock",""))) | S23: =VLOOKUP($C23,'2Q26'!$B$14:$T$3000,S$5,FALSE) -> -40.44 | T23: =VLOOKUP($C23,'2Q26'!$B$14:$T$3000,T$5,FALSE) -> -8.39 | X23: =X22+1 -> #REF! | Y23: A009150 | Z23: 삼성전기
B24: 156 | C24: =VLOOKUP(B24,'2Q26'!$A$14:$B$4000,2,FALSE) -> A192080 | D24: =VLOOKUP($C24,'2Q26'!$B$14:$T$4000,D$5,FALSE) -> 더블유게임즈 | E24: =VLOOKUP($C24,'2Q26'!$B$14:$T$4000,E$5,FALSE) -> KS | F24: =VLOOKUP($C24,'2Q26'!$B$14:$T$4000,F$5,FALSE) -> 게임소프트웨어 | G24: =VLOOKUP($C24,'2Q26'!$B$14:$T$4000,G$5,FALSE) -> 1376.28 | H24: =VLOOKUP($C24,'2Q26'!$B$14:$T$4000,H$5,FALSE) -> 13 | I24: =VLOOKUP($C24,'2Q26'!$B$14:$T$4000,I$5,FALSE) -> 70.23 | J24: =VLOOKUP($C24,'2Q26'!$B$14:$T$4000,J$5,FALSE) -> 70.2 | K24: =VLOOKUP($C24,'2Q26'!$B$14:$T$4000,K$5,FALSE) -> 70.27 | L24: =VLOOKUP($C24,'2Q26'!$B$14:$T$4000,L$5,FALSE) -> 70.7 | M24: =(L24-K24)/ABS(K24)*100 -> 0.61192543 | N24: =IF(ISBLANK(VLOOKUP($C24,'2Q26'!$B$14:$T$3000,N$5,FALSE)),"",VLOOKUP($C24,'2Q26'!$B$14:$T$3000,N$5,FALSE)) | O24: =IF(AND(I24<K24,J24<L24,K24<L24),1,IF(AND(I24>K24,J24>L24,K24>L24),-1,0)) -> 1 | P24: =IF(ISBLANK(VLOOKUP($C24,'2Q26'!$B$14:$T$3000,P$5,FALSE)),"",VLOOKUP($C24,'2Q26'!$B$14:$T$3000,P$5,FALSE)) | Q24: =IF(O24=1,"Surprise",IF(O24=-1,"Shock","")) -> Surprise | R24: =IF(N24="","",IF((N24-L24)/ABS(L24)>$R$9,"Surprise",IF((N24-L24)/ABS(L24)<$R$9*-1,"Shock",""))) | S24: =VLOOKUP($C24,'2Q26'!$B$14:$T$3000,S$5,FALSE) -> -3.56 | T24: =VLOOKUP($C24,'2Q26'!$B$14:$T$3000,T$5,FALSE) -> 27.95 | X24: =X23+1 -> #REF! | Y24: A108670 | Z24: LG하우시스
B25: 158 | C25: =VLOOKUP(B25,'2Q26'!$A$14:$B$4000,2,FALSE) -> A298020 | D25: =VLOOKUP($C25,'2Q26'!$B$14:$T$4000,D$5,FALSE) -> 효성티앤씨 | E25: =VLOOKUP($C25,'2Q26'!$B$14:$T$4000,E$5,FALSE) -> KS | F25: =VLOOKUP($C25,'2Q26'!$B$14:$T$4000,F$5,FALSE) -> 상사 | G25: =VLOOKUP($C25,'2Q26'!$B$14:$T$4000,G$5,FALSE) -> 1257.19 | H25: =VLOOKUP($C25,'2Q26'!$B$14:$T$4000,H$5,FALSE) -> 5 | I25: =VLOOKUP($C25,'2Q26'!$B$14:$T$4000,I$5,FALSE) -> 127.92 | J25: =VLOOKUP($C25,'2Q26'!$B$14:$T$4000,J$5,FALSE) -> 147.2 | K25: =VLOOKUP($C25,'2Q26'!$B$14:$T$4000,K$5,FALSE) -> 127.92 | L25: =VLOOKUP($C25,'2Q26'!$B$14:$T$4000,L$5,FALSE) -> 147.2 | M25: =(L25-K25)/ABS(K25)*100 -> 15.07192 | N25: =IF(ISBLANK(VLOOKUP($C25,'2Q26'!$B$14:$T$3000,N$5,FALSE)),"",VLOOKUP($C25,'2Q26'!$B$14:$T$3000,N$5,FALSE)) | O25: =IF(AND(I25<K25,J25<L25,K25<L25),1,IF(AND(I25>K25,J25>L25,K25>L25),-1,0)) -> 0 | P25: =IF(ISBLANK(VLOOKUP($C25,'2Q26'!$B$14:$T$3000,P$5,FALSE)),"",VLOOKUP($C25,'2Q26'!$B$14:$T$3000,P$5,FALSE)) | Q25: =IF(O25=1,"Surprise",IF(O25=-1,"Shock","")) | R25: =IF(N25="","",IF((N25-L25)/ABS(L25)>$R$9,"Surprise",IF((N25-L25)/ABS(L25)<$R$9*-1,"Shock",""))) | S25: =VLOOKUP($C25,'2Q26'!$B$14:$T$3000,S$5,FALSE) -> -21.27 | T25: =VLOOKUP($C25,'2Q26'!$B$14:$T$3000,T$5,FALSE) -> -27.38 | X25: =X24+1 -> #REF! | Y25: A097230 | Z25: 한진중공업
B26: 160 | C26: =VLOOKUP(B26,'2Q26'!$A$14:$B$4000,2,FALSE) -> A294870 | D26: =VLOOKUP($C26,'2Q26'!$B$14:$T$4000,D$5,FALSE) -> IPARK현대산업개발 | E26: =VLOOKUP($C26,'2Q26'!$B$14:$T$4000,E$5,FALSE) -> KS | F26: =VLOOKUP($C26,'2Q26'!$B$14:$T$4000,F$5,FALSE) -> 건설,건축제품,건축자재 | G26: =VLOOKUP($C26,'2Q26'!$B$14:$T$4000,G$5,FALSE) -> 1232.47 | H26: =VLOOKUP($C26,'2Q26'!$B$14:$T$4000,H$5,FALSE) -> 12 | I26: =VLOOKUP($C26,'2Q26'!$B$14:$T$4000,I$5,FALSE) -> 120.5 | J26: =VLOOKUP($C26,'2Q26'!$B$14:$T$4000,J$5,FALSE) -> 118.5 | K26: =VLOOKUP($C26,'2Q26'!$B$14:$T$4000,K$5,FALSE) -> 120.5 | L26: =VLOOKUP($C26,'2Q26'!$B$14:$T$4000,L$5,FALSE) -> 118.5 | M26: =(L26-K26)/ABS(K26)*100 -> -1.659751 | N26: =IF(ISBLANK(VLOOKUP($C26,'2Q26'!$B$14:$T$3000,N$5,FALSE)),"",VLOOKUP($C26,'2Q26'!$B$14:$T$3000,N$5,FALSE)) | O26: =IF(AND(I26<K26,J26<L26,K26<L26),1,IF(AND(I26>K26,J26>L26,K26>L26),-1,0)) -> 0 | P26: =IF(ISBLANK(VLOOKUP($C26,'2Q26'!$B$14:$T$3000,P$5,FALSE)),"",VLOOKUP($C26,'2Q26'!$B$14:$T$3000,P$5,FALSE)) | Q26: =IF(O26=1,"Surprise",IF(O26=-1,"Shock","")) | R26: =IF(N26="","",IF((N26-L26)/ABS(L26)>$R$9,"Surprise",IF((N26-L26)/ABS(L26)<$R$9*-1,"Shock",""))) | S26: =VLOOKUP($C26,'2Q26'!$B$14:$T$3000,S$5,FALSE) -> -6.12 | T26: =VLOOKUP($C26,'2Q26'!$B$14:$T$3000,T$5,FALSE) -> -12.62 | X26: =X25+1 -> #REF! | Y26: A020560 | Z26: 아시아나항공
B27: 157 | C27: =VLOOKUP(B27,'2Q26'!$A$14:$B$4000,2,FALSE) -> A034230 | D27: =VLOOKUP($C27,'2Q26'!$B$14:$T$4000,D$5,FALSE) -> 파라다이스 | E27: =VLOOKUP($C27,'2Q26'!$B$14:$T$4000,E$5,FALSE) -> KS | F27: =VLOOKUP($C27,'2Q26'!$B$14:$T$4000,F$5,FALSE) -> 호텔,레저서비스 | G27: =VLOOKUP($C27,'2Q26'!$B$14:$T$4000,G$5,FALSE) -> 1337.57 | H27: =VLOOKUP($C27,'2Q26'!$B$14:$T$4000,H$5,FALSE) -> 13 | I27: =VLOOKUP($C27,'2Q26'!$B$14:$T$4000,I$5,FALSE) -> 51.65 | J27: =VLOOKUP($C27,'2Q26'!$B$14:$T$4000,J$5,FALSE) -> 51.13 | K27: =VLOOKUP($C27,'2Q26'!$B$14:$T$4000,K$5,FALSE) -> 52.03 | L27: =VLOOKUP($C27,'2Q26'!$B$14:$T$4000,L$5,FALSE) -> 53.52 | M27: =(L27-K27)/ABS(K27)*100 -> 2.8637325 | N27: =IF(ISBLANK(VLOOKUP($C27,'2Q26'!$B$14:$T$3000,N$5,FALSE)),"",VLOOKUP($C27,'2Q26'!$B$14:$T$3000,N$5,FALSE)) | O27: =IF(AND(I27<K27,J27<L27,K27<L27),1,IF(AND(I27>K27,J27>L27,K27>L27),-1,0)) -> 1 | P27: =IF(ISBLANK(VLOOKUP($C27,'2Q26'!$B$14:$T$3000,P$5,FALSE)),"",VLOOKUP($C27,'2Q26'!$B$14:$T$3000,P$5,FALSE)) | Q27: =IF(O27=1,"Surprise",IF(O27=-1,"Shock","")) -> Surprise | R27: =IF(N27="","",IF((N27-L27)/ABS(L27)>$R$9,"Surprise",IF((N27-L27)/ABS(L27)<$R$9*-1,"Shock",""))) | S27: =VLOOKUP($C27,'2Q26'!$B$14:$T$3000,S$5,FALSE) -> 4.26 | T27: =VLOOKUP($C27,'2Q26'!$B$14:$T$3000,T$5,FALSE) -> -14.56 | X27: =X26+1 -> #REF! | Y27: A117930 | Z27: 한진해운
B28: 3 | C28: =VLOOKUP(B28,'2Q26'!$A$14:$B$4000,2,FALSE) -> A009150 | D28: =VLOOKUP($C28,'2Q26'!$B$14:$T$4000,D$5,FALSE) -> 삼성전기 | E28: =VLOOKUP($C28,'2Q26'!$B$14:$T$4000,E$5,FALSE) -> KS | F28: =VLOOKUP($C28,'2Q26'!$B$14:$T$4000,F$5,FALSE) -> 전자장비,사무용전자제품 | G28: =VLOOKUP($C28,'2Q26'!$B$14:$T$4000,G$5,FALSE) -> 164699.6 | H28: =VLOOKUP($C28,'2Q26'!$B$14:$T$4000,H$5,FALSE) -> 20 | I28: =VLOOKUP($C28,'2Q26'!$B$14:$T$4000,I$5,FALSE) -> 381.39 | J28: =VLOOKUP($C28,'2Q26'!$B$14:$T$4000,J$5,FALSE) -> 385.7 | K28: =VLOOKUP($C28,'2Q26'!$B$14:$T$4000,K$5,FALSE) -> 384.67 | L28: =VLOOKUP($C28,'2Q26'!$B$14:$T$4000,L$5,FALSE) -> 395.36 | M28: =(L28-K28)/ABS(K28)*100 -> 2.7790054 | N28: =IF(ISBLANK(VLOOKUP($C28,'2Q26'!$B$14:$T$3000,N$5,FALSE)),"",VLOOKUP($C28,'2Q26'!$B$14:$T$3000,N$5,FALSE)) | O28: =IF(AND(I28<K28,J28<L28,K28<L28),1,IF(AND(I28>K28,J28>L28,K28>L28),-1,0)) -> 1 | P28: =IF(ISBLANK(VLOOKUP($C28,'2Q26'!$B$14:$T$3000,P$5,FALSE)),"",VLOOKUP($C28,'2Q26'!$B$14:$T$3000,P$5,FALSE)) | Q28: =IF(O28=1,"Surprise",IF(O28=-1,"Shock","")) -> Surprise | R28: =IF(N28="","",IF((N28-L28)/ABS(L28)>$R$9,"Surprise",IF((N28-L28)/ABS(L28)<$R$9*-1,"Shock",""))) | S28: =VLOOKUP($C28,'2Q26'!$B$14:$T$3000,S$5,FALSE) -> 9.98 | T28: =VLOOKUP($C28,'2Q26'!$B$14:$T$3000,T$5,FALSE) -> 396.06 | X28: =X27+1 -> #REF! | Y28: A010060 | Z28: OCI
B29: 29 | C29: =VLOOKUP(B29,'2Q26'!$A$14:$B$4000,2,FALSE) -> A010130 | D29: =VLOOKUP($C29,'2Q26'!$B$14:$T$4000,D$5,FALSE) -> 고려아연 | E29: =VLOOKUP($C29,'2Q26'!$B$14:$T$4000,E$5,FALSE) -> KS | F29: =VLOOKUP($C29,'2Q26'!$B$14:$T$4000,F$5,FALSE) -> 비철금속 | G29: =VLOOKUP($C29,'2Q26'!$B$14:$T$4000,G$5,FALSE) -> 22855.9 | H29: =VLOOKUP($C29,'2Q26'!$B$14:$T$4000,H$5,FALSE) -> 6 | I29: =VLOOKUP($C29,'2Q26'!$B$14:$T$4000,I$5,FALSE) -> 548.16 | J29: =VLOOKUP($C29,'2Q26'!$B$14:$T$4000,J$5,FALSE) -> 596 | K29: =VLOOKUP($C29,'2Q26'!$B$14:$T$4000,K$5,FALSE) -> 560.3 | L29: =VLOOKUP($C29,'2Q26'!$B$14:$T$4000,L$5,FALSE) -> 619 | M29: =(L29-K29)/ABS(K29)*100 -> 10.47653 | N29: =IF(ISBLANK(VLOOKUP($C29,'2Q26'!$B$14:$T$3000,N$5,FALSE)),"",VLOOKUP($C29,'2Q26'!$B$14:$T$3000,N$5,FALSE)) | O29: =IF(AND(I29<K29,J29<L29,K29<L29),1,IF(AND(I29>K29,J29>L29,K29>L29),-1,0)) -> 1 | P29: =IF(ISBLANK(VLOOKUP($C29,'2Q26'!$B$14:$T$3000,P$5,FALSE)),"",VLOOKUP($C29,'2Q26'!$B$14:$T$3000,P$5,FALSE)) | Q29: =IF(O29=1,"Surprise",IF(O29=-1,"Shock","")) -> Surprise | R29: =IF(N29="","",IF((N29-L29)/ABS(L29)>$R$9,"Surprise",IF((N29-L29)/ABS(L29)<$R$9*-1,"Shock",""))) | S29: =VLOOKUP($C29,'2Q26'!$B$14:$T$3000,S$5,FALSE) -> -20.36 | T29: =VLOOKUP($C29,'2Q26'!$B$14:$T$3000,T$5,FALSE) -> -27.82 | X29: =X28+1 -> #REF! | Y29: A006800 | Z29: 대우증권
B30: 90 | C30: =VLOOKUP(B30,'2Q26'!$A$14:$B$4000,2,FALSE) -> A082740 | D30: =VLOOKUP($C30,'2Q26'!$B$14:$T$4000,D$5,FALSE) -> 한화엔진 | E30: =VLOOKUP($C30,'2Q26'!$B$14:$T$4000,E$5,FALSE) -> KS | F30: =VLOOKUP($C30,'2Q26'!$B$14:$T$4000,F$5,FALSE) -> 조선 | G30: =VLOOKUP($C30,'2Q26'!$B$14:$T$4000,G$5,FALSE) -> 4589.59 | H30: =VLOOKUP($C30,'2Q26'!$B$14:$T$4000,H$5,FALSE) -> 5 | I30: =VLOOKUP($C30,'2Q26'!$B$14:$T$4000,I$5,FALSE) -> 60 | J30: =VLOOKUP($C30,'2Q26'!$B$14:$T$4000,J$5,FALSE) -> 60 | K30: =VLOOKUP($C30,'2Q26'!$B$14:$T$4000,K$5,FALSE) -> 60.38 | L30: =VLOOKUP($C30,'2Q26'!$B$14:$T$4000,L$5,FALSE) -> 68.9 | M30: =(L30-K30)/ABS(K30)*100 -> 14.110633 | N30: =IF(ISBLANK(VLOOKUP($C30,'2Q26'!$B$14:$T$3000,N$5,FALSE)),"",VLOOKUP($C30,'2Q26'!$B$14:$T$3000,N$5,FALSE)) | O30: =IF(AND(I30<K30,J30<L30,K30<L30),1,IF(AND(I30>K30,J30>L30,K30>L30),-1,0)) -> 1 | P30: =IF(ISBLANK(VLOOKUP($C30,'2Q26'!$B$14:$T$3000,P$5,FALSE)),"",VLOOKUP($C30,'2Q26'!$B$14:$T$3000,P$5,FALSE)) | Q30: =IF(O30=1,"Surprise",IF(O30=-1,"Shock","")) -> Surprise | R30: =IF(N30="","",IF((N30-L30)/ABS(L30)>$R$9,"Surprise",IF((N30-L30)/ABS(L30)<$R$9*-1,"Shock",""))) | S30: =VLOOKUP($C30,'2Q26'!$B$14:$T$3000,S$5,FALSE) -> -11 | T30: =VLOOKUP($C30,'2Q26'!$B$14:$T$3000,T$5,FALSE) -> 23.04
B31: 8 | C31: =VLOOKUP(B31,'2Q26'!$A$14:$B$4000,2,FALSE) -> A207940 | D31: =VLOOKUP($C31,'2Q26'!$B$14:$T$4000,D$5,FALSE) -> 삼성바이오로직스 | E31: =VLOOKUP($C31,'2Q26'!$B$14:$T$4000,E$5,FALSE) -> KS | F31: =VLOOKUP($C31,'2Q26'!$B$14:$T$4000,F$5,FALSE) -> 제약 | G31: =VLOOKUP($C31,'2Q26'!$B$14:$T$4000,G$5,FALSE) -> 64622.17 | H31: =VLOOKUP($C31,'2Q26'!$B$14:$T$4000,H$5,FALSE) -> 7 | I31: =VLOOKUP($C31,'2Q26'!$B$14:$T$4000,I$5,FALSE) -> 592.57 | J31: =VLOOKUP($C31,'2Q26'!$B$14:$T$4000,J$5,FALSE) -> 565 | K31: =VLOOKUP($C31,'2Q26'!$B$14:$T$4000,K$5,FALSE) -> 598.16 | L31: =VLOOKUP($C31,'2Q26'!$B$14:$T$4000,L$5,FALSE) -> 606.55 | M31: =(L31-K31)/ABS(K31)*100 -> 1.4026347 | N31: =IF(ISBLANK(VLOOKUP($C31,'2Q26'!$B$14:$T$3000,N$5,FALSE)),"",VLOOKUP($C31,'2Q26'!$B$14:$T$3000,N$5,FALSE)) | O31: =IF(AND(I31<K31,J31<L31,K31<L31),1,IF(AND(I31>K31,J31>L31,K31>L31),-1,0)) -> 1 | P31: =IF(ISBLANK(VLOOKUP($C31,'2Q26'!$B$14:$T$3000,P$5,FALSE)),"",VLOOKUP($C31,'2Q26'!$B$14:$T$3000,P$5,FALSE)) | Q31: =IF(O31=1,"Surprise",IF(O31=-1,"Shock","")) -> Surprise | R31: =IF(N31="","",IF((N31-L31)/ABS(L31)>$R$9,"Surprise",IF((N31-L31)/ABS(L31)<$R$9*-1,"Shock",""))) | S31: =VLOOKUP($C31,'2Q26'!$B$14:$T$3000,S$5,FALSE) -> 1.38 | T31: =VLOOKUP($C31,'2Q26'!$B$14:$T$3000,T$5,FALSE) -> -11.2 | X31: =X30+1 -> 1 | Y31: A170900 | Z31: 동아에스티
B32: 44 | C32: =VLOOKUP(B32,'2Q26'!$A$14:$B$4000,2,FALSE) -> A018260 | D32: =VLOOKUP($C32,'2Q26'!$B$14:$T$4000,D$5,FALSE) -> 삼성에스디에스 | E32: =VLOOKUP($C32,'2Q26'!$B$14:$T$4000,E$5,FALSE) -> KS | F32: =VLOOKUP($C32,'2Q26'!$B$14:$T$4000,F$5,FALSE) -> 소프트웨어 | G32: =VLOOKUP($C32,'2Q26'!$B$14:$T$4000,G$5,FALSE) -> 15274.38 | H32: =VLOOKUP($C32,'2Q26'!$B$14:$T$4000,H$5,FALSE) -> 10 | I32: =VLOOKUP($C32,'2Q26'!$B$14:$T$4000,I$5,FALSE) -> 223.59 | J32: =VLOOKUP($C32,'2Q26'!$B$14:$T$4000,J$5,FALSE) -> 233.5 | K32: =VLOOKUP($C32,'2Q26'!$B$14:$T$4000,K$5,FALSE) -> 226.88 | L32: =VLOOKUP($C32,'2Q26'!$B$14:$T$4000,L$5,FALSE) -> 234.3 | M32: =(L32-K32)/ABS(K32)*100 -> 3.2704513 | N32: =IF(ISBLANK(VLOOKUP($C32,'2Q26'!$B$14:$T$3000,N$5,FALSE)),"",VLOOKUP($C32,'2Q26'!$B$14:$T$3000,N$5,FALSE)) | O32: =IF(AND(I32<K32,J32<L32,K32<L32),1,IF(AND(I32>K32,J32>L32,K32>L32),-1,0)) -> 1 | P32: =IF(ISBLANK(VLOOKUP($C32,'2Q26'!$B$14:$T$3000,P$5,FALSE)),"",VLOOKUP($C32,'2Q26'!$B$14:$T$3000,P$5,FALSE)) | Q32: =IF(O32=1,"Surprise",IF(O32=-1,"Shock","")) -> Surprise | R32: =IF(N32="","",IF((N32-L32)/ABS(L32)>$R$9,"Surprise",IF((N32-L32)/ABS(L32)<$R$9*-1,"Shock",""))) | S32: =VLOOKUP($C32,'2Q26'!$B$14:$T$3000,S$5,FALSE) -> -45.47 | T32: =VLOOKUP($C32,'2Q26'!$B$14:$T$3000,T$5,FALSE) -> 26.46
B33: 56 | C33: =VLOOKUP(B33,'2Q26'!$A$14:$B$4000,2,FALSE) -> A259960 | D33: =VLOOKUP($C33,'2Q26'!$B$14:$T$4000,D$5,FALSE) -> 크래프톤 | E33: =VLOOKUP($C33,'2Q26'!$B$14:$T$4000,E$5,FALSE) -> KS | F33: =VLOOKUP($C33,'2Q26'!$B$14:$T$4000,F$5,FALSE) -> 게임소프트웨어 | G33: =VLOOKUP($C33,'2Q26'!$B$14:$T$4000,G$5,FALSE) -> 11303.77 | H33: =VLOOKUP($C33,'2Q26'!$B$14:$T$4000,H$5,FALSE) -> 19 | I33: =VLOOKUP($C33,'2Q26'!$B$14:$T$4000,I$5,FALSE) -> 320.79 | J33: =VLOOKUP($C33,'2Q26'!$B$14:$T$4000,J$5,FALSE) -> 352.48 | K33: =VLOOKUP($C33,'2Q26'!$B$14:$T$4000,K$5,FALSE) -> 327.93 | L33: =VLOOKUP($C33,'2Q26'!$B$14:$T$4000,L$5,FALSE) -> 385.22 | M33: =(L33-K33)/ABS(K33)*100 -> 17.470192 | N33: =IF(ISBLANK(VLOOKUP($C33,'2Q26'!$B$14:$T$3000,N$5,FALSE)),"",VLOOKUP($C33,'2Q26'!$B$14:$T$3000,N$5,FALSE)) | O33: =IF(AND(I33<K33,J33<L33,K33<L33),1,IF(AND(I33>K33,J33>L33,K33>L33),-1,0)) -> 1 | P33: =IF(ISBLANK(VLOOKUP($C33,'2Q26'!$B$14:$T$3000,P$5,FALSE)),"",VLOOKUP($C33,'2Q26'!$B$14:$T$3000,P$5,FALSE)) | Q33: =IF(O33=1,"Surprise",IF(O33=-1,"Shock","")) -> Surprise | R33: =IF(N33="","",IF((N33-L33)/ABS(L33)>$R$9,"Surprise",IF((N33-L33)/ABS(L33)<$R$9*-1,"Shock",""))) | S33: =VLOOKUP($C33,'2Q26'!$B$14:$T$3000,S$5,FALSE) -> -1.8 | T33: =VLOOKUP($C33,'2Q26'!$B$14:$T$3000,T$5,FALSE) -> -6.49
B34: 41 | C34: =VLOOKUP(B34,'2Q26'!$A$14:$B$4000,2,FALSE) -> A024110 | D34: =VLOOKUP($C34,'2Q26'!$B$14:$T$4000,D$5,FALSE) -> 기업은행 | E34: =VLOOKUP($C34,'2Q26'!$B$14:$T$4000,E$5,FALSE) -> KS | F34: =VLOOKUP($C34,'2Q26'!$B$14:$T$4000,F$5,FALSE) -> 은행 | G34: =VLOOKUP($C34,'2Q26'!$B$14:$T$4000,G$5,FALSE) -> 16147.87 | H34: =VLOOKUP($C34,'2Q26'!$B$14:$T$4000,H$5,FALSE) -> 14 | I34: =VLOOKUP($C34,'2Q26'!$B$14:$T$4000,I$5,FALSE) -> 948.13 | J34: =VLOOKUP($C34,'2Q26'!$B$14:$T$4000,J$5,FALSE) -> 825 | K34: =VLOOKUP($C34,'2Q26'!$B$14:$T$4000,K$5,FALSE) -> 958.44 | L34: =VLOOKUP($C34,'2Q26'!$B$14:$T$4000,L$5,FALSE) -> 982 | M34: =(L34-K34)/ABS(K34)*100 -> 2.4581612 | N34: =IF(ISBLANK(VLOOKUP($C34,'2Q26'!$B$14:$T$3000,N$5,FALSE)),"",VLOOKUP($C34,'2Q26'!$B$14:$T$3000,N$5,FALSE)) | O34: =IF(AND(I34<K34,J34<L34,K34<L34),1,IF(AND(I34>K34,J34>L34,K34>L34),-1,0)) -> 1 | P34: =IF(ISBLANK(VLOOKUP($C34,'2Q26'!$B$14:$T$3000,P$5,FALSE)),"",VLOOKUP($C34,'2Q26'!$B$14:$T$3000,P$5,FALSE)) | Q34: =IF(O34=1,"Surprise",IF(O34=-1,"Shock","")) -> Surprise | R34: =IF(N34="","",IF((N34-L34)/ABS(L34)>$R$9,"Surprise",IF((N34-L34)/ABS(L34)<$R$9*-1,"Shock",""))) | S34: =VLOOKUP($C34,'2Q26'!$B$14:$T$3000,S$5,FALSE) -> 1 | T34: =VLOOKUP($C34,'2Q26'!$B$14:$T$3000,T$5,FALSE) -> -7.95
B35: 125 | C35: =VLOOKUP(B35,'2Q26'!$A$14:$B$4000,2,FALSE) -> A161890 | D35: =VLOOKUP($C35,'2Q26'!$B$14:$T$4000,D$5,FALSE) -> 한국콜마 | E35: =VLOOKUP($C35,'2Q26'!$B$14:$T$4000,E$5,FALSE) -> KS | F35: =VLOOKUP($C35,'2Q26'!$B$14:$T$4000,F$5,FALSE) -> 화장품 | G35: =VLOOKUP($C35,'2Q26'!$B$14:$T$4000,G$5,FALSE) -> 2521.02 | H35: =VLOOKUP($C35,'2Q26'!$B$14:$T$4000,H$5,FALSE) -> 19 | I35: =VLOOKUP($C35,'2Q26'!$B$14:$T$4000,I$5,FALSE) -> 92.35 | J35: =VLOOKUP($C35,'2Q26'!$B$14:$T$4000,J$5,FALSE) -> 93.07 | K35: =VLOOKUP($C35,'2Q26'!$B$14:$T$4000,K$5,FALSE) -> 93.82 | L35: =VLOOKUP($C35,'2Q26'!$B$14:$T$4000,L$5,FALSE) -> 94.68 | M35: =(L35-K35)/ABS(K35)*100 -> 0.9166489 | N35: =IF(ISBLANK(VLOOKUP($C35,'2Q26'!$B$14:$T$3000,N$5,FALSE)),"",VLOOKUP($C35,'2Q26'!$B$14:$T$3000,N$5,FALSE)) | O35: =IF(AND(I35<K35,J35<L35,K35<L35),1,IF(AND(I35>K35,J35>L35,K35>L35),-1,0)) -> 1 | P35: =IF(ISBLANK(VLOOKUP($C35,'2Q26'!$B$14:$T$3000,P$5,FALSE)),"",VLOOKUP($C35,'2Q26'!$B$14:$T$3000,P$5,FALSE)) | Q35: =IF(O35=1,"Surprise",IF(O35=-1,"Shock","")) -> Surprise | R35: =IF(N35="","",IF((N35-L35)/ABS(L35)>$R$9,"Surprise",IF((N35-L35)/ABS(L35)<$R$9*-1,"Shock",""))) | S35: =VLOOKUP($C35,'2Q26'!$B$14:$T$3000,S$5,FALSE) -> 24.91 | T35: =VLOOKUP($C35,'2Q26'!$B$14:$T$3000,T$5,FALSE) -> 35.88 | X35: =X34+1 -> 1 | Y35: A097950 | Z35: CJ제일제당
B36: 11 | C36: =VLOOKUP(B36,'2Q26'!$A$14:$B$4000,2,FALSE) -> A012450 | D36: =VLOOKUP($C36,'2Q26'!$B$14:$T$4000,D$5,FALSE) -> 한화에어로스페이스 | E36: =VLOOKUP($C36,'2Q26'!$B$14:$T$4000,E$5,FALSE) -> KS | F36: =VLOOKUP($C36,'2Q26'!$B$14:$T$4000,F$5,FALSE) -> 기타자본재 | G36: =VLOOKUP($C36,'2Q26'!$B$14:$T$4000,G$5,FALSE) -> 56255.67 | H36: =VLOOKUP($C36,'2Q26'!$B$14:$T$4000,H$5,FALSE) -> 19 | I36: =VLOOKUP($C36,'2Q26'!$B$14:$T$4000,I$5,FALSE) -> 1010.53 | J36: =VLOOKUP($C36,'2Q26'!$B$14:$T$4000,J$5,FALSE) -> 1035.98 | K36: =VLOOKUP($C36,'2Q26'!$B$14:$T$4000,K$5,FALSE) -> 1022.38 | L36: =VLOOKUP($C36,'2Q26'!$B$14:$T$4000,L$5,FALSE) -> 1089.37 | M36: =(L36-K36)/ABS(K36)*100 -> 6.5523582 | N36: =IF(ISBLANK(VLOOKUP($C36,'2Q26'!$B$14:$T$3000,N$5,FALSE)),"",VLOOKUP($C36,'2Q26'!$B$14:$T$3000,N$5,FALSE)) | O36: =IF(AND(I36<K36,J36<L36,K36<L36),1,IF(AND(I36>K36,J36>L36,K36>L36),-1,0)) -> 1 | P36: =IF(ISBLANK(VLOOKUP($C36,'2Q26'!$B$14:$T$3000,P$5,FALSE)),"",VLOOKUP($C36,'2Q26'!$B$14:$T$3000,P$5,FALSE)) | Q36: =IF(O36=1,"Surprise",IF(O36=-1,"Shock","")) -> Surprise | R36: =IF(N36="","",IF((N36-L36)/ABS(L36)>$R$9,"Surprise",IF((N36-L36)/ABS(L36)<$R$9*-1,"Shock",""))) | S36: =VLOOKUP($C36,'2Q26'!$B$14:$T$3000,S$5,FALSE) -> -4.13 | T36: =VLOOKUP($C36,'2Q26'!$B$14:$T$3000,T$5,FALSE) -> -18.15 | X36: =X35+1 -> 2 | Y36: A112040 | Z36: 위메이드
B37: 94 | C37: =VLOOKUP(B37,'2Q26'!$A$14:$B$4000,2,FALSE) -> A069960 | D37: =VLOOKUP($C37,'2Q26'!$B$14:$T$4000,D$5,FALSE) -> 현대백화점 | E37: =VLOOKUP($C37,'2Q26'!$B$14:$T$4000,E$5,FALSE) -> KS | F37: =VLOOKUP($C37,'2Q26'!$B$14:$T$4000,F$5,FALSE) -> 백화점 | G37: =VLOOKUP($C37,'2Q26'!$B$14:$T$4000,G$5,FALSE) -> 4183.59 | H37: =VLOOKUP($C37,'2Q26'!$B$14:$T$4000,H$5,FALSE) -> 16 | I37: =VLOOKUP($C37,'2Q26'!$B$14:$T$4000,I$5,FALSE) -> 81.38 | J37: =VLOOKUP($C37,'2Q26'!$B$14:$T$4000,J$5,FALSE) -> 87.61 | K37: =VLOOKUP($C37,'2Q26'!$B$14:$T$4000,K$5,FALSE) -> 83.76 | L37: =VLOOKUP($C37,'2Q26'!$B$14:$T$4000,L$5,FALSE) -> 89.54 | M37: =(L37-K37)/ABS(K37)*100 -> 6.9006686 | N37: =IF(ISBLANK(VLOOKUP($C37,'2Q26'!$B$14:$T$3000,N$5,FALSE)),"",VLOOKUP($C37,'2Q26'!$B$14:$T$3000,N$5,FALSE)) | O37: =IF(AND(I37<K37,J37<L37,K37<L37),1,IF(AND(I37>K37,J37>L37,K37>L37),-1,0)) -> 1 | P37: =IF(ISBLANK(VLOOKUP($C37,'2Q26'!$B$14:$T$3000,P$5,FALSE)),"",VLOOKUP($C37,'2Q26'!$B$14:$T$3000,P$5,FALSE)) | Q37: =IF(O37=1,"Surprise",IF(O37=-1,"Shock","")) -> Surprise | R37: =IF(N37="","",IF((N37-L37)/ABS(L37)>$R$9,"Surprise",IF((N37-L37)/ABS(L37)<$R$9*-1,"Shock",""))) | S37: =VLOOKUP($C37,'2Q26'!$B$14:$T$3000,S$5,FALSE) -> 73.06 | T37: =VLOOKUP($C37,'2Q26'!$B$14:$T$3000,T$5,FALSE) -> 138.04 | X37: =X36+1 -> 3 | Y37: A035720 | Z37: 다음
B38: 18 | C38: =VLOOKUP(B38,'2Q26'!$A$14:$B$4000,2,FALSE) -> A006400 | D38: =VLOOKUP($C38,'2Q26'!$B$14:$T$4000,D$5,FALSE) -> 삼성SDI | E38: =VLOOKUP($C38,'2Q26'!$B$14:$T$4000,E$5,FALSE) -> KS | F38: =VLOOKUP($C38,'2Q26'!$B$14:$T$4000,F$5,FALSE) -> 전기제품 | G38: =VLOOKUP($C38,'2Q26'!$B$14:$T$4000,G$5,FALSE) -> 39567.5 | H38: =VLOOKUP($C38,'2Q26'!$B$14:$T$4000,H$5,FALSE) -> 23 | I38: =VLOOKUP($C38,'2Q26'!$B$14:$T$4000,I$5,FALSE) -> -73.41 | J38: =VLOOKUP($C38,'2Q26'!$B$14:$T$4000,J$5,FALSE) -> -51.4 | K38: =VLOOKUP($C38,'2Q26'!$B$14:$T$4000,K$5,FALSE) -> -66.06 | L38: =VLOOKUP($C38,'2Q26'!$B$14:$T$4000,L$5,FALSE) -> -28.34 | M38: =(L38-K38)/ABS(K38)*100 -> 57.099606 | N38: =IF(ISBLANK(VLOOKUP($C38,'2Q26'!$B$14:$T$3000,N$5,FALSE)),"",VLOOKUP($C38,'2Q26'!$B$14:$T$3000,N$5,FALSE)) | O38: =IF(AND(I38<K38,J38<L38,K38<L38),1,IF(AND(I38>K38,J38>L38,K38>L38),-1,0)) -> 1 | P38: =IF(ISBLANK(VLOOKUP($C38,'2Q26'!$B$14:$T$3000,P$5,FALSE)),"",VLOOKUP($C38,'2Q26'!$B$14:$T$3000,P$5,FALSE)) | Q38: =IF(O38=1,"Surprise",IF(O38=-1,"Shock","")) -> Surprise | R38: =IF(N38="","",IF((N38-L38)/ABS(L38)>$R$9,"Surprise",IF((N38-L38)/ABS(L38)<$R$9*-1,"Shock",""))) | S38: =VLOOKUP($C38,'2Q26'!$B$14:$T$3000,S$5,FALSE) -> -24.69 | T38: =VLOOKUP($C38,'2Q26'!$B$14:$T$3000,T$5,FALSE) -> 13.66 | X38: =X37+1 -> 4 | Y38: A000830 | Z38: 삼성물산
B39: 30 | C39: =VLOOKUP(B39,'2Q26'!$A$14:$B$4000,2,FALSE) -> A011070 | D39: =VLOOKUP($C39,'2Q26'!$B$14:$T$4000,D$5,FALSE) -> LG이노텍 | E39: =VLOOKUP($C39,'2Q26'!$B$14:$T$4000,E$5,FALSE) -> KS | F39: =VLOOKUP($C39,'2Q26'!$B$14:$T$4000,F$5,FALSE) -> 전자장비,사무용전자제품 | G39: =VLOOKUP($C39,'2Q26'!$B$14:$T$4000,G$5,FALSE) -> 21466.07 | H39: =VLOOKUP($C39,'2Q26'!$B$14:$T$4000,H$5,FALSE) -> 21 | I39: =VLOOKUP($C39,'2Q26'!$B$14:$T$4000,I$5,FALSE) -> 148.72 | J39: =VLOOKUP($C39,'2Q26'!$B$14:$T$4000,J$5,FALSE) -> 156.83 | K39: =VLOOKUP($C39,'2Q26'!$B$14:$T$4000,K$5,FALSE) -> 153.7 | L39: =VLOOKUP($C39,'2Q26'!$B$14:$T$4000,L$5,FALSE) -> 186.52 | M39: =(L39-K39)/ABS(K39)*100 -> 21.353286 | N39: =IF(ISBLANK(VLOOKUP($C39,'2Q26'!$B$14:$T$3000,N$5,FALSE)),"",VLOOKUP($C39,'2Q26'!$B$14:$T$3000,N$5,FALSE)) | O39: =IF(AND(I39<K39,J39<L39,K39<L39),1,IF(AND(I39>K39,J39>L39,K39>L39),-1,0)) -> 1 | P39: =IF(ISBLANK(VLOOKUP($C39,'2Q26'!$B$14:$T$3000,P$5,FALSE)),"",VLOOKUP($C39,'2Q26'!$B$14:$T$3000,P$5,FALSE)) -> 20260727 | Q39: =IF(O39=1,"Surprise",IF(O39=-1,"Shock","")) -> Surprise | R39: =IF(N39="","",IF((N39-L39)/ABS(L39)>$R$9,"Surprise",IF((N39-L39)/ABS(L39)<$R$9*-1,"Shock",""))) | S39: =VLOOKUP($C39,'2Q26'!$B$14:$T$3000,S$5,FALSE) -> -40.72 | T39: =VLOOKUP($C39,'2Q26'!$B$14:$T$3000,T$5,FALSE) -> 164.43 | X39: =X38+1 -> 5 | Y39: A053000 | Z39: 우리금융
B40: 93 | C40: =VLOOKUP(B40,'2Q26'!$A$14:$B$4000,2,FALSE) -> A052690 | D40: =VLOOKUP($C40,'2Q26'!$B$14:$T$4000,D$5,FALSE) -> 한전기술 | E40: =VLOOKUP($C40,'2Q26'!$B$14:$T$4000,E$5,FALSE) -> KS | F40: =VLOOKUP($C40,'2Q26'!$B$14:$T$4000,F$5,FALSE) -> 유틸리티 | G40: =VLOOKUP($C40,'2Q26'!$B$14:$T$4000,G$5,FALSE) -> 4353.26 | H40: =VLOOKUP($C40,'2Q26'!$B$14:$T$4000,H$5,FALSE) -> 12 | I40: =VLOOKUP($C40,'2Q26'!$B$14:$T$4000,I$5,FALSE) -> 12.72 | J40: =VLOOKUP($C40,'2Q26'!$B$14:$T$4000,J$5,FALSE) -> 14 | K40: =VLOOKUP($C40,'2Q26'!$B$14:$T$4000,K$5,FALSE) -> 13.91 | L40: =VLOOKUP($C40,'2Q26'!$B$14:$T$4000,L$5,FALSE) -> 15.65 | M40: =(L40-K40)/ABS(K40)*100 -> 12.508986 | N40: =IF(ISBLANK(VLOOKUP($C40,'2Q26'!$B$14:$T$3000,N$5,FALSE)),"",VLOOKUP($C40,'2Q26'!$B$14:$T$3000,N$5,FALSE)) | O40: =IF(AND(I40<K40,J40<L40,K40<L40),1,IF(AND(I40>K40,J40>L40,K40>L40),-1,0)) -> 1 | P40: =IF(ISBLANK(VLOOKUP($C40,'2Q26'!$B$14:$T$3000,P$5,FALSE)),"",VLOOKUP($C40,'2Q26'!$B$14:$T$3000,P$5,FALSE)) | Q40: =IF(O40=1,"Surprise",IF(O40=-1,"Shock","")) -> Surprise | R40: =IF(N40="","",IF((N40-L40)/ABS(L40)>$R$9,"Surprise",IF((N40-L40)/ABS(L40)<$R$9*-1,"Shock",""))) | S40: =VLOOKUP($C40,'2Q26'!$B$14:$T$3000,S$5,FALSE) -> -15.25 | T40: =VLOOKUP($C40,'2Q26'!$B$14:$T$3000,T$5,FALSE) -> -31.92
B41: 69 | C41: =VLOOKUP(B41,'2Q26'!$A$14:$B$4000,2,FALSE) -> A047040 | D41: =VLOOKUP($C41,'2Q26'!$B$14:$T$4000,D$5,FALSE) -> 대우건설 | E41: =VLOOKUP($C41,'2Q26'!$B$14:$T$4000,E$5,FALSE) -> KS | F41: =VLOOKUP($C41,'2Q26'!$B$14:$T$4000,F$5,FALSE) -> 건설,건축제품,건축자재 | G41: =VLOOKUP($C41,'2Q26'!$B$14:$T$4000,G$5,FALSE) -> 7979.83 | H41: =VLOOKUP($C41,'2Q26'!$B$14:$T$4000,H$5,FALSE) -> 13 | I41: =VLOOKUP($C41,'2Q26'!$B$14:$T$4000,I$5,FALSE) -> 144.07 | J41: =VLOOKUP($C41,'2Q26'!$B$14:$T$4000,J$5,FALSE) -> 127.97 | K41: =VLOOKUP($C41,'2Q26'!$B$14:$T$4000,K$5,FALSE) -> 145.78 | L41: =VLOOKUP($C41,'2Q26'!$B$14:$T$4000,L$5,FALSE) -> 152.95 | M41: =(L41-K41)/ABS(K41)*100 -> 4.9183701 | N41: =IF(ISBLANK(VLOOKUP($C41,'2Q26'!$B$14:$T$3000,N$5,FALSE)),"",VLOOKUP($C41,'2Q26'!$B$14:$T$3000,N$5,FALSE)) | O41: =IF(AND(I41<K41,J41<L41,K41<L41),1,IF(AND(I41>K41,J41>L41,K41>L41),-1,0)) -> 1 | P41: =IF(ISBLANK(VLOOKUP($C41,'2Q26'!$B$14:$T$3000,P$5,FALSE)),"",VLOOKUP($C41,'2Q26'!$B$14:$T$3000,P$5,FALSE)) | Q41: =IF(O41=1,"Surprise",IF(O41=-1,"Shock","")) -> Surprise | R41: =IF(N41="","",IF((N41-L41)/ABS(L41)>$R$9,"Surprise",IF((N41-L41)/ABS(L41)<$R$9*-1,"Shock",""))) | S41: =VLOOKUP($C41,'2Q26'!$B$14:$T$3000,S$5,FALSE) -> -19.92 | T41: =VLOOKUP($C41,'2Q26'!$B$14:$T$3000,T$5,FALSE) -> -0.05
B42: 15 | C42: =VLOOKUP(B42,'2Q26'!$A$14:$B$4000,2,FALSE) -> A055550 | D42: =VLOOKUP($C42,'2Q26'!$B$14:$T$4000,D$5,FALSE) -> 신한지주 | E42: =VLOOKUP($C42,'2Q26'!$B$14:$T$4000,E$5,FALSE) -> KS | F42: =VLOOKUP($C42,'2Q26'!$B$14:$T$4000,F$5,FALSE) -> 은행 | G42: =VLOOKUP($C42,'2Q26'!$B$14:$T$4000,G$5,FALSE) -> 45756.68 | H42: =VLOOKUP($C42,'2Q26'!$B$14:$T$4000,H$5,FALSE) -> 18 | I42: =VLOOKUP($C42,'2Q26'!$B$14:$T$4000,I$5,FALSE) -> 2199.67 | J42: =VLOOKUP($C42,'2Q26'!$B$14:$T$4000,J$5,FALSE) -> 2223 | K42: =VLOOKUP($C42,'2Q26'!$B$14:$T$4000,K$5,FALSE) -> 2205.62 | L42: =VLOOKUP($C42,'2Q26'!$B$14:$T$4000,L$5,FALSE) -> 2249.8 | M42: =(L42-K42)/ABS(K42)*100 -> 2.0030649 | N42: =IF(ISBLANK(VLOOKUP($C42,'2Q26'!$B$14:$T$3000,N$5,FALSE)),"",VLOOKUP($C42,'2Q26'!$B$14:$T$3000,N$5,FALSE)) | O42: =IF(AND(I42<K42,J42<L42,K42<L42),1,IF(AND(I42>K42,J42>L42,K42>L42),-1,0)) -> 1 | P42: =IF(ISBLANK(VLOOKUP($C42,'2Q26'!$B$14:$T$3000,P$5,FALSE)),"",VLOOKUP($C42,'2Q26'!$B$14:$T$3000,P$5,FALSE)) | Q42: =IF(O42=1,"Surprise",IF(O42=-1,"Shock","")) -> Surprise | R42: =IF(N42="","",IF((N42-L42)/ABS(L42)>$R$9,"Surprise",IF((N42-L42)/ABS(L42)<$R$9*-1,"Shock",""))) | S42: =VLOOKUP($C42,'2Q26'!$B$14:$T$3000,S$5,FALSE) -> 4.1 | T42: =VLOOKUP($C42,'2Q26'!$B$14:$T$3000,T$5,FALSE) -> 3.32 | X42: =X41+1 -> 1 | Y42: A028050 | Z42: 삼성엔지니어링
B43: 132 | C43: =VLOOKUP(B43,'2Q26'!$A$14:$B$4000,2,FALSE) -> A081660 | D43: =VLOOKUP($C43,'2Q26'!$B$14:$T$4000,D$5,FALSE) -> 미스토홀딩스 | E43: =VLOOKUP($C43,'2Q26'!$B$14:$T$4000,E$5,FALSE) -> KS | F43: =VLOOKUP($C43,'2Q26'!$B$14:$T$4000,F$5,FALSE) -> 의류 | G43: =VLOOKUP($C43,'2Q26'!$B$14:$T$4000,G$5,FALSE) -> 2288.26 | H43: =VLOOKUP($C43,'2Q26'!$B$14:$T$4000,H$5,FALSE) -> 9 | I43: =VLOOKUP($C43,'2Q26'!$B$14:$T$4000,I$5,FALSE) -> 206.51 | J43: =VLOOKUP($C43,'2Q26'!$B$14:$T$4000,J$5,FALSE) -> 205.33 | K43: =VLOOKUP($C43,'2Q26'!$B$14:$T$4000,K$5,FALSE) -> 207.48 | L43: =VLOOKUP($C43,'2Q26'!$B$14:$T$4000,L$5,FALSE) -> 214.5 | M43: =(L43-K43)/ABS(K43)*100 -> 3.3834586 | N43: =IF(ISBLANK(VLOOKUP($C43,'2Q26'!$B$14:$T$3000,N$5,FALSE)),"",VLOOKUP($C43,'2Q26'!$B$14:$T$3000,N$5,FALSE)) | O43: =IF(AND(I43<K43,J43<L43,K43<L43),1,IF(AND(I43>K43,J43>L43,K43>L43),-1,0)) -> 1 | P43: =IF(ISBLANK(VLOOKUP($C43,'2Q26'!$B$14:$T$3000,P$5,FALSE)),"",VLOOKUP($C43,'2Q26'!$B$14:$T$3000,P$5,FALSE)) | Q43: =IF(O43=1,"Surprise",IF(O43=-1,"Shock","")) -> Surprise | R43: =IF(N43="","",IF((N43-L43)/ABS(L43)>$R$9,"Surprise",IF((N43-L43)/ABS(L43)<$R$9*-1,"Shock",""))) | S43: =VLOOKUP($C43,'2Q26'!$B$14:$T$3000,S$5,FALSE) -> 15.24 | T43: =VLOOKUP($C43,'2Q26'!$B$14:$T$3000,T$5,FALSE) -> 2.99 | X43: =X42+1 -> 2 | Y43: A033630 | Z43: SK브로드밴드
B44: 82 | C44: =VLOOKUP(B44,'2Q26'!$A$14:$B$4000,2,FALSE) -> A222800 | D44: =VLOOKUP($C44,'2Q26'!$B$14:$T$4000,D$5,FALSE) -> 심텍 | E44: =VLOOKUP($C44,'2Q26'!$B$14:$T$4000,E$5,FALSE) -> KQ | F44: =VLOOKUP($C44,'2Q26'!$B$14:$T$4000,F$5,FALSE) -> 전자장비,사무용전자제품 | G44: =VLOOKUP($C44,'2Q26'!$B$14:$T$4000,G$5,FALSE) -> 5893.08 | H44: =VLOOKUP($C44,'2Q26'!$B$14:$T$4000,H$5,FALSE) -> 8 | I44: =VLOOKUP($C44,'2Q26'!$B$14:$T$4000,I$5,FALSE) -> 43.39 | J44: =VLOOKUP($C44,'2Q26'!$B$14:$T$4000,J$5,FALSE) -> 45.58 | K44: =VLOOKUP($C44,'2Q26'!$B$14:$T$4000,K$5,FALSE) -> 43.53 | L44: =VLOOKUP($C44,'2Q26'!$B$14:$T$4000,L$5,FALSE) -> 45.8 | M44: =(L44-K44)/ABS(K44)*100 -> 5.2147944 | N44: =IF(ISBLANK(VLOOKUP($C44,'2Q26'!$B$14:$T$3000,N$5,FALSE)),"",VLOOKUP($C44,'2Q26'!$B$14:$T$3000,N$5,FALSE)) | O44: =IF(AND(I44<K44,J44<L44,K44<L44),1,IF(AND(I44>K44,J44>L44,K44>L44),-1,0)) -> 1 | P44: =IF(ISBLANK(VLOOKUP($C44,'2Q26'!$B$14:$T$3000,P$5,FALSE)),"",VLOOKUP($C44,'2Q26'!$B$14:$T$3000,P$5,FALSE)) | Q44: =IF(O44=1,"Surprise",IF(O44=-1,"Shock","")) -> Surprise | R44: =IF(N44="","",IF((N44-L44)/ABS(L44)>$R$9,"Surprise",IF((N44-L44)/ABS(L44)<$R$9*-1,"Shock",""))) | S44: =VLOOKUP($C44,'2Q26'!$B$14:$T$3000,S$5,FALSE) -> 56.99 | T44: =VLOOKUP($C44,'2Q26'!$B$14:$T$3000,T$5,FALSE) -> 197.35 | X44: =X43+1 -> 3 | Y44: A004020 | Z44: 현대제철
B45: 33 | C45: =VLOOKUP(B45,'2Q26'!$A$14:$B$4000,2,FALSE) -> A064350 | D45: =VLOOKUP($C45,'2Q26'!$B$14:$T$4000,D$5,FALSE) -> 현대로템 | E45: =VLOOKUP($C45,'2Q26'!$B$14:$T$4000,E$5,FALSE) -> KS | F45: =VLOOKUP($C45,'2Q26'!$B$14:$T$4000,F$5,FALSE) -> 기타자본재 | G45: =VLOOKUP($C45,'2Q26'!$B$14:$T$4000,G$5,FALSE) -> 20715.21 | H45: =VLOOKUP($C45,'2Q26'!$B$14:$T$4000,H$5,FALSE) -> 19 | I45: =VLOOKUP($C45,'2Q26'!$B$14:$T$4000,I$5,FALSE) -> 269.74 | J45: =VLOOKUP($C45,'2Q26'!$B$14:$T$4000,J$5,FALSE) -> 268.5 | K45: =VLOOKUP($C45,'2Q26'!$B$14:$T$4000,K$5,FALSE) -> 270.15 | L45: =VLOOKUP($C45,'2Q26'!$B$14:$T$4000,L$5,FALSE) -> 282.35 | M45: =(L45-K45)/ABS(K45)*100 -> 4.5160096 | N45: =IF(ISBLANK(VLOOKUP($C45,'2Q26'!$B$14:$T$3000,N$5,FALSE)),"",VLOOKUP($C45,'2Q26'!$B$14:$T$3000,N$5,FALSE)) | O45: =IF(AND(I45<K45,J45<L45,K45<L45),1,IF(AND(I45>K45,J45>L45,K45>L45),-1,0)) -> 1 | P45: =IF(ISBLANK(VLOOKUP($C45,'2Q26'!$B$14:$T$3000,P$5,FALSE)),"",VLOOKUP($C45,'2Q26'!$B$14:$T$3000,P$5,FALSE)) | Q45: =IF(O45=1,"Surprise",IF(O45=-1,"Shock","")) -> Surprise | R45: =IF(N45="","",IF((N45-L45)/ABS(L45)>$R$9,"Surprise",IF((N45-L45)/ABS(L45)<$R$9*-1,"Shock",""))) | S45: =VLOOKUP($C45,'2Q26'!$B$14:$T$3000,S$5,FALSE) -> -10.89 | T45: =VLOOKUP($C45,'2Q26'!$B$14:$T$3000,T$5,FALSE) -> 0.53
B46: 53 | C46: =VLOOKUP(B46,'2Q26'!$A$14:$B$4000,2,FALSE) -> A071050 | D46: =VLOOKUP($C46,'2Q26'!$B$14:$T$4000,D$5,FALSE) -> 한국금융지주 | E46: =VLOOKUP($C46,'2Q26'!$B$14:$T$4000,E$5,FALSE) -> KS | F46: =VLOOKUP($C46,'2Q26'!$B$14:$T$4000,F$5,FALSE) -> 증권 | G46: =VLOOKUP($C46,'2Q26'!$B$14:$T$4000,G$5,FALSE) -> 12705.53 | H46: =VLOOKUP($C46,'2Q26'!$B$14:$T$4000,H$5,FALSE) -> 15 | I46: =VLOOKUP($C46,'2Q26'!$B$14:$T$4000,I$5,FALSE) -> 872.26 | J46: =VLOOKUP($C46,'2Q26'!$B$14:$T$4000,J$5,FALSE) -> 869.9 | K46: =VLOOKUP($C46,'2Q26'!$B$14:$T$4000,K$5,FALSE) -> 921.26 | L46: =VLOOKUP($C46,'2Q26'!$B$14:$T$4000,L$5,FALSE) -> 1061.3 | M46: =(L46-K46)/ABS(K46)*100 -> 15.20092 | N46: =IF(ISBLANK(VLOOKUP($C46,'2Q26'!$B$14:$T$3000,N$5,FALSE)),"",VLOOKUP($C46,'2Q26'!$B$14:$T$3000,N$5,FALSE)) | O46: =IF(AND(I46<K46,J46<L46,K46<L46),1,IF(AND(I46>K46,J46>L46,K46>L46),-1,0)) -> 1 | P46: =IF(ISBLANK(VLOOKUP($C46,'2Q26'!$B$14:$T$3000,P$5,FALSE)),"",VLOOKUP($C46,'2Q26'!$B$14:$T$3000,P$5,FALSE)) | Q46: =IF(O46=1,"Surprise",IF(O46=-1,"Shock","")) -> Surprise | R46: =IF(N46="","",IF((N46-L46)/ABS(L46)>$R$9,"Surprise",IF((N46-L46)/ABS(L46)<$R$9*-1,"Shock",""))) | S46: =VLOOKUP($C46,'2Q26'!$B$14:$T$3000,S$5,FALSE) -> -7.32 | T46: =VLOOKUP($C46,'2Q26'!$B$14:$T$3000,T$5,FALSE) -> 1.79
B47: 54 | C47: =VLOOKUP(B47,'2Q26'!$A$14:$B$4000,2,FALSE) -> A006260 | D47: =VLOOKUP($C47,'2Q26'!$B$14:$T$4000,D$5,FALSE) -> LS | E47: =VLOOKUP($C47,'2Q26'!$B$14:$T$4000,E$5,FALSE) -> KS | F47: =VLOOKUP($C47,'2Q26'!$B$14:$T$4000,F$5,FALSE) -> 전기장비 | G47: =VLOOKUP($C47,'2Q26'!$B$14:$T$4000,G$5,FALSE) -> 12448.8 | H47: =VLOOKUP($C47,'2Q26'!$B$14:$T$4000,H$5,FALSE) -> 11 | I47: =VLOOKUP($C47,'2Q26'!$B$14:$T$4000,I$5,FALSE) -> 414.19 | J47: =VLOOKUP($C47,'2Q26'!$B$14:$T$4000,J$5,FALSE) -> 419.77 | K47: =VLOOKUP($C47,'2Q26'!$B$14:$T$4000,K$5,FALSE) -> 429.15 | L47: =VLOOKUP($C47,'2Q26'!$B$14:$T$4000,L$5,FALSE) -> 459.75 | M47: =(L47-K47)/ABS(K47)*100 -> 7.130374 | N47: =IF(ISBLANK(VLOOKUP($C47,'2Q26'!$B$14:$T$3000,N$5,FALSE)),"",VLOOKUP($C47,'2Q26'!$B$14:$T$3000,N$5,FALSE)) | O47: =IF(AND(I47<K47,J47<L47,K47<L47),1,IF(AND(I47>K47,J47>L47,K47>L47),-1,0)) -> 1 | P47: =IF(ISBLANK(VLOOKUP($C47,'2Q26'!$B$14:$T$3000,P$5,FALSE)),"",VLOOKUP($C47,'2Q26'!$B$14:$T$3000,P$5,FALSE)) | Q47: =IF(O47=1,"Surprise",IF(O47=-1,"Shock","")) -> Surprise | R47: =IF(N47="","",IF((N47-L47)/ABS(L47)>$R$9,"Surprise",IF((N47-L47)/ABS(L47)<$R$9*-1,"Shock",""))) | S47: =VLOOKUP($C47,'2Q26'!$B$14:$T$3000,S$5,FALSE) -> -14.38 | T47: =VLOOKUP($C47,'2Q26'!$B$14:$T$3000,T$5,FALSE) -> 43.27 | X47: =X46+1 -> 1 | Y47: A005180 | Z47: 빙그레
B48: 148 | C48: =VLOOKUP(B48,'2Q26'!$A$14:$B$4000,2,FALSE) -> A008770 | D48: =VLOOKUP($C48,'2Q26'!$B$14:$T$4000,D$5,FALSE) -> 호텔신라 | E48: =VLOOKUP($C48,'2Q26'!$B$14:$T$4000,E$5,FALSE) -> KS | F48: =VLOOKUP($C48,'2Q26'!$B$14:$T$4000,F$5,FALSE) -> 백화점 | G48: =VLOOKUP($C48,'2Q26'!$B$14:$T$4000,G$5,FALSE) -> 1848.59 | H48: =VLOOKUP($C48,'2Q26'!$B$14:$T$4000,H$5,FALSE) -> 14 | I48: =VLOOKUP($C48,'2Q26'!$B$14:$T$4000,I$5,FALSE) -> 49.65 | J48: =VLOOKUP($C48,'2Q26'!$B$14:$T$4000,J$5,FALSE) -> 53.85 | K48: =VLOOKUP($C48,'2Q26'!$B$14:$T$4000,K$5,FALSE) -> 50.19 | L48: =VLOOKUP($C48,'2Q26'!$B$14:$T$4000,L$5,FALSE) -> 55.5 | M48: =(L48-K48)/ABS(K48)*100 -> 10.579797 | N48: =IF(ISBLANK(VLOOKUP($C48,'2Q26'!$B$14:$T$3000,N$5,FALSE)),"",VLOOKUP($C48,'2Q26'!$B$14:$T$3000,N$5,FALSE)) | O48: =IF(AND(I48<K48,J48<L48,K48<L48),1,IF(AND(I48>K48,J48>L48,K48>L48),-1,0)) -> 1 | P48: =IF(ISBLANK(VLOOKUP($C48,'2Q26'!$B$14:$T$3000,P$5,FALSE)),"",VLOOKUP($C48,'2Q26'!$B$14:$T$3000,P$5,FALSE)) | Q48: =IF(O48=1,"Surprise",IF(O48=-1,"Shock","")) -> Surprise | R48: =IF(N48="","",IF((N48-L48)/ABS(L48)>$R$9,"Surprise",IF((N48-L48)/ABS(L48)<$R$9*-1,"Shock",""))) | S48: =VLOOKUP($C48,'2Q26'!$B$14:$T$3000,S$5,FALSE) -> -13.1 | T48: =VLOOKUP($C48,'2Q26'!$B$14:$T$3000,T$5,FALSE) -> 6.56 | X48: =X47+1 -> 2 | Y48: A010950 | Z48: S-Oil
B49: 73 | C49: =VLOOKUP(B49,'2Q26'!$A$14:$B$4000,2,FALSE) -> A004170 | D49: =VLOOKUP($C49,'2Q26'!$B$14:$T$4000,D$5,FALSE) -> 신세계 | E49: =VLOOKUP($C49,'2Q26'!$B$14:$T$4000,E$5,FALSE) -> KS | F49: =VLOOKUP($C49,'2Q26'!$B$14:$T$4000,F$5,FALSE) -> 백화점 | G49: =VLOOKUP($C49,'2Q26'!$B$14:$T$4000,G$5,FALSE) -> 7329.46 | H49: =VLOOKUP($C49,'2Q26'!$B$14:$T$4000,H$5,FALSE) -> 18 | I49: =VLOOKUP($C49,'2Q26'!$B$14:$T$4000,I$5,FALSE) -> 143.03 | J49: =VLOOKUP($C49,'2Q26'!$B$14:$T$4000,J$5,FALSE) -> 149.6 | K49: =VLOOKUP($C49,'2Q26'!$B$14:$T$4000,K$5,FALSE) -> 146.28 | L49: =VLOOKUP($C49,'2Q26'!$B$14:$T$4000,L$5,FALSE) -> 154.73 | M49: =(L49-K49)/ABS(K49)*100 -> 5.7765928 | N49: =IF(ISBLANK(VLOOKUP($C49,'2Q26'!$B$14:$T$3000,N$5,FALSE)),"",VLOOKUP($C49,'2Q26'!$B$14:$T$3000,N$5,FALSE)) | O49: =IF(AND(I49<K49,J49<L49,K49<L49),1,IF(AND(I49>K49,J49>L49,K49>L49),-1,0)) -> 1 | P49: =IF(ISBLANK(VLOOKUP($C49,'2Q26'!$B$14:$T$3000,P$5,FALSE)),"",VLOOKUP($C49,'2Q26'!$B$14:$T$3000,P$5,FALSE)) | Q49: =IF(O49=1,"Surprise",IF(O49=-1,"Shock","")) -> Surprise | R49: =IF(N49="","",IF((N49-L49)/ABS(L49)>$R$9,"Surprise",IF((N49-L49)/ABS(L49)<$R$9*-1,"Shock",""))) | S49: =VLOOKUP($C49,'2Q26'!$B$14:$T$3000,S$5,FALSE) -> 50.39 | T49: =VLOOKUP($C49,'2Q26'!$B$14:$T$3000,T$5,FALSE) -> 145.18 | X49: =X48+1 -> 3 | Y49: A011070 | Z49: LG이노텍
B50: 19 | C50: =VLOOKUP(B50,'2Q26'!$A$14:$B$4000,2,FALSE) -> A010120 | D50: =VLOOKUP($C50,'2Q26'!$B$14:$T$4000,D$5,FALSE) -> LS ELECTRIC | E50: =VLOOKUP($C50,'2Q26'!$B$14:$T$4000,E$5,FALSE) -> KS | F50: =VLOOKUP($C50,'2Q26'!$B$14:$T$4000,F$5,FALSE) -> 전기장비 | G50: =VLOOKUP($C50,'2Q26'!$B$14:$T$4000,G$5,FALSE) -> 39525 | H50: =VLOOKUP($C50,'2Q26'!$B$14:$T$4000,H$5,FALSE) -> 13 | I50: =VLOOKUP($C50,'2Q26'!$B$14:$T$4000,I$5,FALSE) -> 155.86 | J50: =VLOOKUP($C50,'2Q26'!$B$14:$T$4000,J$5,FALSE) -> 161.1 | K50: =VLOOKUP($C50,'2Q26'!$B$14:$T$4000,K$5,FALSE) -> 158.03 | L50: =VLOOKUP($C50,'2Q26'!$B$14:$T$4000,L$5,FALSE) -> 162.33 | M50: =(L50-K50)/ABS(K50)*100 -> 2.7210023 | N50: =IF(ISBLANK(VLOOKUP($C50,'2Q26'!$B$14:$T$3000,N$5,FALSE)),"",VLOOKUP($C50,'2Q26'!$B$14:$T$3000,N$5,FALSE)) | O50: =IF(AND(I50<K50,J50<L50,K50<L50),1,IF(AND(I50>K50,J50>L50,K50>L50),-1,0)) -> 1 | P50: =IF(ISBLANK(VLOOKUP($C50,'2Q26'!$B$14:$T$3000,P$5,FALSE)),"",VLOOKUP($C50,'2Q26'!$B$14:$T$3000,P$5,FALSE)) | Q50: =IF(O50=1,"Surprise",IF(O50=-1,"Shock","")) -> Surprise | R50: =IF(N50="","",IF((N50-L50)/ABS(L50)>$R$9,"Surprise",IF((N50-L50)/ABS(L50)<$R$9*-1,"Shock",""))) | S50: =VLOOKUP($C50,'2Q26'!$B$14:$T$3000,S$5,FALSE) -> -1.31 | T50: =VLOOKUP($C50,'2Q26'!$B$14:$T$3000,T$5,FALSE) -> 65.93
B51: 61 | C51: =VLOOKUP(B51,'2Q26'!$A$14:$B$4000,2,FALSE) -> A016360 | D51: =VLOOKUP($C51,'2Q26'!$B$14:$T$4000,D$5,FALSE) -> 삼성증권 | E51: =VLOOKUP($C51,'2Q26'!$B$14:$T$4000,E$5,FALSE) -> KS | F51: =VLOOKUP($C51,'2Q26'!$B$14:$T$4000,F$5,FALSE) -> 증권 | G51: =VLOOKUP($C51,'2Q26'!$B$14:$T$4000,G$5,FALSE) -> 10064.11 | H51: =VLOOKUP($C51,'2Q26'!$B$14:$T$4000,H$5,FALSE) -> 18 | I51: =VLOOKUP($C51,'2Q26'!$B$14:$T$4000,I$5,FALSE) -> 576.29 | J51: =VLOOKUP($C51,'2Q26'!$B$14:$T$4000,J$5,FALSE) -> 604.7 | K51: =VLOOKUP($C51,'2Q26'!$B$14:$T$4000,K$5,FALSE) -> 589.11 | L51: =VLOOKUP($C51,'2Q26'!$B$14:$T$4000,L$5,FALSE) -> 651.35 | M51: =(L51-K51)/ABS(K51)*100 -> 10.56509 | N51: =IF(ISBLANK(VLOOKUP($C51,'2Q26'!$B$14:$T$3000,N$5,FALSE)),"",VLOOKUP($C51,'2Q26'!$B$14:$T$3000,N$5,FALSE)) | O51: =IF(AND(I51<K51,J51<L51,K51<L51),1,IF(AND(I51>K51,J51>L51,K51>L51),-1,0)) -> 1 | P51: =IF(ISBLANK(VLOOKUP($C51,'2Q26'!$B$14:$T$3000,P$5,FALSE)),"",VLOOKUP($C51,'2Q26'!$B$14:$T$3000,P$5,FALSE)) | Q51: =IF(O51=1,"Surprise",IF(O51=-1,"Shock","")) -> Surprise | R51: =IF(N51="","",IF((N51-L51)/ABS(L51)>$R$9,"Surprise",IF((N51-L51)/ABS(L51)<$R$9*-1,"Shock",""))) | S51: =VLOOKUP($C51,'2Q26'!$B$14:$T$3000,S$5,FALSE) -> -9.48 | T51: =VLOOKUP($C51,'2Q26'!$B$14:$T$3000,T$5,FALSE) -> 14.53 | X51: =X50+1 -> 1 | Y51: A066570 | Z51: LG전자
B52: 96 | C52: =VLOOKUP(B52,'2Q26'!$A$14:$B$4000,2,FALSE) -> A002380 | D52: =VLOOKUP($C52,'2Q26'!$B$14:$T$4000,D$5,FALSE) -> KCC | E52: =VLOOKUP($C52,'2Q26'!$B$14:$T$4000,E$5,FALSE) -> KS | F52: =VLOOKUP($C52,'2Q26'!$B$14:$T$4000,F$5,FALSE) -> 건설,건축제품,건축자재 | G52: =VLOOKUP($C52,'2Q26'!$B$14:$T$4000,G$5,FALSE) -> 4098.81 | H52: =VLOOKUP($C52,'2Q26'!$B$14:$T$4000,H$5,FALSE) -> 4 | I52: =VLOOKUP($C52,'2Q26'!$B$14:$T$4000,I$5,FALSE) -> 100.85 | J52: =VLOOKUP($C52,'2Q26'!$B$14:$T$4000,J$5,FALSE) -> 97 | K52: =VLOOKUP($C52,'2Q26'!$B$14:$T$4000,K$5,FALSE) -> 105.08 | L52: =VLOOKUP($C52,'2Q26'!$B$14:$T$4000,L$5,FALSE) -> 109.3 | M52: =(L52-K52)/ABS(K52)*100 -> 4.0159878 | N52: =IF(ISBLANK(VLOOKUP($C52,'2Q26'!$B$14:$T$3000,N$5,FALSE)),"",VLOOKUP($C52,'2Q26'!$B$14:$T$3000,N$5,FALSE)) | O52: =IF(AND(I52<K52,J52<L52,K52<L52),1,IF(AND(I52>K52,J52>L52,K52>L52),-1,0)) -> 1 | P52: =IF(ISBLANK(VLOOKUP($C52,'2Q26'!$B$14:$T$3000,P$5,FALSE)),"",VLOOKUP($C52,'2Q26'!$B$14:$T$3000,P$5,FALSE)) | Q52: =IF(O52=1,"Surprise",IF(O52=-1,"Shock","")) -> Surprise | R52: =IF(N52="","",IF((N52-L52)/ABS(L52)>$R$9,"Surprise",IF((N52-L52)/ABS(L52)<$R$9*-1,"Shock",""))) | S52: =VLOOKUP($C52,'2Q26'!$B$14:$T$3000,S$5,FALSE) -> -13.9 | T52: =VLOOKUP($C52,'2Q26'!$B$14:$T$3000,T$5,FALSE) -> -5.36 | X52: =X51+1 -> 2 | Y52: A000080 | Z52: 하이트진로
B53: 89 | C53: =VLOOKUP(B53,'2Q26'!$A$14:$B$4000,2,FALSE) -> A175330 | D53: =VLOOKUP($C53,'2Q26'!$B$14:$T$4000,D$5,FALSE) -> JB금융지주 | E53: =VLOOKUP($C53,'2Q26'!$B$14:$T$4000,E$5,FALSE) -> KS | F53: =VLOOKUP($C53,'2Q26'!$B$14:$T$4000,F$5,FALSE) -> 은행 | G53: =VLOOKUP($C53,'2Q26'!$B$14:$T$4000,G$5,FALSE) -> 4612.21 | H53: =VLOOKUP($C53,'2Q26'!$B$14:$T$4000,H$5,FALSE) -> 17 | I53: =VLOOKUP($C53,'2Q26'!$B$14:$T$4000,I$5,FALSE) -> 283.5 | J53: =VLOOKUP($C53,'2Q26'!$B$14:$T$4000,J$5,FALSE) -> 278 | K53: =VLOOKUP($C53,'2Q26'!$B$14:$T$4000,K$5,FALSE) -> 284.56 | L53: =VLOOKUP($C53,'2Q26'!$B$14:$T$4000,L$5,FALSE) -> 297.3 | M53: =(L53-K53)/ABS(K53)*100 -> 4.4770874 | N53: =IF(ISBLANK(VLOOKUP($C53,'2Q26'!$B$14:$T$3000,N$5,FALSE)),"",VLOOKUP($C53,'2Q26'!$B$14:$T$3000,N$5,FALSE)) | O53: =IF(AND(I53<K53,J53<L53,K53<L53),1,IF(AND(I53>K53,J53>L53,K53>L53),-1,0)) -> 1 | P53: =IF(ISBLANK(VLOOKUP($C53,'2Q26'!$B$14:$T$3000,P$5,FALSE)),"",VLOOKUP($C53,'2Q26'!$B$14:$T$3000,P$5,FALSE)) | Q53: =IF(O53=1,"Surprise",IF(O53=-1,"Shock","")) -> Surprise | R53: =IF(N53="","",IF((N53-L53)/ABS(L53)>$R$9,"Surprise",IF((N53-L53)/ABS(L53)<$R$9*-1,"Shock",""))) | S53: =VLOOKUP($C53,'2Q26'!$B$14:$T$3000,S$5,FALSE) -> 1.66 | T53: =VLOOKUP($C53,'2Q26'!$B$14:$T$3000,T$5,FALSE) -> -19.67
B54: 12 | C54: =VLOOKUP(B54,'2Q26'!$A$14:$B$4000,2,FALSE) -> A105560 | D54: =VLOOKUP($C54,'2Q26'!$B$14:$T$4000,D$5,FALSE) -> KB금융 | E54: =VLOOKUP($C54,'2Q26'!$B$14:$T$4000,E$5,FALSE) -> KS | F54: =VLOOKUP($C54,'2Q26'!$B$14:$T$4000,F$5,FALSE) -> 은행 | G54: =VLOOKUP($C54,'2Q26'!$B$14:$T$4000,G$5,FALSE) -> 56218.01 | H54: =VLOOKUP($C54,'2Q26'!$B$14:$T$4000,H$5,FALSE) -> 19 | I54: =VLOOKUP($C54,'2Q26'!$B$14:$T$4000,I$5,FALSE) -> 2413.5 | J54: =VLOOKUP($C54,'2Q26'!$B$14:$T$4000,J$5,FALSE) -> 2547 | K54: =VLOOKUP($C54,'2Q26'!$B$14:$T$4000,K$5,FALSE) -> 2466.3 | L54: =VLOOKUP($C54,'2Q26'!$B$14:$T$4000,L$5,FALSE) -> 2607.24 | M54: =(L54-K54)/ABS(K54)*100 -> 5.7146333 | N54: =IF(ISBLANK(VLOOKUP($C54,'2Q26'!$B$14:$T$3000,N$5,FALSE)),"",VLOOKUP($C54,'2Q26'!$B$14:$T$3000,N$5,FALSE)) | O54: =IF(AND(I54<K54,J54<L54,K54<L54),1,IF(AND(I54>K54,J54>L54,K54>L54),-1,0)) -> 1 | P54: =IF(ISBLANK(VLOOKUP($C54,'2Q26'!$B$14:$T$3000,P$5,FALSE)),"",VLOOKUP($C54,'2Q26'!$B$14:$T$3000,P$5,FALSE)) | Q54: =IF(O54=1,"Surprise",IF(O54=-1,"Shock","")) -> Surprise | R54: =IF(N54="","",IF((N54-L54)/ABS(L54)>$R$9,"Surprise",IF((N54-L54)/ABS(L54)<$R$9*-1,"Shock",""))) | S54: =VLOOKUP($C54,'2Q26'!$B$14:$T$3000,S$5,FALSE) -> 4.21 | T54: =VLOOKUP($C54,'2Q26'!$B$14:$T$3000,T$5,FALSE) -> 6.88
B55: 114 | C55: =VLOOKUP(B55,'2Q26'!$A$14:$B$4000,2,FALSE) -> A383220 | D55: =VLOOKUP($C55,'2Q26'!$B$14:$T$4000,D$5,FALSE) -> F&F | E55: =VLOOKUP($C55,'2Q26'!$B$14:$T$4000,E$5,FALSE) -> KS | F55: =VLOOKUP($C55,'2Q26'!$B$14:$T$4000,F$5,FALSE) -> 의류 | G55: =VLOOKUP($C55,'2Q26'!$B$14:$T$4000,G$5,FALSE) -> 2964.97 | H55: =VLOOKUP($C55,'2Q26'!$B$14:$T$4000,H$5,FALSE) -> 9 | I55: =VLOOKUP($C55,'2Q26'!$B$14:$T$4000,I$5,FALSE) -> 96.28 | J55: =VLOOKUP($C55,'2Q26'!$B$14:$T$4000,J$5,FALSE) -> 96.9 | K55: =VLOOKUP($C55,'2Q26'!$B$14:$T$4000,K$5,FALSE) -> 96.92 | L55: =VLOOKUP($C55,'2Q26'!$B$14:$T$4000,L$5,FALSE) -> 98.65 | M55: =(L55-K55)/ABS(K55)*100 -> 1.7849773 | N55: =IF(ISBLANK(VLOOKUP($C55,'2Q26'!$B$14:$T$3000,N$5,FALSE)),"",VLOOKUP($C55,'2Q26'!$B$14:$T$3000,N$5,FALSE)) | O55: =IF(AND(I55<K55,J55<L55,K55<L55),1,IF(AND(I55>K55,J55>L55,K55>L55),-1,0)) -> 1 | P55: =IF(ISBLANK(VLOOKUP($C55,'2Q26'!$B$14:$T$3000,P$5,FALSE)),"",VLOOKUP($C55,'2Q26'!$B$14:$T$3000,P$5,FALSE)) | Q55: =IF(O55=1,"Surprise",IF(O55=-1,"Shock","")) -> Surprise | R55: =IF(N55="","",IF((N55-L55)/ABS(L55)>$R$9,"Surprise",IF((N55-L55)/ABS(L55)<$R$9*-1,"Shock",""))) | S55: =VLOOKUP($C55,'2Q26'!$B$14:$T$3000,S$5,FALSE) -> 8.56 | T55: =VLOOKUP($C55,'2Q26'!$B$14:$T$3000,T$5,FALSE) -> 21.51
B56: 78 | C56: =VLOOKUP(B56,'2Q26'!$A$14:$B$4000,2,FALSE) -> A319660 | D56: =VLOOKUP($C56,'2Q26'!$B$14:$T$4000,D$5,FALSE) -> 피에스케이 | E56: =VLOOKUP($C56,'2Q26'!$B$14:$T$4000,E$5,FALSE) -> KQ | F56: =VLOOKUP($C56,'2Q26'!$B$14:$T$4000,F$5,FALSE) -> 반도체 | G56: =VLOOKUP($C56,'2Q26'!$B$14:$T$4000,G$5,FALSE) -> 6126.46 | H56: =VLOOKUP($C56,'2Q26'!$B$14:$T$4000,H$5,FALSE) -> 5 | I56: =VLOOKUP($C56,'2Q26'!$B$14:$T$4000,I$5,FALSE) -> 45.1 | J56: =VLOOKUP($C56,'2Q26'!$B$14:$T$4000,J$5,FALSE) -> 47.93 | K56: =VLOOKUP($C56,'2Q26'!$B$14:$T$4000,K$5,FALSE) -> 46.37 | L56: =VLOOKUP($C56,'2Q26'!$B$14:$T$4000,L$5,FALSE) -> 50 | M56: =(L56-K56)/ABS(K56)*100 -> 7.8283373 | N56: =IF(ISBLANK(VLOOKUP($C56,'2Q26'!$B$14:$T$3000,N$5,FALSE)),"",VLOOKUP($C56,'2Q26'!$B$14:$T$3000,N$5,FALSE)) | O56: =IF(AND(I56<K56,J56<L56,K56<L56),1,IF(AND(I56>K56,J56>L56,K56>L56),-1,0)) -> 1 | P56: =IF(ISBLANK(VLOOKUP($C56,'2Q26'!$B$14:$T$3000,P$5,FALSE)),"",VLOOKUP($C56,'2Q26'!$B$14:$T$3000,P$5,FALSE)) | Q56: =IF(O56=1,"Surprise",IF(O56=-1,"Shock","")) -> Surprise | R56: =IF(N56="","",IF((N56-L56)/ABS(L56)>$R$9,"Surprise",IF((N56-L56)/ABS(L56)<$R$9*-1,"Shock",""))) | S56: =VLOOKUP($C56,'2Q26'!$B$14:$T$3000,S$5,FALSE) -> 125.48 | T56: =VLOOKUP($C56,'2Q26'!$B$14:$T$3000,T$5,FALSE) -> 144.79 | X56: =X55+1 -> 1 | Y56: A011170 | Z56: 롯데케미칼
B57: 126 | C57: =VLOOKUP(B57,'2Q26'!$A$14:$B$4000,2,FALSE) -> A290650 | D57: =VLOOKUP($C57,'2Q26'!$B$14:$T$4000,D$5,FALSE) -> 엘앤씨바이오 | E57: =VLOOKUP($C57,'2Q26'!$B$14:$T$4000,E$5,FALSE) -> KQ | F57: =VLOOKUP($C57,'2Q26'!$B$14:$T$4000,F$5,FALSE) -> 건강관리장비,서비스 | G57: =VLOOKUP($C57,'2Q26'!$B$14:$T$4000,G$5,FALSE) -> 2446.15 | H57: =VLOOKUP($C57,'2Q26'!$B$14:$T$4000,H$5,FALSE) -> 4 | I57: =VLOOKUP($C57,'2Q26'!$B$14:$T$4000,I$5,FALSE) -> 6.32 | J57: =VLOOKUP($C57,'2Q26'!$B$14:$T$4000,J$5,FALSE) -> 6.73 | K57: =VLOOKUP($C57,'2Q26'!$B$14:$T$4000,K$5,FALSE) -> 6.97 | L57: =VLOOKUP($C57,'2Q26'!$B$14:$T$4000,L$5,FALSE) -> 7.67 | M57: =(L57-K57)/ABS(K57)*100 -> 10.043042 | N57: =IF(ISBLANK(VLOOKUP($C57,'2Q26'!$B$14:$T$3000,N$5,FALSE)),"",VLOOKUP($C57,'2Q26'!$B$14:$T$3000,N$5,FALSE)) | O57: =IF(AND(I57<K57,J57<L57,K57<L57),1,IF(AND(I57>K57,J57>L57,K57>L57),-1,0)) -> 1 | P57: =IF(ISBLANK(VLOOKUP($C57,'2Q26'!$B$14:$T$3000,P$5,FALSE)),"",VLOOKUP($C57,'2Q26'!$B$14:$T$3000,P$5,FALSE)) | Q57: =IF(O57=1,"Surprise",IF(O57=-1,"Shock","")) -> Surprise | R57: =IF(N57="","",IF((N57-L57)/ABS(L57)>$R$9,"Surprise",IF((N57-L57)/ABS(L57)<$R$9*-1,"Shock",""))) | S57: =VLOOKUP($C57,'2Q26'!$B$14:$T$3000,S$5,FALSE) -> 22.4 | T57: =VLOOKUP($C57,'2Q26'!$B$14:$T$3000,T$5,FALSE) -> 29.57
B58: 124 | C58: =VLOOKUP(B58,'2Q26'!$A$14:$B$4000,2,FALSE) -> A028670 | D58: =VLOOKUP($C58,'2Q26'!$B$14:$T$4000,D$5,FALSE) -> 팬오션 | E58: =VLOOKUP($C58,'2Q26'!$B$14:$T$4000,E$5,FALSE) -> KS | F58: =VLOOKUP($C58,'2Q26'!$B$14:$T$4000,F$5,FALSE) -> 운송 | G58: =VLOOKUP($C58,'2Q26'!$B$14:$T$4000,G$5,FALSE) -> 2565.93 | H58: =VLOOKUP($C58,'2Q26'!$B$14:$T$4000,H$5,FALSE) -> 14 | I58: =VLOOKUP($C58,'2Q26'!$B$14:$T$4000,I$5,FALSE) -> 141.41 | J58: =VLOOKUP($C58,'2Q26'!$B$14:$T$4000,J$5,FALSE) -> 144.5 | K58: =VLOOKUP($C58,'2Q26'!$B$14:$T$4000,K$5,FALSE) -> 144.02 | L58: =VLOOKUP($C58,'2Q26'!$B$14:$T$4000,L$5,FALSE) -> 153.33 | M58: =(L58-K58)/ABS(K58)*100 -> 6.4643799 | N58: =IF(ISBLANK(VLOOKUP($C58,'2Q26'!$B$14:$T$3000,N$5,FALSE)),"",VLOOKUP($C58,'2Q26'!$B$14:$T$3000,N$5,FALSE)) | O58: =IF(AND(I58<K58,J58<L58,K58<L58),1,IF(AND(I58>K58,J58>L58,K58>L58),-1,0)) -> 1 | P58: =IF(ISBLANK(VLOOKUP($C58,'2Q26'!$B$14:$T$3000,P$5,FALSE)),"",VLOOKUP($C58,'2Q26'!$B$14:$T$3000,P$5,FALSE)) | Q58: =IF(O58=1,"Surprise",IF(O58=-1,"Shock","")) -> Surprise | R58: =IF(N58="","",IF((N58-L58)/ABS(L58)>$R$9,"Surprise",IF((N58-L58)/ABS(L58)<$R$9*-1,"Shock",""))) | S58: =VLOOKUP($C58,'2Q26'!$B$14:$T$3000,S$5,FALSE) -> -6.07 | T58: =VLOOKUP($C58,'2Q26'!$B$14:$T$3000,T$5,FALSE) -> -5.14
B59: 37 | C59: =VLOOKUP(B59,'2Q26'!$A$14:$B$4000,2,FALSE) -> A011200 | D59: =VLOOKUP($C59,'2Q26'!$B$14:$T$4000,D$5,FALSE) -> HMM | E59: =VLOOKUP($C59,'2Q26'!$B$14:$T$4000,E$5,FALSE) -> KS | F59: =VLOOKUP($C59,'2Q26'!$B$14:$T$4000,F$5,FALSE) -> 운송 | G59: =VLOOKUP($C59,'2Q26'!$B$14:$T$4000,G$5,FALSE) -> 17600.82 | H59: =VLOOKUP($C59,'2Q26'!$B$14:$T$4000,H$5,FALSE) -> 13 | I59: =VLOOKUP($C59,'2Q26'!$B$14:$T$4000,I$5,FALSE) -> 269.45 | J59: =VLOOKUP($C59,'2Q26'!$B$14:$T$4000,J$5,FALSE) -> 295 | K59: =VLOOKUP($C59,'2Q26'!$B$14:$T$4000,K$5,FALSE) -> 298.95 | L59: =VLOOKUP($C59,'2Q26'!$B$14:$T$4000,L$5,FALSE) -> 428.67 | M59: =(L59-K59)/ABS(K59)*100 -> 43.391872 | N59: =IF(ISBLANK(VLOOKUP($C59,'2Q26'!$B$14:$T$3000,N$5,FALSE)),"",VLOOKUP($C59,'2Q26'!$B$14:$T$3000,N$5,FALSE)) | O59: =IF(AND(I59<K59,J59<L59,K59<L59),1,IF(AND(I59>K59,J59>L59,K59>L59),-1,0)) -> 1 | P59: =IF(ISBLANK(VLOOKUP($C59,'2Q26'!$B$14:$T$3000,P$5,FALSE)),"",VLOOKUP($C59,'2Q26'!$B$14:$T$3000,P$5,FALSE)) | Q59: =IF(O59=1,"Surprise",IF(O59=-1,"Shock","")) -> Surprise | R59: =IF(N59="","",IF((N59-L59)/ABS(L59)>$R$9,"Surprise",IF((N59-L59)/ABS(L59)<$R$9*-1,"Shock",""))) | S59: =VLOOKUP($C59,'2Q26'!$B$14:$T$3000,S$5,FALSE) -> -5.61 | T59: =VLOOKUP($C59,'2Q26'!$B$14:$T$3000,T$5,FALSE) -> -8.3
B60: 87 | C60: =VLOOKUP(B60,'2Q26'!$A$14:$B$4000,2,FALSE) -> A138930 | D60: =VLOOKUP($C60,'2Q26'!$B$14:$T$4000,D$5,FALSE) -> BNK금융지주 | E60: =VLOOKUP($C60,'2Q26'!$B$14:$T$4000,E$5,FALSE) -> KS | F60: =VLOOKUP($C60,'2Q26'!$B$14:$T$4000,F$5,FALSE) -> 은행 | G60: =VLOOKUP($C60,'2Q26'!$B$14:$T$4000,G$5,FALSE) -> 5374.86 | H60: =VLOOKUP($C60,'2Q26'!$B$14:$T$4000,H$5,FALSE) -> 17 | I60: =VLOOKUP($C60,'2Q26'!$B$14:$T$4000,I$5,FALSE) -> 337.92 | J60: =VLOOKUP($C60,'2Q26'!$B$14:$T$4000,J$5,FALSE) -> 352.5 | K60: =VLOOKUP($C60,'2Q26'!$B$14:$T$4000,K$5,FALSE) -> 338.83 | L60: =VLOOKUP($C60,'2Q26'!$B$14:$T$4000,L$5,FALSE) -> 352.67 | M60: =(L60-K60)/ABS(K60)*100 -> 4.0846442 | N60: =IF(ISBLANK(VLOOKUP($C60,'2Q26'!$B$14:$T$3000,N$5,FALSE)),"",VLOOKUP($C60,'2Q26'!$B$14:$T$3000,N$5,FALSE)) | O60: =IF(AND(I60<K60,J60<L60,K60<L60),1,IF(AND(I60>K60,J60>L60,K60>L60),-1,0)) -> 1 | P60: =IF(ISBLANK(VLOOKUP($C60,'2Q26'!$B$14:$T$3000,P$5,FALSE)),"",VLOOKUP($C60,'2Q26'!$B$14:$T$3000,P$5,FALSE)) | Q60: =IF(O60=1,"Surprise",IF(O60=-1,"Shock","")) -> Surprise | R60: =IF(N60="","",IF((N60-L60)/ABS(L60)>$R$9,"Surprise",IF((N60-L60)/ABS(L60)<$R$9*-1,"Shock",""))) | S60: =VLOOKUP($C60,'2Q26'!$B$14:$T$3000,S$5,FALSE) -> 1.94 | T60: =VLOOKUP($C60,'2Q26'!$B$14:$T$3000,T$5,FALSE) -> -4.99
B61: 142 | C61: =VLOOKUP(B61,'2Q26'!$A$14:$B$4000,2,FALSE) -> A282330 | D61: =VLOOKUP($C61,'2Q26'!$B$14:$T$4000,D$5,FALSE) -> BGF리테일 | E61: =VLOOKUP($C61,'2Q26'!$B$14:$T$4000,E$5,FALSE) -> KS | F61: =VLOOKUP($C61,'2Q26'!$B$14:$T$4000,F$5,FALSE) -> 백화점 | G61: =VLOOKUP($C61,'2Q26'!$B$14:$T$4000,G$5,FALSE) -> 1998.02 | H61: =VLOOKUP($C61,'2Q26'!$B$14:$T$4000,H$5,FALSE) -> 15 | I61: =VLOOKUP($C61,'2Q26'!$B$14:$T$4000,I$5,FALSE) -> 71.59 | J61: =VLOOKUP($C61,'2Q26'!$B$14:$T$4000,J$5,FALSE) -> 67.95 | K61: =VLOOKUP($C61,'2Q26'!$B$14:$T$4000,K$5,FALSE) -> 72.44 | L61: =VLOOKUP($C61,'2Q26'!$B$14:$T$4000,L$5,FALSE) -> 78.87 | M61: =(L61-K61)/ABS(K61)*100 -> 8.8763114 | N61: =IF(ISBLANK(VLOOKUP($C61,'2Q26'!$B$14:$T$3000,N$5,FALSE)),"",VLOOKUP($C61,'2Q26'!$B$14:$T$3000,N$5,FALSE)) | O61: =IF(AND(I61<K61,J61<L61,K61<L61),1,IF(AND(I61>K61,J61>L61,K61>L61),-1,0)) -> 1 | P61: =IF(ISBLANK(VLOOKUP($C61,'2Q26'!$B$14:$T$3000,P$5,FALSE)),"",VLOOKUP($C61,'2Q26'!$B$14:$T$3000,P$5,FALSE)) | Q61: =IF(O61=1,"Surprise",IF(O61=-1,"Shock","")) -> Surprise | R61: =IF(N61="","",IF((N61-L61)/ABS(L61)>$R$9,"Surprise",IF((N61-L61)/ABS(L61)<$R$9*-1,"Shock",""))) | S61: =VLOOKUP($C61,'2Q26'!$B$14:$T$3000,S$5,FALSE) -> -7.15 | T61: =VLOOKUP($C61,'2Q26'!$B$14:$T$3000,T$5,FALSE) -> -15.99
B62: 63 | C62: =VLOOKUP(B62,'2Q26'!$A$14:$B$4000,2,FALSE) -> A039490 | D62: =VLOOKUP($C62,'2Q26'!$B$14:$T$4000,D$5,FALSE) -> 키움증권 | E62: =VLOOKUP($C62,'2Q26'!$B$14:$T$4000,E$5,FALSE) -> KS | F62: =VLOOKUP($C62,'2Q26'!$B$14:$T$4000,F$5,FALSE) -> 증권 | G62: =VLOOKUP($C62,'2Q26'!$B$14:$T$4000,G$5,FALSE) -> 9114.34 | H62: =VLOOKUP($C62,'2Q26'!$B$14:$T$4000,H$5,FALSE) -> 15 | I62: =VLOOKUP($C62,'2Q26'!$B$14:$T$4000,I$5,FALSE) -> 530.73 | J62: =VLOOKUP($C62,'2Q26'!$B$14:$T$4000,J$5,FALSE) -> 590.6 | K62: =VLOOKUP($C62,'2Q26'!$B$14:$T$4000,K$5,FALSE) -> 548.36 | L62: =VLOOKUP($C62,'2Q26'!$B$14:$T$4000,L$5,FALSE) -> 642.3 | M62: =(L62-K62)/ABS(K62)*100 -> 17.131082 | N62: =IF(ISBLANK(VLOOKUP($C62,'2Q26'!$B$14:$T$3000,N$5,FALSE)),"",VLOOKUP($C62,'2Q26'!$B$14:$T$3000,N$5,FALSE)) | O62: =IF(AND(I62<K62,J62<L62,K62<L62),1,IF(AND(I62>K62,J62>L62,K62>L62),-1,0)) -> 1 | P62: =IF(ISBLANK(VLOOKUP($C62,'2Q26'!$B$14:$T$3000,P$5,FALSE)),"",VLOOKUP($C62,'2Q26'!$B$14:$T$3000,P$5,FALSE)) | Q62: =IF(O62=1,"Surprise",IF(O62=-1,"Shock","")) -> Surprise | R62: =IF(N62="","",IF((N62-L62)/ABS(L62)>$R$9,"Surprise",IF((N62-L62)/ABS(L62)<$R$9*-1,"Shock",""))) | S62: =VLOOKUP($C62,'2Q26'!$B$14:$T$3000,S$5,FALSE) -> -8.79 | T62: =VLOOKUP($C62,'2Q26'!$B$14:$T$3000,T$5,FALSE) -> -20.57
B63: 27 | C63: =VLOOKUP(B63,'2Q26'!$A$14:$B$4000,2,FALSE) -> A006800 | D63: =VLOOKUP($C63,'2Q26'!$B$14:$T$4000,D$5,FALSE) -> 미래에셋증권 | E63: =VLOOKUP($C63,'2Q26'!$B$14:$T$4000,E$5,FALSE) -> KS | F63: =VLOOKUP($C63,'2Q26'!$B$14:$T$4000,F$5,FALSE) -> 증권 | G63: =VLOOKUP($C63,'2Q26'!$B$14:$T$4000,G$5,FALSE) -> 24425.09 | H63: =VLOOKUP($C63,'2Q26'!$B$14:$T$4000,H$5,FALSE) -> 16 | I63: =VLOOKUP($C63,'2Q26'!$B$14:$T$4000,I$5,FALSE) -> 1400.16 | J63: =VLOOKUP($C63,'2Q26'!$B$14:$T$4000,J$5,FALSE) -> 1651.25 | K63: =VLOOKUP($C63,'2Q26'!$B$14:$T$4000,K$5,FALSE) -> 1477.29 | L63: =VLOOKUP($C63,'2Q26'!$B$14:$T$4000,L$5,FALSE) -> 1855.5 | M63: =(L63-K63)/ABS(K63)*100 -> 25.601608 | N63: =IF(ISBLANK(VLOOKUP($C63,'2Q26'!$B$14:$T$3000,N$5,FALSE)),"",VLOOKUP($C63,'2Q26'!$B$14:$T$3000,N$5,FALSE)) | O63: =IF(AND(I63<K63,J63<L63,K63<L63),1,IF(AND(I63>K63,J63>L63,K63>L63),-1,0)) -> 1 | P63: =IF(ISBLANK(VLOOKUP($C63,'2Q26'!$B$14:$T$3000,P$5,FALSE)),"",VLOOKUP($C63,'2Q26'!$B$14:$T$3000,P$5,FALSE)) | Q63: =IF(O63=1,"Surprise",IF(O63=-1,"Shock","")) -> Surprise | R63: =IF(N63="","",IF((N63-L63)/ABS(L63)>$R$9,"Surprise",IF((N63-L63)/ABS(L63)<$R$9*-1,"Shock",""))) | S63: =VLOOKUP($C63,'2Q26'!$B$14:$T$3000,S$5,FALSE) -> -28.33 | T63: =VLOOKUP($C63,'2Q26'!$B$14:$T$3000,T$5,FALSE) -> -34.46
B64: 45 | C64: =VLOOKUP(B64,'2Q26'!$A$14:$B$4000,2,FALSE) -> A003670 | D64: =VLOOKUP($C64,'2Q26'!$B$14:$T$4000,D$5,FALSE) -> 포스코퓨처엠 | E64: =VLOOKUP($C64,'2Q26'!$B$14:$T$4000,E$5,FALSE) -> KS | F64: =VLOOKUP($C64,'2Q26'!$B$14:$T$4000,F$5,FALSE) -> 화학 | G64: =VLOOKUP($C64,'2Q26'!$B$14:$T$4000,G$5,FALSE) -> 15138.65 | H64: =VLOOKUP($C64,'2Q26'!$B$14:$T$4000,H$5,FALSE) -> 16 | I64: =VLOOKUP($C64,'2Q26'!$B$14:$T$4000,I$5,FALSE) -> 21.7 | J64: =VLOOKUP($C64,'2Q26'!$B$14:$T$4000,J$5,FALSE) -> 25.8 | K64: =VLOOKUP($C64,'2Q26'!$B$14:$T$4000,K$5,FALSE) -> 24.89 | L64: =VLOOKUP($C64,'2Q26'!$B$14:$T$4000,L$5,FALSE) -> 35.1 | M64: =(L64-K64)/ABS(K64)*100 -> 41.02049 | N64: =IF(ISBLANK(VLOOKUP($C64,'2Q26'!$B$14:$T$3000,N$5,FALSE)),"",VLOOKUP($C64,'2Q26'!$B$14:$T$3000,N$5,FALSE)) | O64: =IF(AND(I64<K64,J64<L64,K64<L64),1,IF(AND(I64>K64,J64>L64,K64>L64),-1,0)) -> 1 | P64: =IF(ISBLANK(VLOOKUP($C64,'2Q26'!$B$14:$T$3000,P$5,FALSE)),"",VLOOKUP($C64,'2Q26'!$B$14:$T$3000,P$5,FALSE)) | Q64: =IF(O64=1,"Surprise",IF(O64=-1,"Shock","")) -> Surprise | R64: =IF(N64="","",IF((N64-L64)/ABS(L64)>$R$9,"Surprise",IF((N64-L64)/ABS(L64)<$R$9*-1,"Shock",""))) | S64: =VLOOKUP($C64,'2Q26'!$B$14:$T$3000,S$5,FALSE) -> -26.32 | T64: =VLOOKUP($C64,'2Q26'!$B$14:$T$3000,T$5,FALSE) -> -19.53
B65: 75 | C65: =VLOOKUP(B65,'2Q26'!$A$14:$B$4000,2,FALSE) -> A090430 | D65: =VLOOKUP($C65,'2Q26'!$B$14:$T$4000,D$5,FALSE) -> 아모레퍼시픽 | E65: =VLOOKUP($C65,'2Q26'!$B$14:$T$4000,E$5,FALSE) -> KS | F65: =VLOOKUP($C65,'2Q26'!$B$14:$T$4000,F$5,FALSE) -> 화장품 | G65: =VLOOKUP($C65,'2Q26'!$B$14:$T$4000,G$5,FALSE) -> 6644.78 | H65: =VLOOKUP($C65,'2Q26'!$B$14:$T$4000,H$5,FALSE) -> 17 | I65: =VLOOKUP($C65,'2Q26'!$B$14:$T$4000,I$5,FALSE) -> 95.94 | J65: =VLOOKUP($C65,'2Q26'!$B$14:$T$4000,J$5,FALSE) -> 99.53 | K65: =VLOOKUP($C65,'2Q26'!$B$14:$T$4000,K$5,FALSE) -> 96.66 | L65: =VLOOKUP($C65,'2Q26'!$B$14:$T$4000,L$5,FALSE) -> 100.2 | M65: =(L65-K65)/ABS(K65)*100 -> 3.6623215 | N65: =IF(ISBLANK(VLOOKUP($C65,'2Q26'!$B$14:$T$3000,N$5,FALSE)),"",VLOOKUP($C65,'2Q26'!$B$14:$T$3000,N$5,FALSE)) | O65: =IF(AND(I65<K65,J65<L65,K65<L65),1,IF(AND(I65>K65,J65>L65,K65>L65),-1,0)) -> 1 | P65: =IF(ISBLANK(VLOOKUP($C65,'2Q26'!$B$14:$T$3000,P$5,FALSE)),"",VLOOKUP($C65,'2Q26'!$B$14:$T$3000,P$5,FALSE)) | Q65: =IF(O65=1,"Surprise",IF(O65=-1,"Shock","")) -> Surprise | R65: =IF(N65="","",IF((N65-L65)/ABS(L65)>$R$9,"Surprise",IF((N65-L65)/ABS(L65)<$R$9*-1,"Shock",""))) | S65: =VLOOKUP($C65,'2Q26'!$B$14:$T$3000,S$5,FALSE) -> 2.07 | T65: =VLOOKUP($C65,'2Q26'!$B$14:$T$3000,T$5,FALSE) -> -20.34
B66: 39 | C66: =VLOOKUP(B66,'2Q26'!$A$14:$B$4000,2,FALSE) -> A079550 | D66: =VLOOKUP($C66,'2Q26'!$B$14:$T$4000,D$5,FALSE) -> LIG디펜스앤에어로스페이스 | E66: =VLOOKUP($C66,'2Q26'!$B$14:$T$4000,E$5,FALSE) -> KS | F66: =VLOOKUP($C66,'2Q26'!$B$14:$T$4000,F$5,FALSE) -> 기타자본재 | G66: =VLOOKUP($C66,'2Q26'!$B$14:$T$4000,G$5,FALSE) -> 16940 | H66: =VLOOKUP($C66,'2Q26'!$B$14:$T$4000,H$5,FALSE) -> 18 | I66: =VLOOKUP($C66,'2Q26'!$B$14:$T$4000,I$5,FALSE) -> 105.17 | J66: =VLOOKUP($C66,'2Q26'!$B$14:$T$4000,J$5,FALSE) -> 96 | K66: =VLOOKUP($C66,'2Q26'!$B$14:$T$4000,K$5,FALSE) -> 105.47 | L66: =VLOOKUP($C66,'2Q26'!$B$14:$T$4000,L$5,FALSE) -> 111.23 | M66: =(L66-K66)/ABS(K66)*100 -> 5.4612686 | N66: =IF(ISBLANK(VLOOKUP($C66,'2Q26'!$B$14:$T$3000,N$5,FALSE)),"",VLOOKUP($C66,'2Q26'!$B$14:$T$3000,N$5,FALSE)) | O66: =IF(AND(I66<K66,J66<L66,K66<L66),1,IF(AND(I66>K66,J66>L66,K66>L66),-1,0)) -> 1 | P66: =IF(ISBLANK(VLOOKUP($C66,'2Q26'!$B$14:$T$3000,P$5,FALSE)),"",VLOOKUP($C66,'2Q26'!$B$14:$T$3000,P$5,FALSE)) | Q66: =IF(O66=1,"Surprise",IF(O66=-1,"Shock","")) -> Surprise | R66: =IF(N66="","",IF((N66-L66)/ABS(L66)>$R$9,"Surprise",IF((N66-L66)/ABS(L66)<$R$9*-1,"Shock",""))) | S66: =VLOOKUP($C66,'2Q26'!$B$14:$T$3000,S$5,FALSE) -> -0.77 | T66: =VLOOKUP($C66,'2Q26'!$B$14:$T$3000,T$5,FALSE) -> -3.02
B67: 42 | C67: =VLOOKUP(B67,'2Q26'!$A$14:$B$4000,2,FALSE) -> A035720 | D67: =VLOOKUP($C67,'2Q26'!$B$14:$T$4000,D$5,FALSE) -> 카카오 | E67: =VLOOKUP($C67,'2Q26'!$B$14:$T$4000,E$5,FALSE) -> KS | F67: =VLOOKUP($C67,'2Q26'!$B$14:$T$4000,F$5,FALSE) -> 소프트웨어 | G67: =VLOOKUP($C67,'2Q26'!$B$14:$T$4000,G$5,FALSE) -> 15415.21 | H67: =VLOOKUP($C67,'2Q26'!$B$14:$T$4000,H$5,FALSE) -> 18 | I67: =VLOOKUP($C67,'2Q26'!$B$14:$T$4000,I$5,FALSE) -> 227.88 | J67: =VLOOKUP($C67,'2Q26'!$B$14:$T$4000,J$5,FALSE) -> 232.52 | K67: =VLOOKUP($C67,'2Q26'!$B$14:$T$4000,K$5,FALSE) -> 226.08 | L67: =VLOOKUP($C67,'2Q26'!$B$14:$T$4000,L$5,FALSE) -> 207.8 | M67: =(L67-K67)/ABS(K67)*100 -> -8.0856334 | N67: =IF(ISBLANK(VLOOKUP($C67,'2Q26'!$B$14:$T$3000,N$5,FALSE)),"",VLOOKUP($C67,'2Q26'!$B$14:$T$3000,N$5,FALSE)) | O67: =IF(AND(I67<K67,J67<L67,K67<L67),1,IF(AND(I67>K67,J67>L67,K67>L67),-1,0)) -> -1 | P67: =IF(ISBLANK(VLOOKUP($C67,'2Q26'!$B$14:$T$3000,P$5,FALSE)),"",VLOOKUP($C67,'2Q26'!$B$14:$T$3000,P$5,FALSE)) | Q67: =IF(O67=1,"Surprise",IF(O67=-1,"Shock","")) -> Shock | R67: =IF(N67="","",IF((N67-L67)/ABS(L67)>$R$9,"Surprise",IF((N67-L67)/ABS(L67)<$R$9*-1,"Shock",""))) | S67: =VLOOKUP($C67,'2Q26'!$B$14:$T$3000,S$5,FALSE) -> -18.5 | T67: =VLOOKUP($C67,'2Q26'!$B$14:$T$3000,T$5,FALSE) -> -27.88
B68: 31 | C68: =VLOOKUP(B68,'2Q26'!$A$14:$B$4000,2,FALSE) -> A316140 | D68: =VLOOKUP($C68,'2Q26'!$B$14:$T$4000,D$5,FALSE) -> 우리금융지주 | E68: =VLOOKUP($C68,'2Q26'!$B$14:$T$4000,E$5,FALSE) -> KS | F68: =VLOOKUP($C68,'2Q26'!$B$14:$T$4000,F$5,FALSE) -> 은행 | G68: =VLOOKUP($C68,'2Q26'!$B$14:$T$4000,G$5,FALSE) -> 21369.43 | H68: =VLOOKUP($C68,'2Q26'!$B$14:$T$4000,H$5,FALSE) -> 20 | I68: =VLOOKUP($C68,'2Q26'!$B$14:$T$4000,I$5,FALSE) -> 1307.5 | J68: =VLOOKUP($C68,'2Q26'!$B$14:$T$4000,J$5,FALSE) -> 1301 | K68: =VLOOKUP($C68,'2Q26'!$B$14:$T$4000,K$5,FALSE) -> 1307.17 | L68: =VLOOKUP($C68,'2Q26'!$B$14:$T$4000,L$5,FALSE) -> 1277.83 | M68: =(L68-K68)/ABS(K68)*100 -> -2.2445436 | N68: =IF(ISBLANK(VLOOKUP($C68,'2Q26'!$B$14:$T$3000,N$5,FALSE)),"",VLOOKUP($C68,'2Q26'!$B$14:$T$3000,N$5,FALSE)) | O68: =IF(AND(I68<K68,J68<L68,K68<L68),1,IF(AND(I68>K68,J68>L68,K68>L68),-1,0)) -> -1 | P68: =IF(ISBLANK(VLOOKUP($C68,'2Q26'!$B$14:$T$3000,P$5,FALSE)),"",VLOOKUP($C68,'2Q26'!$B$14:$T$3000,P$5,FALSE)) | Q68: =IF(O68=1,"Surprise",IF(O68=-1,"Shock","")) -> Shock | R68: =IF(N68="","",IF((N68-L68)/ABS(L68)>$R$9,"Surprise",IF((N68-L68)/ABS(L68)<$R$9*-1,"Shock",""))) | S68: =VLOOKUP($C68,'2Q26'!$B$14:$T$3000,S$5,FALSE) -> -0.17 | T68: =VLOOKUP($C68,'2Q26'!$B$14:$T$3000,T$5,FALSE) -> -10.79
... B84: 1 | C84: =VLOOKUP(B84,'2Q26'!$A$14:$B$4000,2,FALSE) -> A005930 | D84: =VLOOKUP($C84,'2Q26'!$B$14:$T$4000,D$5,FALSE) -> 삼성전자 | E84: =VLOOKUP($C84,'2Q26'!$B$14:$T$4000,E$5,FALSE) -> KS | F84: =VLOOKUP($C84,'2Q26'!$B$14:$T$4000,F$5,FALSE) -> 반도체 | G84: =VLOOKUP($C84,'2Q26'!$B$14:$T$4000,G$5,FALSE) -> 1838654.6 | H84: =VLOOKUP($C84,'2Q26'!$B$14:$T$4000,H$5,FALSE) -> 24 | I84: =VLOOKUP($C84,'2Q26'!$B$14:$T$4000,I$5,FALSE) -> 87737.78 | J84: =VLOOKUP($C84,'2Q26'!$B$14:$T$4000,J$5,FALSE) -> 90399.06 | K84: =VLOOKUP($C84,'2Q26'!$B$14:$T$4000,K$5,FALSE) -> 85590.92 | L84: =VLOOKUP($C84,'2Q26'!$B$14:$T$4000,L$5,FALSE) -> 84816.6 | M84: =(L84-K84)/ABS(K84)*100 -> -0.9046754 | N84: =IF(ISBLANK(VLOOKUP($C84,'2Q26'!$B$14:$T$3000,N$5,FALSE)),"",VLOOKUP($C84,'2Q26'!$B$14:$T$3000,N$5,FALSE)) | O84: =IF(AND(I84<K84,J84<L84,K84<L84),1,IF(AND(I84>K84,J84>L84,K84>L84),-1,0)) -> -1 | P84: =IF(ISBLANK(VLOOKUP($C84,'2Q26'!$B$14:$T$3000,P$5,FALSE)),"",VLOOKUP($C84,'2Q26'!$B$14:$T$3000,P$5,FALSE)) | Q84: =IF(O84=1,"Surprise",IF(O84=-1,"Shock","")) -> Shock | R84: =IF(N84="","",IF((N84-L84)/ABS(L84)>$R$9,"Surprise",IF((N84-L84)/ABS(L84)<$R$9*-1,"Shock",""))) | S84: =VLOOKUP($C84,'2Q26'!$B$14:$T$3000,S$5,FALSE) -> -9.89 | T84: =VLOOKUP($C84,'2Q26'!$B$14:$T$3000,T$5,FALSE) -> 65.88
B85: 100 | C85: =VLOOKUP(B85,'2Q26'!$A$14:$B$4000,2,FALSE) -> A004020 | D85: =VLOOKUP($C85,'2Q26'!$B$14:$T$4000,D$5,FALSE) -> 현대제철 | E85: =VLOOKUP($C85,'2Q26'!$B$14:$T$4000,E$5,FALSE) -> KS | F85: =VLOOKUP($C85,'2Q26'!$B$14:$T$4000,F$5,FALSE) -> 철강 | G85: =VLOOKUP($C85,'2Q26'!$B$14:$T$4000,G$5,FALSE) -> 3783.19 | H85: =VLOOKUP($C85,'2Q26'!$B$14:$T$4000,H$5,FALSE) -> 16 | I85: =VLOOKUP($C85,'2Q26'!$B$14:$T$4000,I$5,FALSE) -> 118.91 | J85: =VLOOKUP($C85,'2Q26'!$B$14:$T$4000,J$5,FALSE) -> 92 | K85: =VLOOKUP($C85,'2Q26'!$B$14:$T$4000,K$5,FALSE) -> 112.35 | L85: =VLOOKUP($C85,'2Q26'!$B$14:$T$4000,L$5,FALSE) -> 81.8 | M85: =(L85-K85)/ABS(K85)*100 -> -27.191811 | N85: =IF(ISBLANK(VLOOKUP($C85,'2Q26'!$B$14:$T$3000,N$5,FALSE)),"",VLOOKUP($C85,'2Q26'!$B$14:$T$3000,N$5,FALSE)) | O85: =IF(AND(I85<K85,J85<L85,K85<L85),1,IF(AND(I85>K85,J85>L85,K85>L85),-1,0)) -> -1 | P85: =IF(ISBLANK(VLOOKUP($C85,'2Q26'!$B$14:$T$3000,P$5,FALSE)),"",VLOOKUP($C85,'2Q26'!$B$14:$T$3000,P$5,FALSE)) | Q85: =IF(O85=1,"Surprise",IF(O85=-1,"Shock","")) -> Shock | R85: =IF(N85="","",IF((N85-L85)/ABS(L85)>$R$9,"Surprise",IF((N85-L85)/ABS(L85)<$R$9*-1,"Shock",""))) | S85: =VLOOKUP($C85,'2Q26'!$B$14:$T$3000,S$5,FALSE) -> -27.49 | T85: =VLOOKUP($C85,'2Q26'!$B$14:$T$3000,T$5,FALSE) -> -20.59 | X85: =X84+1 -> 1 | Y85: A000210 | Z85: 대림산업
B86: 81 | C86: =VLOOKUP(B86,'2Q26'!$A$14:$B$4000,2,FALSE) -> A032640 | D86: =VLOOKUP($C86,'2Q26'!$B$14:$T$4000,D$5,FALSE) -> LG유플러스 | E86: =VLOOKUP($C86,'2Q26'!$B$14:$T$4000,E$5,FALSE) -> KS | F86: =VLOOKUP($C86,'2Q26'!$B$14:$T$4000,F$5,FALSE) -> 통신서비스 | G86: =VLOOKUP($C86,'2Q26'!$B$14:$T$4000,G$5,FALSE) -> 6005.65 | H86: =VLOOKUP($C86,'2Q26'!$B$14:$T$4000,H$5,FALSE) -> 16 | I86: =VLOOKUP($C86,'2Q26'!$B$14:$T$4000,I$5,FALSE) -> 312.24 | J86: =VLOOKUP($C86,'2Q26'!$B$14:$T$4000,J$5,FALSE) -> 314 | K86: =VLOOKUP($C86,'2Q26'!$B$14:$T$4000,K$5,FALSE) -> 306.69 | L86: =VLOOKUP($C86,'2Q26'!$B$14:$T$4000,L$5,FALSE) -> 271.5 | M86: =(L86-K86)/ABS(K86)*100 -> -11.474127 | N86: =IF(ISBLANK(VLOOKUP($C86,'2Q26'!$B$14:$T$3000,N$5,FALSE)),"",VLOOKUP($C86,'2Q26'!$B$14:$T$3000,N$5,FALSE)) | O86: =IF(AND(I86<K86,J86<L86,K86<L86),1,IF(AND(I86>K86,J86>L86,K86>L86),-1,0)) -> -1 | P86: =IF(ISBLANK(VLOOKUP($C86,'2Q26'!$B$14:$T$3000,P$5,FALSE)),"",VLOOKUP($C86,'2Q26'!$B$14:$T$3000,P$5,FALSE)) | Q86: =IF(O86=1,"Surprise",IF(O86=-1,"Shock","")) -> Shock | R86: =IF(N86="","",IF((N86-L86)/ABS(L86)>$R$9,"Surprise",IF((N86-L86)/ABS(L86)<$R$9*-1,"Shock",""))) | S86: =VLOOKUP($C86,'2Q26'!$B$14:$T$3000,S$5,FALSE) -> -13.82 | T86: =VLOOKUP($C86,'2Q26'!$B$14:$T$3000,T$5,FALSE) -> -9.53 | X86: =X85+1 -> 2 | Y86: A105560 | Z86: KB금융
B87: 120 | C87: =VLOOKUP(B87,'2Q26'!$A$14:$B$4000,2,FALSE) -> A139130 | D87: =VLOOKUP($C87,'2Q26'!$B$14:$T$4000,D$5,FALSE) -> iM금융지주 | E87: =VLOOKUP($C87,'2Q26'!$B$14:$T$4000,E$5,FALSE) -> KS | F87: =VLOOKUP($C87,'2Q26'!$B$14:$T$4000,F$5,FALSE) -> 은행 | G87: =VLOOKUP($C87,'2Q26'!$B$14:$T$4000,G$5,FALSE) -> 2711.34 | H87: =VLOOKUP($C87,'2Q26'!$B$14:$T$4000,H$5,FALSE) -> 17 | I87: =VLOOKUP($C87,'2Q26'!$B$14:$T$4000,I$5,FALSE) -> 216.58 | J87: =VLOOKUP($C87,'2Q26'!$B$14:$T$4000,J$5,FALSE) -> 216 | K87: =VLOOKUP($C87,'2Q26'!$B$14:$T$4000,K$5,FALSE) -> 213.83 | L87: =VLOOKUP($C87,'2Q26'!$B$14:$T$4000,L$5,FALSE) -> 182 | M87: =(L87-K87)/ABS(K87)*100 -> -14.885657 | N87: =IF(ISBLANK(VLOOKUP($C87,'2Q26'!$B$14:$T$3000,N$5,FALSE)),"",VLOOKUP($C87,'2Q26'!$B$14:$T$3000,N$5,FALSE)) | O87: =IF(AND(I87<K87,J87<L87,K87<L87),1,IF(AND(I87>K87,J87>L87,K87>L87),-1,0)) -> -1 | P87: =IF(ISBLANK(VLOOKUP($C87,'2Q26'!$B$14:$T$3000,P$5,FALSE)),"",VLOOKUP($C87,'2Q26'!$B$14:$T$3000,P$5,FALSE)) | Q87: =IF(O87=1,"Surprise",IF(O87=-1,"Shock","")) -> Shock | R87: =IF(N87="","",IF((N87-L87)/ABS(L87)>$R$9,"Surprise",IF((N87-L87)/ABS(L87)<$R$9*-1,"Shock",""))) | S87: =VLOOKUP($C87,'2Q26'!$B$14:$T$3000,S$5,FALSE) -> -2.93 | T87: =VLOOKUP($C87,'2Q26'!$B$14:$T$3000,T$5,FALSE) -> -1.75 | X87: =X86+1 -> 3 | Y87: A081660 | Z87: 휠라코리아
B88: 59 | C88: =VLOOKUP(B88,'2Q26'!$A$14:$B$4000,2,FALSE) -> A028050 | D88: =VLOOKUP($C88,'2Q26'!$B$14:$T$4000,D$5,FALSE) -> 삼성E&A | E88: =VLOOKUP($C88,'2Q26'!$B$14:$T$4000,E$5,FALSE) -> KS | F88: =VLOOKUP($C88,'2Q26'!$B$14:$T$4000,F$5,FALSE) -> 건설,건축제품,건축자재 | G88: =VLOOKUP($C88,'2Q26'!$B$14:$T$4000,G$5,FALSE) -> 10133.2 | H88: =VLOOKUP($C88,'2Q26'!$B$14:$T$4000,H$5,FALSE) -> 19 | I88: =VLOOKUP($C88,'2Q26'!$B$14:$T$4000,I$5,FALSE) -> 218.52 | J88: =VLOOKUP($C88,'2Q26'!$B$14:$T$4000,J$5,FALSE) -> 214.93 | K88: =VLOOKUP($C88,'2Q26'!$B$14:$T$4000,K$5,FALSE) -> 217.68 | L88: =VLOOKUP($C88,'2Q26'!$B$14:$T$4000,L$5,FALSE) -> 214.11 | M88: =(L88-K88)/ABS(K88)*100 -> -1.6400221 | N88: =IF(ISBLANK(VLOOKUP($C88,'2Q26'!$B$14:$T$3000,N$5,FALSE)),"",VLOOKUP($C88,'2Q26'!$B$14:$T$3000,N$5,FALSE)) | O88: =IF(AND(I88<K88,J88<L88,K88<L88),1,IF(AND(I88>K88,J88>L88,K88>L88),-1,0)) -> -1 | P88: =IF(ISBLANK(VLOOKUP($C88,'2Q26'!$B$14:$T$3000,P$5,FALSE)),"",VLOOKUP($C88,'2Q26'!$B$14:$T$3000,P$5,FALSE)) | Q88: =IF(O88=1,"Surprise",IF(O88=-1,"Shock","")) -> Shock | R88: =IF(N88="","",IF((N88-L88)/ABS(L88)>$R$9,"Surprise",IF((N88-L88)/ABS(L88)<$R$9*-1,"Shock",""))) | S88: =VLOOKUP($C88,'2Q26'!$B$14:$T$3000,S$5,FALSE) -> 2.78 | T88: =VLOOKUP($C88,'2Q26'!$B$14:$T$3000,T$5,FALSE) -> 36.41 | X88: =X87+1 -> 4 | Y88: A078930 | Z88: GS
B89: 40 | C89: =VLOOKUP(B89,'2Q26'!$A$14:$B$4000,2,FALSE) -> A096770 | D89: =VLOOKUP($C89,'2Q26'!$B$14:$T$4000,D$5,FALSE) -> SK이노베이션 | E89: =VLOOKUP($C89,'2Q26'!$B$14:$T$4000,E$5,FALSE) -> KS | F89: =VLOOKUP($C89,'2Q26'!$B$14:$T$4000,F$5,FALSE) -> 에너지 | G89: =VLOOKUP($C89,'2Q26'!$B$14:$T$4000,G$5,FALSE) -> 16567.17 | H89: =VLOOKUP($C89,'2Q26'!$B$14:$T$4000,H$5,FALSE) -> 12 | I89: =VLOOKUP($C89,'2Q26'!$B$14:$T$4000,I$5,FALSE) -> 1311.96 | J89: =VLOOKUP($C89,'2Q26'!$B$14:$T$4000,J$5,FALSE) -> 1825.6 | K89: =VLOOKUP($C89,'2Q26'!$B$14:$T$4000,K$5,FALSE) -> 1294.96 | L89: =VLOOKUP($C89,'2Q26'!$B$14:$T$4000,L$5,FALSE) -> 1555.7 | M89: =(L89-K89)/ABS(K89)*100 -> 20.134985 | N89: =IF(ISBLANK(VLOOKUP($C89,'2Q26'!$B$14:$T$3000,N$5,FALSE)),"",VLOOKUP($C89,'2Q26'!$B$14:$T$3000,N$5,FALSE)) | O89: =IF(AND(I89<K89,J89<L89,K89<L89),1,IF(AND(I89>K89,J89>L89,K89>L89),-1,0)) -> 0 | P89: =IF(ISBLANK(VLOOKUP($C89,'2Q26'!$B$14:$T$3000,P$5,FALSE)),"",VLOOKUP($C89,'2Q26'!$B$14:$T$3000,P$5,FALSE)) | Q89: =IF(O89=1,"Surprise",IF(O89=-1,"Shock","")) | R89: =IF(N89="","",IF((N89-L89)/ABS(L89)>$R$9,"Surprise",IF((N89-L89)/ABS(L89)<$R$9*-1,"Shock",""))) | S89: =VLOOKUP($C89,'2Q26'!$B$14:$T$3000,S$5,FALSE) -> -15.66 | T89: =VLOOKUP($C89,'2Q26'!$B$14:$T$3000,T$5,FALSE) -> -14.41 | X89: =X88+1 -> 5 | Y89: A001800 | Z89: 오리온
