Workbook

Sheet 프로브카드
L1: 티에스이
L2: 9030820000
F3: 년월 | G3: 금액(달러) | H3: 금액(원화) | I3: 중량(Kg)
A4: 분기(일평균) | B4: QoQ | C4: 일평균수출 | D4: mom | E4: yoy | J4: 금액(달러)/중량 | K4: 분기 달러매출 | L4: 원화매출
C5: =G5/20 -> 772983.1 | F5: 2022년01월 | G5: 15459662 | I5: 145381.8 | J5: =G5/I5 -> 106.33836
C6: =G6/18 -> 993310.33 | D6: =C6/C5-1 -> 0.28503499 | F6: 2022년02월 | G6: 17879586 | I6: 148945.68 | J6: =G6/I6 -> 120.04098
A7: =C5+C6+C7 -> 3229867.2 | C7: =G7/22 -> 1463573.8 | D7: =C7/C6-1 -> 0.47343053 | F7: 2022년03월 | G7: 32198623 | I7: 128150.94 | J7: =G7/I7 -> 251.25546 | K7: =G5+G6+G7 -> 65537871 | L7: =H5+H6+H7 -> 0
C8: =G8/21 -> 861460.48 | D8: =C8/C7-1 -> -0.41139935 | F8: 2022년04월 | G8: 18090670 | I8: 185780.16 | J8: =G8/I8 -> 97.37676
C9: =G9/21 -> 1459603.1 | D9: =C9/C8-1 -> 0.69433559 | F9: 2022년05월 | G9: 30651666 | I9: 190502.87 | J9: =G9/I9 -> 160.89871
A10: =C8+C9+C10 -> 3049689 | B10: =A10/A7-1 -> -0.05578502 | C10: =G10/21 -> 728625.38 | D10: =C10/C9-1 -> -0.50080583 | F10: 2022년06월 | G10: 15301133 | I10: 77939.4 | J10: =G10/I10 -> 196.3209 | K10: =G8+G9+G10 -> 64043469 | L10: =H8+H9+H10 -> 0
C11: =G11/21 -> 775320.9 | D11: =C11/C10-1 -> 0.06408715 | F11: 2022년07월 | G11: 16281739 | I11: 72951.28 | J11: =G11/I11 -> 223.18647
C12: =G12/22 -> 938008.82 | D12: =C12/C11-1 -> 0.209833 | F12: 2022년08월 | G12: 20636194 | I12: 153497.55 | J12: =G12/I12 -> 134.43989
A13: =C11+C12+C13 -> 2629080.9 | B13: =A13/A10-1 -> -0.13791835 | C13: =G13/20 -> 915751.2 | D13: =C13/C12-1 -> -0.023728581 | F13: 2022년09월 | G13: 18315024 | I13: 130047.55 | J13: =G13/I13 -> 140.83329 | K13: =G11+G12+G13 -> 55232957 | L13: =H11+H12+H13 -> 0
C14: =G14/20 -> 733047 | D14: =C14/C13-1 -> -0.19951292 | F14: 2022년10월 | G14: 14660940 | I14: 71214.93 | J14: =G14/I14 -> 205.86891
C15: =G15/22 -> 551276.41 | D15: =C15/C14-1 -> -0.24796581 | F15: 2022년11월 | G15: 12128081 | I15: 51016.06 | J15: =G15/I15 -> 237.73065
A16: =C14+C15+C16 -> 2065064.3 | B16: =A16/A13-1 -> -0.21452997 | C16: =G16/22 -> 780740.86 | D16: =C16/C15-1 -> 0.41624211 | F16: 2022년12월 | G16: 17176299 | I16: 68132.86 | J16: =G16/I16 -> 252.10007 | K16: =G14+G15+G16 -> 43965320 | L16: =H14+H15+H16 -> 0
C17: =G17/20 -> 888301.55 | D17: =C17/C16-1 -> 0.13776746 | E17: =C17/C5-1 -> 0.14918625 | F17: 2023년01월 | G17: 17766031 | H17: 22373854615 | I17: 135812.03 | J17: =G17/I17 -> 130.81338
C18: =G18/20 -> 1902925.8 | D18: =C18/C17-1 -> 1.1422069 | E18: =C18/C6-1 -> 0.91574142 | F18: 2023년02월 | G18: 38058515 | H18: 48290640364 | I18: 117761.09 | J18: =G18/I18 -> 323.18413
A19: =SUM(C17:C19) -> 2791227.3 | B19: =A19/A16-1 -> 0.35164185

Sheet 알루미늄파우치
L1: 율촌화학
L2: 7616999010
F3: 년월 | G3: 금액(달러) | H3: 금액(원화) | I3: 중량(Kg)
A4: 분기(일평균) | B4: QoQ | C4: 일평균수출 | D4: mom | E4: yoy | J4: 금액(달러)/중량 | K4: 분기 달러매출 | L4: 원화매출
C5: =G5/20 -> 8627.35 | F5: 2022년01월 | G5: 172547 | H5: 203054816 | I5: 11507 | J5: =G5/I5 -> 14.99496
C6: =G6/18 -> 3873.3889 | D6: =C6/C5-1 -> -0.55103376 | F6: 2022년02월 | G6: 69721 | H6: 82773087 | I6: 6702.21 | J6: =G6/I6 -> 10.402688
A7: =C5+C6+C7 -> 14799.875 | C7: =G7/22 -> 2299.1364 | D7: =C7/C6-1 -> -0.4064277 | F7: 2022년03월 | G7: 50581 | H7: 61161042 | I7: 5228.07 | J7: =G7/I7 -> 9.6748896 | K7: =G5+G6+G7 -> 292849 | L7: =H5+H6+H7 -> 346988945
C8: =G8/21 -> 759.80952 | D8: =C8/C7-1 -> -0.66952394 | F8: 2022년04월 | G8: 15956 | H8: 19278682 | I8: 2034.78 | J8: =G8/I8 -> 7.841634
C9: =G9/21 -> 1518.1905 | D9: =C9/C8-1 -> 0.99811983 | F9: 2022년05월 | G9: 31882 | H9: 39725269 | I9: 2424.04 | J9: =G9/I9 -> 13.152423
A10: =C8+C9+C10 -> 5854.7143 | B10: =A10/A7-1 -> -0.60440786 | C10: =G10/21 -> 3576.7143 | D10: =C10/C9-1 -> 1.3559062 | F10: 2022년06월 | G10: 75111 | H10: 94844664 | I10: 4049.29 | J10: =G10/I10 -> 18.549178 | K10: =G8+G9+G10 -> 122949 | L10: =H8+H9+H10 -> 153848615
C11: =G11/21 -> 5011.1905 | D11: =C11/C10-1 -> 0.40105976 | F11: 2022년07월 | G11: 105235 | H11: 135550036 | I11: 6730.04 | J11: =G11/I11 -> 15.636608
C12: =G12/22 -> 4945.0909 | D12: =C12/C11-1 -> -0.013190392 | F12: 2022년08월 | G12: 108792 | H12: 141121252 | I12: 5957.6 | J12: =G12/I12 -> 18.261045
A13: =C11+C12+C13 -> 14508.481 | B13: =A13/A10-1 -> 1.4780853 | C13: =G13/20 -> 4552.2 | D13: =C13/C12-1 -> -0.079450695 | F13: 2022년09월 | G13: 91044 | H13: 122878256 | I13: 8585.65 | J13: =G13/I13 -> 10.604206 | K13: =G11+G12+G13 -> 305071 | L13: =H11+H12+H13 -> 399549544
C14: =G14/20 -> 2691.6 | D14: =C14/C13-1 -> -0.40872545 | F14: 2022년10월 | G14: 53832 | H14: 76842099 | I14: 3929.56 | J14: =G14/I14 -> 13.699244
C15: =G15/22 -> 2924.8636 | D15: =C15/C14-1 -> 0.086663559 | F15: 2022년11월 | G15: 64347 | H15: 89105037 | I15: 4729.87 | J15: =G15/I15 -> 13.604391
A16: =C14+C15+C16 -> 9677.6909 | B16: =A16/A13-1 -> -0.33296321 | C16: =G16/22 -> 4061.2273 | D16: =C16/C15-1 -> 0.3885185 | F16: 2022년12월 | G16: 89347 | H16: 116490213 | I16: 4967.58 | J16: =G16/I16 -> 17.986021 | K16: =G14+G15+G16 -> 207526 | L16: =H14+H15+H16 -> 282437349
C17: =G17/20 -> 4795.15 | D17: =C17/C16-1 -> 0.18071452 | E17: =C17/C5-1 -> -0.44419202 | F17: 2023년01월 | G17: 95903 | H17: 120650813 | I17: 15431.85 | J17: =G17/I17 -> 6.2146146
C18: =G18/8 -> 5448.5 | D18: =C18/C17-1 -> 0.13625225 | E18: =C18/C6-1 -> 0.40664936 | F18: 2023년02월 | G18: 43588 | H18: 53542958 | I18: 1611.39 | J18: =G18/I18 -> 27.049938

Sheet 두산(합)
A1: 두산 | P1: 두산
P2: 741021 | Q2: 증평, 김천, 익산, 김제
G3: 년월 | H3: 금액(달러) | I3: 중량 | P3: * 잠정치가 아니라 확정치만 볼수 있음
A4: 분기(일평균) | B4: QoQ | D4: 일평균수출 | E4: mom | F4: yoy | J4: 금액(달러)/중량 | L4: QoQ | M4: yoy | N4: 단가 | O4: QoQ | P4: 메디톡스는 다른 수출코드에 수출이 없더라
D5: =H5/20 -> 922835.4 | G5: 2022년01월 | H5: ='두산(증평)'!H5+'두산(김천)'!H5+'두산(익산)'!H5+'두산(김제)'!H5 -> 18456708 | I5: ='두산(증평)'!I5+'두산(김천)'!I5+'두산(익산)'!I5+'두산(김제)'!I5 -> 285117.53 | J5: =H5/I5 -> 64.733684
D6: =H6/18 -> 1120955.7 | E6: =D6/D5-1 -> 0.21468652 | G6: 2022년02월 | H6: ='두산(증평)'!H6+'두산(김천)'!H6+'두산(익산)'!H6+'두산(김제)'!H6 -> 20177203 | I6: ='두산(증평)'!I6+'두산(김천)'!I6+'두산(익산)'!I6+'두산(김제)'!I6 -> 259908.2 | J6: =H6/I6 -> 77.632037
A7: =AVERAGE(D5:D7) -> 1018739.1 | D7: =H7/22 -> 1012426.3 | E7: =D7/D6-1 -> -0.096818677 | G7: 2022년03월 | H7: ='두산(증평)'!H7+'두산(김천)'!H7+'두산(익산)'!H7+'두산(김제)'!H7 -> 22273378 | I7: ='두산(증평)'!I7+'두산(김천)'!I7+'두산(익산)'!I7+'두산(김제)'!I7 -> 311646.17 | J7: =H7/I7 -> 71.470084 | K7: =H7+H6+H5 -> 60907289 | N7: =AVERAGE(J5:J7) -> 71.278602
D8: =H8/21 -> 1094393.1 | E8: =D8/D7-1 -> 0.080960829 | G8: 2022년04월 | H8: ='두산(증평)'!H8+'두산(김천)'!H8+'두산(익산)'!H8+'두산(김제)'!H8 -> 22982256 | I8: ='두산(증평)'!I8+'두산(김천)'!I8+'두산(익산)'!I8+'두산(김제)'!I8 -> 309136 | J8: =H8/I8 -> 74.343512
D9: =H9/21 -> 1095136.2 | E9: =D9/D8-1 -> 0.0006790021 | G9: 2022년05월 | H9: ='두산(증평)'!H9+'두산(김천)'!H9+'두산(익산)'!H9+'두산(김제)'!H9 -> 22997861 | I9: ='두산(증평)'!I9+'두산(김천)'!I9+'두산(익산)'!I9+'두산(김제)'!I9 -> 291297.28 | J9: =H9/I9 -> 78.949797
A10: =AVERAGE(D8:D10) -> 1119472 | B10: =A10/A7-1 -> 0.09887996 | D10: =H10/21 -> 1168886.7 | E10: =D10/D9-1 -> 0.067343611 | G10: 2022년06월 | H10: ='두산(증평)'!H10+'두산(김천)'!H10+'두산(익산)'!H10+'두산(김제)'!H10 -> 24546620 | I10: ='두산(증평)'!I10+'두산(김천)'!I10+'두산(익산)'!I10+'두산(김제)'!I10 -> 320078.04 | J10: =H10/I10 -> 76.689485 | K10: =H10+H9+H8 -> 70526737 | L10: =K10/K7-1 -> 0.15793591 | N10: =AVERAGE(J8:J10) -> 76.660931 | O10: =N10/N7-1 -> 0.075511156
D11: =H11/21 -> 1215086 | E11: =D11/D10-1 -> 0.03952426 | G11: 2022년07월 | H11: ='두산(증평)'!H11+'두산(김천)'!H11+'두산(익산)'!H11+'두산(김제)'!H11 -> 25516807 | I11: ='두산(증평)'!I11+'두산(김천)'!I11+'두산(익산)'!I11+'두산(김제)'!I11 -> 297441.27 | J11: =H11/I11 -> 85.787715
D12: =H12/22 -> 1202341.5 | E12: =D12/D11-1 -> -0.010488597 | G12: 2022년08월 | H12: ='두산(증평)'!H12+'두산(김천)'!H12+'두산(익산)'!H12+'두산(김제)'!H12 -> 26451513 | I12: ='두산(증평)'!I12+'두산(김천)'!I12+'두산(익산)'!I12+'두산(김제)'!I12 -> 321863.17 | J12: =H12/I12 -> 82.182478
A13: =AVERAGE(D11:D13) -> 1194464.3 | B13: =A13/A10-1 -> 0.066988946 | D13: =H13/20 -> 1165965.2 | E13: =D13/D12-1 -> -0.030254508 | G13: 2022년09월 | H13: ='두산(증평)'!H13+'두산(김천)'!H13+'두산(익산)'!H13+'두산(김제)'!H13 -> 23319305 | I13: ='두산(증평)'!I13+'두산(김천)'!I13+'두산(익산)'!I13+'두산(김제)'!I13 -> 269401.64 | J13: =H13/I13 -> 86.559625 | K13: =H13+H12+H11 -> 75287625 | L13: =K13/K10-1 -> 0.067504725 | N13: =AVERAGE(J11:J13) -> 84.843273 | O13: =N13/N10-1 -> 0.10673418
D14: =H14/20 -> 810047.35 | E14: =D14/D13-1 -> -0.30525601 | G14: 2022년10월 | H14: ='두산(증평)'!H14+'두산(김천)'!H14+'두산(익산)'!H14+'두산(김제)'!H14 -> 16200947 | I14: ='두산(증평)'!I14+'두산(김천)'!I14+'두산(익산)'!I14+'두산(김제)'!I14 -> 189593.73 | J14: =H14/I14 -> 85.450859
D15: =H15/22 -> 664734.32 | E15: =D15/D14-1 -> -0.17938832 | G15: 2022년11월 | H15: ='두산(증평)'!H15+'두산(김천)'!H15+'두산(익산)'!H15+'두산(김제)'!H15 -> 14624155 | I15: ='두산(증평)'!I15+'두산(김천)'!I15+'두산(익산)'!I15+'두산(김제)'!I15 -> 213056.34 | J15: =H15/I15 -> 68.639849
A16: =AVERAGE(D14:D16) -> 752300.71 | B16: =A16/A13-1 -> -0.3701773 | D16: =H16/22 -> 782120.45 | E16: =D16/D15-1 -> 0.17659106 | G16: 2022년12월 | H16: ='두산(증평)'!H16+'두산(김천)'!H16+'두산(익산)'!H16+'두산(김제)'!H16 -> 17206650 | I16: ='두산(증평)'!I16+'두산(김천)'!I16+'두산(익산)'!I16+'두산(김제)'!I16 -> 207229.41 | J16: =H16/I16 -> 83.031892 | K16: =H16+H15+H14 -> 48031752 | L16: =K16/K13-1 -> -0.36202328 | N16: =AVERAGE(J14:J16) -> 79.040867 | O16: =N16/N13-1 -> -0.068389706
D17: =H17/20 -> 699994.25 | E17: =D17/D16-1 -> -0.10500455 | F17: =D17/D5-1 -> -0.24147443 | G17: 2023년 1월 | H17: ='두산(증평)'!H17+'두산(김천)'!H17+'두산(익산)'!H17+'두산(김제)'!H17 -> 13999885 | I17: ='두산(증평)'!I17+'두산(김천)'!I17+'두산(익산)'!I17+'두산(김제)'!I17 -> 178221.49 | J17: =H17/I17 -> 78.553293
D18: =H18/20 -> 492841.1 | E18: =D18/D17-1 -> -0.2959355 | F18: =D18/D6-1 -> -0.56033848 | G18: 2023년 2월 | H18: ='두산(증평)'!H18+'두산(김천)'!H18+'두산(익산)'!H18+'두산(김제)'!H18 -> 9856822 | I18: ='두산(증평)'!I18+'두산(김천)'!I18+'두산(익산)'!I18+'두산(김제)'!I18 -> 147023.43 | J18: =H18/I18 -> 67.042525
A19: =AVERAGE(D17:D19) -> 633505.03 | B19: =A19/A16-1 -> -0.15790984 | C19: =A19/A7-1 -> -0.37814794 | D19: =H19/22 -> 707679.73 | E19: =D19/D18-1 -> 0.43591865 | F19: =D19/D7-1 -> -0.30100616 | G19: 2023년 3월 | H19: ='두산(증평)'!H19+'두산(김천)'!H19+'두산(익산)'!H19+'두산(김제)'!H19 -> 15568954 | I19: ='두산(증평)'!I19+'두산(김천)'!I19+'두산(익산)'!I19+'두산(김제)'!I19 -> 182859.75 | J19: =H19/I19 -> 85.141503 | K19: =H19+H18+H17 -> 39425661 | L19: =K19/K16-1 -> -0.17917504 | M19: =K19/K7-1 -> -0.35269388 | N19: =AVERAGE(J17:J19) -> 76.912441 | O19: =N19/N16-1 -> -0.02692817
D20: =H20/20 -> 989416.7 | E20: =D20/D19-1 -> 0.39811367 | F20: =D20/D8-1 -> -0.095922058 | G20: 2023년 4월 | H20: ='두산(증평)'!H20+'두산(김천)'!H20+'두산(익산)'!H20+'두산(김제)'!H20 -> 19788334 | I20: ='두산(증평)'!I20+'두산(김천)'!I20+'두산(익산)'!I20+'두산(김제)'!I20 -> 206251.94 | J20: =H20/I20 -> 95.942535
D21: =H21/21 -> 975864 | E21: =D21/D20-1 -> -0.013697667 | F21: =D21/D9-1 -> -0.10891087 | G21: 2023년 5월 | H21: ='두산(증평)'!H21+'두산(김천)'!H21+'두산(익산)'!H21+'두산(김제)'!H21 -> 20493144 | I21: ='두산(증평)'!I21+'두산(김천)'!I21+'두산(익산)'!I21+'두산(김제)'!I21 -> 219725.37 | J21: =H21/I21 -> 93.267082
A22: =AVERAGE(D20:D22) -> 936536.55 | B22: =A22/A19-1 -> 0.47834115 | C22: =A22/A10-1 -> -0.16341227 | D22: =H22/21 -> 844328.95 | E22: =D22/D21-1 -> -0.1347883 | F22: =D22/D10-1 -> -0.27766397 | G22: 2023년 6월 | H22: ='두산(증평)'!H22+'두산(김천)'!H22+'두산(익산)'!H22+'두산(김제)'!H22 -> 17730908 | I22: ='두산(증평)'!I22+'두산(김천)'!I22+'두산(익산)'!I22+'두산(김제)'!I22 -> 198443.57 | J22: =H22/I22 -> 89.349874 | K22: =H22+H21+H20 -> 58012386 | L22: =K22/K19-1 -> 0.47143724 | M22: =K22/K10-1 -> -0.17744123 | N22: =AVERAGE(J20:J22) -> 92.853164 | O22: =N22/N19-1 -> 0.20725806
D23: =H23/21 -> 1110506.4 | E23: =D23/D22-1 -> 0.31525329 | F23: =D23/D11-1 -> -0.086067665 | G23: 2023년 7월 | H23: ='두산(증평)'!H23+'두산(김천)'!H23+'두산(익산)'!H23+'두산(김제)'!H23 -> 23320635 | I23: ='두산(증평)'!I23+'두산(김천)'!I23+'두산(익산)'!I23+'두산(김제)'!I23 -> 273278.29 | J23: =H23/I23 -> 85.336581
D24: =H24/22 -> 1125545.1 | E24: =D24/D23-1 -> 0.013542166 | F24: =D24/D12-1 -> -0.063872377 | G24: 2023년 8월 | H24: ='두산(증평)'!H24+'두산(김천)'!H24+'두산(익산)'!H24+'두산(김제)'!H24 -> 24761992 | I24: ='두산(증평)'!I24+'두산(김천)'!I24+'두산(익산)'!I24+'두산(김제)'!I24 -> 265989.41 | J24: =H24/I24 -> 93.093902
A25: =AVERAGE(D23:D25) -> 1108661.2 | B25: =A25/A22-1 -> 0.18378849 | C25: =A25/A13-1 -> -0.071833941 | D25: =H25/19 -> 1089932.1 | E25: =D25/D24-1 -> -0.031640703 | F25: =D25/D13-1 -> -0.065210518 | G25: 2023년 9월 | H25: ='두산(증평)'!H25+'두산(김천)'!H25+'두산(익산)'!H25+'두산(김제)'!H25 -> 20708709 | I25: ='두산(증평)'!I25+'두산(김천)'!I25+'두산(익산)'!I25+'두산(김제)'!I25 -> 273551.22 | J25: =H25/I25 -> 75.703223 | K25: =H25+H24+H23 -> 68791336 | L25: =K25/K22-1 -> 0.18580429 | M25: =K25/K13-1 -> -0.086286279 | N25: =AVERAGE(J23:J25) -> 84.711235 | O25: =N25/N22-1 -> -0.087686062
D26: =H26/19 -> 1199293.9 | E26: =D26/D25-1 -> 0.10033827 | F26: =D26/D14-1 -> 0.48052326 | G26: 2023년 10월 | H26: ='두산(증평)'!H26+'두산(김천)'!H26+'두산(익산)'!H26+'두산(김제)'!H26 -> 22786585 | I26: ='두산(증평)'!I26+'두산(김천)'!I26+'두산(익산)'!I26+'두산(김제)'!I26 -> 288972.49 | J26: =H26/I26 -> 78.853821
D27: =H27/22 -> 1018373.1 | E27: =D27/D26-1 -> -0.1508561 | F27: =D27/D15-1 -> 0.53200024 | G27: 2023년 11월 | H27: ='두산(증평)'!H27+'두산(김천)'!H27+'두산(익산)'!H27+'두산(김제)'!H27 -> 22404209 | I27: ='두산(증평)'!I27+'두산(김천)'!I27+'두산(익산)'!I27+'두산(김제)'!I27 -> 273452.72 | J27: =H27/I27 -> 81.930833
A28: =AVERAGE(D26:D28) -> 1107659.6 | B28: =A28/A25-1 -> -0.00090346491 | C28: =A28/A16-1 -> 0.47236277 | D28: =H28/19 -> 1105311.6 | E28: =D28/D27-1 -> 0.085369929 | F28: =D28/D16-1 -> 0.41322423 | G28: 2023년 12월 | H28: ='두산(증평)'!H28+'두산(김천)'!H28+'두산(익산)'!H28+'두산(김제)'!H28 -> 21000920 | I28: ='두산(증평)'!I28+'두산(김천)'!I28+'두산(익산)'!I28+'두산(김제)'!I28 -> 283296.23 | J28: =H28/I28 -> 74.130602 | K28: =H28+H27+H26 -> 66191714 | L28: =K28/K25-1 -> -0.037789962 | M28: =K28/K16-1 -> 0.37808244 | N28: =AVERAGE(J26:J28) -> 78.305085 | O28: =N28/N25-1 -> -0.075623384
D29: =H29/22 -> 977993.18 | E29: =D29/D28-1 -> -0.11518779 | F29: =D29/D17-1 -> 0.39714459 | G29: 2024년 1월 | H29: ='두산(증평)'!H29+'두산(김천)'!H29+'두산(익산)'!H29+'두산(김제)'!H29 -> 21515850 | I29: ='두산(증평)'!I29+'두산(김천)'!I29+'두산(익산)'!I29+'두산(김제)'!I29 -> 247929.82 | J29: =H29/I29 -> 86.782018
D30: =H30/19 -> 849739.26 | E30: =D30/D29-1 -> -0.13113989 | F30: =D30/D18-1 -> 0.72416477 | G30: 2024년 2월 | H30: ='두산(증평)'!H30+'두산(김천)'!H30+'두산(익산)'!H30+'두산(김제)'!H30 -> 16145046 | I30: ='두산(증평)'!I30+'두산(김천)'!I30+'두산(익산)'!I30+'두산(김제)'!I30 -> 180270.41 | J30: =H30/I30 -> 89.560156
A31: =AVERAGE(D29:D31) -> 920540.21 | B31: =A31/A28-1 -> -0.16893218 | C31: =A31/A19-1 -> 0.45309063 | D31: =H31/20 -> 933888.2 | E31: =D31/D30-1 -> 0.099029126 | F31: =D31/D19-1 -> 0.31964809 | G31: 2024년 3월 | H31: ='두산(증평)'!H31+'두산(김천)'!H31+'두산(익산)'!H31+'두산(김제)'!H31 -> 18677764 | I31: ='두산(증평)'!I31+'두산(김천)'!I31+'두산(익산)'!I31+'두산(김제)'!I31 -> 245247.74 | J31: =H31/I31 -> 76.158761 | K31: =H31+H30+H29 -> 56338660 | L31: =K31/K28-1 -> -0.14885631 | M31: =K31/K19-1 -> 0.42898454 | N31: =AVERAGE(J29:J31) -> 84.166978 | O31: =N31/N28-1 -> 0.074859672
D32: =H32/21 -> 883705.71 | E32: =D32/D31-1 -> -0.053735004 | F32: =D32/D20-1 -> -0.10684172 | G32: 2024년 4월 | H32: ='두산(증평)'!H32+'두산(김천)'!H32+'두산(익산)'!H32+'두산(김제)'!H32 -> 18557820 | I32: ='두산(증평)'!I32+'두산(김천)'!I32+'두산(익산)'!I32+'두산(김제)'!I32 -> 274358.95 | J32: =H32/I32 -> 67.640658
D33: =H33/21 -> 847120.62 | E33: =D33/D32-1 -> -0.041399636 | F33: =D33/D21-1 -> -0.13192759 | G33: 2024년 5월 | H33: ='두산(증평)'!H33+'두산(김천)'!H33+'두산(익산)'!H33+'두산(김제)'!H33 -> 17789533 | I33: ='두산(증평)'!I33+'두산(김천)'!I33+'두산(익산)'!I33+'두산(김제)'!I33 -> 253195.92 | J33: =H33/I33 -> 70.259951
A34: =AVERAGE(D32:D34) -> 881515.18 | B34: =A34/A31-1 -> -0.042393622 | C34: =A34/A22-1 -> -0.058749837 | D34: =H34/19 -> 913719.21 | E34: =D34/D33-1 -> 0.078617602 | F34: =D34/D22-1 -> 0.082183914 | G34: 2024년 6월 | H34: ='두산(증평)'!H34+'두산(김천)'!H34+'두산(익산)'!H34+'두산(김제)'!H34 -> 17360665 | I34: ='두산(증평)'!I34+'두산(김천)'!I34+'두산(익산)'!I34+'두산(김제)'!I34 -> 232578.6 | J34: =H34/I34 -> 74.644292 | K34: =H34+H33+H32 -> 53708018 | L34: =K34/K31-1 -> -0.046693372 | M34: =K34/K22-1 -> -0.074197396 | N34: =AVERAGE(J32:J34) -> 70.848301 | O34: =N34/N31-1 -> -0.15824113
D35: =H35/23 -> 1084057.4 | E35: =D35/D34-1 -> 0.18642294 | F35: =D35/D23-1 -> -0.023817056 | G35: 2024년 7월 | H35: ='두산(증평)'!H35+'두산(김천)'!H35+'두산(익산)'!H35+'두산(김제)'!H35 -> 24933321 | I35: ='두산(증평)'!I35+'두산(김천)'!I35+'두산(익산)'!I35+'두산(김제)'!I35 -> 302837.93 | J35: =H35/I35 -> 82.332226
D36: =H36/21 -> 868967.67 | E36: =D36/D35-1 -> -0.19841178 | F36: =D36/D24-1 -> -0.22795837 | G36: 2024년 8월 | H36: ='두산(증평)'!H36+'두산(김천)'!H36+'두산(익산)'!H36+'두산(김제)'!H36 -> 18248321 | I36: ='두산(증평)'!I36+'두산(김천)'!I36+'두산(익산)'!I36+'두산(김제)'!I36 -> 252602.69 | J36: =H36/I36 -> 72.241198
A37: =AVERAGE(D35:D37) -> 980169.37 | B37: =A37/A34-1 -> 0.11191434 | C37: =A37/A25-1 -> -0.11589819 | D37: =H37/18 -> 987483 | E37: =D37/D36-1 -> 0.13638636 | F37: =D37/D25-1 -> -0.093995816 | G37: 2024년 9월 | H37: ='두산(증평)'!H37+'두산(김천)'!H37+'두산(익산)'!H37+'두산(김제)'!H37 -> 17774694 | I37: ='두산(증평)'!I37+'두산(김천)'!I37+'두산(익산)'!I37+'두산(김제)'!I37 -> 248304.22 | J37: =H37/I37 -> 71.584341 | K37: =H37+H36+H35 -> 60956336 | L37: =K37/K34-1 -> 0.13495784 | M37: =K37/K25-1 -> -0.11389516 | N37: =AVERAGE(J35:J37) -> 75.385922 | O37: =N37/N34-1 -> 0.064047002
D38: =H38/20 -> 1017089.6 | E38: =D38/D37-1 -> 0.029981833 | F38: =D38/D26-1 -> -0.15192639 | G38: 2024년 10월 | H38: ='두산(증평)'!H38+'두산(김천)'!H38+'두산(익산)'!H38+'두산(김제)'!H38 -> 20341791 | I38: ='두산(증평)'!I38+'두산(김천)'!I38+'두산(익산)'!I38+'두산(김제)'!I38 -> 291022.03 | J38: =H38/I38 -> 69.89777
D39: =H39/21 -> 1231371.1 | E39: =D39/D38-1 -> 0.21068115 | F39: =D39/D27-1 -> 0.20915517 | G39: 2024년 11월 | H39: ='두산(증평)'!H39+'두산(김천)'!H39+'두산(익산)'!H39+'두산(김제)'!H39 -> 25858794 | I39: ='두산(증평)'!I39+'두산(김천)'!I39+'두산(익산)'!I39+'두산(김제)'!I39 -> 330861.09 | J39: =H39/I39 -> 78.156044
A40: =AVERAGE(D38:D40) -> 1307404.5 | B40: =A40/A37-1 -> 0.33385575 | C40: =A40/A28-1 -> 0.18033067 | D40: =H40/21 -> 1673753 | E40: =D40/D39-1 -> 0.35925952 | F40: =D40/D28-1 -> 0.51428157 | G40: 2024년 12월 | H40: ='두산(증평)'!H40+'두산(김천)'!H40+'두산(익산)'!H40+'두산(김제)'!H40 -> 35148812 | I40: ='두산(증평)'!I40+'두산(김천)'!I40+'두산(익산)'!I40+'두산(김제)'!I40 -> 413255.29 | J40: =H40/I40 -> 85.053508 | K40: =H40+H39+H38 -> 81349397 | L40: =K40/K37-1 -> 0.33455195 | M40: =K40/K28-1 -> 0.22899668 | N40: =AVERAGE(J38:J40) -> 77.702441 | O40: =N40/N37-1 -> 0.030728799
D41: =H41/18 -> 1458960 | E41: =D41/D40-1 -> -0.12833014 | F41: =D41/D29-1 -> 0.49178954 | G41: 2025년 1월 | H41: ='두산(증평)'!H41+'두산(김천)'!H41+'두산(익산)'!H41+'두산(김제)'!H41 -> 26261280 | I41: ='두산(증평)'!I41+'두산(김천)'!I41+'두산(익산)'!I41+'두산(김제)'!I41 -> 314635.9 | J41: =H41/I41 -> 83.465619
D42: =H42/20 -> 1202747.2 | E42: =D42/D41-1 -> -0.17561328 | F42: =D42/D30-1 -> 0.41543095 | G42: 2025년 2월 | H42: ='두산(증평)'!H42+'두산(김천)'!H42+'두산(익산)'!H42+'두산(김제)'!H42 -> 24054945 | I42: ='두산(증평)'!I42+'두산(김천)'!I42+'두산(익산)'!I42+'두산(김제)'!I42 -> 284646.52 | J42: =H42/I42 -> 84.50813
A43: =AVERAGE(D41:D43) -> 1444417.6 | B43: =A43/A40-1 -> 0.10479771 | C43: =A43/A31-1 -> 0.56909772 | D43: =H43/20 -> 1671545.4 | E43: =D43/D42-1 -> 0.38977279 | F43: =D43/D31-1 -> 0.78987742 | G43: 2025년 3월 | H43: ='두산(증평)'!H43+'두산(김천)'!H43+'두산(익산)'!H43+'두산(김제)'!H43 -> 33430908 | I43: ='두산(증평)'!I43+'두산(김천)'!I43+'두산(익산)'!I43+'두산(김제)'!I43 -> 376797.94 | J43: =H43/I43 -> 88.723702 | K43: =H43+H42+H41 -> 83747133 | L43: =K43/K40-1 -> 0.029474539 | M43: =K43/K31-1 -> 0.48649494 | N43: =AVERAGE(J41:J43) -> 85.565817 | O43: =N43/N40-1 -> 0.10119857
D44: =H44/22 -> 1594791.1 | E44: =D44/D43-1 -> -0.045918145 | F44: =D44/D32-1 -> 0.80466315 | G44: 2025년 4월 | H44: ='두산(증평)'!H44+'두산(김천)'!H44+'두산(익산)'!H44+'두산(김제)'!H44 -> 35085405 | I44: ='두산(증평)'!I44+'두산(김천)'!I44+'두산(익산)'!I44+'두산(김제)'!I44 -> 431233.63 | J44: =H44/I44 -> 81.360549
D45: =H45/20 -> 2581667 | E45: =D45/D44-1 -> 0.61881198 | F45: =D45/D33-1 -> 2.047579 | G45: 2025년 5월 | H45: ='두산(증평)'!H45+'두산(김천)'!H45+'두산(익산)'!H45+'두산(김제)'!H45 -> 51633340 | I45: ='두산(증평)'!I45+'두산(김천)'!I45+'두산(익산)'!I45+'두산(김제)'!I45 -> 566473.71 | J45: =H45/I45 -> 91.148696
A46: =AVERAGE(D44:D46) -> 2091851.4 | B46: =A46/A43-1 -> 0.44823179 | C46: =A46/A34-1 -> 1.373018 | D46: =H46/19 -> 2099096.1 | E46: =D46/D45-1 -> -0.18692221 | F46: =D46/D34-1 -> 1.2973098 | G46: 2025년 6월 | H46: ='두산(증평)'!H46+'두산(김천)'!H46+'두산(익산)'!H46+'두산(김제)'!H46 -> 39882826 | I46: ='두산(증평)'!I46+'두산(김천)'!I46+'두산(익산)'!I46+'두산(김제)'!I46 -> 435531.99 | J46: =H46/I46 -> 91.572667 | K46: =H46+H45+H44 -> 126601571 | L46: =K46/K43-1 -> 0.5117123 | M46: =K46/K34-1 -> 1.3572192 | N46: =AVERAGE(J44:J46) -> 88.027304 | O46: =N46/N43-1 -> 0.028767184
D47: =H47/19 -> 2190145.8 | E47: =D47/D46-1 -> 0.043375688 | F47: =D47/D35-1 -> 1.0203227 | G47: 2025년 7월 | H47: ='두산(증평)'!H47+'두산(김천)'!H47+'두산(익산)'!H47+'두산(김제)'!H47 -> 41612771 | I47: ='두산(증평)'!I47+'두산(김천)'!I47+'두산(익산)'!I47+'두산(김제)'!I47 -> 443089.73 | J47: =H47/I47 -> 93.914998
D48: =H48/20 -> 2135725.9 | E48: =D48/D47-1 -> -0.024847634 | F48: =D48/D36-1 -> 1.4577737 | G48: 2025년 8월 | H48: ='두산(증평)'!H48+'두산(김천)'!H48+'두산(익산)'!H48+'두산(김제)'!H48 -> 42714518 | I48: ='두산(증평)'!I48+'두산(김천)'!I48+'두산(익산)'!I48+'두산(김제)'!I48 -> 440974.51 | J48: =H48/I48 -> 96.863916
A49: =AVERAGE(D47:D49) -> 2195673.2 | B49: =A49/A46-1 -> 0.049631538 | C49: =A49/A37-1 -> 1.2400957 | D49: =H49/22 -> 2261147.9 | E49: =D49/D48-1 -> 0.058725705 | F49: =D49/D37-1 -> 1.2898095 | G49: 2025년 9월 | H49: ='두산(증평)'!H49+'두산(김천)'!H49+'두산(익산)'!H49+'두산(김제)'!H49 -> 49745254 | I49: ='두산(증평)'!I49+'두산(김천)'!I49+'두산(익산)'!I49+'두산(김제)'!I49 -> 549268.29 | J49: =H49/I49 -> 90.566404 | K49: =H49+H48+H47 -> 134072543 | L49: =K49/K46-1 -> 0.059011685 | M49: =K49/K37-1 -> 1.1994849 | N49: =AVERAGE(J47:J49) -> 93.781773 | O49: =N49/N46-1 -> 0.065371405
D50: =H50/18 -> 2954855.6 | E50: =D50/D49-1 -> 0.30679448 | F50: =D50/D38-1 -> 1.9052069 | G50: 2025년 10월 | H50: ='두산(증평)'!H50+'두산(김천)'!H50+'두산(익산)'!H50+'두산(김제)'!H50 -> 53187401 | I50: ='두산(증평)'!I50+'두산(김천)'!I50+'두산(익산)'!I50+'두산(김제)'!I50 -> 596122.51 | J50: =H50/I50 -> 89.222266
D51: =H51/20 -> 2414521.5 | E51: =D51/D50-1 -> -0.1828631 | F51: =D51/D39-1 -> 0.9608398 | G51: 2025년 11월 | H51: ='두산(증평)'!H51+'두산(김천)'!H51+'두산(익산)'!H51+'두산(김제)'!H51 -> 48290431 | I51: ='두산(증평)'!I51+'두산(김천)'!I51+'두산(익산)'!I51+'두산(김제)'!I51 -> 512749.81 | J51: =H51/I51 -> 94.179325
A52: =AVERAGE(D50:D52) -> 2465130.1 | B52: =A52/A49-1 -> 0.12272176 | C52: =A52/A40-1 -> 0.8855144 | D52: =H52/22 -> 2026013.1 | E52: =D52/D51-1 -> -0.16090493 | F52: =D52/D40-1 -> 0.21046128 | G52: 2025년 12월 | H52: ='두산(증평)'!H52+'두산(김천)'!H52+'두산(익산)'!H52+'두산(김제)'!H52 -> 44572289 | I52: ='두산(증평)'!I52+'두산(김천)'!I52+'두산(익산)'!I52+'두산(김제)'!I52 -> 482513.72 | J52: =H52/I52 -> 92.375174 | K52: =H52+H51+H50 -> 146050121 | L52: =K52/K49-1 -> 0.089336547 | M52: =K52/K40-1 -> 0.79534362 | N52: =AVERAGE(J50:J52) -> 91.925588 | O52: =N52/N49-1 -> -0.019792592
D53: =H53/21 -> 2530126.1 | E53: =D53/D52-1 -> 0.24882018 | F53: =D53/D41-1 -> 0.7341984 | G53: 2026년 1월 | H53: ='두산(증평)'!H53+'두산(김천)'!H53+'두산(익산)'!H53+'두산(김제)'!H53 -> 53132648 | I53: ='두산(증평)'!I53+'두산(김천)'!I53+'두산(익산)'!I53+'두산(김제)'!I53 -> 588268.62 | J53: =H53/I53 -> 90.320385
D54: =H54/17 -> 2728944.4 | E54: =D54/D53-1 -> 0.078580375 | F54: =D54/D42-1 -> 1.2689259 | G54: 2026년 2월 | H54: ='두산(증평)'!H54+'두산(김천)'!H54+'두산(익산)'!H54+'두산(김제)'!H54 -> 46392054 | I54: ='두산(증평)'!I54+'두산(김천)'!I54+'두산(익산)'!I54+'두산(김제)'!I54 -> 487943.05 | J54: =H54/I54 -> 95.07678
A55: =AVERAGE(D53:D55) -> 2492278.7 | B55: =A55/A52-1 -> 0.011013039 | C55: =A55/A43-1 -> 0.72545582 | D55: =H55/21 -> 2217765.6 | E55: =D55/D54-1 -> -0.18731741 | F55: =D55/D43-1 -> 0.32677555 | G55: 2026년 3월 | H55: ='두산(증평)'!H55+'두산(김천)'!H55+'두산(익산)'!H55+'두산(김제)'!H55 -> 46573077 | I55: ='두산(증평)'!I55+'두산(김천)'!I55+'두산(익산)'!I55+'두산(김제)'!I55 -> 490452.73 | J55: =H55/I55 -> 94.959359 | K55: =H55+H54+H53 -> 146097779 | L55: =K55/K52-1 -> 0.00032631264 | M55: =K55/K43-1 -> 0.74451081 | N55: =AVERAGE(J53:J55) -> 93.452175 | O55: =N55/N52-1 -> 0.016606761
D56: =H56/22 -> 2162414.5 | E56: =D56/D55-1 -> -0.024958056 | F56: =D56/D44-1 -> 0.3559233 | G56: 2026년 4월 | H56: ='두산(증평)'!H56+'두산(김천)'!H56+'두산(익산)'!H56+'두산(김제)'!H56 -> 47573118 | I56: ='두산(증평)'!I56+'두산(김천)'!I56+'두산(익산)'!I56+'두산(김제)'!I56 -> 506566.95 | J56: =H56/I56 -> 93.912795
D57: =H57/18 -> 2919445.5 | E57: =D57/D56-1 -> 0.35008601 | F57: =D57/D45-1 -> 0.13083736 | G57: 2026년 5월 | H57: ='두산(증평)'!H57+'두산(김천)'!H57+'두산(익산)'!H57+'두산(김제)'!H57 -> 52550019 | I57: ='두산(증평)'!I57+'두산(김천)'!I57+'두산(익산)'!I57+'두산(김제)'!I57 -> 509624.14 | J57: =H57/I57 -> 103.11525
A58: =AVERAGE(D56:D58) -> 2540930 | B58: =A58/A55-1 -> 0.019520812 | C58: =A58/A46-1 -> 0.21467995 | K58: =H58+H57+H56 -> 100123137 | L58: =K58/K55-1 -> -0.31468406 | M58: =K58/K46-1 -> -0.20914775 | N58: =AVERAGE(J56:J58) -> 98.514021 | O58: =N58/N55-1 -> 0.054165098

Sheet 두산(증평)
A1: 두산 | P1: 두산
P2: 741021 | Q2: 증평, 김천, 익산, 김제
G3: 년월 | H3: 금액(달러) | I3: 중량 | P3: * 잠정치가 아니라 확정치만 볼수 있음
A4: 분기(일평균) | B4: QoQ | D4: 일평균수출 | E4: mom | F4: yoy | J4: 금액(달러)/중량 | L4: QoQ | M4: yoy | N4: 단가 | O4: QoQ | P4: 메디톡스는 다른 수출코드에 수출이 없더라
D5: =H5/20 -> 608744.75 | G5: 2022년01월 | H5: 12174895 | I5: 184252 | J5: =H5/I5 -> 66.07741
D6: =H6/18 -> 835815.11 | E6: =D6/D5-1 -> 0.37301408 | G6: 2022년02월 | H6: 15044672 | I6: 173663 | J6: =H6/I6 -> 86.631418
A7: =AVERAGE(D5:D7) -> 717614.64 | D7: =H7/22 -> 708284.05 | E7: =D7/D6-1 -> -0.15258287 | G7: 2022년03월 | H7: 15582249 | I7: 221099 | J7: =H7/I7 -> 70.476343 | K7: =H7+H6+H5 -> 42801816 | N7: =AVERAGE(J5:J7) -> 74.395057
D8: =H8/21 -> 712302.29 | E8: =D8/D7-1 -> 0.0056732045 | G8: 2022년04월 | H8: 14958348 | I8: 192341 | J8: =H8/I8 -> 77.76994
D9: =H9/21 -> 816812.29 | E9: =D9/D8-1 -> 0.14672142 | G9: 2022년05월 | H9: 17153058 | I9: 208386 | J9: =H9/I9 -> 82.313869
A10: =AVERAGE(D8:D10) -> 820408.37 | B10: =A10/A7-1 -> 0.14324364 | D10: =H10/21 -> 932110.52 | E10: =D10/D9-1 -> 0.14115635 | G10: 2022년06월 | H10: 19574321 | I10: 253961 | J10: =H10/I10 -> 77.07609 | K10: =H10+H9+H8 -> 51685727 | L10: =K10/K7-1 -> 0.20755921 | N10: =AVERAGE(J8:J10) -> 79.0533 | O10: =N10/N7-1 -> 0.062614948
D11: =H11/21 -> 931909.57 | E11: =D11/D10-1 -> -0.00021558858 | G11: 2022년07월 | H11: 19570101 | I11: 214562.3 | J11: =H11/I11 -> 91.209411
D12: =H12/22 -> 986340.27 | E12: =D12/D11-1 -> 0.058407707 | G12: 2022년08월 | H12: 21699486 | I12: 256425.8 | J12: =H12/I12 -> 84.622866
A13: =AVERAGE(D11:D13) -> 938765.81 | B13: =A13/A10-1 -> 0.14426651 | D13: =H13/20 -> 898047.6 | E13: =D13/D12-1 -> -0.089515429 | G13: 2022년09월 | H13: 17960952 | I13: 185286 | J13: =H13/I13 -> 96.936369 | K13: =H13+H12+H11 -> 59230539 | L13: =K13/K10-1 -> 0.14597477 | N13: =AVERAGE(J11:J13) -> 90.922882 | O13: =N13/N10-1 -> 0.15014657
D14: =H14/20 -> 621054.7 | E14: =D14/D13-1 -> -0.308439 | G14: 2022년10월 | H14: 12421094 | I14: 120467 | J14: =H14/I14 -> 103.10786
D15: =H15/22 -> 528380.86 | E15: =D15/D14-1 -> -0.14922009 | G15: 2022년11월 | H15: 11624379 | I15: 147274.4 | J15: =H15/I15 -> 78.930072
A16: =AVERAGE(D14:D16) -> 607334.26 | B16: =A16/A13-1 -> -0.3530503 | D16: =H16/22 -> 672567.23 | E16: =D16/D15-1 -> 0.27288339 | G16: 2022년12월 | H16: 14796479 | I16: 159683.6 | J16: =H16/I16 -> 92.661231 | K16: =H16+H15+H14 -> 38841952 | L16: =K16/K13-1 -> -0.34422424 | N16: =AVERAGE(J14:J16) -> 91.566386 | O16: =N16/N13-1 -> 0.0070774757
D17: =H17/20 -> 554906.55 | E17: =D17/D16-1 -> -0.17494263 | F17: =D17/D5-1 -> -0.088441338 | G17: 2023년 1월 | H17: 11098131 | I17: 123133.07 | J17: =H17/I17 -> 90.131197
D18: =H18/20 -> 288857.2 | E18: =D18/D17-1 -> -0.47944893 | F18: =D18/D6-1 -> -0.6544006 | G18: 2023년 2월 | H18: 5777144 | I18: 79600.32 | J18: =H18/I18 -> 72.576894
A19: =AVERAGE(D17:D19) -> 446413.77 | B19: =A19/A16-1 -> -0.264962 | C19: =A19/A7-1 -> -0.37791993 | D19: =H19/22 -> 495477.55 | E19: =D19/D18-1 -> 0.71530274 | F19: =D19/D7-1 -> -0.30045361 | G19: 2023년 3월 | H19: 10900506 | I19: 127218.88 | J19: =H19/I19 -> 85.683084 | K19: =H19+H18+H17 -> 27775781 | L19: =K19/K16-1 -> -0.28490255 | M19: =K19/K7-1 -> -0.35106069 | N19: =AVERAGE(J17:J19) -> 82.797058 | O19: =N19/N16-1 -> -0.095770163
D20: =H20/20 -> 735703.75 | E20: =D20/D19-1 -> 0.48483772 | F20: =D20/D8-1 -> 0.032853277 | G20: 2023년 4월 | H20: 14714075 | I20: 148593.9 | J20: =H20/I20 -> 99.022066
D21: =H21/21 -> 653024.52 | E21: =D21/D20-1 -> -0.11238114 | F21: =D21/D9-1 -> -0.20052069 | G21: 2023년 5월 | H21: 13713515 | I21: 142808.16 | J21: =H21/I21 -> 96.027531
A22: =AVERAGE(D20:D22) -> 648397.25 | B22: =A22/A19-1 -> 0.45245801 | C22: =A22/A10-1 -> -0.20966524 | D22: =H22/21 -> 556463.48 | E22: =D22/D21-1 -> -0.14786741 | F22: =D22/D10-1 -> -0.40300698 | G22: 2023년 6월 | H22: 11685733 | I22: 129568.8 | J22: =H22/I22 -> 90.189405 | K22: =H22+H21+H20 -> 40113323 | L22: =K22/K19-1 -> 0.44418344 | M22: =K22/K10-1 -> -0.22389941 | N22: =AVERAGE(J20:J22) -> 95.079667 | O22: =N22/N19-1 -> 0.14834596
D23: =H23/21 -> 760673.86 | E23: =D23/D22-1 -> 0.36697895 | F23: =D23/D11-1 -> -0.18374714 | G23: 2023년 7월 | H23: 15974151 | I23: 188623.7 | J23: =H23/I23 -> 84.687932
D24: =H24/22 -> 788231.05 | E24: =D24/D23-1 -> 0.036227337 | F24: =D24/D12-1 -> -0.20085282 | G24: 2023년 8월 | H24: 17341083 | I24: 171491.7 | J24: =H24/I24 -> 101.11908
A25: =AVERAGE(D23:D25) -> 756282 | B25: =A25/A22-1 -> 0.16638681 | C25: =A25/A13-1 -> -0.19438694 | D25: =H25/19 -> 719941.11 | E25: =D25/D24-1 -> -0.086636958 | F25: =D25/D13-1 -> -0.19832634 | G25: 2023년 9월 | H25: 13678881 | I25: 156002.57 | J25: =H25/I25 -> 87.68369 | K25: =H25+H24+H23 -> 46994115 | L25: =K25/K22-1 -> 0.17153383 | M25: =K25/K13-1 -> -0.20658978 | N25: =AVERAGE(J23:J25) -> 91.163567 | O25: =N25/N22-1 -> -0.041187566
D26: =H26/19 -> 792430.05 | E26: =D26/D25-1 -> 0.10068733 | F26: =D26/D14-1 -> 0.27594245 | G26: 2023년 10월 | H26: 15056171 | I26: 179728.95 | J26: =H26/I26 -> 83.77154
D27: =H27/22 -> 702365.36 | E27: =D27/D26-1 -> -0.11365633 | F27: =D27/D15-1 -> 0.32927858 | G27: 2023년 11월 | H27: 15452038 | I27: 179496.5 | J27: =H27/I27 -> 86.085456
A28: =AVERAGE(D26:D28) -> 740843.58 | B28: =A28/A25-1 -> -0.020413583 | C28: =A28/A16-1 -> 0.21982839 | D28: =H28/19 -> 727735.32 | E28: =D28/D27-1 -> 0.036120734 | F28: =D28/D16-1 -> 0.082026133 | G28: 2023년 12월 | H28: 13826971 | I28: 186680.01 | J28: =H28/I28 -> 74.067764 | K28: =H28+H27+H26 -> 44335180 | L28: =K28/K25-1 -> -0.05658017 | M28: =K28/K16-1 -> 0.14142513 | N28: =AVERAGE(J26:J28) -> 81.308254 | O28: =N28/N25-1 -> -0.10810584
D29: =H29/22 -> 617347.55 | E29: =D29/D28-1 -> -0.1516867 | F29: =D29/D17-1 -> 0.11252524 | G29: 2024년 1월 | H29: 13581646 | I29: 157350.7 | J29: =H29/I29 -> 86.314494
D30: =H30/19 -> 523755.42 | E30: =D30/D29-1 -> -0.15160362 | F30: =D30/D18-1 -> 0.81319843 | G30: 2024년 2월 | H30: 9951353 | I30: 112009.78 | J30: =H30/I30 -> 88.843608
A31: =AVERAGE(D29:D31) -> 575732.81 | B31: =A31/A28-1 -> -0.2228686 | C31: =A31/A19-1 -> 0.28968426 | D31: =H31/20 -> 586095.45 | E31: =D31/D30-1 -> 0.11902508 | F31: =D31/D19-1 -> 0.18289003 | G31: 2024년 3월 | H31: 11721909 | I31: 153309.15 | J31: =H31/I31 -> 76.459292 | K31: =H31+H30+H29 -> 35254908 | L31: =K31/K28-1 -> -0.20480963 | M31: =K31/K19-1 -> 0.26926793 | N31: =AVERAGE(J29:J31) -> 83.872464 | O31: =N31/N28-1 -> 0.031536908
D32: =H32/21 -> 527690.24 | E32: =D32/D31-1 -> -0.099651365 | F32: =D32/D20-1 -> -0.28274086 | G32: 2024년 4월 | H32: 11081495 | I32: 179360.66 | J32: =H32/I32 -> 61.783309
D33: =H33/21 -> 551130 | E33: =D33/D32-1 -> 0.044419548 | F33: =D33/D21-1 -> -0.15603476 | G33: 2024년 5월 | H33: 11573730 | I33: 177309.9 | J33: =H33/I33 -> 65.27402
A34: =AVERAGE(D32:D34) -> 532154.83 | B34: =A34/A31-1 -> -0.075691313 | C34: =A34/A22-1 -> -0.17927654 | D34: =H34/19 -> 517644.26 | E34: =D34/D33-1 -> -0.060758327 | F34: =D34/D22-1 -> -0.069760577 | G34: 2024년 6월 | H34: 9835241 | I34: 137161.5 | J34: =H34/I34 -> 71.705551 | K34: =H34+H33+H32 -> 32490466 | L34: =K34/K31-1 -> -0.078412969 | M34: =K34/K22-1 -> -0.19003305 | N34: =AVERAGE(J32:J34) -> 66.254293 | O34: =N34/N31-1 -> -0.21005906
D35: =H35/23 -> 762113.52 | E35: =D35/D34-1 -> 0.47227271 | F35: =D35/D23-1 -> 0.0018926174 | G35: 2024년 7월 | H35: 17528611 | I35: 218487.4 | J35: =H35/I35 -> 80.227102
D36: =H36/21 -> 544925.24 | E36: =D36/D35-1 -> -0.28498154 | F36: =D36/D24-1 -> -0.30867321 | G36: 2024년 8월 | H36: 11443430 | I36: 157849.56 | J36: =H36/I36 -> 72.495799
A37: =AVERAGE(D35:D37) -> 653019.7 | B37: =A37/A34-1 -> 0.22712349 | C37: =A37/A25-1 -> -0.13653942 | D37: =H37/18 -> 652020.33 | E37: =D37/D36-1 -> 0.19653172 | F37: =D37/D25-1 -> -0.094342122 | G37: 2024년 9월 | H37: 11736366 | I37: 173496.48 | J37: =H37/I37 -> 67.646133 | K37: =H37+H36+H35 -> 40708407 | L37: =K37/K34-1 -> 0.25293392 | M37: =K37/K25-1 -> -0.13375522 | N37: =AVERAGE(J35:J37) -> 73.456345 | O37: =N37/N34-1 -> 0.10870317
D38: =H38/20 -> 682366.6 | E38: =D38/D37-1 -> 0.046541902 | F38: =D38/D26-1 -> -0.13889359 | G38: 2024년 10월 | H38: 13647332 | I38: 208517.1 | J38: =H38/I38 -> 65.449462
D39: =H39/21 -> 951699.29 | E39: =D39/D38-1 -> 0.39470379 | F39: =D39/D27-1 -> 0.35499177 | G39: 2024년 11월 | H39: 19985685 | I39: 261560.27 | J39: =H39/I39 -> 76.409483
A40: =AVERAGE(D38:D40) -> 1003833.6 | B40: =A40/A37-1 -> 0.53721802 | C40: =A40/A28-1 -> 0.35498731 | D40: =H40/21 -> 1377435 | E40: =D40/D39-1 -> 0.44734274 | F40: =D40/D28-1 -> 0.89276928 | G40: 2024년 12월 | H40: 28926136 | I40: 340609 | J40: =H40/I40 -> 84.924755 | K40: =H40+H39+H38 -> 62559153 | L40: =K40/K37-1 -> 0.53676249 | M40: =K40/K28-1 -> 0.41104994 | N40: =AVERAGE(J38:J40) -> 75.594567 | O40: =N40/N37-1 -> 0.029108743
D41: =H41/18 -> 1176544.4 | E41: =D41/D40-1 -> -0.14584398 | F41: =D41/D29-1 -> 0.90580566 | G41: 2025년 1월 | H41: 21177800 | I41: 251330.1 | J41: =H41/I41 -> 84.262888
D42: =H42/20 -> 838132.2 | E42: =D42/D41-1 -> -0.28763235 | F42: =D42/D30-1 -> 0.60023585 | G42: 2025년 2월 | H42: 16762644 | I42: 194141.46 | J42: =H42/I42 -> 86.342423
A43: =AVERAGE(D41:D43) -> 1099513.1 | B43: =A43/A40-1 -> 0.095314087 | C43: =A43/A31-1 -> 0.90976286 | D43: =H43/20 -> 1283862.8 | E43: =D43/D42-1 -> 0.53181413 | F43: =D43/D31-1 -> 1.1905353 | G43: 2025년 3월 | H43: 25677255 | I43: 271499.8 | J43: =H43/I43 -> 94.575595 | K43: =H43+H42+H41 -> 63617699 | L43: =K43/K40-1 -> 0.016920721 | M43: =K43/K31-1 -> 0.80450617 | N43: =AVERAGE(J41:J43) -> 88.393635 | O43: =N43/N40-1 -> 0.16931201
D44: =H44/22 -> 1160544.2 | E44: =D44/D43-1 -> -0.096052766 | F44: =D44/D32-1 -> 1.1992906 | G44: 2025년 4월 | H44: 25531972 | I44: 315177.3 | J44: =H44/I44 -> 81.008283
D45: =H45/20 -> 2119158.6 | E45: =D45/D44-1 -> 0.82600424 | F45: =D45/D33-1 -> 2.8451157 | G45: 2025년 5월 | H45: 42383172 | I45: 456558.56 | J45: =H45/I45 -> 92.831842
A46: =AVERAGE(D44:D46) -> 1636422.7 | B46: =A46/A43-1 -> 0.48831571 | C46: =A46/A34-1 -> 2.0750875 | D46: =H46/19 -> 1629565.2 | E46: =D46/D45-1 -> -0.23103197 | F46: =D46/D34-1 -> 2.1480407 | G46: 2025년 6월 | H46: 30961739 | I46: 336300.4 | J46: =H46/I46 -> 92.065722 | K46: =H46+H45+H44 -> 98876883 | L46: =K46/K43-1 -> 0.55423545 | M46: =K46/K34-1 -> 2.0432584 | N46: =AVERAGE(J44:J46) -> 88.635282 | O46: =N46/N43-1 -> 0.0027337628
D47: =H47/19 -> 1678388.1 | E47: =D47/D46-1 -> 0.029960688 | F47: =D47/D35-1 -> 1.202281 | G47: 2025년 7월 | H47: 31889374 | I47: 329973.3 | J47: =H47/I47 -> 96.642286
D48: =H48/20 -> 1706248.3 | E48: =D48/D47-1 -> 0.016599376 | F48: =D48/D36-1 -> 2.1311604 | G48: 2025년 8월 | H48: 34124966 | I48: 342039.9 | J48: =H48/I48 -> 99.768963
A49: =AVERAGE(D47:D49) -> 1715005.8 | B49: =A49/A46-1 -> 0.048021306 | C49: =A49/A37-1 -> 1.6262697 | D49: =H49/22 -> 1760381 | E49: =D49/D48-1 -> 0.031726183 | F49: =D49/D37-1 -> 1.6998867 | G49: 2025년 9월 | H49: 38728383 | I49: 419902.48 | J49: =H49/I49 -> 92.231851 | K49: =H49+H48+H47 -> 104742723 | L49: =K49/K46-1 -> 0.059324686 | M49: =K49/K37-1 -> 1.5729998 | N49: =AVERAGE(J47:J49) -> 96.214367 | O49: =N49/N46-1 -> 0.085508661
D50: =H50/18 -> 2304435.5 | E50: =D50/D49-1 -> 0.30905494 | F50: =D50/D38-1 -> 2.3771224 | G50: 2025년 10월 | H50: 41479839 | I50: 475895.95 | J50: =H50/I50 -> 87.161572
D51: =H51/20 -> 1967653.4 | E51: =D51/D50-1 -> -0.14614518 | F51: =D51/D39-1 -> 1.0675158 | G51: 2025년 11월 | H51: 39353067 | I51: 413578.61 | J51: =H51/I51 -> 95.152568
A52: =AVERAGE(D50:D52) -> 1964316.3 | B52: =A52/A49-1 -> 0.14537004 | C52: =A52/A40-1 -> 0.95681455 | D52: =H52/22 -> 1620860 | E52: =D52/D51-1 -> -0.17624718 | F52: =D52/D40-1 -> 0.17672336 | G52: 2025년 12월 | H52: 35658920 | I52: 374998.06 | J52: =H52/I52 -> 95.090945 | K52: =H52+H51+H50 -> 116491826 | L52: =K52/K49-1 -> 0.11217107 | M52: =K52/K40-1 -> 0.86210683 | N52: =AVERAGE(J50:J52) -> 92.468362 | O52: =N52/N49-1 -> -0.038933943
D53: =H53/21 -> 1996482.8 | E53: =D53/D52-1 -> 0.23174291 | F53: =D53/D41-1 -> 0.69690386 | G53: 2026년 1월 | H53: 41926139 | I53: 461239.59 | J53: =H53/I53 -> 90.89883
D54: =H54/17 -> 2204934.4 | E54: =D54/D53-1 -> 0.10440939 | F54: =D54/D42-1 -> 1.6307716 | G54: 2026년 2월 | H54: 37483884 | I54: 386395.94 | J54: =H54/I54 -> 97.009001
A55: =AVERAGE(D53:D55) -> 1926288.5 | B55: =A55/A52-1 -> -0.019359314 | C55: =A55/A43-1 -> 0.75194676 | D55: =H55/21 -> 1577448.2 | E55: =D55/D54-1 -> -0.28458267 | F55: =D55/D43-1 -> 0.22867358 | G55: 2026년 3월 | H55: 33126413 | I55: 335624.19 | J55: =H55/I55 -> 98.70091 | K55: =H55+H54+H53 -> 112536436 | L55: =K55/K52-1 -> -0.033954228 | M55: =K55/K43-1 -> 0.76894854 | N55: =AVERAGE(J53:J55) -> 95.536247 | O55: =N55/N52-1 -> 0.033177673
D56: =H56/22 -> 1647564.6 | E56: =D56/D55-1 -> 0.044449226 | F56: =D56/D44-1 -> 0.41964831 | G56: 2026년 4월 | H56: 36246421 | I56: 378975.05 | J56: =H56/I56 -> 95.643291
D57: =H57/18 -> 2263767.7 | E57: =D57/D56-1 -> 0.37400848 | F57: =D57/D45-1 -> 0.068238933 | G57: 2026년 5월 | H57: 40747819 | I57: 382688.46 | J57: =H57/I57 -> 106.47778
A58: =AVERAGE(D56:D58) -> 1955666.2 | B58: =A58/A55-1 -> 0.01525093 | C58: =A58/A46-1 -> 0.19508621

Sheet 두산(김천)
A1: 두산 | P1: 두산
P2: 741021 | Q2: 증평, 김천, 익산, 김제
G3: 년월 | H3: 금액(달러) | I3: 중량 | P3: * 잠정치가 아니라 확정치만 볼수 있음
A4: 분기(일평균) | B4: QoQ | D4: 일평균수출 | E4: mom | F4: yoy | J4: 금액(달러)/중량 | L4: QoQ | M4: yoy | N4: 단가 | O4: QoQ
D5: =H5/20 -> 232266.85 | G5: 2022년01월 | H5: 4645337 | I5: 74082.1 | J5: =H5/I5 -> 62.705255
D6: =H6/18 -> 233087.5 | E6: =D6/D5-1 -> 0.0035332205 | G6: 2022년02월 | H6: 4195575 | I6: 73029.8 | J6: =H6/I6 -> 57.450178
A7: =AVERAGE(D5:D7) -> 242314.13 | D7: =H7/22 -> 261588.05 | E7: =D7/D6-1 -> 0.12227402 | G7: 2022년03월 | H7: 5754937 | I7: 77897.3 | J7: =H7/I7 -> 73.878517 | K7: =H7+H6+H5 -> 14595849 | N7: =AVERAGE(J5:J7) -> 64.677983
D8: =H8/21 -> 266911.14 | E8: =D8/D7-1 -> 0.020349162 | G8: 2022년04월 | H8: 5605134 | I8: 77337.2 | J8: =H8/I8 -> 72.476557
D9: =H9/21 -> 203832.14 | E9: =D9/D8-1 -> -0.23632959 | G9: 2022년05월 | H9: 4280475 | I9: 57482.3 | J9: =H9/I9 -> 74.465966
A10: =AVERAGE(D8:D10) -> 224040.79 | B10: =A10/A7-1 -> -0.075411772 | D10: =H10/21 -> 201379.1 | E10: =D10/D9-1 -> -0.012034646 | G10: 2022년06월 | H10: 4228961 | I10: 55095.9 | J10: =H10/I10 -> 76.756365 | K10: =H10+H9+H8 -> 14114570 | L10: =K10/K7-1 -> -0.03297369 | N10: =AVERAGE(J8:J10) -> 74.566296 | O10: =N10/N7-1 -> 0.1528853
D11: =H11/21 -> 206340.67 | E11: =D11/D10-1 -> 0.024637967 | G11: 2022년07월 | H11: 4333154 | I11: 59529.1 | J11: =H11/I11 -> 72.790518
D12: =H12/22 -> 188165.27 | E12: =D12/D11-1 -> -0.088084401 | G12: 2022년08월 | H12: 4139636 | I12: 53798.3 | J12: =H12/I12 -> 76.947338
A13: =AVERAGE(D11:D13) -> 200772.13 | B13: =A13/A10-1 -> -0.10385905 | D13: =H13/20 -> 207810.45 | E13: =D13/D12-1 -> 0.10440384 | G13: 2022년09월 | H13: 4156209 | I13: 59759.3 | J13: =H13/I13 -> 69.549158 | K13: =H13+H12+H11 -> 12628999 | L13: =K13/K10-1 -> -0.10525089 | N13: =AVERAGE(J11:J13) -> 73.095671 | O13: =N13/N10-1 -> -0.019722378
D14: =H14/20 -> 165763.65 | E14: =D14/D13-1 -> -0.20233246 | G14: 2022년10월 | H14: 3315273 | I14: 60128.5 | J14: =H14/I14 -> 55.136466
D15: =H15/22 -> 101313.95 | E15: =D15/D14-1 -> -0.38880476 | G15: 2022년11월 | H15: 2228907 | I15: 53075.3 | J15: =H15/I15 -> 41.995184
A16: =AVERAGE(D14:D16) -> 118536.22 | B16: =A16/A13-1 -> -0.40959825 | D16: =H16/22 -> 88531.045 | E16: =D16/D15-1 -> -0.12617126 | G16: 2022년12월 | H16: 1947683 | I16: 38819.4 | J16: =H16/I16 -> 50.172929 | K16: =H16+H15+H14 -> 7491863 | L16: =K16/K13-1 -> -0.40677302 | N16: =AVERAGE(J14:J16) -> 49.101526 | O16: =N16/N13-1 -> -0.32825671
D17: =H17/20 -> 107186 | E17: =D17/D16-1 -> 0.21071653 | F17: =D17/D5-1 -> -0.53852218 | G17: 2023년 1월 | H17: 2143720 | I17: 42020.87 | J17: =H17/I17 -> 51.015602
D18: =H18/20 -> 151549.85 | E18: =D18/D17-1 -> 0.41389594 | F18: =D18/D6-1 -> -0.34981563 | G18: 2023년 2월 | H18: 3030997 | I18: 49608.68 | J18: =H18/I18 -> 61.098118
A19: =AVERAGE(D17:D19) -> 133709.62 | B19: =A19/A16-1 -> 0.12800645 | C19: =A19/A7-1 -> -0.4481972 | D19: =H19/22 -> 142393 | E19: =D19/D18-1 -> -0.060421373 | F19: =D19/D7-1 -> -0.45565938 | G19: 2023년 3월 | H19: 3132646 | I19: 34139.58 | J19: =H19/I19 -> 91.759945 | K19: =H19+H18+H17 -> 8307363 | L19: =K19/K16-1 -> 0.10885143 | M19: =K19/K7-1 -> -0.43084071 | N19: =AVERAGE(J17:J19) -> 67.957889 | O19: =N19/N16-1 -> 0.38402803
D20: =H20/20 -> 170206.15 | E20: =D20/D19-1 -> 0.19532667 | F20: =D20/D8-1 -> -0.36231156 | G20: 2023년 4월 | H20: 3404123 | I20: 38106.96 | J20: =H20/I20 -> 89.330742
D21: =H21/21 -> 210504.38 | E21: =D21/D20-1 -> 0.23676131 | F21: =D21/D9-1 -> 0.032733984 | G21: 2023년 5월 | H21: 4420592 | I21: 45619.2 | J21: =H21/I21 -> 96.902006
A22: =AVERAGE(D20:D22) -> 201189.8 | B22: =A22/A19-1 -> 0.50467708 | C22: =A22/A10-1 -> -0.10199481 | D22: =H22/21 -> 222858.86 | E22: =D22/D21-1 -> 0.058689877 | F22: =D22/D10-1 -> 0.10666332 | G22: 2023년 6월 | H22: 4680036 | I22: 49492.63 | J22: =H22/I22 -> 94.560261 | K22: =H22+H21+H20 -> 12504751 | L22: =K22/K19-1 -> 0.50526118 | M22: =K22/K10-1 -> -0.1140537 | N22: =AVERAGE(J20:J22) -> 93.59767 | O22: =N22/N19-1 -> 0.37728925
D23: =H23/21 -> 268097.9 | E23: =D23/D22-1 -> 0.20299417 | F23: =D23/D11-1 -> 0.29929746 | G23: 2023년 7월 | H23: 5630056 | I23: 66234.5 | J23: =H23/I23 -> 85.001865
D24: =H24/22 -> 243150.41 | E24: =D24/D23-1 -> -0.093053676 | F24: =D24/D12-1 -> 0.29221724 | G24: 2023년 8월 | H24: 5349309 | I24: 68745.06 | J24: =H24/I24 -> 77.813722
A25: =AVERAGE(D23:D25) -> 266420.89 | B25: =A25/A22-1 -> 0.32422667 | C25: =A25/A13-1 -> 0.32698146 | D25: =H25/19 -> 288014.37 | E25: =D25/D24-1 -> 0.18451114 | F25: =D25/D13-1 -> 0.38594747 | G25: 2023년 9월 | H25: 5472273 | I25: 94896.33 | J25: =H25/I25 -> 57.665802 | K25: =H25+H24+H23 -> 16451638 | L25: =K25/K22-1 -> 0.31563099 | M25: =K25/K13-1 -> 0.30268741 | N25: =AVERAGE(J23:J25) -> 73.493796 | O25: =N25/N22-1 -> -0.21479032
D26: =H26/19 -> 340627.42 | E26: =D26/D25-1 -> 0.1826751 | F26: =D26/D14-1 -> 1.0548982 | G26: 2023년 10월 | H26: 6471921 | I26: 91401.29 | J26: =H26/I26 -> 70.807764
D27: =H27/22 -> 276817.27 | E27: =D27/D26-1 -> -0.18733121 | F27: =D27/D15-1 -> 1.7322719 | G27: 2023년 11월 | H27: 6089980 | I27: 81141.71 | J27: =H27/I27 -> 75.053631
A28: =AVERAGE(D26:D28) -> 316811.25 | B28: =A28/A25-1 -> 0.18913815 | C28: =A28/A16-1 -> 1.6726958 | D28: =H28/19 -> 332989.05 | E28: =D28/D27-1 -> 0.20292007 | F28: =D28/D16-1 -> 2.7612687 | G28: 2023년 12월 | H28: 6326792 | I28: 84958.18 | J28: =H28/I28 -> 74.469486 | K28: =H28+H27+H26 -> 18888693 | L28: =K28/K25-1 -> 0.14813449 | M28: =K28/K16-1 -> 1.5212278 | N28: =AVERAGE(J26:J28) -> 73.443627 | O28: =N28/N25-1 -> -0.00068262986
D29: =H29/22 -> 321638.45 | E29: =D29/D28-1 -> -0.034087001 | F29: =D29/D17-1 -> 2.0007506 | G29: 2024년 1월 | H29: 7076046 | I29: 75470.14 | J29: =H29/I29 -> 93.759545
D30: =H30/19 -> 301276.32 | E30: =D30/D29-1 -> -0.063307538 | F30: =D30/D18-1 -> 0.98796842 | G30: 2024년 2월 | H30: 5724250 | I30: 62181.84 | J30: =H30/I30 -> 92.05662
A31: =AVERAGE(D29:D31) -> 300031.44 | B31: =A31/A28-1 -> -0.052964687 | C31: =A31/A19-1 -> 1.2439032 | D31: =H31/20 -> 277179.55 | E31: =D31/D30-1 -> -0.079982277 | F31: =D31/D19-1 -> 0.94658129 | G31: 2024년 3월 | H31: 5543591 | I31: 72686.46 | J31: =H31/I31 -> 76.267175 | K31: =H31+H30+H29 -> 18343887 | L31: =K31/K28-1 -> -0.02884297 | M31: =K31/K19-1 -> 1.208148 | N31: =AVERAGE(J29:J31) -> 87.361113 | O31: =N31/N28-1 -> 0.18949889
D32: =H32/21 -> 282141.14 | E32: =D32/D31-1 -> 0.017900285 | F32: =D32/D20-1 -> 0.65764364 | G32: 2024년 4월 | H32: 5924964 | I32: 76747.8 | J32: =H32/I32 -> 77.200441
D33: =H33/21 -> 229982.24 | E33: =D33/D32-1 -> -0.18486813 | F33: =D33/D21-1 -> 0.092529462 | G33: 2024년 5월 | H33: 4829627 | I33: 59707.55 | J33: =H33/I33 -> 80.888045
A34: =AVERAGE(D32:D34) -> 261413.64 | B34: =A34/A31-1 -> -0.12871253 | C34: =A34/A22-1 -> 0.29933844 | D34: =H34/19 -> 272117.53 | E34: =D34/D33-1 -> 0.18321105 | F34: =D34/D22-1 -> 0.22103079 | G34: 2024년 6월 | H34: 5170233 | I34: 66963.21 | J34: =H34/I34 -> 77.210053 | K34: =H34+H33+H32 -> 15924824 | L34: =K34/K31-1 -> -0.13187298 | M34: =K34/K22-1 -> 0.27350189 | N34: =AVERAGE(J32:J34) -> 78.432846 | O34: =N34/N31-1 -> -0.10219956
D35: =H35/23 -> 259542.74 | E35: =D35/D34-1 -> -0.046210868 | F35: =D35/D23-1 -> -0.031910602 | G35: 2024년 7월 | H35: 5969483 | I35: 66961.31 | J35: =H35/I35 -> 89.148241
D36: =H36/21 -> 275197.95 | E36: =D36/D35-1 -> 0.06031844 | F36: =D36/D24-1 -> 0.13180131 | G36: 2024년 8월 | H36: 5779157 | I36: 80836.36 | J36: =H36/I36 -> 71.492049
A37: =AVERAGE(D35:D37) -> 271217.64 | B37: =A37/A34-1 -> 0.03750379 | C37: =A37/A25-1 -> 0.018004383 | D37: =H37/18 -> 278912.22 | E37: =D37/D36-1 -> 0.01349672 | F37: =D37/D25-1 -> -0.031603098 | G37: 2024년 9월 | H37: 5020420 | I37: 63222.8 | J37: =H37/I37 -> 79.408378 | K37: =H37+H36+H35 -> 16769060 | L37: =K37/K34-1 -> 0.053013836 | M37: =K37/K25-1 -> 0.019294249 | N37: =AVERAGE(J35:J37) -> 80.016223 | O37: =N37/N34-1 -> 0.020187667
D38: =H38/20 -> 279558.65 | E38: =D38/D37-1 -> 0.0023176746 | F38: =D38/D26-1 -> -0.17928319 | G38: 2024년 10월 | H38: 5591173 | I38: 64337 | J38: =H38/I38 -> 86.904472
D39: =H39/21 -> 179248.76 | E39: =D39/D38-1 -> -0.35881518 | F39: =D39/D27-1 -> -0.3524654 | G39: 2024년 11월 | H39: 3764224 | I39: 43177.5 | J39: =H39/I39 -> 87.180221
A40: =AVERAGE(D38:D40) -> 227954.45 | B40: =A40/A37-1 -> -0.15951464 | C40: =A40/A28-1 -> -0.28047235 | D40: =H40/21 -> 225055.95 | E40: =D40/D39-1 -> 0.25555094 | F40: =D40/D28-1 -> -0.32413408 | G40: 2024년 12월 | H40: 4726175 | I40: 54092 | J40: =H40/I40 -> 87.372902 | K40: =H40+H39+H38 -> 14081572 | L40: =K40/K37-1 -> -0.16026468 | M40: =K40/K28-1 -> -0.25449728 | N40: =AVERAGE(J38:J40) -> 87.152532 | O40: =N40/N37-1 -> 0.089185776
D41: =H41/18 -> 219682 | E41: =D41/D40-1 -> -0.023878295 | F41: =D41/D29-1 -> -0.31699087 | G41: 2025년 1월 | H41: 3954276 | I41: 46367.4 | J41: =H41/I41 -> 85.281383
D42: =H42/20 -> 262138 | E42: =D42/D41-1 -> 0.19326117 | F42: =D42/D30-1 -> -0.12990837 | G42: 2025년 2월 | H42: 5242760 | I42: 63880.6 | J42: =H42/I42 -> 82.071239
A43: =AVERAGE(D41:D43) -> 263351.47 | B43: =A43/A40-1 -> 0.15528107 | C43: =A43/A31-1 -> -0.12225377 | D43: =H43/20 -> 308234.4 | E43: =D43/D42-1 -> 0.17584784 | F43: =D43/D31-1 -> 0.11203875 | G43: 2025년 3월 | H43: 6164688 | I43: 82131.7 | J43: =H43/I43 -> 75.058571 | K43: =H43+H42+H41 -> 15361724 | L43: =K43/K40-1 -> 0.090909736 | M43: =K43/K31-1 -> -0.16256985 | N43: =AVERAGE(J41:J43) -> 80.803731 | O43: =N43/N40-1 -> -0.072847002
D44: =H44/22 -> 325094.27 | E44: =D44/D43-1 -> 0.054698219 | F44: =D44/D32-1 -> 0.15223987 | G44: 2025년 4월 | H44: 7152074 | I44: 82920.73 | J44: =H44/I44 -> 86.251942
D45: =H45/20 -> 339319.15 | E45: =D45/D44-1 -> 0.043756161 | F45: =D45/D33-1 -> 0.47541459 | G45: 2025년 5월 | H45: 6786383 | I45: 81377.78 | J45: =H45/I45 -> 83.393563
A46: =AVERAGE(D44:D46) -> 345858.97 | B46: =A46/A43-1 -> 0.31329804 | C46: =A46/A34-1 -> 0.32303338 | D46: =H46/19 -> 373163.47 | E46: =D46/D45-1 -> 0.099741862 | F46: =D46/D34-1 -> 0.37133201 | G46: 2025년 6월 | H46: 7090106 | I46: 80593.47 | J46: =H46/I46 -> 87.973703 | K46: =H46+H45+H44 -> 21028563 | L46: =K46/K43-1 -> 0.36889343 | M46: =K46/K34-1 -> 0.32048951 | N46: =AVERAGE(J44:J46) -> 85.873069 | O46: =N46/N43-1 -> 0.062736439
D47: =H47/19 -> 379010.05 | E47: =D47/D46-1 -> 0.015667608 | F47: =D47/D35-1 -> 0.46029919 | G47: 2025년 7월 | H47: 7201191 | I47: 84082.91 | J47: =H47/I47 -> 85.643932
D48: =H48/20 -> 372431.25 | E48: =D48/D47-1 -> -0.017357858 | F48: =D48/D36-1 -> 0.3533213 | G48: 2025년 8월 | H48: 7448625 | I48: 86915.51 | J48: =H48/I48 -> 85.699606
A49: =AVERAGE(D47:D49) -> 393762.39 | B49: =A49/A46-1 -> 0.13850566 | C49: =A49/A37-1 -> 0.45183179 | D49: =H49/22 -> 429845.86 | E49: =D49/D48-1 -> 0.15416164 | F49: =D49/D37-1 -> 0.54115105 | G49: 2025년 9월 | H49: 9456609 | I49: 107520.96 | J49: =H49/I49 -> 87.951307 | K49: =H49+H48+H47 -> 24106425 | L49: =K49/K46-1 -> 0.14636578 | M49: =K49/K37-1 -> 0.43755374 | N49: =AVERAGE(J47:J49) -> 86.431615 | O49: =N49/N46-1 -> 0.0065043194
D50: =H50/18 -> 554448.78 | E50: =D50/D49-1 -> 0.28987813 | F50: =D50/D38-1 -> 0.98330038 | G50: 2025년 10월 | H50: 9980078 | I50: 97503.02 | J50: =H50/I50 -> 102.3566
D51: =H51/20 -> 343994.2 | E51: =D51/D50-1 -> -0.37957443 | F51: =D51/D39-1 -> 0.91908829 | G51: 2025년 11월 | H51: 6879884 | I51: 73988.7 | J51: =H51/I51 -> 92.985605
A52: =AVERAGE(D50:D52) -> 410276.05 | B52: =A52/A49-1 -> 0.041938146 | C52: =A52/A40-1 -> 0.7998159 | D52: =H52/22 -> 332385.18 | E52: =D52/D51-1 -> -0.033747715 | F52: =D52/D40-1 -> 0.4769002 | G52: 2025년 12월 | H52: 7312474 | I52: 89497.7 | J52: =H52/I52 -> 81.70572 | K52: =H52+H51+H50 -> 24172436 | L52: =K52/K49-1 -> 0.0027383156 | M52: =K52/K40-1 -> 0.71660067 | N52: =AVERAGE(J50:J52) -> 92.349309 | O52: =N52/N49-1 -> 0.068466779
D53: =H53/21 -> 427576.52 | E53: =D53/D52-1 -> 0.28638865 | F53: =D53/D41-1 -> 0.946343 | G53: 2026년 1월 | H53: 8979107 | I53: 104156.67 | J53: =H53/I53 -> 86.2077
D54: =H54/17 -> 435978.59 | E54: =D54/D53-1 -> 0.019650434 | F54: =D54/D42-1 -> 0.6631644 | G54: 2026년 2월 | H54: 7411636 | I54: 83217.17 | J54: =H54/I54 -> 89.063783
A55: =AVERAGE(D53:D55) -> 445658.61 | B55: =A55/A52-1 -> 0.08624085 | C55: =A55/A43-1 -> 0.69225793 | D55: =H55/21 -> 473420.71 | E55: =D55/D54-1 -> 0.085880653 | F55: =D55/D43-1 -> 0.53591135 | G55: 2026년 3월 | H55: 9941835 | I55: 112452.95 | J55: =H55/I55 -> 88.408841 | K55: =H55+H54+H53 -> 26332578 | L55: =K55/K52-1 -> 0.089363852 | M55: =K55/K43-1 -> 0.71416815 | N55: =AVERAGE(J53:J55) -> 87.893442 | O55: =N55/N52-1 -> -0.048250147
D56: =H56/22 -> 416460.77 | E56: =D56/D55-1 -> -0.12031569 | F56: =D56/D44-1 -> 0.28104617 | G56: 2026년 4월 | H56: 9162137 | I56: 104013.8 | J56: =H56/I56 -> 88.085783
D57: =H57/18 -> 543096.89 | E57: =D57/D56-1 -> 0.30407694 | F57: =D57/D45-1 -> 0.60054889 | G57: 2026년 5월 | H57: 9775744 | I57: 101801.16 | J57: =H57/I57 -> 96.027825
A58: =AVERAGE(D56:D58) -> 479778.83 | B58: =A58/A55-1 -> 0.076561344 | C58: =A58/A46-1 -> 0.38720947

Sheet 두산(익산)
A1: 두산 | P1: 두산
P2: 741021 | Q2: 증평, 김천, 익산, 김제
G3: 년월 | H3: 금액(달러) | I3: 중량 | P3: * 잠정치가 아니라 확정치만 볼수 있음
A4: 분기(일평균) | B4: QoQ | D4: 일평균수출 | E4: mom | F4: yoy | J4: 금액(달러)/중량 | L4: QoQ | M4: yoy | N4: 단가 | O4: QoQ | P4: 메디톡스는 다른 수출코드에 수출이 없더라
D5: =H5/20 -> 81823.8 | G5: 2022년01월 | H5: 1636476 | I5: 26783.43 | J5: =H5/I5 -> 61.100315
D6: =H6/18 -> 52053.111 | E6: =D6/D5-1 -> -0.36383899 | G6: 2022년02월 | H6: 936956 | I6: 13215.4 | J6: =H6/I6 -> 70.8988
A7: =AVERAGE(D5:D7) -> 58810.364 | D7: =H7/22 -> 42554.182 | E7: =D7/D6-1 -> -0.18248533 | G7: 2022년03월 | H7: 936192 | I7: 12649.87 | J7: =H7/I7 -> 74.008033 | K7: =H7+H6+H5 -> 3509624 | N7: =AVERAGE(J5:J7) -> 68.669049
D8: =H8/21 -> 115179.71 | E8: =D8/D7-1 -> 1.7066603 | G8: 2022년04월 | H8: 2418774 | I8: 39457.8 | J8: =H8/I8 -> 61.300275
D9: =H9/21 -> 74491.81 | E9: =D9/D8-1 -> -0.35325582 | G9: 2022년05월 | H9: 1564328 | I9: 25428.98 | J9: =H9/I9 -> 61.517528
A10: =AVERAGE(D8:D10) -> 75022.857 | B10: =A10/A7-1 -> 0.27567408 | D10: =H10/21 -> 35397.048 | E10: =D10/D9-1 -> -0.5248196 | G10: 2022년06월 | H10: 743338 | I10: 11021.14 | J10: =H10/I10 -> 67.446562 | K10: =H10+H9+H8 -> 4726440 | L10: =K10/K7-1 -> 0.34670837 | N10: =AVERAGE(J8:J10) -> 63.421455 | O10: =N10/N7-1 -> -0.076418622
D11: =H11/21 -> 76835.81 | E11: =D11/D10-1 -> 1.1706841 | G11: 2022년07월 | H11: 1613552 | I11: 23349.87 | J11: =H11/I11 -> 69.103254
D12: =H12/22 -> 27835.955 | E12: =D12/D11-1 -> -0.63772159 | G12: 2022년08월 | H12: 612391 | I12: 11639.07 | J12: =H12/I12 -> 52.615114
A13: =AVERAGE(D11:D13) -> 54926.321 | B13: =A13/A10-1 -> -0.26787217 | D13: =H13/20 -> 60107.2 | E13: =D13/D12-1 -> 1.1593368 | G13: 2022년09월 | H13: 1202144 | I13: 24356.34 | J13: =H13/I13 -> 49.356513 | K13: =H13+H12+H11 -> 3428087 | L13: =K13/K10-1 -> -0.27469999 | N13: =AVERAGE(J11:J13) -> 57.02496 | O13: =N13/N10-1 -> -0.10085695
D14: =H14/20 -> 23229 | E14: =D14/D13-1 -> -0.61354047 | G14: 2022년10월 | H14: 464580 | I14: 8998.23 | J14: =H14/I14 -> 51.630154
D15: =H15/22 -> 35039.5 | E15: =D15/D14-1 -> 0.50843773 | G15: 2022년11월 | H15: 770869 | I15: 12706.64 | J15: =H15/I15 -> 60.666628
A16: =AVERAGE(D14:D16) -> 26430.227 | B16: =A16/A13-1 -> -0.5188058 | D16: =H16/22 -> 21022.182 | E16: =D16/D15-1 -> -0.40004333 | G16: 2022년12월 | H16: 462488 | I16: 8726.41 | J16: =H16/I16 -> 52.998656 | K16: =H16+H15+H14 -> 1697937 | L16: =K16/K13-1 -> -0.50469839 | N16: =AVERAGE(J14:J16) -> 55.098479 | O16: =N16/N13-1 -> -0.033783121
D17: =H17/20 -> 37901.7 | E17: =D17/D16-1 -> 0.80293845 | F17: =D17/D5-1 -> -0.53678881 | G17: 2023년 1월 | H17: 758034 | I17: 13067.55 | J17: =H17/I17 -> 58.008885
D18: =H18/20 -> 52434.05 | E18: =D18/D17-1 -> 0.38342212 | F18: =D18/D6-1 -> 0.0073182732 | G18: 2023년 2월 | H18: 1048681 | I18: 17814.43 | J18: =H18/I18 -> 58.866941
A19: =AVERAGE(D17:D19) -> 53381.644 | B19: =A19/A16-1 -> 1.0197194 | C19: =A19/A7-1 -> -0.092308906 | D19: =H19/22 -> 69809.182 | E19: =D19/D18-1 -> 0.33137116 | F19: =D19/D7-1 -> 0.64047759 | G19: 2023년 3월 | H19: 1535802 | I19: 21501.29 | J19: =H19/I19 -> 71.428365 | K19: =H19+H18+H17 -> 3342517 | L19: =K19/K16-1 -> 0.96857539 | M19: =K19/K7-1 -> -0.047613932 | N19: =AVERAGE(J17:J19) -> 62.768064 | O19: =N19/N16-1 -> 0.13919775
D20: =H20/20 -> 83506.8 | E20: =D20/D19-1 -> 0.19621514 | F20: =D20/D8-1 -> -0.27498691 | G20: 2023년 4월 | H20: 1670136 | I20: 19551.08 | J20: =H20/I20 -> 85.424232
D21: =H21/21 -> 112335.1 | E21: =D21/D20-1 -> 0.34522093 | F21: =D21/D9-1 -> 0.50801942 | G21: 2023년 5월 | H21: 2359037 | I21: 31298.01 | J21: =H21/I21 -> 75.373386
A22: =AVERAGE(D20:D22) -> 86949.505 | B22: =A22/A19-1 -> 0.62882778 | C22: =A22/A10-1 -> 0.15897352 | D22: =H22/21 -> 65006.619 | E22: =D22/D21-1 -> -0.42131514 | F22: =D22/D10-1 -> 0.83649834 | G22: 2023년 6월 | H22: 1365139 | I22: 19382.14 | J22: =H22/I22 -> 70.432831 | K22: =H22+H21+H20 -> 5394312 | L22: =K22/K19-1 -> 0.61384729 | M22: =K22/K10-1 -> 0.14130551 | N22: =AVERAGE(J20:J22) -> 77.076817 | O22: =N22/N19-1 -> 0.22796231
D23: =H23/21 -> 81734.667 | E23: =D23/D22-1 -> 0.25732837 | F23: =D23/D11-1 -> 0.063757474 | G23: 2023년 7월 | H23: 1716428 | I23: 18420.09 | J23: =H23/I23 -> 93.182389
D24: =H24/22 -> 94163.636 | E24: =D24/D23-1 -> 0.15206485 | F24: =D24/D12-1 -> 2.3828061 | G24: 2023년 8월 | H24: 2071600 | I24: 25752.65 | J24: =H24/I24 -> 80.442207
A25: =AVERAGE(D23:D25) -> 85958.294 | B25: =A25/A22-1 -> -0.011399844 | C25: =A25/A13-1 -> 0.56497453 | D25: =H25/19 -> 81976.579 | E25: =D25/D24-1 -> -0.12942424 | F25: =D25/D13-1 -> 0.36383959 | G25: 2023년 9월 | H25: 1557555 | I25: 22652.32 | J25: =H25/I25 -> 68.759182 | K25: =H25+H24+H23 -> 5345583 | L25: =K25/K22-1 -> -0.0090334041 | M25: =K25/K13-1 -> 0.5593487 | N25: =AVERAGE(J23:J25) -> 80.794593 | O25: =N25/N22-1 -> 0.048234688
D26: =H26/19 -> 66236.474 | E26: =D26/D25-1 -> -0.19200734 | F26: =D26/D14-1 -> 1.8514561 | G26: 2023년 10월 | H26: 1258493 | I26: 17842.25 | J26: =H26/I26 -> 70.534434
D27: =H27/22 -> 39190.5 | E27: =D27/D26-1 -> -0.40832448 | F27: =D27/D15-1 -> 0.1184663 | G27: 2023년 11월 | H27: 862191 | I27: 12814.51 | J27: =H27/I27 -> 67.282401
A28: =AVERAGE(D26:D28) -> 50004.728 | B28: =A28/A25-1 -> -0.41826756 | C28: =A28/A16-1 -> 0.89195225 | D28: =H28/19 -> 44587.211 | E28: =D28/D27-1 -> 0.13770456 | F28: =D28/D16-1 -> 1.1209602 | G28: 2023년 12월 | H28: 847157 | I28: 11658.04 | J28: =H28/I28 -> 72.667189 | K28: =H28+H27+H26 -> 2967841 | L28: =K28/K25-1 -> -0.44480499 | M28: =K28/K16-1 -> 0.74790996 | N28: =AVERAGE(J26:J28) -> 70.161341 | O28: =N28/N25-1 -> -0.13160845
D29: =H29/22 -> 39007.182 | E29: =D29/D28-1 -> -0.12514864 | F29: =D29/D17-1 -> 0.029167077 | G29: 2024년 1월 | H29: 858158 | I29: 15108.98 | J29: =H29/I29 -> 56.797878
D30: =H30/19 -> 24707.526 | E30: =D30/D29-1 -> -0.36659033 | F30: =D30/D18-1 -> -0.52878852 | G30: 2024년 2월 | H30: 469443 | I30: 6078.79 | J30: =H30/I30 -> 77.226389
A31: =AVERAGE(D29:D31) -> 44775.969 | B31: =A31/A28-1 -> -0.10456529 | C31: =A31/A19-1 -> -0.16121037 | D31: =H31/20 -> 70613.2 | E31: =D31/D30-1 -> 1.8579632 | F31: =D31/D19-1 -> 0.01151737 | G31: 2024년 3월 | H31: 1412264 | I31: 19252.13 | J31: =H31/I31 -> 73.356247 | K31: =H31+H30+H29 -> 2739865 | L31: =K31/K28-1 -> -0.076815436 | M31: =K31/K19-1 -> -0.18029886 | N31: =AVERAGE(J29:J31) -> 69.126838 | O31: =N31/N28-1 -> -0.014744637
D32: =H32/21 -> 73874.333 | E32: =D32/D31-1 -> 0.046183055 | F32: =D32/D20-1 -> -0.11534949 | G32: 2024년 4월 | H32: 1551361 | I32: 18250.49 | J32: =H32/I32 -> 85.0038
D33: =H33/21 -> 66008.381 | E33: =D33/D32-1 -> -0.10647747 | F33: =D33/D21-1 -> -0.41239752 | G33: 2024년 5월 | H33: 1386176 | I33: 16178.47 | J33: =H33/I33 -> 85.68029
A34: =AVERAGE(D32:D34) -> 87946.712 | B34: =A34/A31-1 -> 0.96414981 | C34: =A34/A22-1 -> 0.011468806 | D34: =H34/19 -> 123957.42 | E34: =D34/D33-1 -> 0.87790428 | F34: =D34/D22-1 -> 0.90684307 | G34: 2024년 6월 | H34: 2355191 | I34: 28453.89 | J34: =H34/I34 -> 82.772197 | K34: =H34+H33+H32 -> 5292728 | L34: =K34/K31-1 -> 0.93174773 | M34: =K34/K22-1 -> -0.018831688 | N34: =AVERAGE(J32:J34) -> 84.485429 | O34: =N34/N31-1 -> 0.22217986
D35: =H35/23 -> 62401.174 | E35: =D35/D34-1 -> -0.49659187 | F35: =D35/D23-1 -> -0.23653969 | G35: 2024년 7월 | H35: 1435227 | I35: 17389.22 | J35: =H35/I35 -> 82.535444
D36: =H36/21 -> 48749.238 | E36: =D36/D35-1 -> -0.21877691 | F36: =D36/D24-1 -> -0.48229232 | G36: 2024년 8월 | H36: 1023734 | I36: 13916.77 | J36: =H36/I36 -> 73.561178
A37: =AVERAGE(D35:D37) -> 55864.23 | B37: =A37/A34-1 -> -0.36479456 | C37: =A37/A25-1 -> -0.35010076 | D37: =H37/18 -> 56442.278 | E37: =D37/D36-1 -> 0.15780841 | F37: =D37/D25-1 -> -0.31148288 | G37: 2024년 9월 | H37: 1015961 | I37: 11568.55 | J37: =H37/I37 -> 87.820946 | K37: =H37+H36+H35 -> 3474922 | L37: =K37/K34-1 -> -0.34345351 | M37: =K37/K25-1 -> -0.34994518 | N37: =AVERAGE(J35:J37) -> 81.305856 | O37: =N37/N34-1 -> -0.037634572
D38: =H38/20 -> 54987 | E38: =D38/D37-1 -> -0.02578347 | F38: =D38/D26-1 -> -0.16983805 | G38: 2024년 10월 | H38: 1099740 | I38: 18141.23 | J38: =H38/I38 -> 60.621027
D39: =H39/21 -> 100347.86 | E39: =D39/D38-1 -> 0.82493784 | F39: =D39/D27-1 -> 1.5605148 | G39: 2024년 11월 | H39: 2107305 | I39: 26110.72 | J39: =H39/I39 -> 80.706507
A40: =AVERAGE(D38:D40) -> 75508.143 | B40: =A40/A37-1 -> 0.35163669 | C40: =A40/A28-1 -> 0.51002007 | D40: =H40/21 -> 71189.571 | E40: =D40/D39-1 -> -0.29057208 | F40: =D40/D28-1 -> 0.59663658 | G40: 2024년 12월 | H40: 1494981 | I40: 18535.4 | J40: =H40/I40 -> 80.655448 | K40: =H40+H39+H38 -> 4702026 | L40: =K40/K37-1 -> 0.35313138 | M40: =K40/K28-1 -> 0.58432544 | N40: =AVERAGE(J38:J40) -> 73.994328 | O40: =N40/N37-1 -> -0.089926223
D41: =H41/18 -> 62733.556 | E41: =D41/D40-1 -> -0.11878167 | F41: =D41/D29-1 -> 0.60825655 | G41: 2025년 1월 | H41: 1129204 | I41: 16938.4 | J41: =H41/I41 -> 66.665328
D42: =H42/20 -> 102145.2 | E42: =D42/D41-1 -> 0.62823865 | F42: =D42/D30-1 -> 3.1341735 | G42: 2025년 2월 | H42: 2042904 | I42: 26569.26 | J42: =H42/I42 -> 76.889759
A43: =AVERAGE(D41:D43) -> 81108.435 | B43: =A43/A40-1 -> 0.074168058 | C43: =A43/A31-1 -> 0.81142779 | D43: =H43/20 -> 78446.55 | E43: =D43/D42-1 -> -0.23200943 | F43: =D43/D31-1 -> 0.11093322 | G43: 2025년 3월 | H43: 1568931 | I43: 23013.64 | J43: =H43/I43 -> 68.173961 | K43: =H43+H42+H41 -> 4741039 | L43: =K43/K40-1 -> 0.0082970617 | M43: =K43/K31-1 -> 0.73039146 | N43: =AVERAGE(J41:J43) -> 70.57635 | O43: =N43/N40-1 -> -0.046192432
D44: =H44/22 -> 106427.82 | E44: =D44/D43-1 -> 0.35669214 | F44: =D44/D32-1 -> 0.44066029 | G44: 2025년 4월 | H44: 2341412 | I44: 32644.2 | J44: =H44/I44 -> 71.725207
D45: =H45/20 -> 121288.45 | E45: =D45/D44-1 -> 0.13963109 | F45: =D45/D33-1 -> 0.83747046 | G45: 2025년 5월 | H45: 2425769 | I45: 28214.98 | J45: =H45/I45 -> 85.974507
A46: =AVERAGE(D44:D46) -> 105531.3 | B46: =A46/A43-1 -> 0.30111375 | C46: =A46/A34-1 -> 0.19994594 | D46: =H46/19 -> 88877.632 | E46: =D46/D45-1 -> -0.26722098 | F46: =D46/D34-1 -> -0.2829987 | G46: 2025년 6월 | H46: 1688675 | I46: 18453.32 | J46: =H46/I46 -> 91.510633 | K46: =H46+H45+H44 -> 6455856 | L46: =K46/K43-1 -> 0.36169646 | M46: =K46/K34-1 -> 0.21975964 | N46: =AVERAGE(J44:J46) -> 83.070116 | O46: =N46/N43-1 -> 0.17702483
D47: =H47/19 -> 126465.26 | E47: =D47/D46-1 -> 0.42291442 | F47: =D47/D35-1 -> 1.0266488 | G47: 2025년 7월 | H47: 2402840 | I47: 28813.42 | J47: =H47/I47 -> 83.393086
D48: =H48/20 -> 47285.5 | E48: =D48/D47-1 -> -0.62609891 | F48: =D48/D36-1 -> -0.030025866 | G48: 2025년 8월 | H48: 945710 | I48: 11182.3 | J48: =H48/I48 -> 84.572047
A49: =AVERAGE(D47:D49) -> 80366.118 | B49: =A49/A46-1 -> -0.23846178 | C49: =A49/A37-1 -> 0.43859708 | D49: =H49/22 -> 67347.591 | E49: =D49/D48-1 -> 0.42427575 | F49: =D49/D37-1 -> 0.19321178 | G49: 2025년 9월 | H49: 1481647 | I49: 21270.56 | J49: =H49/I49 -> 69.657169 | K49: =H49+H48+H47 -> 4830197 | L49: =K49/K46-1 -> -0.25181153 | M49: =K49/K37-1 -> 0.39001595 | N49: =AVERAGE(J47:J49) -> 79.207434 | O49: =N49/N46-1 -> -0.046499055
D50: =H50/18 -> 94981.722 | E50: =D50/D49-1 -> 0.41032101 | F50: =D50/D38-1 -> 0.72734869 | G50: 2025년 10월 | H50: 1709671 | I50: 22545.54 | J50: =H50/I50 -> 75.831894
D51: =H51/20 -> 96728.25 | E51: =D51/D50-1 -> 0.018388041 | F51: =D51/D39-1 -> -0.036070597 | G51: 2025년 11월 | H51: 1934565 | I51: 23794.3 | J51: =H51/I51 -> 81.303716
A52: =AVERAGE(D50:D52) -> 83889.87 | B52: =A52/A49-1 -> 0.043846233 | C52: =A52/A40-1 -> 0.11100428 | D52: =H52/22 -> 59959.636 | E52: =D52/D51-1 -> -0.3801228 | F52: =D52/D40-1 -> -0.15774691 | G52: 2025년 12월 | H52: 1319112 | I52: 16212.36 | J52: =H52/I52 -> 81.364588 | K52: =H52+H51+H50 -> 4963348 | L52: =K52/K49-1 -> 0.02756637 | M52: =K52/K40-1 -> 0.055576469 | N52: =AVERAGE(J50:J52) -> 79.500066 | O52: =N52/N49-1 -> 0.0036945029
D53: =H53/21 -> 74211.952 | E53: =D53/D52-1 -> 0.23769851 | F53: =D53/D41-1 -> 0.18297061 | G53: 2026년 1월 | H53: 1558451 | I53: 18016.86 | J53: =H53/I53 -> 86.49959
D54: =H54/17 -> 72501 | E54: =D54/D53-1 -> -0.023054944 | F54: =D54/D42-1 -> -0.29021628 | G54: 2026년 2월 | H54: 1232517 | I54: 14337.84 | J54: =H54/I54 -> 85.96253
A55: =AVERAGE(D53:D55) -> 91533.651 | B55: =A55/A52-1 -> 0.091116857 | C55: =A55/A43-1 -> 0.1285343 | D55: =H55/21 -> 127888 | E55: =D55/D54-1 -> 0.76394808 | F55: =D55/D43-1 -> 0.63025652 | G55: 2026년 3월 | H55: 2685648 | I55: 32846.3 | J55: =H55/I55 -> 81.764095 | K55: =H55+H54+H53 -> 5476616 | L55: =K55/K52-1 -> 0.10341165 | M55: =K55/K43-1 -> 0.15515101 | N55: =AVERAGE(J53:J55) -> 84.742072 | O55: =N55/N52-1 -> 0.065937123
D56: =H56/22 -> 91456.455 | E56: =D56/D55-1 -> -0.28487071 | F56: =D56/D44-1 -> -0.14067153 | G56: 2026년 4월 | H56: 2012042 | I56: 22266.8 | J56: =H56/I56 -> 90.360627
D57: =H57/18 -> 103344.89 | E57: =D57/D56-1 -> 0.12999011 | F57: =D57/D45-1 -> -0.14794122 | G57: 2026년 5월 | H57: 1860208 | I57: 22823.42 | J57: =H57/I57 -> 81.504349
A58: =AVERAGE(D56:D58) -> 97400.672 | B58: =A58/A55-1 -> 0.064096874 | C58: =A58/A46-1 -> -0.077044708

Sheet 두산(김제)
A1: 두산 | P1: 두산
P2: 741021 | Q2: 증평, 김천, 익산, 김제
G3: 년월 | H3: 금액(달러) | I3: 중량 | P3: * 잠정치가 아니라 확정치만 볼수 있음
A4: 분기(일평균) | B4: QoQ | D4: 일평균수출 | E4: mom | F4: yoy | J4: 금액(달러)/중량 | L4: QoQ | M4: yoy | N4: 단가 | O4: QoQ
D5: =H5/20 -> 0 | G5: 2022년01월 | J5: =H5/I5 -> #DIV/0!
D6: =H6/18 -> 0 | E6: =D6/D5-1 -> #DIV/0! | G6: 2022년02월 | J6: =H6/I6 -> #DIV/0!
A7: =AVERAGE(D5:D7) -> 0 | D7: =H7/22 -> 0 | E7: =D7/D6-1 -> #DIV/0! | G7: 2022년03월 | J7: =H7/I7 -> #DIV/0! | K7: =H7+H6+H5 -> 0 | N7: =AVERAGE(J5:J7) -> #DIV/0!
D8: =H8/21 -> 0 | E8: =D8/D7-1 -> #DIV/0! | G8: 2022년04월 | J8: =H8/I8 -> #DIV/0!
D9: =H9/21 -> 0 | E9: =D9/D8-1 -> #DIV/0! | G9: 2022년05월 | J9: =H9/I9 -> #DIV/0!
A10: =AVERAGE(D8:D10) -> 0 | B10: =A10/A7-1 -> #DIV/0! | D10: =H10/21 -> 0 | E10: =D10/D9-1 -> #DIV/0! | G10: 2022년06월 | J10: =H10/I10 -> #DIV/0! | K10: =H10+H9+H8 -> 0 | L10: =K10/K7-1 -> #DIV/0! | N10: =AVERAGE(J8:J10) -> #DIV/0! | O10: =N10/N7-1 -> #DIV/0!
D11: =H11/21 -> 0 | E11: =D11/D10-1 -> #DIV/0! | G11: 2022년07월 | J11: =H11/I11 -> #DIV/0!
D12: =H12/22 -> 0 | E12: =D12/D11-1 -> #DIV/0! | G12: 2022년08월 | J12: =H12/I12 -> #DIV/0!
A13: =AVERAGE(D11:D13) -> 0 | B13: =A13/A10-1 -> #DIV/0! | D13: =H13/20 -> 0 | E13: =D13/D12-1 -> #DIV/0! | G13: 2022년09월 | J13: =H13/I13 -> #DIV/0! | K13: =H13+H12+H11 -> 0 | L13: =K13/K10-1 -> #DIV/0! | N13: =AVERAGE(J11:J13) -> #DIV/0! | O13: =N13/N10-1 -> #DIV/0!
D14: =H14/20 -> 0 | E14: =D14/D13-1 -> #DIV/0! | G14: 2022년10월 | J14: =H14/I14 -> #DIV/0!
D15: =H15/22 -> 0 | E15: =D15/D14-1 -> #DIV/0! | G15: 2022년11월 | J15: =H15/I15 -> #DIV/0!
A16: =AVERAGE(D14:D16) -> 0 | B16: =A16/A13-1 -> #DIV/0! | D16: =H16/22 -> 0 | E16: =D16/D15-1 -> #DIV/0! | G16: 2022년12월 | J16: =H16/I16 -> #DIV/0! | K16: =H16+H15+H14 -> 0 | L16: =K16/K13-1 -> #DIV/0! | N16: =AVERAGE(J14:J16) -> #DIV/0! | O16: =N16/N13-1 -> #DIV/0!
D17: =H17/20 -> 0 | E17: =D17/D16-1 -> #DIV/0! | F17: =D17/D5-1 -> #DIV/0! | G17: 2023년 1월 | J17: =H17/I17 -> #DIV/0!
D18: =H18/20 -> 0 | E18: =D18/D17-1 -> #DIV/0! | F18: =D18/D6-1 -> #DIV/0! | G18: 2023년 2월 | J18: =H18/I18 -> #DIV/0!
A19: =AVERAGE(D17:D19) -> 0 | B19: =A19/A16-1 -> #DIV/0! | C19: =A19/A7-1 -> #DIV/0! | D19: =H19/22 -> 0 | E19: =D19/D18-1 -> #DIV/0! | F19: =D19/D7-1 -> #DIV/0! | G19: 2023년 3월 | J19: =H19/I19 -> #DIV/0! | K19: =H19+H18+H17 -> 0 | L19: =K19/K16-1 -> #DIV/0! | M19: =K19/K7-1 -> #DIV/0! | N19: =AVERAGE(J17:J19) -> #DIV/0! | O19: =N19/N16-1 -> #DIV/0!
D20: =H20/20 -> 0 | E20: =D20/D19-1 -> #DIV/0! | F20: =D20/D8-1 -> #DIV/0! | G20: 2023년 4월 | J20: =H20/I20 -> #DIV/0!
D21: =H21/21 -> 0 | E21: =D21/D20-1 -> #DIV/0! | F21: =D21/D9-1 -> #DIV/0! | G21: 2023년 5월 | J21: =H21/I21 -> #DIV/0!
A22: =AVERAGE(D20:D22) -> 0 | B22: =A22/A19-1 -> #DIV/0! | C22: =A22/A10-1 -> #DIV/0! | D22: =H22/21 -> 0 | E22: =D22/D21-1 -> #DIV/0! | F22: =D22/D10-1 -> #DIV/0! | G22: 2023년 6월 | J22: =H22/I22 -> #DIV/0! | K22: =H22+H21+H20 -> 0 | L22: =K22/K19-1 -> #DIV/0! | M22: =K22/K10-1 -> #DIV/0! | N22: =AVERAGE(J20:J22) -> #DIV/0! | O22: =N22/N19-1 -> #DIV/0!
D23: =H23/21 -> 0 | E23: =D23/D22-1 -> #DIV/0! | F23: =D23/D11-1 -> #DIV/0! | G23: 2023년 7월 | J23: =H23/I23 -> #DIV/0!
D24: =H24/22 -> 0 | E24: =D24/D23-1 -> #DIV/0! | F24: =D24/D12-1 -> #DIV/0! | G24: 2023년 8월 | J24: =H24/I24 -> #DIV/0!
A25: =AVERAGE(D23:D25) -> 0 | B25: =A25/A22-1 -> #DIV/0! | C25: =A25/A13-1 -> #DIV/0! | D25: =H25/19 -> 0 | E25: =D25/D24-1 -> #DIV/0! | F25: =D25/D13-1 -> #DIV/0! | G25: 2023년 9월 | J25: =H25/I25 -> #DIV/0! | K25: =H25+H24+H23 -> 0 | L25: =K25/K22-1 -> #DIV/0! | M25: =K25/K13-1 -> #DIV/0! | N25: =AVERAGE(J23:J25) -> #DIV/0! | O25: =N25/N22-1 -> #DIV/0!
D26: =H26/19 -> 0 | E26: =D26/D25-1 -> #DIV/0! | F26: =D26/D14-1 -> #DIV/0! | G26: 2023년 10월 | J26: =H26/I26 -> #DIV/0!
D27: =H27/22 -> 0 | E27: =D27/D26-1 -> #DIV/0! | F27: =D27/D15-1 -> #DIV/0! | G27: 2023년 11월 | J27: =H27/I27 -> #DIV/0!
A28: =AVERAGE(D26:D28) -> 0 | B28: =A28/A25-1 -> #DIV/0! | C28: =A28/A16-1 -> #DIV/0! | D28: =H28/19 -> 0 | E28: =D28/D27-1 -> #DIV/0! | F28: =D28/D16-1 -> #DIV/0! | G28: 2023년 12월 | J28: =H28/I28 -> #DIV/0! | K28: =H28+H27+H26 -> 0 | L28: =K28/K25-1 -> #DIV/0! | M28: =K28/K16-1 -> #DIV/0! | N28: =AVERAGE(J26:J28) -> #DIV/0! | O28: =N28/N25-1 -> #DIV/0!
D29: =H29/22 -> 0 | E29: =D29/D28-1 -> #DIV/0! | F29: =D29/D17-1 -> #DIV/0! | G29: 2024년 1월 | H29: 0 | I29: 0 | J29: =H29/I29 -> #DIV/0!
D30: =H30/19 -> 0 | E30: =D30/D29-1 -> #DIV/0! | F30: =D30/D18-1 -> #DIV/0! | G30: 2024년 2월 | H30: 0 | I30: 0 | J30: =H30/I30 -> #DIV/0!
A31: =AVERAGE(D29:D31) -> 0 | B31: =A31/A28-1 -> #DIV/0! | C31: =A31/A19-1 -> #DIV/0! | D31: =H31/20 -> 0 | E31: =D31/D30-1 -> #DIV/0! | F31: =D31/D19-1 -> #DIV/0! | G31: 2024년 3월 | H31: 0 | I31: 0 | J31: =H31/I31 -> #DIV/0! | K31: =H31+H30+H29 -> 0 | L31: =K31/K28-1 -> #DIV/0! | M31: =K31/K19-1 -> #DIV/0! | N31: =AVERAGE(J29:J31) -> #DIV/0! | O31: =N31/N28-1 -> #DIV/0!
D32: =H32/21 -> 0 | E32: =D32/D31-1 -> #DIV/0! | F32: =D32/D20-1 -> #DIV/0! | G32: 2024년 4월 | H32: 0 | I32: 0 | J32: =H32/I32 -> #DIV/0!
D33: =H33/21 -> 0 | E33: =D33/D32-1 -> #DIV/0! | F33: =D33/D21-1 -> #DIV/0! | G33: 2024년 5월 | H33: 0 | I33: 0 | J33: =H33/I33 -> #DIV/0!
A34: =AVERAGE(D32:D34) -> 0 | B34: =A34/A31-1 -> #DIV/0! | C34: =A34/A22-1 -> #DIV/0! | D34: =H34/19 -> 0 | E34: =D34/D33-1 -> #DIV/0! | F34: =D34/D22-1 -> #DIV/0! | G34: 2024년 6월 | H34: 0 | I34: 0 | J34: =H34/I34 -> #DIV/0! | K34: =H34+H33+H32 -> 0 | L34: =K34/K31-1 -> #DIV/0! | M34: =K34/K22-1 -> #DIV/0! | N34: =AVERAGE(J32:J34) -> #DIV/0! | O34: =N34/N31-1 -> #DIV/0!
D35: =H35/23 -> 0 | E35: =D35/D34-1 -> #DIV/0! | F35: =D35/D23-1 -> #DIV/0! | G35: 2024년 7월 | H35: 0 | I35: 0 | J35: =H35/I35 -> #DIV/0!
D36: =H36/21 -> 95.238095 | E36: =D36/D35-1 -> #DIV/0! | F36: =D36/D24-1 -> #DIV/0! | G36: 2024년 8월 | H36: 2000 | I36: 0 | J36: =H36/I36 -> #DIV/0!
A37: =AVERAGE(D35:D37) -> 67.801587 | B37: =A37/A34-1 -> #DIV/0! | C37: =A37/A25-1 -> #DIV/0! | D37: =H37/18 -> 108.16667 | E37: =D37/D36-1 -> 0.13575 | F37: =D37/D25-1 -> #DIV/0! | G37: 2024년 9월 | H37: 1947 | I37: 16.39 | J37: =H37/I37 -> 118.79195 | K37: =H37+H36+H35 -> 3947 | L37: =K37/K34-1 -> #DIV/0! | M37: =K37/K25-1 -> #DIV/0! | N37: =AVERAGE(J35:J37) -> #DIV/0! | O37: =N37/N34-1 -> #DIV/0!
D38: =H38/20 -> 177.3 | E38: =D38/D37-1 -> 0.63913713 | F38: =D38/D26-1 -> #DIV/0! | G38: 2024년 10월 | H38: 3546 | I38: 26.7 | J38: =H38/I38 -> 132.80899
D39: =H39/21 -> 75.238095 | E39: =D39/D38-1 -> -0.57564526 | F39: =D39/D27-1 -> #DIV/0! | G39: 2024년 11월 | H39: 1580 | I39: 12.6 | J39: =H39/I39 -> 125.39683
A40: =AVERAGE(D38:D40) -> 108.30635 | B40: =A40/A37-1 -> 0.59740138 | C40: =A40/A28-1 -> #DIV/0! | D40: =H40/21 -> 72.380952 | E40: =D40/D39-1 -> -0.037974684 | F40: =D40/D28-1 -> #DIV/0! | G40: 2024년 12월 | H40: 1520 | I40: 18.89 | J40: =H40/I40 -> 80.465855 | K40: =H40+H39+H38 -> 6646 | L40: =K40/K37-1 -> 0.68381049 | M40: =K40/K28-1 -> #DIV/0! | N40: =AVERAGE(J38:J40) -> 112.89056 | O40: =N40/N37-1 -> #DIV/0!
D41: =H41/18 -> 0 | E41: =D41/D40-1 -> -1 | F41: =D41/D29-1 -> #DIV/0! | G41: 2025년 1월 | H41: 0 | I41: 0 | J41: =H41/I41 -> #DIV/0!
D42: =H42/20 -> 331.85 | E42: =D42/D41-1 -> #DIV/0! | F42: =D42/D30-1 -> #DIV/0! | G42: 2025년 2월 | H42: 6637 | I42: 55.2 | J42: =H42/I42 -> 120.23551
A43: =AVERAGE(D41:D43) -> 444.51667 | B43: =A43/A40-1 -> 3.1042531 | C43: =A43/A31-1 -> #DIV/0! | D43: =H43/20 -> 1001.7 | E43: =D43/D42-1 -> 2.0185325 | F43: =D43/D31-1 -> #DIV/0! | G43: 2025년 3월 | H43: 20034 | I43: 152.8 | J43: =H43/I43 -> 131.11257 | K43: =H43+H42+H41 -> 26671 | L43: =K43/K40-1 -> 3.0130906 | M43: =K43/K31-1 -> #DIV/0! | N43: =AVERAGE(J41:J43) -> #DIV/0! | O43: =N43/N40-1 -> #DIV/0!
D44: =H44/22 -> 2724.8636 | E44: =D44/D43-1 -> 1.7202392 | F44: =D44/D32-1 -> #DIV/0! | G44: 2025년 4월 | H44: 59947 | I44: 491.4 | J44: =H44/I44 -> 121.99227
D45: =H45/20 -> 1900.8 | E45: =D45/D44-1 -> -0.30242381 | F45: =D45/D33-1 -> #DIV/0! | G45: 2025년 5월 | H45: 38016 | I45: 322.39 | J45: =H45/I45 -> 117.91929
A46: =AVERAGE(D44:D46) -> 4038.4844 | B46: =A46/A43-1 -> 8.0851135 | C46: =A46/A34-1 -> #DIV/0! | D46: =H46/19 -> 7489.7895 | E46: =D46/D45-1 -> 2.9403354 | F46: =D46/D34-1 -> #DIV/0! | G46: 2025년 6월 | H46: 142306 | I46: 184.8 | J46: =H46/I46 -> 770.05411 | K46: =H46+H45+H44 -> 240269 | L46: =K46/K43-1 -> 8.0086236 | M46: =K46/K34-1 -> #DIV/0! | N46: =AVERAGE(J44:J46) -> 336.65522 | O46: =N46/N43-1 -> #DIV/0!
D47: =H47/19 -> 6282.4211 | E47: =D47/D46-1 -> -0.16120192 | F47: =D47/D35-1 -> #DIV/0! | G47: 2025년 7월 | H47: 119366 | I47: 220.1 | J47: =H47/I47 -> 542.32622
D48: =H48/20 -> 9760.85 | E48: =D48/D47-1 -> 0.55367651 | F48: =D48/D36-1 -> 101.48892 | G48: 2025년 8월 | H48: 195217 | I48: 836.8 | J48: =H48/I48 -> 233.28991
A49: =AVERAGE(D47:D49) -> 6538.8934 | B49: =A49/A46-1 -> 0.6191454 | C49: =A49/A37-1 -> 95.441597 | D49: =H49/22 -> 3573.4091 | E49: =D49/D48-1 -> -0.6339039 | F49: =D49/D37-1 -> 32.03614 | G49: 2025년 9월 | H49: 78615 | I49: 574.29 | J49: =H49/I49 -> 136.89077 | K49: =H49+H48+H47 -> 393198 | L49: =K49/K46-1 -> 0.63649077 | M49: =K49/K37-1 -> 98.619458 | N49: =AVERAGE(J47:J49) -> 304.16897 | O49: =N49/N46-1 -> -0.096497113
D50: =H50/18 -> 989.61111 | E50: =D50/D49-1 -> -0.72306246 | F50: =D50/D38-1 -> 4.581563 | G50: 2025년 10월 | H50: 17813 | I50: 178 | J50: =H50/I50 -> 100.07303
D51: =H51/20 -> 6145.75 | E51: =D51/D50-1 -> 5.2102678 | F51: =D51/D39-1 -> 80.684019 | G51: 2025년 11월 | H51: 122915 | I51: 1388.2 | J51: =H51/I51 -> 88.542717
A52: =AVERAGE(D50:D52) -> 6647.8931 | B52: =A52/A49-1 -> 0.016669444 | C52: =A52/A40-1 -> 60.380456 | D52: =H52/22 -> 12808.318 | E52: =D52/D51-1 -> 1.0840936 | F52: =D52/D40-1 -> 175.95703 | G52: 2025년 12월 | H52: 281783 | I52: 1805.6 | J52: =H52/I52 -> 156.06059 | K52: =H52+H51+H50 -> 422511 | L52: =K52/K49-1 -> 0.074550227 | M52: =K52/K40-1 -> 62.573729 | N52: =AVERAGE(J50:J52) -> 114.89211 | O52: =N52/N49-1 -> -0.62227536
D53: =H53/21 -> 31854.81 | E53: =D53/D52-1 -> 1.4870408 | F53: =D53/D41-1 -> #DIV/0! | G53: 2026년 1월 | H53: 668951 | I53: 4855.5 | J53: =H53/I53 -> 137.77181
D54: =H54/17 -> 15530.412 | E54: =D54/D53-1 -> -0.51246258 | F54: =D54/D42-1 -> 45.799493 | G54: 2026년 2월 | H54: 264017 | I54: 3992.1 | J54: =H54/I54 -> 66.134866
A55: =AVERAGE(D53:D55) -> 28797.947 | B55: =A55/A52-1 -> 3.3318908 | C55: =A55/A43-1 -> 63.784853 | D55: =H55/21 -> 39008.619 | E55: =D55/D54-1 -> 1.5117569 | F55: =D55/D43-1 -> 37.942417 | G55: 2026년 3월 | H55: 819181 | I55: 9529.29 | J55: =H55/I55 -> 85.964537 | K55: =H55+H54+H53 -> 1752149 | L55: =K55/K52-1 -> 3.1469903 | M55: =K55/K43-1 -> 64.694912 | N55: =AVERAGE(J53:J55) -> 96.623736 | O55: =N55/N52-1 -> -0.15900462
D56: =H56/22 -> 6932.6364 | E56: =D56/D55-1 -> -0.82227937 | F56: =D56/D44-1 -> 1.5442141 | G56: 2026년 4월 | H56: 152518 | I56: 1311.3 | J56: =H56/I56 -> 116.31053
D57: =H57/18 -> 9236 | E57: =D57/D56-1 -> 0.33224931 | F57: =D57/D45-1 -> 3.8590067 | G57: 2026년 5월 | H57: 166248 | I57: 2311.1 | J57: =H57/I57 -> 71.934577
A58: =AVERAGE(D56:D58) -> 8084.3182 | B58: =A58/A55-1 -> -0.71927449 | C58: =A58/A46-1 -> 1.0018199

Sheet DB하이텍
A1: =P1 -> DB하이텍 | P1: DB하이텍
P2: 854231 + 부천
G3: 년월 | H3: 금액(달러) | I3: 중량 | P3: * 잠정치가 아니라 확정치만 볼수 있음
A4: 분기(일평균) | B4: QoQ | D4: 일평균수출 | E4: mom | F4: yoy | J4: 금액(달러)/중량 | L4: QoQ | M4: yoy | N4: 단가 | O4: QoQ
D5: =H5/20 -> 3718403.6 | G5: 2022년01월 | H5: 74368072 | I5: 14670.54 | J5: =H5/I5 -> 5069.2116
D6: =H6/18 -> 4961602.7 | E6: =D6/D5-1 -> 0.33433677 | G6: 2022년02월 | H6: 89308848 | I6: 16152.57 | J6: =H6/I6 -> 5529.0798
A7: =AVERAGE(D5:D7) -> 4264287.1 | D7: =H7/22 -> 4112855 | E7: =D7/D6-1 -> -0.17106322 | G7: 2022년03월 | H7: 90482809 | I7: 15385.58 | J7: =H7/I7 -> 5881.0138 | K7: =H7+H6+H5 -> 254159729 | N7: =AVERAGE(J5:J7) -> 5493.1017
D8: =H8/21 -> 3740616.7 | E8: =D8/D7-1 -> -0.090506046 | G8: 2022년04월 | H8: 78552951 | I8: 12525.32 | J8: =H8/I8 -> 6271.5325
D9: =H9/21 -> 4461629.5 | E9: =D9/D8-1 -> 0.19275239 | G9: 2022년05월 | H9: 93694220 | I9: 15888.95 | J9: =H9/I9 -> 5896.8163
A10: =AVERAGE(D8:D10) -> 3902021.4 | B10: =A10/A7-1 -> -0.084953394 | D10: =H10/21 -> 3503818 | E10: =D10/D9-1 -> -0.21467751 | G10: 2022년06월 | H10: 73580178 | I10: 8003.77 | J10: =H10/I10 -> 9193.19 | K10: =H10+H9+H8 -> 245827349 | L10: =K10/K7-1 -> -0.032784029 | N10: =AVERAGE(J8:J10) -> 7120.5129 | O10: =N10/N7-1 -> 0.29626452
D11: =H11/21 -> 3709810.8 | E11: =D11/D10-1 -> 0.058790942 | G11: 2022년07월 | H11: 77906026 | I11: 8053.17 | J11: =H11/I11 -> 9673.9577
D12: =H12/22 -> 4101174 | E12: =D12/D11-1 -> 0.10549414 | G12: 2022년08월 | H12: 90225829 | I12: 9641.43 | J12: =H12/I12 -> 9358.1376
A13: =AVERAGE(D11:D13) -> 4045311.3 | B13: =A13/A10-1 -> 0.036721968 | D13: =H13/20 -> 4324949.2 | E13: =D13/D12-1 -> 0.054563669 | G13: 2022년09월 | H13: 86498983 | I13: 11838.27 | J13: =H13/I13 -> 7306.725 | K13: =H13+H12+H11 -> 254630838 | L13: =K13/K10-1 -> 0.035811674 | N13: =AVERAGE(J11:J13) -> 8779.6068 | O13: =N13/N10-1 -> 0.23300201
D14: =H14/20 -> 4353565 | E14: =D14/D13-1 -> 0.0066164709 | G14: 2022년10월 | H14: 87071301 | I14: 10929.85 | J14: =H14/I14 -> 7966.3766
D15: =H15/22 -> 3565429.5 | E15: =D15/D14-1 -> -0.18103223 | G15: 2022년11월 | H15: 78439448 | I15: 11398.07 | J15: =H15/I15 -> 6881.8184
A16: =AVERAGE(D14:D16) -> 3779309.9 | B16: =A16/A13-1 -> -0.065755481 | D16: =H16/22 -> 3418935.3 | E16: =D16/D15-1 -> -0.041087388 | G16: 2022년12월 | H16: 75216576 | I16: 16585.34 | J16: =H16/I16 -> 4535.1242 | K16: =H16+H15+H14 -> 240727325 | L16: =K16/K13-1 -> -0.054602628 | N16: =AVERAGE(J14:J16) -> 6461.1064 | O16: =N16/N13-1 -> -0.26407793
D17: =H17/20 -> 3752751.5 | E17: =D17/D16-1 -> 0.097637466 | F17: =D17/D5-1 -> 0.0092372571 | G17: 2023년 1월 | H17: 75055029 | I17: 13925.93 | J17: =H17/I17 -> 5389.5883
D18: =H18/20 -> 3340490.1 | E18: =D18/D17-1 -> -0.10985576 | F18: =D18/D6-1 -> -0.32673164 | G18: 2023년 2월 | H18: 66809802 | I18: 13073.39 | J18: =H18/I18 -> 5110.3656
A19: =AVERAGE(D17:D19) -> 3300759.5 | B19: =A19/A16-1 -> -0.12662377 | C19: =A19/A7-1 -> -0.2259528 | D19: =H19/22 -> 2809036.8 | E19: =D19/D18-1 -> -0.1590944 | F19: =D19/D7-1 -> -0.31701048 | G19: 2023년 3월 | H19: 61798810 | I19: 15931.54 | J19: =H19/I19 -> 3879.023 | K19: =H19+H18+H17 -> 203663641 | L19: =K19/K16-1 -> -0.15396542 | M19: =K19/K7-1 -> -0.19867856 | N19: =AVERAGE(J17:J19) -> 4792.9923 | O19: =N19/N16-1 -> -0.25817778
D20: =H20/20 -> 2835489.3 | E20: =D20/D19-1 -> 0.0094169224 | F20: =D20/D8-1 -> -0.24197278 | G20: 2023년 4월 | H20: 56709786 | I20: 15541.08 | J20: =H20/I20 -> 3649.0248
D21: =H21/21 -> 2540003.6 | E21: =D21/D20-1 -> -0.10420977 | F21: =D21/D9-1 -> -0.43070046 | G21: 2023년 5월 | H21: 53340076 | I21: 4251.78 | J21: =H21/I21 -> 12545.352
A22: =AVERAGE(D20:D22) -> 2545569.4 | B22: =A22/A19-1 -> -0.22879282 | C22: =A22/A10-1 -> -0.34762803 | D22: =H22/21 -> 2261215.3 | E22: =D22/D21-1 -> -0.10975903 | F22: =D22/D10-1 -> -0.35464248 | G22: 2023년 6월 | H22: 47485521 | I22: 3799.45 | J22: =H22/I22 -> 12497.999 | K22: =H22+H21+H20 -> 157535383 | L22: =K22/K19-1 -> -0.22649236 | M22: =K22/K10-1 -> -0.3591625 | N22: =AVERAGE(J20:J22) -> 9564.1251 | O22: =N22/N19-1 -> 0.99543929
D23: =H23/21 -> 2181742.4 | E23: =D23/D22-1 -> -0.035146103 | F23: =D23/D11-1 -> -0.41189928 | G23: 2023년 7월 | H23: 45816590 | I23: 4078.35 | J23: =H23/I23 -> 11234.1
D24: =H24/22 -> 1954245.9 | E24: =D24/D23-1 -> -0.10427286 | F24: =D24/D12-1 -> -0.52349112 | G24: 2023년 8월 | H24: 42993409 | I24: 3853.65 | J24: =H24/I24 -> 11156.542
A25: =AVERAGE(D23:D25) -> 2127146.7 | B25: =A25/A22-1 -> -0.16437295 | C25: =A25/A13-1 -> -0.47416985 | D25: =H25/19 -> 2245451.7 | E25: =D25/D24-1 -> 0.14901189 | F25: =D25/D13-1 -> -0.4808143 | G25: 2023년 9월 | H25: 42663583 | I25: 4269.38 | J25: =H25/I25 -> 9992.9224 | K25: =H25+H24+H23 -> 131473582 | L25: =K25/K22-1 -> -0.16543459 | M25: =K25/K13-1 -> -0.48366984 | N25: =AVERAGE(J23:J25) -> 10794.521 | O25: =N25/N22-1 -> 0.12864703
D26: =H26/19 -> 2501104.2 | E26: =D26/D25-1 -> 0.11385347 | F26: =D26/D14-1 -> -0.42550434 | G26: 2023년 10월 | H26: 47520980 | I26: 5109.14 | J26: =H26/I26 -> 9301.1701
D27: =H27/22 -> 2156322.6 | E27: =D27/D26-1 -> -0.13785174 | F27: =D27/D15-1 -> -0.39521377 | G27: 2023년 11월 | H27: 47439098 | I27: 4945.83 | J27: =H27/I27 -> 9591.7365
A28: =AVERAGE(D26:D28) -> 2318327.3 | B28: =A28/A25-1 -> 0.089876559 | C28: =A28/A16-1 -> -0.38657392 | D28: =H28/19 -> 2297555 | E28: =D28/D27-1 -> 0.065496861 | F28: =D28/D16-1 -> -0.32799108 | G28: 2023년 12월 | H28: 43653545 | I28: 4198.96 | J28: =H28/I28 -> 10396.276 | K28: =H28+H27+H26 -> 138613623 | L28: =K28/K25-1 -> 0.0543078 | M28: =K28/K16-1 -> -0.42418825 | N28: =AVERAGE(J26:J28) -> 9763.0607 | O28: =N28/N25-1 -> -0.095554095
D29: =H29/22 -> 2300226.2 | E29: =D29/D28-1 -> 0.0011626391 | F29: =D29/D17-1 -> -0.38705607 | G29: 2024년 1월 | H29: 50604977 | I29: 5587.69 | J29: =H29/I29 -> 9056.5112
D30: =H30/19 -> 2060832.9 | E30: =D30/D29-1 -> -0.10407382 | F30: =D30/D18-1 -> -0.38307469 | G30: 2024년 2월 | H30: 39155825 | I30: 4027.8 | J30: =H30/I30 -> 9721.3926
A31: =AVERAGE(D29:D31) -> 2187063.8 | B31: =A31/A28-1 -> -0.056619907 | C31: =A31/A19-1 -> -0.33740588 | D31: =H31/20 -> 2200132.3 | E31: =D31/D30-1 -> 0.067593741 | F31: =D31/D19-1 -> -0.2167663 | G31: 2024년 3월 | H31: 44002646 | I31: 4106.75 | J31: =H31/I31 -> 10714.713 | K31: =H31+H30+H29 -> 133763448 | L31: =K31/K28-1 -> -0.034990608 | M31: =K31/K19-1 -> -0.3432139 | N31: =AVERAGE(J29:J31) -> 9830.8721 | O31: =N31/N28-1 -> 0.0069457156
D32: =H32/21 -> 2033824.8 | E32: =D32/D31-1 -> -0.075589768 | F32: =D32/D20-1 -> -0.28272527 | G32: 2024년 4월 | H32: 42710321 | I32: 4051.08 | J32: =H32/I32 -> 10542.947
D33: =H33/21 -> 2261047.3 | E33: =D33/D32-1 -> 0.11172175 | F33: =D33/D21-1 -> -0.10982517 | G33: 2024년 5월 | H33: 47481993 | I33: 4832.35 | J33: =H33/I33 -> 9825.8597
A34: =AVERAGE(D32:D34) -> 2124993.5 | B34: =A34/A31-1 -> -0.028380662 | C34: =A34/A22-1 -> -0.1652188 | D34: =H34/19 -> 2080108.4 | E34: =D34/D33-1 -> -0.080024384 | F34: =D34/D22-1 -> -0.080092735 | G34: 2024년 6월 | H34: 39522059 | I34: 4102.32 | J34: =H34/I34 -> 9634.0751 | K34: =H34+H33+H32 -> 129714373 | L34: =K34/K31-1 -> -0.030270414 | M34: =K34/K22-1 -> -0.17660166 | N34: =AVERAGE(J32:J34) -> 10000.961 | O34: =N34/N31-1 -> 0.017301457
D35: =H35/23 -> 2074581.3 | E35: =D35/D34-1 -> -0.0026571039 | F35: =D35/D23-1 -> -0.0491172 | G35: 2024년 7월 | H35: 47715370 | I35: 4958 | J35: =H35/I35 -> 9623.9149
D36: =H36/21 -> 2116291.1 | E36: =D36/D35-1 -> 0.020105184 | F36: =D36/D24-1 -> 0.082919597 | G36: 2024년 8월 | H36: 44442114 | I36: 4352.55 | J36: =H36/I36 -> 10210.592
A37: =AVERAGE(D35:D37) -> 2132703.4 | B37: =A37/A34-1 -> 0.0036282264 | C37: =A37/A25-1 -> 0.0026123186 | D37: =H37/18 -> 2207237.9 | E37: =D37/D36-1 -> 0.042974591 | F37: =D37/D25-1 -> -0.017018334 | G37: 2024년 9월 | H37: 39730282 | I37: 4147.21 | J37: =H37/I37 -> 9580.0025 | K37: =H37+H36+H35 -> 131887766 | L37: =K37/K34-1 -> 0.016755221 | M37: =K37/K25-1 -> 0.0031503211 | N37: =AVERAGE(J35:J37) -> 9804.8366 | O37: =N37/N34-1 -> -0.019610511
D38: =H38/20 -> 2310470.9 | E38: =D38/D37-1 -> 0.046770202 | F38: =D38/D26-1 -> -0.076219679 | G38: 2024년 10월 | H38: 46209417 | I38: 4839.6 | J38: =H38/I38 -> 9548.1893
D39: =H39/21 -> 2020946.1 | E39: =D39/D38-1 -> -0.12530985 | F39: =D39/D27-1 -> -0.062781209 | G39: 2024년 11월 | H39: 42439868 | I39: 4367.5 | J39: =H39/I39 -> 9717.1993
A40: =AVERAGE(D38:D40) -> 2072241.2 | B40: =A40/A37-1 -> -0.028350061 | C40: =A40/A28-1 -> -0.10614813 | D40: =H40/21 -> 1885306.6 | E40: =D40/D39-1 -> -0.067116844 | F40: =D40/D28-1 -> -0.17942919 | G40: 2024년 12월 | H40: 39591438 | I40: 4031.34 | J40: =H40/I40 -> 9820.9126 | K40: =H40+H39+H38 -> 128240723 | L40: =K40/K37-1 -> -0.027652625 | M40: =K40/K28-1 -> -0.074833193 | N40: =AVERAGE(J38:J40) -> 9695.4338 | O40: =N40/N37-1 -> -0.011158047
D41: =H41/18 -> 2353808.9 | E41: =D41/D40-1 -> 0.24850196 | F41: =D41/D29-1 -> 0.023294542 | G41: 2025년 1월 | H41: 42368561 | I41: 4303.3 | J41: =H41/I41 -> 9845.5978
D42: =H42/20 -> 2421464 | E42: =D42/D41-1 -> 0.028742798 | F42: =D42/D30-1 -> 0.17499289 | G42: 2025년 2월 | H42: 48429280 | I42: 4911.55 | J42: =H42/I42 -> 9860.2844
A43: =AVERAGE(D41:D43) -> 2351800.2 | B43: =A43/A40-1 -> 0.13490661 | C43: =A43/A31-1 -> 0.075323084 | D43: =H43/20 -> 2280127.6 | E43: =D43/D42-1 -> -0.05836814 | F43: =D43/D31-1 -> 0.036359336 | G43: 2025년 3월 | H43: 45602553 | I43: 4661.38 | J43: =H43/I43 -> 9783.0585 | K43: =H43+H42+H41 -> 136400394 | L43: =K43/K40-1 -> 0.063627768 | M43: =K43/K31-1 -> 0.019713502 | N43: =AVERAGE(J41:J43) -> 9829.6469 | O43: =N43/N40-1 -> 0.013842922
D44: =H44/22 -> 2373815.1 | E44: =D44/D43-1 -> 0.041088682 | F44: =D44/D32-1 -> 0.16716793 | G44: 2025년 4월 | H44: 52223932 | I44: 5464.69 | J44: =H44/I44 -> 9556.6138
D45: =H45/20 -> 2657368 | E45: =D45/D44-1 -> 0.11945029 | F45: =D45/D33-1 -> 0.17528192 | G45: 2025년 5월 | H45: 53147360 | I45: 5269.83 | J45: =H45/I45 -> 10085.213
A46: =AVERAGE(D44:D46) -> 2582799.3 | B46: =A46/A43-1 -> 0.098222238 | C46: =A46/A34-1 -> 0.21543868 | D46: =H46/19 -> 2717214.7 | E46: =D46/D45-1 -> 0.022521057 | F46: =D46/D34-1 -> 0.30628518 | G46: 2025년 6월 | H46: 51627080 | I46: 5051.49 | J46: =H46/I46 -> 10220.169 | K46: =H46+H45+H44 -> 156998372 | L46: =K46/K43-1 -> 0.15101113 | M46: =K46/K34-1 -> 0.21033906 | N46: =AVERAGE(J44:J46) -> 9953.9986 | O46: =N46/N43-1 -> 0.012650682
D47: =H47/19 -> 3173215.1 | E47: =D47/D46-1 -> 0.16781902 | F47: =D47/D35-1 -> 0.5295689 | G47: 2025년 7월 | H47: 60291086 | I47: 5947.41 | J47: =H47/I47 -> 10137.368
D48: =H48/20 -> 2817394.7 | E48: =D48/D47-1 -> -0.11213244 | F48: =D48/D36-1 -> 0.3312888 | G48: 2025년 8월 | H48: 56347894 | I48: 5635.58 | J48: =H48/I48 -> 9998.5971
A49: =AVERAGE(D47:D49) -> 2905843.3 | B49: =A49/A46-1 -> 0.12507514 | C49: =A49/A37-1 -> 0.36251633 | D49: =H49/22 -> 2726920 | E49: =D49/D48-1 -> -0.032112879 | F49: =D49/D37-1 -> 0.23544456 | G49: 2025년 9월 | H49: 59992241 | I49: 6231.31 | J49: =H49/I49 -> 9627.5488 | K49: =H49+H48+H47 -> 176631221 | L49: =K49/K46-1 -> 0.12505129 | M49: =K49/K37-1 -> 0.33925402 | N49: =AVERAGE(J47:J49) -> 9921.1714 | O49: =N49/N46-1 -> -0.0032978916
D50: =H50/18 -> 3529006.1 | E50: =D50/D49-1 -> 0.29413624 | F50: =D50/D38-1 -> 0.52739692 | G50: 2025년 10월 | H50: 63522109 | I50: 6386.81 | J50: =H50/I50 -> 9945.8273
D51: =H51/20 -> 2803793 | E51: =D51/D50-1 -> -0.20550065 | F51: =D51/D39-1 -> 0.38736654 | G51: 2025년 11월 | H51: 56075860 | I51: 5547.48 | J51: =H51/I51 -> 10108.348
A52: =AVERAGE(D50:D52) -> 3043399.5 | B52: =A52/A49-1 -> 0.047337793 | C52: =A52/A40-1 -> 0.46865119 | D52: =H52/22 -> 2797399.4 | E52: =D52/D51-1 -> -0.0022803525 | F52: =D52/D40-1 -> 0.48379017 | G52: 2025년 12월 | H52: 61542786 | I52: 6099.41 | J52: =H52/I52 -> 10089.957 | K52: =H52+H51+H50 -> 181140755 | L52: =K52/K49-1 -> 0.025530787 | M52: =K52/K40-1 -> 0.41250572 | N52: =AVERAGE(J50:J52) -> 10048.044 | O52: =N52/N49-1 -> 0.01278809
D53: =H53/21 -> 2898394.8 | E53: =D53/D52-1 -> 0.036103335 | F53: =D53/D41-1 -> 0.23136367 | G53: 2026년 1월 | H53: 60866291 | I53: 5907.8 | J53: =H53/I53 -> 10302.7
D54: =H54/17 -> 3252639.2 | E54: =D54/D53-1 -> 0.1222209 | F54: =D54/D42-1 -> 0.34325319 | G54: 2026년 2월 | H54: 55294867 | I54: 5325.4 | J54: =H54/I54 -> 10383.233
A55: =AVERAGE(D53:D55) -> 3054790.8 | B55: =A55/A52-1 -> 0.0037429695 | C55: =A55/A43-1 -> 0.29891597 | D55: =H55/21 -> 3013338.4 | E55: =D55/D54-1 -> -0.073571272 | F55: =D55/D43-1 -> 0.32156567 | G55: 2026년 3월 | H55: 63280107 | I55: 5979.15 | J55: =H55/I55 -> 10583.462 | K55: =H55+H54+H53 -> 179441265 | L55: =K55/K52-1 -> -0.0093821515 | M55: =K55/K43-1 -> 0.315548 | N55: =AVERAGE(J53:J55) -> 10423.132 | O55: =N55/N52-1 -> 0.037329382
D56: =H56/22 -> 2660641.2 | E56: =D56/D55-1 -> -0.11704533 | F56: =D56/D44-1 -> 0.12082918 | G56: 2026년 4월 | H56: 58534107 | I56: 5466.18 | J56: =H56/I56 -> 10708.412
D57: =H57/18 -> 3168065.3 | E57: =D57/D56-1 -> 0.19071495 | F57: =D57/D45-1 -> 0.19218162 | G57: 2026년 5월 | H57: 57025175 | I57: 5234.2 | J57: =H57/I57 -> 10894.726
A58: =AVERAGE(D56:D58) -> 2914353.3 | B58: =A58/A55-1 -> -0.045972893 | C58: =A58/A46-1 -> 0.12837001 | K58: =H58+H57+H56 -> 115559282 | L58: =K58/K55-1 -> -0.35600497 | M58: =K58/K46-1 -> -0.26394599 | N58: =AVERAGE(J56:J58) -> 10801.569 | O58: =N58/N55-1 -> 0.036307459

Sheet 제주반도체(칩)
A1: =P1 -> 제주반도체 | P1: 제주반도체
P2: 8542391000 | Q2: 제주
G3: 년월 | H3: 금액(달러) | I3: 중량 | P3: * 잠정치가 아니라 확정치만 볼수 있음
A4: 분기(일평균) | B4: QoQ | D4: 일평균수출 | E4: mom | F4: yoy | J4: 금액(달러)/중량 | L4: QoQ | M4: yoy | N4: 단가 | O4: QoQ
D5: =H5/20 -> 418146.45 | G5: 2022년01월 | H5: 8362929 | I5: 1014.19 | J5: =H5/I5 -> 8245.9194
D6: =H6/18 -> 568177.22 | E6: =D6/D5-1 -> 0.35879958 | G6: 2022년02월 | H6: 10227190 | I6: 1119.97 | J6: =H6/I6 -> 9131.6642
A7: =AVERAGE(D5:D7) -> 551745.97 | D7: =H7/22 -> 668914.23 | E7: =D7/D6-1 -> 0.17729856 | G7: 2022년03월 | H7: 14716113 | I7: 1673.17 | J7: =H7/I7 -> 8795.3484 | K7: =H7+H6+H5 -> 33306232 | N7: =AVERAGE(J5:J7) -> 8724.3107
D8: =H8/21 -> 490074.86 | E8: =D8/D7-1 -> -0.2673577 | G8: 2022년04월 | H8: 10291572 | I8: 1400.28 | J8: =H8/I8 -> 7349.6529
D9: =H9/21 -> 471768.62 | E9: =D9/D8-1 -> -0.037353963 | G9: 2022년05월 | H9: 9907141 | I9: 668.67 | J9: =H9/I9 -> 14816.189
A10: =AVERAGE(D8:D10) -> 476329.14 | B10: =A10/A7-1 -> -0.13668758 | D10: =H10/21 -> 467143.95 | E10: =D10/D9-1 -> -0.0098028281 | G10: 2022년06월 | H10: 9810023 | I10: 950.17 | J10: =H10/I10 -> 10324.492 | K10: =H10+H9+H8 -> 30008736 | L10: =K10/K7-1 -> -0.099005375 | N10: =AVERAGE(J8:J10) -> 10830.111 | O10: =N10/N7-1 -> 0.24137159
D11: =H11/21 -> 250786.29 | E11: =D11/D10-1 -> -0.46314988 | G11: 2022년07월 | H11: 5266512 | I11: 682.14 | J11: =H11/I11 -> 7720.5735
D12: =H12/22 -> 331392.14 | E12: =D12/D11-1 -> 0.32141251 | G12: 2022년08월 | H12: 7290627 | I12: 1037.81 | J12: =H12/I12 -> 7025.0113
A13: =AVERAGE(D11:D13) -> 318283.09 | B13: =A13/A10-1 -> -0.33180009 | D13: =H13/20 -> 372670.85 | E13: =D13/D12-1 -> 0.12456154 | G13: 2022년09월 | H13: 7453417 | I13: 794.19 | J13: =H13/I13 -> 9384.9293 | K13: =H13+H12+H11 -> 20010556 | L13: =K13/K10-1 -> -0.33317565 | N13: =AVERAGE(J11:J13) -> 8043.5047 | O13: =N13/N10-1 -> -0.25730176
D14: =H14/20 -> 295814.6 | E14: =D14/D13-1 -> -0.20623091 | G14: 2022년10월 | H14: 5916292 | I14: 933.17 | J14: =H14/I14 -> 6339.9938
D15: =H15/22 -> 382010 | E15: =D15/D14-1 -> 0.29138318 | G15: 2022년11월 | H15: 8404220 | I15: 1290.12 | J15: =H15/I15 -> 6514.2932
A16: =AVERAGE(D14:D16) -> 357930.05 | B16: =A16/A13-1 -> 0.12456508 | D16: =H16/22 -> 395965.55 | E16: =D16/D15-1 -> 0.036531885 | G16: 2022년12월 | H16: 8711242 | I16: 1089.63 | J16: =H16/I16 -> 7994.6789 | K16: =H16+H15+H14 -> 23031754 | L16: =K16/K13-1 -> 0.15098021 | N16: =AVERAGE(J14:J16) -> 6949.6553 | O16: =N16/N13-1 -> -0.13599164
D17: =H17/20 -> 251862.9 | E17: =D17/D16-1 -> -0.36392723 | F17: =D17/D5-1 -> -0.39766821 | G17: 2023년 1월 | H17: 5037258 | I17: 822.79 | J17: =H17/I17 -> 6122.1673
D18: =H18/20 -> 283645.3 | E18: =D18/D17-1 -> 0.12618929 | F18: =D18/D6-1 -> -0.50078023 | G18: 2023년 2월 | H18: 5672906 | I18: 529.38 | J18: =H18/I18 -> 10716.132
A19: =AVERAGE(D17:D19) -> 297519.26 | B19: =A19/A16-1 -> -0.16877819 | C19: =A19/A7-1 -> -0.46076767 | D19: =H19/22 -> 357049.59 | E19: =D19/D18-1 -> 0.25878903 | F19: =D19/D7-1 -> -0.46622515 | G19: 2023년 3월 | H19: 7855091 | I19: 788.02 | J19: =H19/I19 -> 9968.1366 | K19: =H19+H18+H17 -> 18565255 | L19: =K19/K16-1 -> -0.19392787 | M19: =K19/K7-1 -> -0.44258915 | N19: =AVERAGE(J17:J19) -> 8935.4786 | O19: =N19/N16-1 -> 0.28574415
D20: =H20/20 -> 367048.55 | E20: =D20/D19-1 -> 0.028004399 | F20: =D20/D8-1 -> -0.25103575 | G20: 2023년 4월 | H20: 7340971 | I20: 1182.05 | J20: =H20/I20 -> 6210.3727
D21: =H21/21 -> 293437.52 | E21: =D21/D20-1 -> -0.20054847 | F21: =D21/D9-1 -> -0.37800542 | G21: 2023년 5월 | H21: 6162188 | I21: 1005.76 | J21: =H21/I21 -> 6126.8971
A22: =AVERAGE(D20:D22) -> 343259.15 | B22: =A22/A19-1 -> 0.15373757 | C22: =A22/A10-1 -> -0.27936563 | D22: =H22/21 -> 369291.38 | E22: =D22/D21-1 -> 0.25850088 | F22: =D22/D10-1 -> -0.20946985 | G22: 2023년 6월 | H22: 7755119 | I22: 860.29 | J22: =H22/I22 -> 9014.5404 | K22: =H22+H21+H20 -> 21258278 | L22: =K22/K19-1 -> 0.14505715 | M22: =K22/K10-1 -> -0.29159702 | N22: =AVERAGE(J20:J22) -> 7117.2701 | O22: =N22/N19-1 -> -0.20348195
D23: =H23/21 -> 377969.52 | E23: =D23/D22-1 -> 0.023499446 | F23: =D23/D11-1 -> 0.50713793 | G23: 2023년 7월 | H23: 7937360 | I23: 1605.68 | J23: =H23/I23 -> 4943.3013
D24: =H24/22 -> 364908.14 | E24: =D24/D23-1 -> -0.034556721 | F24: =D24/D12-1 -> 0.10113698 | G24: 2023년 8월 | H24: 8027979 | I24: 971.15 | J24: =H24/I24 -> 8266.4666
A25: =AVERAGE(D23:D25) -> 413884.55 | B25: =A25/A22-1 -> 0.20574951 | C25: =A25/A13-1 -> 0.30036614 | D25: =H25/19 -> 498776 | E25: =D25/D24-1 -> 0.3668536 | F25: =D25/D13-1 -> 0.33838211 | G25: 2023년 9월 | H25: 9476744 | I25: 1319.16 | J25: =H25/I25 -> 7183.9231 | K25: =H25+H24+H23 -> 25442083 | L25: =K25/K22-1 -> 0.19680827 | M25: =K25/K13-1 -> 0.27143309 | N25: =AVERAGE(J23:J25) -> 6797.897 | O25: =N25/N22-1 -> -0.044872974
D26: =H26/19 -> 570582.58 | E26: =D26/D25-1 -> 0.14396559 | F26: =D26/D14-1 -> 0.92885199 | G26: 2023년 10월 | H26: 10841069 | I26: 1720.09 | J26: =H26/I26 -> 6302.6173
D27: =H27/22 -> 519875.59 | E27: =D27/D26-1 -> -0.088868798 | F27: =D27/D15-1 -> 0.36089524 | G27: 2023년 11월 | H27: 11437263 | I27: 3229.15 | J27: =H27/I27 -> 3541.8804
A28: =AVERAGE(D26:D28) -> 564847.62 | B28: =A28/A25-1 -> 0.3647468 | C28: =A28/A16-1 -> 0.57809499 | D28: =H28/19 -> 604084.68 | E28: =D28/D27-1 -> 0.16197932 | F28: =D28/D16-1 -> 0.52559911 | G28: 2023년 12월 | H28: 11477609 | I28: 2852.03 | J28: =H28/I28 -> 4024.3648 | K28: =H28+H27+H26 -> 33755941 | L28: =K28/K25-1 -> 0.32677584 | M28: =K28/K16-1 -> 0.46562615 | N28: =AVERAGE(J26:J28) -> 4622.9541 | O28: =N28/N25-1 -> -0.31994348
D29: =H29/22 -> 347005.91 | E29: =D29/D28-1 -> -0.42556744 | F29: =D29/D17-1 -> 0.37775714 | G29: 2024년 1월 | H29: 7634130 | I29: 1432.58 | J29: =H29/I29 -> 5328.938
D30: =H30/19 -> 428333.89 | E30: =D30/D29-1 -> 0.23437061 | F30: =D30/D18-1 -> 0.51010397 | G30: 2024년 2월 | H30: 8138344 | I30: 1687.61 | J30: =H30/I30 -> 4822.408
A31: =AVERAGE(D29:D31) -> 435972.55 | B31: =A31/A28-1 -> -0.228159 | C31: =A31/A19-1 -> 0.46535907 | D31: =H31/20 -> 532577.85 | E31: =D31/D30-1 -> 0.24337078 | F31: =D31/D19-1 -> 0.49160751 | G31: 2024년 3월 | H31: 10651557 | I31: 1480.85 | J31: =H31/I31 -> 7192.8669 | K31: =H31+H30+H29 -> 26424031 | L31: =K31/K28-1 -> -0.21720354 | M31: =K31/K19-1 -> 0.42330558 | N31: =AVERAGE(J29:J31) -> 5781.4043 | O31: =N31/N28-1 -> 0.25058656
D32: =H32/21 -> 232193.48 | E32: =D32/D31-1 -> -0.56401965 | F32: =D32/D20-1 -> -0.36740391 | G32: 2024년 4월 | H32: 4876063 | I32: 815.65 | J32: =H32/I32 -> 5978.1316
D33: =H33/21 -> 480481.19 | E33: =D33/D32-1 -> 1.0693139 | F33: =D33/D21-1 -> 0.63742245 | G33: 2024년 5월 | H33: 10090105 | I33: 2235.94 | J33: =H33/I33 -> 4512.6904
A34: =AVERAGE(D32:D34) -> 460089.57 | B34: =A34/A31-1 -> 0.055317753 | C34: =A34/A22-1 -> 0.34035632 | D34: =H34/19 -> 667594.05 | E34: =D34/D33-1 -> 0.38942807 | F34: =D34/D22-1 -> 0.80777047 | G34: 2024년 6월 | H34: 12684287 | I34: 2338.01 | J34: =H34/I34 -> 5425.2493 | K34: =H34+H33+H32 -> 27650455 | L34: =K34/K31-1 -> 0.046413206 | M34: =K34/K22-1 -> 0.30069119 | N34: =AVERAGE(J32:J34) -> 5305.3571 | O34: =N34/N31-1 -> -0.08234111
D35: =H35/23 -> 376350.65 | E35: =D35/D34-1 -> -0.43625823 | F35: =D35/D23-1 -> -0.0042830745 | G35: 2024년 7월 | H35: 8656065 | I35: 3124.73 | J35: =H35/I35 -> 2770.1801
D36: =H36/21 -> 416570.19 | E36: =D36/D35-1 -> 0.10686719 | F36: =D36/D24-1 -> 0.14157551 | G36: 2024년 8월 | H36: 8747974 | I36: 1790.22 | J36: =H36/I36 -> 4886.5357
A37: =AVERAGE(D35:D37) -> 416805.8 | B37: =A37/A34-1 -> -0.094076841 | C37: =A37/A25-1 -> 0.007058118 | D37: =H37/18 -> 457496.56 | E37: =D37/D36-1 -> 0.098246024 | F37: =D37/D25-1 -> -0.082761489 | G37: 2024년 9월 | H37: 8234938 | I37: 1864.96 | J37: =H37/I37 -> 4415.6111 | K37: =H37+H36+H35 -> 25638977 | L37: =K37/K34-1 -> -0.072746651 | M37: =K37/K25-1 -> 0.0077389104 | N37: =AVERAGE(J35:J37) -> 4024.109 | O37: =N37/N34-1 -> -0.24150082
D38: =H38/20 -> 273890.5 | E38: =D38/D37-1 -> -0.40132773 | F38: =D38/D26-1 -> -0.51998096 | G38: 2024년 10월 | H38: 5477810 | I38: 1299.13 | J38: =H38/I38 -> 4216.5218
D39: =H39/21 -> 332188.57 | E39: =D39/D38-1 -> 0.21285175 | F39: =D39/D27-1 -> -0.36102295 | G39: 2024년 11월 | H39: 6975960 | I39: 2223.75 | J39: =H39/I39 -> 3137.0253
A40: =AVERAGE(D38:D40) -> 398318.66 | B40: =A40/A37-1 -> -0.044354327 | C40: =A40/A28-1 -> -0.29482103 | D40: =H40/21 -> 588876.9 | E40: =D40/D39-1 -> 0.77271874 | F40: =D40/D28-1 -> -0.025174913 | G40: 2024년 12월 | H40: 12366415 | I40: 1764.27 | J40: =H40/I40 -> 7009.3665 | K40: =H40+H39+H38 -> 24820185 | L40: =K40/K37-1 -> -0.03193544 | M40: =K40/K28-1 -> -0.26471654 | N40: =AVERAGE(J38:J40) -> 4787.6379 | O40: =N40/N37-1 -> 0.18973862
D41: =H41/18 -> 327578.61 | E41: =D41/D40-1 -> -0.44372311 | F41: =D41/D29-1 -> -0.055985496 | G41: 2025년 1월 | H41: 5896415 | I41: 815.29 | J41: =H41/I41 -> 7232.2916
D42: =H42/20 -> 535927 | E42: =D42/D41-1 -> 0.63602562 | F42: =D42/D30-1 -> 0.2511898 | G42: 2025년 2월 | H42: 10718540 | I42: 2045.22 | J42: =H42/I42 -> 5240.7761
A43: =AVERAGE(D41:D43) -> 474266.79 | B43: =A43/A40-1 -> 0.19067178 | C43: =A43/A31-1 -> 0.087836346 | D43: =H43/20 -> 559294.75 | E43: =D43/D42-1 -> 0.043602487 | F43: =D43/D31-1 -> 0.050165248 | G43: 2025년 3월 | H43: 11185895 | I43: 1380.47 | J43: =H43/I43 -> 8102.9613 | K43: =H43+H42+H41 -> 27800850 | L43: =K43/K40-1 -> 0.12009036 | M43: =K43/K31-1 -> 0.052104806 | N43: =AVERAGE(J41:J43) -> 6858.6763 | O43: =N43/N40-1 -> 0.43258043
D44: =H44/22 -> 367160.64 | E44: =D44/D43-1 -> -0.34352926 | F44: =D44/D32-1 -> 0.58127025 | G44: 2025년 4월 | H44: 8077534 | I44: 600.13 | J44: =H44/I44 -> 13459.64
D45: =H45/20 -> 558961.05 | E45: =D45/D44-1 -> 0.52238828 | F45: =D45/D33-1 -> 0.16333597 | G45: 2025년 5월 | H45: 11179221 | I45: 698.87 | J45: =H45/I45 -> 15996.138
A46: =AVERAGE(D44:D46) -> 447376.93 | B46: =A46/A43-1 -> -0.056697743 | C46: =A46/A34-1 -> -0.027630799 | D46: =H46/19 -> 416009.11 | E46: =D46/D45-1 -> -0.25574581 | F46: =D46/D34-1 -> -0.37685319 | G46: 2025년 6월 | H46: 7904173 | I46: 641.07 | J46: =H46/I46 -> 12329.657 | K46: =H46+H45+H44 -> 27160928 | L46: =K46/K43-1 -> -0.023018073 | M46: =K46/K34-1 -> -0.017704121 | N46: =AVERAGE(J44:J46) -> 13928.478 | O46: =N46/N43-1 -> 1.0307823
D47: =H47/19 -> 997491.26 | E47: =D47/D46-1 -> 1.3977631 | F47: =D47/D35-1 -> 1.6504305 | G47: 2025년 7월 | H47: 18952334 | I47: 1152.36 | J47: =H47/I47 -> 16446.539
D48: =H48/20 -> 1182131.5 | E48: =D48/D47-1 -> 0.18510462 | F48: =D48/D36-1 -> 1.8377727 | G48: 2025년 8월 | H48: 23642630 | I48: 1280.74 | J48: =H48/I48 -> 18460.132
A49: =AVERAGE(D47:D49) -> 1059489.3 | B49: =A49/A46-1 -> 1.3682252 | C49: =A49/A37-1 -> 1.5419256 | D49: =H49/22 -> 998845.18 | E49: =D49/D48-1 -> -0.15504732 | F49: =D49/D37-1 -> 1.1832846 | G49: 2025년 9월 | H49: 21974594 | I49: 1020.57 | J49: =H49/I49 -> 21531.687 | K49: =H49+H48+H47 -> 64569558 | L49: =K49/K46-1 -> 1.3772957 | M49: =K49/K37-1 -> 1.518414 | N49: =AVERAGE(J47:J49) -> 18812.786 | O49: =N49/N46-1 -> 0.3506706
D50: =H50/18 -> 891986.06 | E50: =D50/D49-1 -> -0.10698267 | F50: =D50/D38-1 -> 2.2567251 | G50: 2025년 10월 | H50: 16055749 | I50: 733.24 | J50: =H50/I50 -> 21896.99
D51: =H51/20 -> 745730.6 | E51: =D51/D50-1 -> -0.16396608 | F51: =D51/D39-1 -> 1.2449014 | G51: 2025년 11월 | H51: 14914612 | I51: 780.14 | J51: =H51/I51 -> 19117.866
A52: =AVERAGE(D50:D52) -> 858132.85 | B52: =A52/A49-1 -> -0.19005049 | C52: =A52/A40-1 -> 1.1543878 | D52: =H52/22 -> 936681.91 | E52: =D52/D51-1 -> 0.25605937 | F52: =D52/D40-1 -> 0.59062429 | G52: 2025년 12월 | H52: 20607002 | I52: 1033.32 | J52: =H52/I52 -> 19942.517 | K52: =H52+H51+H50 -> 51577363 | L52: =K52/K49-1 -> -0.20121239 | M52: =K52/K40-1 -> 1.078041 | N52: =AVERAGE(J50:J52) -> 20319.124 | O52: =N52/N49-1 -> 0.080069914
D53: =H53/21 -> 1441330.6 | E53: =D53/D52-1 -> 0.5387621 | F53: =D53/D41-1 -> 3.3999534 | G53: 2026년 1월 | H53: 30267943 | I53: 833.16 | J53: =H53/I53 -> 36329.088
D54: =H54/17 -> 1434401.2 | E54: =D54/D53-1 -> -0.0048076704 | F54: =D54/D42-1 -> 1.6764861 | G54: 2026년 2월 | H54: 24384820 | I54: 735.74 | J54: =H54/I54 -> 33143.257
A55: =AVERAGE(D53:D55) -> 1507867.4 | B55: =A55/A52-1 -> 0.75714912 | C55: =A55/A43-1 -> 2.1793654 | D55: =H55/21 -> 1647870.4 | E55: =D55/D54-1 -> 0.14882113 | F55: =D55/D43-1 -> 1.9463362 | G55: 2026년 3월 | H55: 34605278 | I55: 1138.9 | J55: =H55/I55 -> 30384.826 | K55: =H55+H54+H53 -> 89258041 | L55: =K55/K52-1 -> 0.7305662 | M55: =K55/K43-1 -> 2.2106227 | N55: =AVERAGE(J53:J55) -> 33285.724 | O55: =N55/N52-1 -> 0.63814753
D56: =H56/22 -> 2316824.8 | E56: =D56/D55-1 -> 0.40595088 | F56: =D56/D44-1 -> 5.3101122 | G56: 2026년 4월 | H56: 50970146 | I56: 1113.81 | J56: =H56/I56 -> 45761.976
D57: =H57/18 -> 2976485.5 | E57: =D57/D56-1 -> 0.28472618 | F57: =D57/D45-1 -> 4.325032 | G57: 2026년 5월 | H57: 53576739 | I57: 837.22 | J57: =H57/I57 -> 63993.621
A58: =AVERAGE(D56:D58) -> 2646655.2 | B58: =A58/A55-1 -> 0.75523071 | C58: =A58/A46-1 -> 4.9159402 | K58: =H58+H57+H56 -> 104546885 | L58: =K58/K55-1 -> 0.17128814 | M58: =K58/K46-1 -> 2.8491647 | N58: =AVERAGE(J56:J58) -> 54877.798 | O58: =N58/N55-1 -> 0.64868875

Sheet isc
A1: =P1 -> ISC | P1: ISC
P2: 8536909090 + 경기성남
G3: 년월 | H3: 금액(달러) | I3: 중량 | P3: * 잠정치가 아니라 확정치만 볼수 있음
A4: 분기(일평균) | B4: QoQ | D4: 일평균수출 | E4: mom | F4: yoy | J4: 금액(달러)/중량 | L4: QoQ | M4: yoy | N4: 단가 | O4: QoQ
D5: =H5/20 -> 551069.45 | G5: 2022년01월 | H5: 11021389 | I5: 61651.16 | J5: =H5/I5 -> 178.77018
D6: =H6/18 -> 413294.83 | E6: =D6/D5-1 -> -0.25001316 | G6: 2022년02월 | H6: 7439307 | I6: 67473.35 | J6: =H6/I6 -> 110.25549
A7: =AVERAGE(D5:D7) -> 501699.08 | D7: =H7/22 -> 540732.95 | E7: =D7/D6-1 -> 0.30834676 | G7: 2022년03월 | H7: 11896125 | I7: 46953.89 | J7: =H7/I7 -> 253.3576 | K7: =H7+H6+H5 -> 30356821 | N7: =AVERAGE(J5:J7) -> 180.79442
D8: =H8/21 -> 446628.57 | E8: =D8/D7-1 -> -0.17403116 | G8: 2022년04월 | H8: 9379200 | I8: 40762.34 | J8: =H8/I8 -> 230.09474
D9: =H9/21 -> 406210 | E9: =D9/D8-1 -> -0.090497057 | G9: 2022년05월 | H9: 8530410 | I9: 34918.22 | J9: =H9/I9 -> 244.29682
A10: =AVERAGE(D8:D10) -> 443533.57 | B10: =A10/A7-1 -> -0.11593704 | D10: =H10/21 -> 477762.14 | E10: =D10/D9-1 -> 0.1761457 | G10: 2022년06월 | H10: 10033005 | I10: 29904.49 | J10: =H10/I10 -> 335.50163 | K10: =H10+H9+H8 -> 27942615 | L10: =K10/K7-1 -> -0.079527629 | N10: =AVERAGE(J8:J10) -> 269.96439 | O10: =N10/N7-1 -> 0.49321196
D11: =H11/21 -> 466626.57 | E11: =D11/D10-1 -> -0.023307773 | G11: 2022년07월 | H11: 9799158 | I11: 43044.5 | J11: =H11/I11 -> 227.6518
D12: =H12/22 -> 359646.18 | E12: =D12/D11-1 -> -0.22926339 | G12: 2022년08월 | H12: 7912216 | I12: 44253.24 | J12: =H12/I12 -> 178.79405
A13: =AVERAGE(D11:D13) -> 405157.7 | B13: =A13/A10-1 -> -0.086523034 | D13: =H13/20 -> 389200.35 | E13: =D13/D12-1 -> 0.082175676 | G13: 2022년09월 | H13: 7784007 | I13: 33517.57 | J13: =H13/I13 -> 232.23662 | K13: =H13+H12+H11 -> 25495381 | L13: =K13/K10-1 -> -0.087580708 | N13: =AVERAGE(J11:J13) -> 212.89416 | O13: =N13/N10-1 -> -0.21139913
D14: =H14/20 -> 311407.85 | E14: =D14/D13-1 -> -0.19987778 | G14: 2022년10월 | H14: 6228157 | I14: 32764.94 | J14: =H14/I14 -> 190.08602
D15: =H15/22 -> 267320.82 | E15: =D15/D14-1 -> -0.14157328 | G15: 2022년11월 | H15: 5881058 | I15: 32916.53 | J15: =H15/I15 -> 178.66579
A16: =AVERAGE(D14:D16) -> 287301.21 | B16: =A16/A13-1 -> -0.29089042 | D16: =H16/22 -> 283174.95 | E16: =D16/D15-1 -> 0.059307526 | G16: 2022년12월 | H16: 6229849 | I16: 40823.66 | J16: =H16/I16 -> 152.60388 | K16: =H16+H15+H14 -> 18339064 | L16: =K16/K13-1 -> -0.28069073 | N16: =AVERAGE(J14:J16) -> 173.78523 | O16: =N16/N13-1 -> -0.18370126
D17: =H17/20 -> 490104.9 | E17: =D17/D16-1 -> 0.73074946 | F17: =D17/D5-1 -> -0.11062952 | G17: 2023년 1월 | H17: 9802098 | I17: 35940.54 | J17: =H17/I17 -> 272.73096
D18: =H18/20 -> 341870.9 | E18: =D18/D17-1 -> -0.30245362 | F18: =D18/D6-1 -> -0.17281594 | G18: 2023년 2월 | H18: 6837418 | I18: 28596.96 | J18: =H18/I18 -> 239.09597
A19: =AVERAGE(D17:D19) -> 383276.6 | B19: =A19/A16-1 -> 0.33405844 | C19: =A19/A7-1 -> -0.23604285 | D19: =H19/22 -> 317854 | E19: =D19/D18-1 -> -0.070251373 | F19: =D19/D7-1 -> -0.41217934 | G19: 2023년 3월 | H19: 6992788 | I19: 31938.29 | J19: =H19/I19 -> 218.94685 | K19: =H19+H18+H17 -> 23632304 | L19: =K19/K16-1 -> 0.28863196 | M19: =K19/K7-1 -> -0.22151585 | N19: =AVERAGE(J17:J19) -> 243.59126 | O19: =N19/N16-1 -> 0.40167987
D20: =H20/20 -> 269637.75 | E20: =D20/D19-1 -> -0.15169307 | F20: =D20/D8-1 -> -0.39628191 | G20: 2023년 4월 | H20: 5392755 | I20: 25344.13 | J20: =H20/I20 -> 212.78122
D21: =H21/21 -> 459497.29 | E21: =D21/D20-1 -> 0.70412817 | F21: =D21/D9-1 -> 0.13118162 | G21: 2023년 5월 | H21: 9649443 | I21: 80778.95 | J21: =H21/I21 -> 119.45492
A22: =AVERAGE(D20:D22) -> 408832 | B22: =A22/A19-1 -> 0.066676119 | C22: =A22/A10-1 -> -0.078238892 | D22: =H22/21 -> 497360.95 | E22: =D22/D21-1 -> 0.082402373 | F22: =D22/D10-1 -> 0.041022107 | G22: 2023년 6월 | H22: 10444580 | I22: 96347.14 | J22: =H22/I22 -> 108.40571 | K22: =H22+H21+H20 -> 25486778 | L22: =K22/K19-1 -> 0.078471993 | M22: =K22/K10-1 -> -0.087888589 | N22: =AVERAGE(J20:J22) -> 146.88062 | O22: =N22/N19-1 -> -0.39702017
D23: =H23/21 -> 453673.33 | E23: =D23/D22-1 -> -0.08783886 | F23: =D23/D11-1 -> -0.027759324 | G23: 2023년 7월 | H23: 9527140 | I23: 79943.25 | J23: =H23/I23 -> 119.17379
D24: =H24/22 -> 395599.59 | E24: =D24/D23-1 -> -0.12800784 | F24: =D24/D12-1 -> 0.099968833 | G24: 2023년 8월 | H24: 8703191 | I24: 90404.98 | J24: =H24/I24 -> 96.268933
A25: =AVERAGE(D23:D25) -> 420025.24 | B25: =A25/A22-1 -> 0.027378586 | C25: =A25/A13-1 -> 0.036695679 | D25: =H25/19 -> 410802.79 | E25: =D25/D24-1 -> 0.038430774 | F25: =D25/D13-1 -> 0.055504676 | G25: 2023년 9월 | H25: 7805253 | I25: 103665.42 | J25: =H25/I25 -> 75.292735 | K25: =H25+H24+H23 -> 26035584 | L25: =K25/K22-1 -> 0.021532969 | M25: =K25/K13-1 -> 0.021188269 | N25: =AVERAGE(J23:J25) -> 96.911819 | O25: =N25/N22-1 -> -0.34020008
D26: =H26/19 -> 265100.63 | E26: =D26/D25-1 -> -0.35467665 | F26: =D26/D14-1 -> -0.1487028 | G26: 2023년 10월 | H26: 5036912 | I26: 61330.56 | J26: =H26/I26 -> 82.127279
D27: =H27/22 -> 295034.05 | E27: =D27/D26-1 -> 0.1129134 | F27: =D27/D15-1 -> 0.10367029 | G27: 2023년 11월 | H27: 6490749 | I27: 69326.83 | J27: =H27/I27 -> 93.625354
A28: =AVERAGE(D26:D28) -> 297187.65 | B28: =A28/A25-1 -> -0.29245288 | C28: =A28/A16-1 -> 0.034411408 | D28: =H28/19 -> 331428.26 | E28: =D28/D27-1 -> 0.12335599 | F28: =D28/D16-1 -> 0.17040105 | G28: 2023년 12월 | H28: 6297137 | I28: 50046.26 | J28: =H28/I28 -> 125.82633 | K28: =H28+H27+H26 -> 17824798 | L28: =K28/K25-1 -> -0.31536784 | M28: =K28/K16-1 -> -0.028042107 | N28: =AVERAGE(J26:J28) -> 100.52632 | O28: =N28/N25-1 -> 0.037296796
D29: =H29/22 -> 352694.27 | E29: =D29/D28-1 -> 0.064164744 | F29: =D29/D17-1 -> -0.28036983 | G29: 2024년 1월 | H29: 7759274 | I29: 60809.87 | J29: =H29/I29 -> 127.59892
D30: =H30/19 -> 457634.16 | E30: =D30/D29-1 -> 0.29753782 | F30: =D30/D18-1 -> 0.33861688 | G30: 2024년 2월 | H30: 8695049 | I30: 71861.78 | J30: =H30/I30 -> 120.99685
A31: =AVERAGE(D29:D31) -> 404150.48 | B31: =A31/A28-1 -> 0.35991681 | C31: =A31/A19-1 -> 0.054461652 | D31: =H31/20 -> 402123 | E31: =D31/D30-1 -> -0.12130029 | F31: =D31/D19-1 -> 0.26511858 | G31: 2024년 3월 | H31: 8042460 | I31: 67295.75 | J31: =H31/I31 -> 119.50918 | K31: =H31+H30+H29 -> 24496783 | L31: =K31/K28-1 -> 0.37430915 | M31: =K31/K19-1 -> 0.036580394 | N31: =AVERAGE(J29:J31) -> 122.70165 | O31: =N31/N28-1 -> 0.2205923
D32: =H32/21 -> 421573.67 | E32: =D32/D31-1 -> 0.048369943 | F32: =D32/D20-1 -> 0.56348162 | G32: 2024년 4월 | H32: 8853047 | I32: 63648.47 | J32: =H32/I32 -> 139.09285
D33: =H33/21 -> 360747.62 | E33: =D33/D32-1 -> -0.14428332 | F33: =D33/D21-1 -> -0.21490805 | G33: 2024년 5월 | H33: 7575700 | I33: 37610.48 | J33: =H33/I33 -> 201.42524
A34: =AVERAGE(D32:D34) -> 422502.85 | B34: =A34/A31-1 -> 0.045409752 | C34: =A34/A22-1 -> 0.033438805 | D34: =H34/19 -> 485187.26 | E34: =D34/D33-1 -> 0.34494932 | F34: =D34/D22-1 -> -0.024476568 | G34: 2024년 6월 | H34: 9218558 | I34: 27780.84 | J34: =H34/I34 -> 331.83151 | K34: =H34+H33+H32 -> 25647305 | L34: =K34/K31-1 -> 0.046966249 | M34: =K34/K22-1 -> 0.0062984423 | N34: =AVERAGE(J32:J34) -> 224.11653 | O34: =N34/N31-1 -> 0.82651601
D35: =H35/23 -> 403634.35 | E35: =D35/D34-1 -> -0.16808544 | F35: =D35/D23-1 -> -0.11029739 | G35: 2024년 7월 | H35: 9283590 | I35: 37979.62 | J35: =H35/I35 -> 244.43609
D36: =H36/21 -> 381460.48 | E36: =D36/D35-1 -> -0.054935542 | F36: =D36/D24-1 -> -0.035740974 | G36: 2024년 8월 | H36: 8010670 | I36: 31821.47 | J36: =H36/I36 -> 251.7379
A37: =AVERAGE(D35:D37) -> 420810.94 | B37: =A37/A34-1 -> -0.0040044896 | C37: =A37/A25-1 -> 0.0018706101 | D37: =H37/18 -> 477338 | E37: =D37/D36-1 -> 0.25134327 | F37: =D37/D25-1 -> 0.16196387 | G37: 2024년 9월 | H37: 8592084 | I37: 41655.05 | J37: =H37/I37 -> 206.26752 | K37: =H37+H36+H35 -> 25886344 | L37: =K37/K34-1 -> 0.0093202385 | M37: =K37/K25-1 -> -0.0057321549 | N37: =AVERAGE(J35:J37) -> 234.14717 | O37: =N37/N34-1 -> 0.04475636
D38: =H38/20 -> 391799.9 | E38: =D38/D37-1 -> -0.17919818 | F38: =D38/D26-1 -> 0.47792896 | G38: 2024년 10월 | H38: 7835998 | I38: 45034.94 | J38: =H38/I38 -> 173.99819
D39: =H39/21 -> 410727.29 | E39: =D39/D38-1 -> 0.048308807 | F39: =D39/D27-1 -> 0.39213522 | G39: 2024년 11월 | H39: 8625273 | I39: 50592.46 | J39: =H39/I39 -> 170.48535
A40: =AVERAGE(D38:D40) -> 401887.51 | B40: =A40/A37-1 -> -0.044968971 | C40: =A40/A28-1 -> 0.35230219 | D40: =H40/21 -> 403135.33 | E40: =D40/D39-1 -> -0.018484169 | F40: =D40/D28-1 -> 0.21635774 | G40: 2024년 12월 | H40: 8465842 | I40: 34095.3 | J40: =H40/I40 -> 248.29938 | K40: =H40+H39+H38 -> 24927113 | L40: =K40/K37-1 -> -0.037055484 | M40: =K40/K28-1 -> 0.39845136 | N40: =AVERAGE(J38:J40) -> 197.59431 | O40: =N40/N37-1 -> -0.15611065
D41: =H41/18 -> 341577.06 | E41: =D41/D40-1 -> -0.15269879 | F41: =D41/D29-1 -> -0.031520833 | G41: 2025년 1월 | H41: 6148387 | I41: 21220.4 | J41: =H41/I41 -> 289.73945
D42: =H42/20 -> 353233.85 | E42: =D42/D41-1 -> 0.034126398 | F42: =D42/D30-1 -> -0.2281305 | G42: 2025년 2월 | H42: 7064677 | I42: 33003 | J42: =H42/I42 -> 214.06166
A43: =AVERAGE(D41:D43) -> 364877.7 | B43: =A43/A40-1 -> -0.09208996 | C43: =A43/A31-1 -> -0.097173645 | D43: =H43/20 -> 399822.2 | E43: =D43/D42-1 -> 0.13189096 | F43: =D43/D31-1 -> -0.0057216324 | G43: 2025년 3월 | H43: 7996444 | I43: 61095.92 | J43: =H43/I43 -> 130.88344 | K43: =H43+H42+H41 -> 21209508 | L43: =K43/K40-1 -> -0.14913901 | M43: =K43/K31-1 -> -0.13419211 | N43: =AVERAGE(J41:J43) -> 211.56152 | O43: =N43/N40-1 -> 0.070686296
D44: =H44/22 -> 434738.14 | E44: =D44/D43-1 -> 0.087328658 | F44: =D44/D32-1 -> 0.031226973 | G44: 2025년 4월 | H44: 9564239 | I44: 58917.02 | J44: =H44/I44 -> 162.33406
D45: =H45/20 -> 519852.6 | E45: =D45/D44-1 -> 0.19578329 | F45: =D45/D33-1 -> 0.44104236 | G45: 2025년 5월 | H45: 10397052 | I45: 65616.62 | J45: =H45/I45 -> 158.4515
A46: =AVERAGE(D44:D46) -> 488872.09 | B46: =A46/A43-1 -> 0.33982451 | C46: =A46/A34-1 -> 0.15708589 | D46: =H46/19 -> 512025.53 | E46: =D46/D45-1 -> -0.015056333 | F46: =D46/D34-1 -> 0.055315267 | G46: 2025년 6월 | H46: 9728485 | I46: 44475.16 | J46: =H46/I46 -> 218.73974 | K46: =H46+H45+H44 -> 29689776 | L46: =K46/K43-1 -> 0.39983332 | M46: =K46/K34-1 -> 0.15761777 | N46: =AVERAGE(J44:J46) -> 179.84177 | O46: =N46/N43-1 -> -0.14993156
D47: =H47/19 -> 491250.84 | E47: =D47/D46-1 -> -0.040573532 | F47: =D47/D35-1 -> 0.21706898 | G47: 2025년 7월 | H47: 9333766 | I47: 54843.65 | J47: =H47/I47 -> 170.18864
D48: =H48/20 -> 421937.7 | E48: =D48/D47-1 -> -0.14109521 | F48: =D48/D36-1 -> 0.10611119 | G48: 2025년 8월 | H48: 8438754 | I48: 37722.56 | J48: =H48/I48 -> 223.70576
A49: =AVERAGE(D47:D49) -> 475725.24 | B49: =A49/A46-1 -> -0.026892201 | C49: =A49/A37-1 -> 0.13049637 | D49: =H49/22 -> 513987.18 | E49: =D49/D48-1 -> 0.21815894 | F49: =D49/D37-1 -> 0.076778262 | G49: 2025년 9월 | H49: 11307718 | I49: 53339.37 | J49: =H49/I49 -> 211.99572 | K49: =H49+H48+H47 -> 29080238 | L49: =K49/K46-1 -> -0.020530232 | M49: =K49/K37-1 -> 0.12338142 | N49: =AVERAGE(J47:J49) -> 201.96337 | O49: =N49/N46-1 -> 0.12300593
D50: =H50/18 -> 483686.22 | E50: =D50/D49-1 -> -0.058952753 | F50: =D50/D38-1 -> 0.2345236 | G50: 2025년 10월 | H50: 8706352 | I50: 43222.73 | J50: =H50/I50 -> 201.42994
D51: =H51/20 -> 588296.9 | E51: =D51/D50-1 -> 0.21627798 | F51: =D51/D39-1 -> 0.43232972 | G51: 2025년 11월 | H51: 11765938 | I51: 51459.04 | J51: =H51/I51 -> 228.64667
A52: =AVERAGE(D50:D52) -> 563289.24 | B52: =A52/A49-1 -> 0.18406422 | C52: =A52/A40-1 -> 0.40160923 | D52: =H52/22 -> 617884.59 | E52: =D52/D51-1 -> 0.050293807 | F52: =D52/D40-1 -> 0.53269768 | G52: 2025년 12월 | H52: 13593461 | I52: 65479.76 | J52: =H52/I52 -> 207.59791 | K52: =H52+H51+H50 -> 34065751 | L52: =K52/K49-1 -> 0.1714399 | M52: =K52/K40-1 -> 0.36661438 | N52: =AVERAGE(J50:J52) -> 212.55817 | O52: =N52/N49-1 -> 0.052459017
D53: =H53/21 -> 541069.38 | E53: =D53/D52-1 -> -0.12431967 | F53: =D53/D41-1 -> 0.58403315 | G53: 2026년 1월 | H53: 11362457 | I53: 31273.83 | J53: =H53/I53 -> 363.32157
D54: =H54/17 -> 547958.53 | E54: =D54/D53-1 -> 0.012732468 | F54: =D54/D42-1 -> 0.55126279 | G54: 2026년 2월 | H54: 9315295 | I54: 35107.39 | J54: =H54/I54 -> 265.33716
A55: =AVERAGE(D53:D55) -> 530464.62 | B55: =A55/A52-1 -> -0.058273112 | C55: =A55/A43-1 -> 0.45381485 | D55: =H55/21 -> 502365.95 | E55: =D55/D54-1 -> -0.08320443 | F55: =D55/D43-1 -> 0.25647338 | G55: 2026년 3월 | H55: 10549685 | I55: 49091.92 | J55: =H55/I55 -> 214.89657 | K55: =H55+H54+H53 -> 31227437 | L55: =K55/K52-1 -> -0.083318697 | M55: =K55/K43-1 -> 0.47233198 | N55: =AVERAGE(J53:J55) -> 281.1851 | O55: =N55/N52-1 -> 0.32286185
D56: =H56/22 -> 481760.73 | E56: =D56/D55-1 -> -0.041016365 | F56: =D56/D44-1 -> 0.10816302 | G56: 2026년 4월 | H56: 10598736 | I56: 45810.67 | J56: =H56/I56 -> 231.35955
D57: =H57/18 -> 507560.78 | E57: =D57/D56-1 -> 0.053553661 | F57: =D57/D45-1 -> -0.023644822 | G57: 2026년 5월 | H57: 9136094 | I57: 29778.6 | J57: =H57/I57 -> 306.80066
A58: =AVERAGE(D56:D58) -> 494660.75 | B58: =A58/A55-1 -> -0.067495299 | C58: =A58/A46-1 -> 0.011840858 | K58: =H58+H57+H56 -> 19734830 | L58: =K58/K55-1 -> -0.36802915 | M58: =K58/K46-1 -> -0.33529879 | N58: =AVERAGE(J56:J58) -> 269.0801 | O58: =N58/N55-1 -> -0.043049913

Sheet 심텍
A1: =P1 -> 심텍 | P1: 심텍
P2: 8534009000+충북청주
G3: 년월 | H3: 금액(달러) | I3: 중량 | P3: 기판
A4: 분기(일평균) | B4: QoQ | D4: 일평균수출 | E4: mom | F4: yoy | J4: 금액(달러)/중량 | L4: QoQ | M4: yoy | N4: 단가 | O4: QoQ
D5: =H5/20 -> 446718.3 | G5: 2022년01월 | H5: 8934366 | I5: 38868.97 | J5: =H5/I5 -> 229.85857
D6: =H6/18 -> 503486.5 | E6: =D6/D5-1 -> 0.1270783 | G6: 2022년02월 | H6: 9062757 | I6: 46921.78 | J6: =H6/I6 -> 193.14606
A7: =AVERAGE(D5:D7) -> 461123.1 | D7: =H7/22 -> 433164.5 | E7: =D7/D6-1 -> -0.13967008 | G7: 2022년03월 | H7: 9529619 | I7: 46651.79 | J7: =H7/I7 -> 204.27124 | K7: =H7+H6+H5 -> 27526742 | N7: =AVERAGE(J5:J7) -> 209.09196
D8: =H8/21 -> 601335.9 | E8: =D8/D7-1 -> 0.38823912 | G8: 2022년04월 | H8: 12628054 | I8: 59370.62 | J8: =H8/I8 -> 212.69871
D9: =H9/21 -> 621577.71 | E9: =D9/D8-1 -> 0.033661402 | G9: 2022년05월 | H9: 13053132 | I9: 59684.86 | J9: =H9/I9 -> 218.70089
A10: =AVERAGE(D8:D10) -> 578964.9 | B10: =A10/A7-1 -> 0.2555539 | D10: =H10/21 -> 513981.1 | E10: =D10/D9-1 -> -0.17310244 | G10: 2022년06월 | H10: 10793603 | I10: 39921.33 | J10: =H10/I10 -> 270.37183 | K10: =H10+H9+H8 -> 36474789 | L10: =K10/K7-1 -> 0.32506742 | N10: =AVERAGE(J8:J10) -> 233.92381 | O10: =N10/N7-1 -> 0.11876042
D11: =H11/21 -> 543749.33 | E11: =D11/D10-1 -> 0.05791699 | G11: 2022년07월 | H11: 11418736 | I11: 52508.99 | J11: =H11/I11 -> 217.4625
D12: =H12/22 -> 425899.77 | E12: =D12/D11-1 -> -0.21673509 | G12: 2022년08월 | H12: 9369795 | I12: 38129.91 | J12: =H12/I12 -> 245.73347
A13: =AVERAGE(D11:D13) -> 515721.6 | B13: =A13/A10-1 -> -0.10923512 | D13: =H13/20 -> 577515.7 | E13: =D13/D12-1 -> 0.35598969 | G13: 2022년09월 | H13: 11550314 | I13: 47434.03 | J13: =H13/I13 -> 243.50269 | K13: =H13+H12+H11 -> 32338845 | L13: =K13/K10-1 -> -0.11339186 | N13: =AVERAGE(J11:J13) -> 235.56622 | O13: =N13/N10-1 -> 0.0070211338
D14: =H14/20 -> 510673.05 | E14: =D14/D13-1 -> -0.1157417 | G14: 2022년10월 | H14: 10213461 | I14: 47585.73 | J14: =H14/I14 -> 214.63285
D15: =H15/22 -> 396338.09 | E15: =D15/D14-1 -> -0.22389072 | G15: 2022년11월 | H15: 8719438 | I15: 41011.61 | J15: =H15/I15 -> 212.60901
A16: =AVERAGE(D14:D16) -> 401317.91 | B16: =A16/A13-1 -> -0.22183227 | D16: =H16/22 -> 296942.59 | E16: =D16/D15-1 -> -0.25078463 | G16: 2022년12월 | H16: 6532737 | I16: 29203.94 | J16: =H16/I16 -> 223.69369 | K16: =H16+H15+H14 -> 25465636 | L16: =K16/K13-1 -> -0.21253724 | N16: =AVERAGE(J14:J16) -> 216.97852 | O16: =N16/N13-1 -> -0.078906476
D17: =H17/20 -> 191904.45 | E17: =D17/D16-1 -> -0.35373215 | F17: =D17/D5-1 -> -0.57041283 | G17: 2023년 1월 | H17: 3838089 | I17: 15126.26 | J17: =H17/I17 -> 253.73681
D18: =H18/20 -> 123185.8 | E18: =D18/D17-1 -> -0.35808784 | F18: =D18/D6-1 -> -0.75533445 | G18: 2023년 2월 | H18: 2463716 | I18: 9579.95 | J18: =H18/I18 -> 257.1742
A19: =AVERAGE(D17:D19) -> 160759.46 | B19: =A19/A16-1 -> -0.59942116 | C19: =A19/A7-1 -> -0.65137409 | D19: =H19/22 -> 167188.14 | E19: =D19/D18-1 -> 0.35720299 | F19: =D19/D7-1 -> -0.61403084 | G19: 2023년 3월 | H19: 3678139 | I19: 15322.78 | J19: =H19/I19 -> 240.04384 | K19: =H19+H18+H17 -> 9979944 | L19: =K19/K16-1 -> -0.60810152 | M19: =K19/K7-1 -> -0.63744551 | N19: =AVERAGE(J17:J19) -> 250.31829 | O19: =N19/N16-1 -> 0.15365469
D20: =H20/20 -> 175082.5 | E20: =D20/D19-1 -> 0.047218444 | F20: =D20/D8-1 -> -0.70884409 | G20: 2023년 4월 | H20: 3501650 | I20: 16976.36 | J20: =H20/I20 -> 206.26624
D21: =H21/21 -> 174231.95 | E21: =D21/D20-1 -> -0.0048579819 | F21: =D21/D9-1 -> -0.71969402 | G21: 2023년 5월 | H21: 3658871 | I21: 22252.85 | J21: =H21/I21 -> 164.42258
A22: =AVERAGE(D20:D22) -> 169242.8 | B22: =A22/A19-1 -> 0.05277039 | C22: =A22/A10-1 -> -0.70768038 | D22: =H22/21 -> 158413.95 | E22: =D22/D21-1 -> -0.090787021 | F22: =D22/D10-1 -> -0.69179031 | G22: 2023년 6월 | H22: 3326693 | I22: 21713.22 | J22: =H22/I22 -> 153.21049 | K22: =H22+H21+H20 -> 10487214 | L22: =K22/K19-1 -> 0.050828943 | M22: =K22/K10-1 -> -0.71248048 | N22: =AVERAGE(J20:J22) -> 174.6331 | O22: =N22/N19-1 -> -0.30235579
D23: =H23/21 -> 122800.19 | E23: =D23/D22-1 -> -0.22481455 | F23: =D23/D11-1 -> -0.77416029 | G23: 2023년 7월 | H23: 2578804 | I23: 17215 | J23: =H23/I23 -> 149.79983
D24: =H24/22 -> 147292.45 | E24: =D24/D23-1 -> 0.1994481 | F24: =D24/D12-1 -> -0.6541617 | G24: 2023년 8월 | H24: 3240434 | I24: 19073.25 | J24: =H24/I24 -> 169.89417
A25: =AVERAGE(D23:D25) -> 142976.76 | B25: =A25/A22-1 -> -0.1551974 | C25: =A25/A13-1 -> -0.72276368 | D25: =H25/19 -> 158837.63 | E25: =D25/D24-1 -> 0.078382678 | F25: =D25/D13-1 -> -0.72496396 | G25: 2023년 9월 | H25: 3017915 | I25: 16362.87 | J25: =H25/I25 -> 184.43678 | K25: =H25+H24+H23 -> 8837153 | L25: =K25/K22-1 -> -0.15734026 | M25: =K25/K13-1 -> -0.72673257 | N25: =AVERAGE(J23:J25) -> 168.04359 | O25: =N25/N22-1 -> -0.037733464
D26: =H26/19 -> 277861.26 | E26: =D26/D25-1 -> 0.74934152 | F26: =D26/D14-1 -> -0.45589206 | G26: 2023년 10월 | H26: 5279364 | I26: 20975.92 | J26: =H26/I26 -> 251.68689
D27: =H27/22 -> 193829.14 | E27: =D27/D26-1 -> -0.30242476 | F27: =D27/D15-1 -> -0.51095002 | G27: 2023년 11월 | H27: 4264241 | I27: 24508.28 | J27: =H27/I27 -> 173.99185
A28: =AVERAGE(D26:D28) -> 193006.47 | B28: =A28/A25-1 -> 0.34991497 | C28: =A28/A16-1 -> -0.5190684 | D28: =H28/19 -> 107329 | E28: =D28/D27-1 -> -0.44627004 | F28: =D28/D16-1 -> -0.63855303 | G28: 2023년 12월 | H28: 2039251 | I28: 11369.14 | J28: =H28/I28 -> 179.36722 | K28: =H28+H27+H26 -> 11582856 | L28: =K28/K25-1 -> 0.31069995 | M28: =K28/K16-1 -> -0.5451574 | N28: =AVERAGE(J26:J28) -> 201.68198 | O28: =N28/N25-1 -> 0.20017659
D29: =H29/22 -> 127686.73 | E29: =D29/D28-1 -> 0.18967592 | F29: =D29/D17-1 -> -0.33463384 | G29: 2024년 1월 | H29: 2809108 | I29: 26423.72 | J29: =H29/I29 -> 106.31009
D30: =H30/19 -> 140536.84 | E30: =D30/D29-1 -> 0.10063783 | F30: =D30/D18-1 -> 0.14085262 | G30: 2024년 2월 | H30: 2670200 | I30: 16876.93 | J30: =H30/I30 -> 158.21598
A31: =AVERAGE(D29:D31) -> 125915.77 | B31: =A31/A28-1 -> -0.34760853 | C31: =A31/A19-1 -> -0.21674425 | D31: =H31/20 -> 109523.75 | E31: =D31/D30-1 -> -0.22067589 | F31: =D31/D19-1 -> -0.34490717 | G31: 2024년 3월 | H31: 2190475 | I31: 15121.78 | J31: =H31/I31 -> 144.85563 | K31: =H31+H30+H29 -> 7669783 | L31: =K31/K28-1 -> -0.33783317 | M31: =K31/K19-1 -> -0.23148036 | N31: =AVERAGE(J29:J31) -> 136.46057 | O31: =N31/N28-1 -> -0.32338743
D32: =H32/21 -> 57610.19 | E32: =D32/D31-1 -> -0.47399363 | F32: =D32/D20-1 -> -0.67095403 | G32: 2024년 4월 | H32: 1209814 | I32: 6436.03 | J32: =H32/I32 -> 187.9752
D33: =H33/21 -> 90274.905 | E33: =D33/D32-1 -> 0.56699542 | F33: =D33/D21-1 -> -0.48186941 | G33: 2024년 5월 | H33: 1895773 | I33: 11343.93 | J33: =H33/I33 -> 167.11783
A34: =AVERAGE(D32:D34) -> 96595.049 | B34: =A34/A31-1 -> -0.23285982 | C34: =A34/A22-1 -> -0.42925165 | D34: =H34/19 -> 141900.05 | E34: =D34/D33-1 -> 0.57186599 | F34: =D34/D22-1 -> -0.10424524 | G34: 2024년 6월 | H34: 2696101 | I34: 13289.64 | J34: =H34/I34 -> 202.87239 | K34: =H34+H33+H32 -> 5801688 | L34: =K34/K31-1 -> -0.24356556 | M34: =K34/K22-1 -> -0.44678463 | N34: =AVERAGE(J32:J34) -> 185.98847 | O34: =N34/N31-1 -> 0.36294665
D35: =H35/23 -> 91190.696 | E35: =D35/D34-1 -> -0.35735968 | F35: =D35/D23-1 -> -0.25740591 | G35: 2024년 7월 | H35: 2097386 | I35: 8573.04 | J35: =H35/I35 -> 244.64904
D36: =H36/21 -> 83224.857 | E36: =D36/D35-1 -> -0.087353632 | F36: =D36/D24-1 -> -0.43496863 | G36: 2024년 8월 | H36: 1747722 | I36: 5584.78 | J36: =H36/I36 -> 312.94375
A37: =AVERAGE(D35:D37) -> 118079.2 | B37: =A37/A34-1 -> 0.22241464 | C37: =A37/A25-1 -> -0.17413709 | D37: =H37/18 -> 179822.06 | E37: =D37/D36-1 -> 1.1606773 | F37: =D37/D25-1 -> 0.13211242 | G37: 2024년 9월 | H37: 3236797 | I37: 13048.41 | J37: =H37/I37 -> 248.06064 | K37: =H37+H36+H35 -> 7081905 | L37: =K37/K34-1 -> 0.22066285 | M37: =K37/K25-1 -> -0.19862143 | N37: =AVERAGE(J35:J37) -> 268.55114 | O37: =N37/N34-1 -> 0.44391285
D38: =H38/20 -> 166350.3 | E38: =D38/D37-1 -> -0.074917148 | F38: =D38/D26-1 -> -0.40131885 | G38: 2024년 10월 | H38: 3327006 | I38: 14174.26 | J38: =H38/I38 -> 234.72167
D39: =H39/21 -> 193003.9 | E39: =D39/D38-1 -> 0.16022577 | F39: =D39/D27-1 -> -0.0042575209 | G39: 2024년 11월 | H39: 4053082 | I39: 15601.42 | J39: =H39/I39 -> 259.7893
A40: =AVERAGE(D38:D40) -> 189935.61 | B40: =A40/A37-1 -> 0.60854413 | C40: =A40/A28-1 -> -0.015910651 | D40: =H40/21 -> 210452.62 | E40: =D40/D39-1 -> 0.090406017 | F40: =D40/D28-1 -> 0.96081785 | G40: 2024년 12월 | H40: 4419505 | I40: 14709.72 | J40: =H40/I40 -> 300.44794 | K40: =H40+H39+H38 -> 11799593 | L40: =K40/K37-1 -> 0.66616087 | M40: =K40/K28-1 -> 0.018711879 | N40: =AVERAGE(J38:J40) -> 264.9863 | O40: =N40/N37-1 -> -0.013274352
D41: =H41/18 -> 196142.44 | E41: =D41/D40-1 -> -0.067997132 | F41: =D41/D29-1 -> 0.53612242 | G41: 2025년 1월 | H41: 3530564 | I41: 9252.7 | J41: =H41/I41 -> 381.57122
D42: =H42/20 -> 122074.2 | E42: =D42/D41-1 -> -0.37762476 | F42: =D42/D30-1 -> -0.13137226 | G42: 2025년 2월 | H42: 2441484 | I42: 8271.11 | J42: =H42/I42 -> 295.18215
A43: =AVERAGE(D41:D43) -> 145924.68 | B43: =A43/A40-1 -> -0.23171498 | C43: =A43/A31-1 -> 0.15890708 | D43: =H43/20 -> 119557.4 | E43: =D43/D42-1 -> -0.020616969 | F43: =D43/D31-1 -> 0.091611637 | G43: 2025년 3월 | H43: 2391148 | I43: 9039.91 | J43: =H43/I43 -> 264.51016 | K43: =H43+H42+H41 -> 8363196 | L43: =K43/K40-1 -> -0.29123013 | M43: =K43/K31-1 -> 0.090408425 | N43: =AVERAGE(J41:J43) -> 313.75451 | O43: =N43/N40-1 -> 0.18404047
D44: =H44/22 -> 181652.68 | E44: =D44/D43-1 -> 0.51937631 | F44: =D44/D32-1 -> 2.1531345 | G44: 2025년 4월 | H44: 3996359 | I44: 6952.35 | J44: =H44/I44 -> 574.82132
D45: =H45/20 -> 285887.15 | E45: =D45/D44-1 -> 0.57381189 | F45: =D45/D33-1 -> 2.1668508 | G45: 2025년 5월 | H45: 5717743 | I45: 11396.6 | J45: =H45/I45 -> 501.70604
A46: =AVERAGE(D44:D46) -> 280625.1 | B46: =A46/A43-1 -> 0.92308182 | C46: =A46/A34-1 -> 1.9051706 | D46: =H46/19 -> 374335.47 | E46: =D46/D45-1 -> 0.30938195 | F46: =D46/D34-1 -> 1.6380221 | G46: 2025년 6월 | H46: 7112374 | I46: 10850.78 | J46: =H46/I46 -> 655.47122 | K46: =H46+H45+H44 -> 16826476 | L46: =K46/K43-1 -> 1.0119672 | M46: =K46/K34-1 -> 1.9002725 | N46: =AVERAGE(J44:J46) -> 577.33286 | O46: =N46/N43-1 -> 0.8400783
D47: =H47/19 -> 404959.68 | E47: =D47/D46-1 -> 0.081809534 | F47: =D47/D35-1 -> 3.4408005 | G47: 2025년 7월 | H47: 7694234 | I47: 7851.71 | J47: =H47/I47 -> 979.94373
D48: =H48/20 -> 375718.35 | E48: =D48/D47-1 -> -0.072208013 | F48: =D48/D36-1 -> 3.5144968 | G48: 2025년 8월 | H48: 7514367 | I48: 8954.56 | J48: =H48/I48 -> 839.16653
A49: =AVERAGE(D47:D49) -> 380477.88 | B49: =A49/A46-1 -> 0.35582267 | C49: =A49/A37-1 -> 2.222226 | D49: =H49/22 -> 360755.59 | E49: =D49/D48-1 -> -0.039824403 | F49: =D49/D37-1 -> 1.006181 | G49: 2025년 9월 | H49: 7936623 | I49: 7093.21 | J49: =H49/I49 -> 1118.9043 | K49: =H49+H48+H47 -> 23145224 | L49: =K49/K46-1 -> 0.37552414 | M49: =K49/K37-1 -> 2.2682201 | N49: =AVERAGE(J47:J49) -> 979.33818 | O49: =N49/N46-1 -> 0.69631464
D50: =H50/18 -> 537076.78 | E50: =D50/D49-1 -> 0.48875524 | F50: =D50/D38-1 -> 2.2285892 | G50: 2025년 10월 | H50: 9667382 | I50: 8742.06 | J50: =H50/I50 -> 1105.8471
D51: =H51/20 -> 516022.75 | E51: =D51/D50-1 -> -0.039201151 | F51: =D51/D39-1 -> 1.6736389 | G51: 2025년 11월 | H51: 10320455 | I51: 9637.7 | J51: =H51/I51 -> 1070.8421
A52: =AVERAGE(D50:D52) -> 502152.4 | B52: =A52/A49-1 -> 0.31979396 | C52: =A52/A40-1 -> 1.6438034 | D52: =H52/22 -> 453357.68 | E52: =D52/D51-1 -> -0.12143858 | F52: =D52/D40-1 -> 1.1542031 | G52: 2025년 12월 | H52: 9973869 | I52: 8586.5 | J52: =H52/I52 -> 1161.5756 | K52: =H52+H51+H50 -> 29961706 | L52: =K52/K49-1 -> 0.29450923 | M52: =K52/K40-1 -> 1.5392152 | N52: =AVERAGE(J50:J52) -> 1112.755 | O52: =N52/N49-1 -> 0.13623157
D53: =H53/21 -> 464950.71 | E53: =D53/D52-1 -> 0.025571492 | F53: =D53/D41-1 -> 1.3704748 | G53: 2026년 1월 | H53: 9763965 | I53: 10387.25 | J53: =H53/I53 -> 939.99519
D54: =H54/17 -> 559869.41 | E54: =D54/D53-1 -> 0.20414787 | F54: =D54/D42-1 -> 3.5863042 | G54: 2026년 2월 | H54: 9517780 | I54: 10069.29 | J54: =H54/I54 -> 945.22851
A55: =AVERAGE(D53:D55) -> 493524.11 | B55: =A55/A52-1 -> -0.017182627 | C55: =A55/A43-1 -> 2.3820468 | D55: =H55/21 -> 455752.19 | E55: =D55/D54-1 -> -0.18596698 | F55: =D55/D43-1 -> 2.8119948 | G55: 2026년 3월 | H55: 9570796 | I55: 12672.24 | J55: =H55/I55 -> 755.25684 | K55: =H55+H54+H53 -> 28852541 | L55: =K55/K52-1 -> -0.037019421 | M55: =K55/K43-1 -> 2.449942 | N55: =AVERAGE(J53:J55) -> 880.16018 | O55: =N55/N52-1 -> -0.20902605
D56: =H56/22 -> 505967.55 | E56: =D56/D55-1 -> 0.11018127 | F56: =D56/D44-1 -> 1.7853569 | G56: 2026년 4월 | H56: 11131286 | I56: 22663.27 | J56: =H56/I56 -> 491.15975
D57: =H57/18 -> 550032.78 | E57: =D57/D56-1 -> 0.087091025 | F57: =D57/D45-1 -> 0.92395068 | G57: 2026년 5월 | H57: 9900590 | I57: 11384.88 | J57: =H57/I57 -> 869.62621
A58: =AVERAGE(D56:D58) -> 528000.16 | B58: =A58/A55-1 -> 0.069856884 | C58: =A58/A46-1 -> 0.88151437 | K58: =H58+H57+H56 -> 21031876 | L58: =K58/K55-1 -> -0.27105637 | M58: =K58/K46-1 -> 0.24992755 | N58: =AVERAGE(J56:J58) -> 680.39298 | O58: =N58/N55-1 -> -0.22696687

Sheet 삼성전기
A1: =P1 -> 삼성전기 | P1: 삼성전기
P2: 8532240000 | Q2: 수원
G3: 년월 | H3: 금액(달러) | I3: 중량 | P3: * 잠정치가 아니라 확정치만 볼수 있음
A4: 분기(일평균) | B4: QoQ | D4: 일평균수출 | E4: mom | F4: yoy | J4: 금액(달러)/중량 | L4: QoQ | M4: yoy | N4: 단가 | O4: QoQ
D5: =H5/20 -> 2459064.9 | G5: 2022년01월 | H5: 49181298 | I5: 217167.14 | J5: =H5/I5 -> 226.46749
D6: =H6/18 -> 2523130.2 | E6: =D6/D5-1 -> 0.026052695 | G6: 2022년02월 | H6: 45416343 | I6: 220787.26 | J6: =H6/I6 -> 205.70183
A7: =AVERAGE(D5:D7) -> 2452188.1 | D7: =H7/22 -> 2374369.2 | E7: =D7/D6-1 -> -0.058958902 | G7: 2022년03월 | H7: 52236122 | I7: 274257.42 | J7: =H7/I7 -> 190.46384 | K7: =H7+H6+H5 -> 146833763 | N7: =AVERAGE(J5:J7) -> 207.54439
D8: =H8/21 -> 2279095 | E8: =D8/D7-1 -> -0.040126103 | G8: 2022년04월 | H8: 47860995 | I8: 249753.63 | J8: =H8/I8 -> 191.63283
D9: =H9/21 -> 2424877.2 | E9: =D9/D8-1 -> 0.063964947 | G9: 2022년05월 | H9: 50922421 | I9: 211989.95 | J9: =H9/I9 -> 240.21149
A10: =AVERAGE(D8:D10) -> 2468797.4 | B10: =A10/A7-1 -> 0.0067732756 | D10: =H10/21 -> 2702420.1 | E10: =D10/D9-1 -> 0.11445648 | G10: 2022년06월 | H10: 56750822 | I10: 204164.23 | J10: =H10/I10 -> 277.96653 | K10: =H10+H9+H8 -> 155534238 | L10: =K10/K7-1 -> 0.059253913 | N10: =AVERAGE(J8:J10) -> 236.60361 | O10: =N10/N7-1 -> 0.14001451
D11: =H11/21 -> 2236466 | E11: =D11/D10-1 -> -0.17242104 | G11: 2022년07월 | H11: 46965786 | I11: 192524.39 | J11: =H11/I11 -> 243.9472
D12: =H12/22 -> 1877872 | E12: =D12/D11-1 -> -0.16033955 | G12: 2022년08월 | H12: 41313185 | I12: 158482.6 | J12: =H12/I12 -> 260.67963
A13: =AVERAGE(D11:D13) -> 2108753 | B13: =A13/A10-1 -> -0.14583797 | D13: =H13/20 -> 2211921 | E13: =D13/D12-1 -> 0.17788696 | G13: 2022년09월 | H13: 44238420 | I13: 164192.6 | J13: =H13/I13 -> 269.43005 | K13: =H13+H12+H11 -> 132517391 | L13: =K13/K10-1 -> -0.14798573 | N13: =AVERAGE(J11:J13) -> 258.01896 | O13: =N13/N10-1 -> 0.090511481
D14: =H14/20 -> 2476474.1 | E14: =D14/D13-1 -> 0.11960334 | G14: 2022년10월 | H14: 49529483 | I14: 165620.89 | J14: =H14/I14 -> 299.05336
D15: =H15/22 -> 2013973.3 | E15: =D15/D14-1 -> -0.18675779 | G15: 2022년11월 | H15: 44307413 | I15: 182297.84 | J15: =H15/I15 -> 243.04958
A16: =AVERAGE(D14:D16) -> 2300210.9 | B16: =A16/A13-1 -> 0.090792012 | D16: =H16/22 -> 2410185.4 | E16: =D16/D15-1 -> 0.19673153 | G16: 2022년12월 | H16: 53024078 | I16: 146852.06 | J16: =H16/I16 -> 361.07139 | K16: =H16+H15+H14 -> 146860974 | L16: =K16/K13-1 -> 0.10823925 | N16: =AVERAGE(J14:J16) -> 301.05811 | O16: =N16/N13-1 -> 0.16680616
D17: =H17/20 -> 3162422.3 | E17: =D17/D16-1 -> 0.3121075 | F17: =D17/D5-1 -> 0.28602637 | G17: 2023년 1월 | H17: 63248446 | I17: 164680.12 | J17: =H17/I17 -> 384.0685
D18: =H18/20 -> 2469079.8 | E18: =D18/D17-1 -> -0.21924414 | F18: =D18/D6-1 -> -0.021421969 | G18: 2023년 2월 | H18: 49381595 | I18: 143260.54 | J18: =H18/I18 -> 344.69781
A19: =AVERAGE(D17:D19) -> 2891954.9 | B19: =A19/A16-1 -> 0.2572564 | C19: =A19/A7-1 -> 0.17933651 | D19: =H19/22 -> 3044362.7 | E19: =D19/D18-1 -> 0.2329949 | F19: =D19/D7-1 -> 0.28217749 | G19: 2023년 3월 | H19: 66975980 | I19: 183501.17 | J19: =H19/I19 -> 364.98939 | K19: =H19+H18+H17 -> 179606021 | L19: =K19/K16-1 -> 0.22296629 | M19: =K19/K7-1 -> 0.22319293 | N19: =AVERAGE(J17:J19) -> 364.58523 | O19: =N19/N16-1 -> 0.21101283
D20: =H20/20 -> 2720132.5 | E20: =D20/D19-1 -> -0.10650185 | F20: =D20/D8-1 -> 0.19351429 | G20: 2023년 4월 | H20: 54402649 | I20: 157211.65 | J20: =H20/I20 -> 346.04719
D21: =H21/21 -> 4031316 | E21: =D21/D20-1 -> 0.48202932 | F21: =D21/D9-1 -> 0.66248256 | G21: 2023년 5월 | H21: 84657637 | I21: 207708.05 | J21: =H21/I21 -> 407.57995
A22: =AVERAGE(D20:D22) -> 3255211.8 | B22: =A22/A19-1 -> 0.12560946 | C22: =A22/A10-1 -> 0.31854149 | D22: =H22/21 -> 3014187 | E22: =D22/D21-1 -> -0.25230695 | F22: =D22/D10-1 -> 0.11536582 | G22: 2023년 6월 | H22: 63297927 | I22: 181558.79 | J22: =H22/I22 -> 348.63598 | K22: =H22+H21+H20 -> 202358213 | L22: =K22/K19-1 -> 0.12667834 | M22: =K22/K10-1 -> 0.30105252 | N22: =AVERAGE(J20:J22) -> 367.42104 | O22: =N22/N19-1 -> 0.0077781715
D23: =H23/21 -> 2657012.8 | E23: =D23/D22-1 -> -0.11849769 | F23: =D23/D11-1 -> 0.18804078 | G23: 2023년 7월 | H23: 55797269 | I23: 189934.18 | J23: =H23/I23 -> 293.77161
D24: =H24/22 -> 3262225.4 | E24: =D24/D23-1 -> 0.22777931 | F24: =D24/D12-1 -> 0.73719257 | G24: 2023년 8월 | H24: 71768958 | I24: 188631.05 | J24: =H24/I24 -> 380.47266
A25: =AVERAGE(D23:D25) -> 3053867.8 | B25: =A25/A22-1 -> -0.061852822 | C25: =A25/A13-1 -> 0.44818657 | D25: =H25/19 -> 3242365.2 | E25: =D25/D24-1 -> -0.0060879157 | F25: =D25/D13-1 -> 0.46585941 | G25: 2023년 9월 | H25: 61604939 | I25: 217000.32 | J25: =H25/I25 -> 283.89331 | K25: =H25+H24+H23 -> 189171166 | L25: =K25/K22-1 -> -0.065166848 | M25: =K25/K13-1 -> 0.42751955 | N25: =AVERAGE(J23:J25) -> 319.37919 | O25: =N25/N22-1 -> -0.13075421
D26: =H26/19 -> 3353547.1 | E26: =D26/D25-1 -> 0.034290351 | F26: =D26/D14-1 -> 0.35416195 | G26: 2023년 10월 | H26: 63717394 | I26: 205491.95 | J26: =H26/I26 -> 310.07246
D27: =H27/22 -> 2245791.7 | E27: =D27/D26-1 -> -0.33032348 | F27: =D27/D15-1 -> 0.11510501 | G27: 2023년 11월 | H27: 49407418 | I27: 169684.45 | J27: =H27/I27 -> 291.17234
A28: =AVERAGE(D26:D28) -> 2678702.2 | B28: =A28/A25-1 -> -0.12284934 | C28: =A28/A16-1 -> 0.1645463 | D28: =H28/19 -> 2436767.7 | E28: =D28/D27-1 -> 0.085037252 | F28: =D28/D16-1 -> 0.01102916 | G28: 2023년 12월 | H28: 46298586 | I28: 137647.07 | J28: =H28/I28 -> 336.35722 | K28: =H28+H27+H26 -> 159423398 | L28: =K28/K25-1 -> -0.15725318 | M28: =K28/K16-1 -> 0.085539566 | N28: =AVERAGE(J26:J28) -> 312.53401 | O28: =N28/N25-1 -> -0.02143279
D29: =H29/22 -> 2374522.1 | E29: =D29/D28-1 -> -0.025544309 | F29: =D29/D17-1 -> -0.24914451 | G29: 2024년 1월 | H29: 52239487 | I29: 170013.35 | J29: =H29/I29 -> 307.26697
D30: =H30/19 -> 2415420.8 | E30: =D30/D29-1 -> 0.017223951 | F30: =D30/D18-1 -> -0.021732372 | G30: 2024년 2월 | H30: 45892995 | I30: 201195.83 | J30: =H30/I30 -> 228.10112
A31: =AVERAGE(D29:D31) -> 2447057.9 | B31: =A31/A28-1 -> -0.086476292 | C31: =A31/A19-1 -> -0.15383953 | D31: =H31/20 -> 2551230.9 | E31: =D31/D30-1 -> 0.056226253 | F31: =D31/D19-1 -> -0.16198197 | G31: 2024년 3월 | H31: 51024617 | I31: 200234.14 | J31: =H31/I31 -> 254.82476 | K31: =H31+H30+H29 -> 149157099 | L31: =K31/K28-1 -> -0.064396438 | M31: =K31/K19-1 -> -0.16953174 | N31: =AVERAGE(J29:J31) -> 263.39762 | O31: =N31/N28-1 -> -0.15721933
D32: =H32/21 -> 2560938.1 | E32: =D32/D31-1 -> 0.0038049449 | F32: =D32/D20-1 -> -0.058524469 | G32: 2024년 4월 | H32: 53779701 | I32: 227786.74 | J32: =H32/I32 -> 236.09671
D33: =H33/21 -> 2518365.4 | E33: =D33/D32-1 -> -0.016623874 | F33: =D33/D21-1 -> -0.37529943 | G33: 2024년 5월 | H33: 52885674 | I33: 189607.87 | J33: =H33/I33 -> 278.9213
A34: =AVERAGE(D32:D34) -> 2606763.9 | B34: =A34/A31-1 -> 0.065264482 | C34: =A34/A22-1 -> -0.19920299 | D34: =H34/19 -> 2740988.1 | E34: =D34/D33-1 -> 0.088399672 | F34: =D34/D22-1 -> -0.090637673 | G34: 2024년 6월 | H34: 52078774 | I34: 187306.81 | J34: =H34/I34 -> 278.03994 | K34: =H34+H33+H32 -> 158744149 | L34: =K34/K31-1 -> 0.064274849 | M34: =K34/K22-1 -> -0.215529 | N34: =AVERAGE(J32:J34) -> 264.35265 | O34: =N34/N31-1 -> 0.0036258231
D35: =H35/23 -> 2476979.4 | E35: =D35/D34-1 -> -0.096318811 | F35: =D35/D23-1 -> -0.067757828 | G35: 2024년 7월 | H35: 56970526 | I35: 207073.92 | J35: =H35/I35 -> 275.12169
D36: =H36/21 -> 2785740.7 | E36: =D36/D35-1 -> 0.12465234 | F36: =D36/D24-1 -> -0.14606124 | G36: 2024년 8월 | H36: 58500554 | I36: 173050.52 | J36: =H36/I36 -> 338.05477
A37: =AVERAGE(D35:D37) -> 2872642.2 | B37: =A37/A34-1 -> 0.10199553 | C37: =A37/A25-1 -> -0.059342984 | D37: =H37/18 -> 3355206.4 | E37: =D37/D36-1 -> 0.20442168 | F37: =D37/D25-1 -> 0.034802136 | G37: 2024년 9월 | H37: 60393716 | I37: 192006.44 | J37: =H37/I37 -> 314.54005 | K37: =H37+H36+H35 -> 175864796 | L37: =K37/K34-1 -> 0.10785057 | M37: =K37/K25-1 -> -0.070340371 | N37: =AVERAGE(J35:J37) -> 309.23884 | O37: =N37/N34-1 -> 0.16979661
D38: =H38/20 -> 2819606.9 | E38: =D38/D37-1 -> -0.15963238 | F38: =D38/D26-1 -> -0.15921655 | G38: 2024년 10월 | H38: 56392137 | I38: 177855.58 | J38: =H38/I38 -> 317.06701
D39: =H39/21 -> 2655256.9 | E39: =D39/D38-1 -> -0.058288249 | F39: =D39/D27-1 -> 0.18232553 | G39: 2024년 11월 | H39: 55760395 | I39: 156815.95 | J39: =H39/I39 -> 355.57859
A40: =AVERAGE(D38:D40) -> 2567558.8 | B40: =A40/A37-1 -> -0.10620306 | C40: =A40/A28-1 -> -0.041491497 | D40: =H40/21 -> 2227812.6 | E40: =D40/D39-1 -> -0.16098039 | F40: =D40/D28-1 -> -0.085750918 | G40: 2024년 12월 | H40: 46784065 | I40: 149064.07 | J40: =H40/I40 -> 313.85206 | K40: =H40+H39+H38 -> 158936597 | L40: =K40/K37-1 -> -0.096256894 | M40: =K40/K28-1 -> -0.0030535104 | N40: =AVERAGE(J38:J40) -> 328.83255 | O40: =N40/N37-1 -> 0.063361112
D41: =H41/18 -> 2933956.1 | E41: =D41/D40-1 -> 0.31696718 | F41: =D41/D29-1 -> 0.23559855 | G41: 2025년 1월 | H41: 52811210 | I41: 168203.81 | J41: =H41/I41 -> 313.97154
D42: =H42/20 -> 2400619.4 | E42: =D42/D41-1 -> -0.18178074 | F42: =D42/D30-1 -> -0.006127872 | G42: 2025년 2월 | H42: 48012388 | I42: 165903.07 | J42: =H42/I42 -> 289.40024
A43: =AVERAGE(D41:D43) -> 2629481.3 | B43: =A43/A40-1 -> 0.024117259 | C43: =A43/A31-1 -> 0.074548029 | D43: =H43/20 -> 2553868.3 | E43: =D43/D42-1 -> 0.063837233 | F43: =D43/D31-1 -> 0.0010337951 | G43: 2025년 3월 | H43: 51077366 | I43: 175655.34 | J43: =H43/I43 -> 290.78174 | K43: =H43+H42+H41 -> 151900964 | L43: =K43/K40-1 -> -0.044266916 | M43: =K43/K31-1 -> 0.018395806 | N43: =AVERAGE(J41:J43) -> 298.05118 | O43: =N43/N40-1 -> -0.093608063
D44: =H44/22 -> 2271436.4 | E44: =D44/D43-1 -> -0.11058986 | F44: =D44/D32-1 -> -0.11304521 | G44: 2025년 4월 | H44: 49971600 | I44: 165768.07 | J44: =H44/I44 -> 301.45492
D45: =H45/20 -> 2739016 | E45: =D45/D44-1 -> 0.20585194 | F45: =D45/D33-1 -> 0.087616562 | G45: 2025년 5월 | H45: 54780319 | I45: 176178.92 | J45: =H45/I45 -> 310.93572
A46: =AVERAGE(D44:D46) -> 2643872.8 | B46: =A46/A43-1 -> 0.0054731397 | C46: =A46/A34-1 -> 0.014235619 | D46: =H46/19 -> 2921166.1 | E46: =D46/D45-1 -> 0.066502023 | F46: =D46/D34-1 -> 0.06573467 | G46: 2025년 6월 | H46: 55502155 | I46: 163122.42 | J46: =H46/I46 -> 340.24848 | K46: =H46+H45+H44 -> 160254074 | L46: =K46/K43-1 -> 0.0549905 | M46: =K46/K34-1 -> 0.0095116892 | N46: =AVERAGE(J44:J46) -> 317.54637 | O46: =N46/N43-1 -> 0.065408888
D47: =H47/19 -> 2995696.2 | E47: =D47/D46-1 -> 0.025513838 | F47: =D47/D35-1 -> 0.20941507 | G47: 2025년 7월 | H47: 56918228 | I47: 160432.97 | J47: =H47/I47 -> 354.77887
D48: =H48/20 -> 3028743.5 | E48: =D48/D47-1 -> 0.011031606 | F48: =D48/D36-1 -> 0.087230978 | G48: 2025년 8월 | H48: 60574871 | I48: 168664.04 | J48: =H48/I48 -> 359.14514
A49: =AVERAGE(D47:D49) -> 2944735.4 | B49: =A49/A46-1 -> 0.11379616 | C49: =A49/A37-1 -> 0.025096475 | D49: =H49/22 -> 2809766.3 | E49: =D49/D48-1 -> -0.072299694 | F49: =D49/D37-1 -> -0.1625653 | G49: 2025년 9월 | H49: 61814859 | I49: 174813.21 | J49: =H49/I49 -> 353.60519 | K49: =H49+H48+H47 -> 179307958 | L49: =K49/K46-1 -> 0.11889797 | M49: =K49/K37-1 -> 0.019578461 | N49: =AVERAGE(J47:J49) -> 355.84307 | O49: =N49/N46-1 -> 0.12060191
D50: =H50/18 -> 3485912.4 | E50: =D50/D49-1 -> 0.24064141 | F50: =D50/D38-1 -> 0.23631152 | G50: 2025년 10월 | H50: 62746424 | I50: 164944.1 | J50: =H50/I50 -> 380.41024
D51: =H51/20 -> 3041185 | E51: =D51/D50-1 -> -0.1275785 | F51: =D51/D39-1 -> 0.1453449 | G51: 2025년 11월 | H51: 60823699 | I51: 157980.82 | J51: =H51/I51 -> 385.00686
A52: =AVERAGE(D50:D52) -> 3026064.6 | B52: =A52/A49-1 -> 0.027618533 | C52: =A52/A40-1 -> 0.17857657 | D52: =H52/22 -> 2551096.5 | E52: =D52/D51-1 -> -0.16115049 | F52: =D52/D40-1 -> 0.14511269 | G52: 2025년 12월 | H52: 56124123 | I52: 151861.17 | J52: =H52/I52 -> 369.5752 | K52: =H52+H51+H50 -> 179694246 | L52: =K52/K49-1 -> 0.0021543271 | M52: =K52/K40-1 -> 0.13060333 | N52: =AVERAGE(J50:J52) -> 378.33077 | O52: =N52/N49-1 -> 0.063195543
D53: =H53/21 -> 2758139 | E53: =D53/D52-1 -> 0.081158221 | F53: =D53/D41-1 -> -0.059924945 | G53: 2026년 1월 | H53: 57920918 | I53: 182158.57 | J53: =H53/I53 -> 317.96977
D54: =H54/17 -> 3064570.9 | E54: =D54/D53-1 -> 0.111101 | F54: =D54/D42-1 -> 0.2765751 | G54: 2026년 2월 | H54: 52097706 | I54: 145415.29 | J54: =H54/I54 -> 358.26842
A55: =AVERAGE(D53:D55) -> 2874443.8 | B55: =A55/A52-1 -> -0.050104948 | C55: =A55/A43-1 -> 0.093160029 | D55: =H55/21 -> 2800621.6 | E55: =D55/D54-1 -> -0.086129306 | F55: =D55/D43-1 -> 0.096619419 | G55: 2026년 3월 | H55: 58813053 | I55: 193704.44 | J55: =H55/I55 -> 303.62264 | K55: =H55+H54+H53 -> 168831677 | L55: =K55/K52-1 -> -0.060450288 | M55: =K55/K43-1 -> 0.11145889 | N55: =AVERAGE(J53:J55) -> 326.62027 | O55: =N55/N52-1 -> -0.13668064
D56: =H56/22 -> 2458044 | E56: =D56/D55-1 -> -0.12232199 | F56: =D56/D44-1 -> 0.082154003 | G56: 2026년 4월 | H56: 54076967 | I56: 164523.12 | J56: =H56/I56 -> 328.68917
D57: =H57/18 -> 3395917.8 | E57: =D57/D56-1 -> 0.38155291 | F57: =D57/D45-1 -> 0.23983133 | G57: 2026년 5월 | H57: 61126520 | I57: 177072.59 | J57: =H57/I57 -> 345.206
A58: =AVERAGE(D56:D58) -> 2926980.9 | B58: =A58/A55-1 -> 0.01827729 | C58: =A58/A46-1 -> 0.10708082 | K58: =H58+H57+H56 -> 115203487 | L58: =K58/K55-1 -> -0.31764294 | M58: =K58/K46-1 -> -0.28111976 | N58: =AVERAGE(J56:J58) -> 336.94758 | O58: =N58/N55-1 -> 0.031618695

Sheet 삼성전자(디램 합)
A1: =P1 -> 삼성전자 | P1: 삼성전자
P2: 8542.32-1010 + 용인, 평택, 화성
G3: 년월 | H3: 금액(달러) | I3: 중량 | P3: 디램
A4: 분기(일평균) | B4: QoQ | D4: 일평균수출 | E4: mom | F4: yoy | J4: 금액(달러)/중량 | L4: QoQ | M4: yoy | N4: 단가 | O4: QoQ
D5: =H5/20 -> 66401097 | G5: 2022년01월 | H5: ='삼성전자(용인)'!H5+'삼성전자(평택)'!H5+'삼성전자(화성)'!H5 -> 1328021942 | I5: ='삼성전자(용인)'!I5+'삼성전자(평택)'!I5+'삼성전자(화성)'!I5 -> 33529.42 | J5: =H5/I5 -> 39607.662
D6: =H6/18 -> 71673540 | E6: =D6/D5-1 -> 0.079402948 | G6: 2022년02월 | H6: ='삼성전자(용인)'!H6+'삼성전자(평택)'!H6+'삼성전자(화성)'!H6 -> 1290123719 | I6: ='삼성전자(용인)'!I6+'삼성전자(평택)'!I6+'삼성전자(화성)'!I6 -> 28772.84 | J6: =H6/I6 -> 44838.247
A7: =AVERAGE(D5:D7) -> 69419113 | D7: =H7/22 -> 70182703 | E7: =D7/D6-1 -> -0.020800379 | G7: 2022년03월 | H7: ='삼성전자(용인)'!H7+'삼성전자(평택)'!H7+'삼성전자(화성)'!H7 -> 1544019469 | I7: ='삼성전자(용인)'!I7+'삼성전자(평택)'!I7+'삼성전자(화성)'!I7 -> 34601.59 | J7: =H7/I7 -> 44622.79 | K7: =H7+H6+H5 -> 4162165130 | N7: =AVERAGE(J5:J7) -> 43022.9
D8: =H8/21 -> 67367693 | E8: =D8/D7-1 -> -0.040109741 | G8: 2022년04월 | H8: ='삼성전자(용인)'!H8+'삼성전자(평택)'!H8+'삼성전자(화성)'!H8 -> 1414721555 | I8: ='삼성전자(용인)'!I8+'삼성전자(평택)'!I8+'삼성전자(화성)'!I8 -> 31735.75 | J8: =H8/I8 -> 44578.167
D9: =H9/21 -> 76153316 | E9: =D9/D8-1 -> 0.130413 | G9: 2022년05월 | H9: ='삼성전자(용인)'!H9+'삼성전자(평택)'!H9+'삼성전자(화성)'!H9 -> 1599219635 | I9: ='삼성전자(용인)'!I9+'삼성전자(평택)'!I9+'삼성전자(화성)'!I9 -> 34648.05 | J9: =H9/I9 -> 46156.122
A10: =AVERAGE(D8:D10) -> 71842459 | B10: =A10/A7-1 -> 0.034908908 | D10: =H10/21 -> 72006367 | E10: =D10/D9-1 -> -0.054455258 | G10: 2022년06월 | H10: ='삼성전자(용인)'!H10+'삼성전자(평택)'!H10+'삼성전자(화성)'!H10 -> 1512133717 | I10: ='삼성전자(용인)'!I10+'삼성전자(평택)'!I10+'삼성전자(화성)'!I10 -> 36215.57 | J10: =H10/I10 -> 41753.691 | K10: =H10+H9+H8 -> 4526074907 | L10: =K10/K7-1 -> 0.087432806 | N10: =AVERAGE(J8:J10) -> 44162.66 | O10: =N10/N7-1 -> 0.026491945
D11: =H11/21 -> 71358334 | E11: =D11/D10-1 -> -0.008999675 | G11: 2022년07월 | H11: ='삼성전자(용인)'!H11+'삼성전자(평택)'!H11+'삼성전자(화성)'!H11 -> 1498525005 | I11: ='삼성전자(용인)'!I11+'삼성전자(평택)'!I11+'삼성전자(화성)'!I11 -> 38095.66 | J11: =H11/I11 -> 39335.846
D12: =H12/22 -> 50584582 | E12: =D12/D11-1 -> -0.29111879 | G12: 2022년08월 | H12: ='삼성전자(용인)'!H12+'삼성전자(평택)'!H12+'삼성전자(화성)'!H12 -> 1112860803 | I12: ='삼성전자(용인)'!I12+'삼성전자(평택)'!I12+'삼성전자(화성)'!I12 -> 28350.82 | J12: =H12/I12 -> 39253.214
A13: =AVERAGE(D11:D13) -> 57498781 | B13: =A13/A10-1 -> -0.1996546 | D13: =H13/20 -> 50553428 | E13: =D13/D12-1 -> -0.00061587451 | G13: 2022년09월 | H13: ='삼성전자(용인)'!H13+'삼성전자(평택)'!H13+'삼성전자(화성)'!H13 -> 1011068564 | I13: ='삼성전자(용인)'!I13+'삼성전자(평택)'!I13+'삼성전자(화성)'!I13 -> 29277.84 | J13: =H13/I13 -> 34533.578 | K13: =H13+H12+H11 -> 3622454372 | L13: =K13/K10-1 -> -0.19964772 | N13: =AVERAGE(J11:J13) -> 37707.546 | O13: =N13/N10-1 -> -0.14616679
D14: =H14/20 -> 35747858 | E14: =D14/D13-1 -> -0.29286976 | G14: 2022년10월 | H14: ='삼성전자(용인)'!H14+'삼성전자(평택)'!H14+'삼성전자(화성)'!H14 -> 714957159 | I14: ='삼성전자(용인)'!I14+'삼성전자(평택)'!I14+'삼성전자(화성)'!I14 -> 25131.95 | J14: =H14/I14 -> 28448.137
D15: =H15/22 -> 30822645 | E15: =D15/D14-1 -> -0.13777646 | G15: 2022년11월 | H15: ='삼성전자(용인)'!H15+'삼성전자(평택)'!H15+'삼성전자(화성)'!H15 -> 678098182 | I15: ='삼성전자(용인)'!I15+'삼성전자(평택)'!I15+'삼성전자(화성)'!I15 -> 25916.78 | J15: =H15/I15 -> 26164.446
A16: =AVERAGE(D14:D16) -> 32599070 | B16: =A16/A13-1 -> -0.43304763 | D16: =H16/22 -> 31226708 | E16: =D16/D15-1 -> 0.013109293 | G16: 2022년12월 | H16: ='삼성전자(용인)'!H16+'삼성전자(평택)'!H16+'삼성전자(화성)'!H16 -> 686987570 | I16: ='삼성전자(용인)'!I16+'삼성전자(평택)'!I16+'삼성전자(화성)'!I16 -> 32275.78 | J16: =H16/I16 -> 21284.925 | K16: =H16+H15+H14 -> 2080042911 | L16: =K16/K13-1 -> -0.42579183 | N16: =AVERAGE(J14:J16) -> 25299.169 | O16: =N16/N13-1 -> -0.32906879
D17: =H17/20 -> 15603306 | E17: =D17/D16-1 -> -0.50032177 | F17: =D17/D5-1 -> -0.76501434 | G17: 2023년 1월 | H17: ='삼성전자(용인)'!H17+'삼성전자(평택)'!H17+'삼성전자(화성)'!H17 -> 312066119 | I17: ='삼성전자(용인)'!I17+'삼성전자(평택)'!I17+'삼성전자(화성)'!I17 -> 17881.15 | J17: =H17/I17 -> 17452.24
D18: =H18/20 -> 22228624 | E18: =D18/D17-1 -> 0.42460988 | F18: =D18/D6-1 -> -0.6898629 | G18: 2023년 2월 | H18: ='삼성전자(용인)'!H18+'삼성전자(평택)'!H18+'삼성전자(화성)'!H18 -> 444572476 | I18: ='삼성전자(용인)'!I18+'삼성전자(평택)'!I18+'삼성전자(화성)'!I18 -> 24860.1 | J18: =H18/I18 -> 17882.972
A19: =AVERAGE(D17:D19) -> 20077208 | B19: =A19/A16-1 -> -0.38411716 | C19: =A19/A7-1 -> -0.71078271 | D19: =H19/22 -> 22399694 | E19: =D19/D18-1 -> 0.0076959563 | F19: =D19/D7-1 -> -0.6808374 | G19: 2023년 3월 | H19: ='삼성전자(용인)'!H19+'삼성전자(평택)'!H19+'삼성전자(화성)'!H19 -> 492793275 | I19: ='삼성전자(용인)'!I19+'삼성전자(평택)'!I19+'삼성전자(화성)'!I19 -> 28916.79 | J19: =H19/I19 -> 17041.77 | K19: =H19+H18+H17 -> 1249431870 | L19: =K19/K16-1 -> -0.39932399 | M19: =K19/K7-1 -> -0.69981204 | N19: =AVERAGE(J17:J19) -> 17458.994 | O19: =N19/N16-1 -> -0.30989853
D20: =H20/20 -> 20586357 | E20: =D20/D19-1 -> -0.080953668 | F20: =D20/D8-1 -> -0.69441796 | G20: 2023년 4월 | H20: ='삼성전자(용인)'!H20+'삼성전자(평택)'!H20+'삼성전자(화성)'!H20 -> 411727138 | I20: ='삼성전자(용인)'!I20+'삼성전자(평택)'!I20+'삼성전자(화성)'!I20 -> 26624.13 | J20: =H20/I20 -> 15464.435
D21: =H21/21 -> 22872786 | E21: =D21/D20-1 -> 0.11106524 | F21: =D21/D9-1 -> -0.6996482 | G21: 2023년 5월 | H21: ='삼성전자(용인)'!H21+'삼성전자(평택)'!H21+'삼성전자(화성)'!H21 -> 480328498 | I21: ='삼성전자(용인)'!I21+'삼성전자(평택)'!I21+'삼성전자(화성)'!I21 -> 34334.87 | J21: =H21/I21 -> 13989.524
A22: =AVERAGE(D20:D22) -> 20538784 | B22: =A22/A19-1 -> 0.022990046 | C22: =A22/A10-1 -> -0.71411357 | D22: =H22/21 -> 18157209 | E22: =D22/D21-1 -> -0.20616537 | F22: =D22/D10-1 -> -0.74783884 | G22: 2023년 6월 | H22: ='삼성전자(용인)'!H22+'삼성전자(평택)'!H22+'삼성전자(화성)'!H22 -> 381301397 | I22: ='삼성전자(용인)'!I22+'삼성전자(평택)'!I22+'삼성전자(화성)'!I22 -> 27440.45 | J22: =H22/I22 -> 13895.596 | K22: =H22+H21+H20 -> 1273357033 | L22: =K22/K19-1 -> 0.019148834 | M22: =K22/K10-1 -> -0.71866196 | N22: =AVERAGE(J20:J22) -> 14449.852 | O22: =N22/N19-1 -> -0.17235484
D23: =H23/21 -> 25870764 | E23: =D23/D22-1 -> 0.42482049 | F23: =D23/D11-1 -> -0.6374528 | G23: 2023년 7월 | H23: ='삼성전자(용인)'!H23+'삼성전자(평택)'!H23+'삼성전자(화성)'!H23 -> 543286042 | I23: ='삼성전자(용인)'!I23+'삼성전자(평택)'!I23+'삼성전자(화성)'!I23 -> 30483.23 | J23: =H23/I23 -> 17822.457
D24: =H24/22 -> 25265760 | E24: =D24/D23-1 -> -0.023385641 | F24: =D24/D12-1 -> -0.5005245 | G24: 2023년 8월 | H24: ='삼성전자(용인)'!H24+'삼성전자(평택)'!H24+'삼성전자(화성)'!H24 -> 555846709 | I24: ='삼성전자(용인)'!I24+'삼성전자(평택)'!I24+'삼성전자(화성)'!I24 -> 29216.2 | J24: =H24/I24 -> 19025.291
A25: =AVERAGE(D23:D25) -> 24489727 | B25: =A25/A22-1 -> 0.19236501 | C25: =A25/A13-1 -> -0.57408267 | D25: =H25/19 -> 22332659 | E25: =D25/D24-1 -> -0.11608995 | F25: =D25/D13-1 -> -0.55823651 | G25: 2023년 9월 | H25: ='삼성전자(용인)'!H25+'삼성전자(평택)'!H25+'삼성전자(화성)'!H25 -> 424320518 | I25: ='삼성전자(용인)'!I25+'삼성전자(평택)'!I25+'삼성전자(화성)'!I25 -> 31236.27 | J25: =H25/I25 -> 13584.225 | K25: =H25+H24+H23 -> 1523453269 | L25: =K25/K22-1 -> 0.196407 | M25: =K25/K13-1 -> -0.5794417 | N25: =AVERAGE(J23:J25) -> 16810.658 | O25: =N25/N22-1 -> 0.16337924
D26: =H26/19 -> 25477745 | E26: =D26/D25-1 -> 0.14082902 | F26: =D26/D14-1 -> -0.28729309 | G26: 2023년 10월 | H26: ='삼성전자(용인)'!H26+'삼성전자(평택)'!H26+'삼성전자(화성)'!H26 -> 484077161 | I26: ='삼성전자(용인)'!I26+'삼성전자(평택)'!I26+'삼성전자(화성)'!I26 -> 32694.92 | J26: =H26/I26 -> 14805.883
D27: =H27/22 -> 24875784 | E27: =D27/D26-1 -> -0.023626962 | F27: =D27/D15-1 -> -0.19293805 | G27: 2023년 11월 | H27: ='삼성전자(용인)'!H27+'삼성전자(평택)'!H27+'삼성전자(화성)'!H27 -> 547267239 | I27: ='삼성전자(용인)'!I27+'삼성전자(평택)'!I27+'삼성전자(화성)'!I27 -> 31581.68 | J27: =H27/I27 -> 17328.63
A28: =AVERAGE(D26:D28) -> 26431855 | B28: =A28/A25-1 -> 0.079303761 | C28: =A28/A16-1 -> -0.18918378 | D28: =H28/19 -> 28942036 | E28: =D28/D27-1 -> 0.16346228 | F28: =D28/D16-1 -> -0.073164033 | G28: 2023년 12월 | H28: ='삼성전자(용인)'!H28+'삼성전자(평택)'!H28+'삼성전자(화성)'!H28 -> 549898681 | I28: ='삼성전자(용인)'!I28+'삼성전자(평택)'!I28+'삼성전자(화성)'!I28 -> 28767.91 | J28: =H28/I28 -> 19115.003 | K28: =H28+H27+H26 -> 1581243081 | L28: =K28/K25-1 -> 0.037933433 | M28: =K28/K16-1 -> -0.23980266 | N28: =AVERAGE(J26:J28) -> 17083.172 | O28: =N28/N25-1 -> 0.016210808
D29: =H29/22 -> 31182005 | E29: =D29/D28-1 -> 0.07739501 | F29: =D29/D17-1 -> 0.99842297 | G29: 2024년 1월 | H29: ='삼성전자(용인)'!H29+'삼성전자(평택)'!H29+'삼성전자(화성)'!H29 -> 686004110 | I29: ='삼성전자(용인)'!I29+'삼성전자(평택)'!I29+'삼성전자(화성)'!I29 -> 32454.71 | J29: =H29/I29 -> 21137.274
D30: =H30/19 -> 44483821 | E30: =D30/D29-1 -> 0.4265863 | F30: =D30/D18-1 -> 1.0011955 | G30: 2024년 2월 | H30: ='삼성전자(용인)'!H30+'삼성전자(평택)'!H30+'삼성전자(화성)'!H30 -> 845192600 | I30: ='삼성전자(용인)'!I30+'삼성전자(평택)'!I30+'삼성전자(화성)'!I30 -> 34074.31 | J30: =H30/I30 -> 24804.394
A31: =AVERAGE(D29:D31) -> 39850080 | B31: =A31/A28-1 -> 0.50765357 | C31: =A31/A19-1 -> 0.98484173 | D31: =H31/20 -> 43884415 | E31: =D31/D30-1 -> -0.013474695 | F31: =D31/D19-1 -> 0.95915241 | G31: 2024년 3월 | H31: ='삼성전자(용인)'!H31+'삼성전자(평택)'!H31+'삼성전자(화성)'!H31 -> 877688303 | I31: ='삼성전자(용인)'!I31+'삼성전자(평택)'!I31+'삼성전자(화성)'!I31 -> 31673.61 | J31: =H31/I31 -> 27710.397 | K31: =H31+H30+H29 -> 2408885013 | L31: =K31/K28-1 -> 0.52341221 | M31: =K31/K19-1 -> 0.92798429 | N31: =AVERAGE(J29:J31) -> 24550.688 | O31: =N31/N28-1 -> 0.43712705
D32: =H32/21 -> 40981579 | E32: =D32/D31-1 -> -0.066147322 | F32: =D32/D20-1 -> 0.99071544 | G32: 2024년 4월 | H32: ='삼성전자(용인)'!H32+'삼성전자(평택)'!H32+'삼성전자(화성)'!H32 -> 860613151 | I32: ='삼성전자(용인)'!I32+'삼성전자(평택)'!I32+'삼성전자(화성)'!I32 -> 27341.38 | J32: =H32/I32 -> 31476.581
D33: =H33/21 -> 49506930 | E33: =D33/D32-1 -> 0.20802886 | F33: =D33/D21-1 -> 1.1644469 | G33: 2024년 5월 | H33: ='삼성전자(용인)'!H33+'삼성전자(평택)'!H33+'삼성전자(화성)'!H33 -> 1039645528 | I33: ='삼성전자(용인)'!I33+'삼성전자(평택)'!I33+'삼성전자(화성)'!I33 -> 34595.13 | J33: =H33/I33 -> 30051.788
A34: =AVERAGE(D32:D34) -> 46865225 | B34: =A34/A31-1 -> 0.17603839 | C34: =A34/A22-1 -> 1.2817916 | D34: =H34/19 -> 50107165 | E34: =D34/D33-1 -> 0.012124267 | F34: =D34/D22-1 -> 1.7596292 | G34: 2024년 6월 | H34: ='삼성전자(용인)'!H34+'삼성전자(평택)'!H34+'삼성전자(화성)'!H34 -> 952036138 | I34: ='삼성전자(용인)'!I34+'삼성전자(평택)'!I34+'삼성전자(화성)'!I34 -> 29495.08 | J34: =H34/I34 -> 32277.795 | K34: =H34+H33+H32 -> 2852294817 | L34: =K34/K31-1 -> 0.18407263 | M34: =K34/K22-1 -> 1.2399804 | N34: =AVERAGE(J32:J34) -> 31268.721 | O34: =N34/N31-1 -> 0.27363929
D35: =H35/23 -> 48782279 | E35: =D35/D34-1 -> -0.026441051 | F35: =D35/D23-1 -> 0.88561417 | G35: 2024년 7월 | H35: ='삼성전자(용인)'!H35+'삼성전자(평택)'!H35+'삼성전자(화성)'!H35 -> 1121992418 | I35: ='삼성전자(용인)'!I35+'삼성전자(평택)'!I35+'삼성전자(화성)'!I35 -> 29548.61 | J35: =H35/I35 -> 37971.073
D36: =H36/21 -> 50128666 | E36: =D36/D35-1 -> 0.027599928 | F36: =D36/D24-1 -> 0.98405539 | G36: 2024년 8월 | H36: ='삼성전자(용인)'!H36+'삼성전자(평택)'!H36+'삼성전자(화성)'!H36 -> 1052701995 | I36: ='삼성전자(용인)'!I36+'삼성전자(평택)'!I36+'삼성전자(화성)'!I36 -> 27000.91 | J36: =H36/I36 -> 38987.649
A37: =AVERAGE(D35:D37) -> 50521121 | B37: =A37/A34-1 -> 0.078008719 | C37: =A37/A25-1 -> 1.0629515 | D37: =H37/18 -> 52652417 | E37: =D37/D36-1 -> 0.050345449 | F37: =D37/D25-1 -> 1.3576421 | G37: 2024년 9월 | H37: ='삼성전자(용인)'!H37+'삼성전자(평택)'!H37+'삼성전자(화성)'!H37 -> 947743500 | I37: ='삼성전자(용인)'!I37+'삼성전자(평택)'!I37+'삼성전자(화성)'!I37 -> 24308.28 | J37: =H37/I37 -> 38988.505 | K37: =H37+H36+H35 -> 3122437913 | L37: =K37/K34-1 -> 0.09471079 | M37: =K37/K25-1 -> 1.0495791 | N37: =AVERAGE(J35:J37) -> 38649.076 | O37: =N37/N34-1 -> 0.23602994
D38: =H38/20 -> 59035917 | E38: =D38/D37-1 -> 0.1212385 | F38: =D38/D26-1 -> 1.3171563 | G38: 2024년 10월 | H38: ='삼성전자(용인)'!H38+'삼성전자(평택)'!H38+'삼성전자(화성)'!H38 -> 1180718336 | I38: ='삼성전자(용인)'!I38+'삼성전자(평택)'!I38+'삼성전자(화성)'!I38 -> 28575.28 | J38: =H38/I38 -> 41319.572
D39: =H39/21 -> 48528245 | E39: =D39/D38-1 -> -0.17798778 | F39: =D39/D27-1 -> 0.95082278 | G39: 2024년 11월 | H39: ='삼성전자(용인)'!H39+'삼성전자(평택)'!H39+'삼성전자(화성)'!H39 -> 1019093151 | I39: ='삼성전자(용인)'!I39+'삼성전자(평택)'!I39+'삼성전자(화성)'!I39 -> 24286.36 | J39: =H39/I39 -> 41961.543
A40: =AVERAGE(D38:D40) -> 53072685 | B40: =A40/A37-1 -> 0.050504896 | C40: =A40/A28-1 -> 1.0079062 | D40: =H40/21 -> 51653892 | E40: =D40/D39-1 -> 0.064408811 | F40: =D40/D28-1 -> 0.78473595 | G40: 2024년 12월 | H40: ='삼성전자(용인)'!H40+'삼성전자(평택)'!H40+'삼성전자(화성)'!H40 -> 1084731729 | I40: ='삼성전자(용인)'!I40+'삼성전자(평택)'!I40+'삼성전자(화성)'!I40 -> 25762.73 | J40: =H40/I40 -> 42104.689 | K40: =H40+H39+H38 -> 3284543216 | L40: =K40/K37-1 -> 0.051916261 | M40: =K40/K28-1 -> 1.0771906 | N40: =AVERAGE(J38:J40) -> 41795.268 | O40: =N40/N37-1 -> 0.081404082
D41: =H41/18 -> 55666535 | E41: =D41/D40-1 -> 0.077683263 | F41: =D41/D29-1 -> 0.78521345 | G41: 2025년 1월 | H41: ='삼성전자(용인)'!H41+'삼성전자(평택)'!H41+'삼성전자(화성)'!H41 -> 1001997625 | I41: ='삼성전자(용인)'!I41+'삼성전자(평택)'!I41+'삼성전자(화성)'!I41 -> 24811.71 | J41: =H41/I41 -> 40384.062
D42: =H42/20 -> 48482615 | E42: =D42/D41-1 -> -0.12905276 | F42: =D42/D30-1 -> 0.089893214 | G42: 2025년 2월 | H42: ='삼성전자(용인)'!H42+'삼성전자(평택)'!H42+'삼성전자(화성)'!H42 -> 969652294 | I42: ='삼성전자(용인)'!I42+'삼성전자(평택)'!I42+'삼성전자(화성)'!I42 -> 23953.5 | J42: =H42/I42 -> 40480.61
A43: =AVERAGE(D41:D43) -> 54294597 | B43: =A43/A40-1 -> 0.023023375 | C43: =A43/A31-1 -> 0.36247145 | D43: =H43/20 -> 58734641 | E43: =D43/D42-1 -> 0.21145779 | F43: =D43/D31-1 -> 0.33839408 | G43: 2025년 3월 | H43: ='삼성전자(용인)'!H43+'삼성전자(평택)'!H43+'삼성전자(화성)'!H43 -> 1174692829 | I43: ='삼성전자(용인)'!I43+'삼성전자(평택)'!I43+'삼성전자(화성)'!I43 -> 29191.03 | J43: =H43/I43 -> 40241.568 | K43: =H43+H42+H41 -> 3146342748 | L43: =K43/K40-1 -> -0.042076008 | M43: =K43/K31-1 -> 0.3061407 | N43: =AVERAGE(J41:J43) -> 40368.747 | O43: =N43/N40-1 -> -0.034131169
D44: =H44/22 -> 63623341 | E44: =D44/D43-1 -> 0.083233663 | F44: =D44/D32-1 -> 0.55248634 | G44: 2025년 4월 | H44: ='삼성전자(용인)'!H44+'삼성전자(평택)'!H44+'삼성전자(화성)'!H44 -> 1399713498 | I44: ='삼성전자(용인)'!I44+'삼성전자(평택)'!I44+'삼성전자(화성)'!I44 -> 34049.39 | J44: =H44/I44 -> 41108.328
D45: =H45/20 -> 68579924 | E45: =D45/D44-1 -> 0.077905113 | F45: =D45/D33-1 -> 0.38525908 | G45: 2025년 5월 | H45: ='삼성전자(용인)'!H45+'삼성전자(평택)'!H45+'삼성전자(화성)'!H45 -> 1371598487 | I45: ='삼성전자(용인)'!I45+'삼성전자(평택)'!I45+'삼성전자(화성)'!I45 -> 34220.09 | J45: =H45/I45 -> 40081.674
A46: =AVERAGE(D44:D46) -> 66422653 | B46: =A46/A43-1 -> 0.22337502 | C46: =A46/A34-1 -> 0.41731218 | D46: =H46/19 -> 67064695 | E46: =D46/D45-1 -> -0.022094354 | F46: =D46/D34-1 -> 0.33842525 | G46: 2025년 6월 | H46: ='삼성전자(용인)'!H46+'삼성전자(평택)'!H46+'삼성전자(화성)'!H46 -> 1274229209 | I46: ='삼성전자(용인)'!I46+'삼성전자(평택)'!I46+'삼성전자(화성)'!I46 -> 33022.8 | J46: =H46/I46 -> 38586.347 | K46: =H46+H45+H44 -> 4045541194 | L46: =K46/K43-1 -> 0.28579164 | M46: =K46/K34-1 -> 0.41834609 | N46: =AVERAGE(J44:J46) -> 39925.45 | O46: =N46/N43-1 -> -0.010981196
D47: =H47/19 -> 81251363 | E47: =D47/D46-1 -> 0.21153705 | F47: =D47/D35-1 -> 0.66559178 | G47: 2025년 7월 | H47: ='삼성전자(용인)'!H47+'삼성전자(평택)'!H47+'삼성전자(화성)'!H47 -> 1543775895 | I47: ='삼성전자(용인)'!I47+'삼성전자(평택)'!I47+'삼성전자(화성)'!I47 -> 31468.9 | J47: =H47/I47 -> 49057.193
D48: =H48/20 -> 78514872 | E48: =D48/D47-1 -> -0.033679317 | F48: =D48/D36-1 -> 0.56626693 | G48: 2025년 8월 | H48: ='삼성전자(용인)'!H48+'삼성전자(평택)'!H48+'삼성전자(화성)'!H48 -> 1570297450 | I48: ='삼성전자(용인)'!I48+'삼성전자(평택)'!I48+'삼성전자(화성)'!I48 -> 30489.97 | J48: =H48/I48 -> 51502.099
A49: =AVERAGE(D47:D49) -> 77485186 | B49: =A49/A46-1 -> 0.16654758 | C49: =A49/A37-1 -> 0.53371866 | D49: =H49/22 -> 72689321 | E49: =D49/D48-1 -> -0.074196786 | F49: =D49/D37-1 -> 0.38055052 | G49: 2025년 9월 | H49: ='삼성전자(용인)'!H49+'삼성전자(평택)'!H49+'삼성전자(화성)'!H49 -> 1599165068 | I49: ='삼성전자(용인)'!I49+'삼성전자(평택)'!I49+'삼성전자(화성)'!I49 -> 32168.78 | J49: =H49/I49 -> 49711.71 | K49: =H49+H48+H47 -> 4713238413 | L49: =K49/K46-1 -> 0.16504522 | M49: =K49/K37-1 -> 0.50947386 | N49: =AVERAGE(J47:J49) -> 50090.334 | O49: =N49/N46-1 -> 0.25459662
D50: =H50/18 -> 1.1264302e+08 | E50: =D50/D49-1 -> 0.54965021 | F50: =D50/D38-1 -> 0.90804223 | G50: 2025년 10월 | H50: ='삼성전자(용인)'!H50+'삼성전자(평택)'!H50+'삼성전자(화성)'!H50 -> 2027574402 | I50: ='삼성전자(용인)'!I50+'삼성전자(평택)'!I50+'삼성전자(화성)'!I50 -> 36401.69 | J50: =H50/I50 -> 55700.007
D51: =H51/20 -> 1.1063202e+08 | E51: =D51/D50-1 -> -0.017852847 | F51: =D51/D39-1 -> 1.279745 | G51: 2025년 11월 | H51: ='삼성전자(용인)'!H51+'삼성전자(평택)'!H51+'삼성전자(화성)'!H51 -> 2212640474 | I51: ='삼성전자(용인)'!I51+'삼성전자(평택)'!I51+'삼성전자(화성)'!I51 -> 36240.85 | J51: =H51/I51 -> 61053.769
A52: =AVERAGE(D50:D52) -> 1.1525227e+08 | B52: =A52/A49-1 -> 0.48741035 | C52: =A52/A40-1 -> 1.1715929 | D52: =H52/22 -> 1.2248175e+08 | E52: =D52/D51-1 -> 0.10710941 | F52: =D52/D40-1 -> 1.3712009 | G52: 2025년 12월 | H52: ='삼성전자(용인)'!H52+'삼성전자(평택)'!H52+'삼성전자(화성)'!H52 -> 2694598608 | I52: ='삼성전자(용인)'!I52+'삼성전자(평택)'!I52+'삼성전자(화성)'!I52 -> 39285.58 | J52: =H52/I52 -> 68590.017 | K52: =H52+H51+H50 -> 6934813484 | L52: =K52/K49-1 -> 0.47134791 | M52: =K52/K40-1 -> 1.1113479 | N52: =AVERAGE(J50:J52) -> 61781.264 | O52: =N52/N49-1 -> 0.23339694
D53: =H53/21 -> 1.6223757e+08 | E53: =D53/D52-1 -> 0.32458565 | F53: =D53/D41-1 -> 1.9144544 | G53: 2026년 1월 | H53: ='삼성전자(용인)'!H53+'삼성전자(평택)'!H53+'삼성전자(화성)'!H53 -> 3406989070 | I53: ='삼성전자(용인)'!I53+'삼성전자(평택)'!I53+'삼성전자(화성)'!I53 -> 36979.13 | J53: =H53/I53 -> 92132.754
D54: =H54/17 -> 2.3807331e+08 | E54: =D54/D53-1 -> 0.46743633 | F54: =D54/D42-1 -> 3.9104883 | G54: 2026년 2월 | H54: ='삼성전자(용인)'!H54+'삼성전자(평택)'!H54+'삼성전자(화성)'!H54 -> 4047246291 | I54: ='삼성전자(용인)'!I54+'삼성전자(평택)'!I54+'삼성전자(화성)'!I54 -> 33003.46 | J54: =H54/I54 -> 122630.97
A55: =AVERAGE(D53:D55) -> 2.1300817e+08 | B55: =A55/A52-1 -> 0.84819073 | C55: =A55/A43-1 -> 2.9231928 | D55: =H55/21 -> 2.3871363e+08 | E55: =D55/D54-1 -> 0.0026895819 | F55: =D55/D43-1 -> 3.0642732 | G55: 2026년 3월 | H55: ='삼성전자(용인)'!H55+'삼성전자(평택)'!H55+'삼성전자(화성)'!H55 -> 5012986207 | I55: ='삼성전자(용인)'!I55+'삼성전자(평택)'!I55+'삼성전자(화성)'!I55 -> 38665.96 | J55: =H55/I55 -> 129648.56 | K55: =H55+H54+H53 -> 12467221568 | L55: =K55/K52-1 -> 0.79777316 | M55: =K55/K43-1 -> 2.9624486 | N55: =AVERAGE(J53:J55) -> 114804.1 | O55: =N55/N52-1 -> 0.8582348
D56: =H56/22 -> 2.8406275e+08 | E56: =D56/D55-1 -> 0.18997289 | F56: =D56/D44-1 -> 3.4647569 | G56: 2026년 4월 | H56: ='삼성전자(용인)'!H56+'삼성전자(평택)'!H56+'삼성전자(화성)'!H56 -> 6249380433 | I56: ='삼성전자(용인)'!I56+'삼성전자(평택)'!I56+'삼성전자(화성)'!I56 -> 35702.14 | J56: =H56/I56 -> 175042.18
D57: =H57/18 -> 4.1347053e+08 | E57: =D57/D56-1 -> 0.45556055 | F57: =D57/D45-1 -> 5.0290316 | G57: 2026년 5월 | H57: ='삼성전자(용인)'!H57+'삼성전자(평택)'!H57+'삼성전자(화성)'!H57 -> 7442469517 | I57: ='삼성전자(용인)'!I57+'삼성전자(평택)'!I57+'삼성전자(화성)'!I57 -> 34546.03 | J57: =H57/I57 -> 215436.32
A58: =AVERAGE(D56:D58) -> 3.4876664e+08 | B58: =A58/A55-1 -> 0.63733924 | C58: =A58/A46-1 -> 4.2507182 | K58: =H58+H57+H56 -> 13691849950 | L58: =K58/K55-1 -> 0.098227851 | M58: =K58/K46-1 -> 2.3844297 | N58: =AVERAGE(J56:J58) -> 195239.25 | O58: =N58/N55-1 -> 0.70062965

Sheet 삼성전자(평택)
A1: =P1 -> 삼성전자 | P1: 삼성전자
P2: 8542.32-1010 + 경기 평택
G3: 년월 | H3: 금액(달러) | I3: 중량 | P3: 디램
A4: 분기(일평균) | B4: QoQ | D4: 일평균수출 | E4: mom | F4: yoy | J4: 금액(달러)/중량 | L4: QoQ | M4: yoy | N4: 단가 | O4: QoQ
D5: =H5/20 -> 25678411 | G5: 2022년01월 | H5: 513568222 | I5: 11709.72 | J5: =H5/I5 -> 43858.284
D6: =H6/18 -> 33550236 | E6: =D6/D5-1 -> 0.30655419 | G6: 2022년02월 | H6: 603904239 | I6: 13199.79 | J6: =H6/I6 -> 45751.049
A7: =AVERAGE(D5:D7) -> 31657165 | D7: =H7/22 -> 35742849 | E7: =D7/D6-1 -> 0.065353146 | G7: 2022년03월 | H7: 786342677 | I7: 16457.64 | J7: =H7/I7 -> 47779.796 | K7: =H7+H6+H5 -> 1903815138 | N7: =AVERAGE(J5:J7) -> 45796.376
D8: =H8/21 -> 30583391 | E8: =D8/D7-1 -> -0.14434936 | G8: 2022년04월 | H8: 642251220 | I8: 13274.56 | J8: =H8/I8 -> 48382.11
D9: =H9/21 -> 31228267 | E9: =D9/D8-1 -> 0.021085811 | G9: 2022년05월 | H9: 655793608 | I9: 13237.67 | J9: =H9/I9 -> 49539.957
A10: =AVERAGE(D8:D10) -> 30597300 | B10: =A10/A7-1 -> -0.033479472 | D10: =H10/21 -> 29980242 | E10: =D10/D9-1 -> -0.03996461 | G10: 2022년06월 | H10: 629585072 | I10: 13813.11 | J10: =H10/I10 -> 45578.807 | K10: =H10+H9+H8 -> 1927629900 | L10: =K10/K7-1 -> 0.012508968 | N10: =AVERAGE(J8:J10) -> 47833.625 | O10: =N10/N7-1 -> 0.044484929
D11: =H11/21 -> 32335554 | E11: =D11/D10-1 -> 0.078562157 | G11: 2022년07월 | H11: 679046633 | I11: 15814.78 | J11: =H11/I11 -> 42937.469
D12: =H12/22 -> 22264189 | E12: =D12/D11-1 -> -0.31146413 | G12: 2022년08월 | H12: 489812151 | I12: 11616.01 | J12: =H12/I12 -> 42166.988
A13: =AVERAGE(D11:D13) -> 25411088 | B13: =A13/A10-1 -> -0.169499 | D13: =H13/20 -> 21633522 | E13: =D13/D12-1 -> -0.028326506 | G13: 2022년09월 | H13: 432670440 | I13: 11298.33 | J13: =H13/I13 -> 38295.079 | K13: =H13+H12+H11 -> 1601529224 | L13: =K13/K10-1 -> -0.16917183 | N13: =AVERAGE(J11:J13) -> 41133.179 | O13: =N13/N10-1 -> -0.14007816
D14: =H14/20 -> 13579337 | E14: =D14/D13-1 -> -0.37230116 | G14: 2022년10월 | H14: 271586733 | I14: 8649.09 | J14: =H14/I14 -> 31400.614
D15: =H15/22 -> 11352654 | E15: =D15/D14-1 -> -0.16397583 | G15: 2022년11월 | H15: 249758379 | I15: 8198.32 | J15: =H15/I15 -> 30464.58
A16: =AVERAGE(D14:D16) -> 12018016 | B16: =A16/A13-1 -> -0.52705624 | D16: =H16/22 -> 11122056 | E16: =D16/D15-1 -> -0.020312183 | G16: 2022년12월 | H16: 244685241 | I16: 10467.37 | J16: =H16/I16 -> 23376 | K16: =H16+H15+H14 -> 766030353 | L16: =K16/K13-1 -> -0.52168818 | N16: =AVERAGE(J14:J16) -> 28413.731 | O16: =N16/N13-1 -> -0.30922598
D17: =H17/20 -> 5013091.3 | E17: =D17/D16-1 -> -0.54926579 | F17: =D17/D5-1 -> -0.80477409 | G17: 2023년 1월 | H17: 100261826 | I17: 4819.1 | J17: =H17/I17 -> 20805.093
D18: =H18/20 -> 7762758 | E18: =D18/D17-1 -> 0.54849723 | F18: =D18/D6-1 -> -0.76862285 | G18: 2023년 2월 | H18: 155255160 | I18: 8278.14 | J18: =H18/I18 -> 18754.836
A19: =AVERAGE(D17:D19) -> 5981537.7 | B19: =A19/A16-1 -> -0.50228574 | C19: =A19/A7-1 -> -0.81105264 | D19: =H19/22 -> 5168763.8 | E19: =D19/D18-1 -> -0.33415884 | F19: =D19/D7-1 -> -0.85539027 | G19: 2023년 3월 | H19: 113712804 | I19: 6476.99 | J19: =H19/I19 -> 17556.427 | K19: =H19+H18+H17 -> 369229790 | L19: =K19/K16-1 -> -0.51799588 | M19: =K19/K7-1 -> -0.80605796 | N19: =AVERAGE(J17:J19) -> 19038.786 | O19: =N19/N16-1 -> -0.32994419
D20: =H20/20 -> 3760237.2 | E20: =D20/D19-1 -> -0.27250743 | F20: =D20/D8-1 -> -0.8770497 | G20: 2023년 4월 | H20: 75204745 | I20: 4797.72 | J20: =H20/I20 -> 15675.101
D21: =H21/21 -> 4076483.9 | E21: =D21/D20-1 -> 0.084102846 | F21: =D21/D9-1 -> -0.86946173 | G21: 2023년 5월 | H21: 85606162 | I21: 5013.3 | J21: =H21/I21 -> 17075.811
A22: =AVERAGE(D20:D22) -> 4402024.1 | B22: =A22/A19-1 -> -0.26406481 | C22: =A22/A10-1 -> -0.85613031 | D22: =H22/21 -> 5369351.1 | E22: =D22/D21-1 -> 0.31715254 | F22: =D22/D10-1 -> -0.82090367 | G22: 2023년 6월 | H22: 112756374 | I22: 6716.97 | J22: =H22/I22 -> 16786.791 | K22: =H22+H21+H20 -> 273567281 | L22: =K22/K19-1 -> -0.25908665 | M22: =K22/K10-1 -> -0.85808101 | N22: =AVERAGE(J20:J22) -> 16512.568 | O22: =N22/N19-1 -> -0.13268798
D23: =H23/21 -> 7011794.7 | E23: =D23/D22-1 -> 0.30589237 | F23: =D23/D11-1 -> -0.78315526 | G23: 2023년 7월 | H23: 147247688 | I23: 6731.66 | J23: =H23/I23 -> 21873.905
D24: =H24/22 -> 8030431.2 | E24: =D24/D23-1 -> 0.14527472 | F24: =D24/D12-1 -> -0.63931175 | G24: 2023년 8월 | H24: 176669486 | I24: 7526.61 | J24: =H24/I24 -> 23472.651
A25: =AVERAGE(D23:D25) -> 5953233.2 | B25: =A25/A22-1 -> 0.35238542 | C25: =A25/A13-1 -> -0.76572301 | D25: =H25/19 -> 2817473.8 | E25: =D25/D24-1 -> -0.64915037 | F25: =D25/D13-1 -> -0.86976352 | G25: 2023년 9월 | H25: 53532003 | I25: 2681.51 | J25: =H25/I25 -> 19963.38 | K25: =H25+H24+H23 -> 377449177 | L25: =K25/K22-1 -> 0.3797307 | M25: =K25/K13-1 -> -0.76431952 | N25: =AVERAGE(J23:J25) -> 21769.978 | O25: =N25/N22-1 -> 0.31838844
D26: =H26/19 -> 3223665.9 | E26: =D26/D25-1 -> 0.1441689 | F26: =D26/D14-1 -> -0.76260505 | G26: 2023년 10월 | H26: 61249653 | I26: 2748.07 | J26: =H26/I26 -> 22288.243
D27: =H27/22 -> 6299438 | E27: =D27/D26-1 -> 0.95412244 | F27: =D27/D15-1 -> -0.44511317 | G27: 2023년 11월 | H27: 138587635 | I27: 4746.43 | J27: =H27/I27 -> 29198.289
A28: =AVERAGE(D26:D28) -> 5832589.5 | B28: =A28/A25-1 -> -0.020265243 | C28: =A28/A16-1 -> -0.51467948 | D28: =H28/19 -> 7974664.6 | E28: =D28/D27-1 -> 0.26593272 | F28: =D28/D16-1 -> -0.2829865 | G28: 2023년 12월 | H28: 151518628 | I28: 5358.21 | J28: =H28/I28 -> 28277.844 | K28: =H28+H27+H26 -> 351355916 | L28: =K28/K25-1 -> -0.069130528 | M28: =K28/K16-1 -> -0.54132899 | N28: =AVERAGE(J26:J28) -> 26588.126 | O28: =N28/N25-1 -> 0.22132072
D29: =H29/22 -> 6260164 | E29: =D29/D28-1 -> -0.21499344 | F29: =D29/D17-1 -> 0.24876322 | G29: 2024년 1월 | H29: 137723609 | I29: 5002.79 | J29: =H29/I29 -> 27529.36
D30: =H30/19 -> 15736086 | E30: =D30/D29-1 -> 1.513686 | F30: =D30/D18-1 -> 1.0271257 | G30: 2024년 2월 | H30: 298985643 | I30: 9995.44 | J30: =H30/I30 -> 29912.204
A31: =AVERAGE(D29:D31) -> 12356410 | B31: =A31/A28-1 -> 1.1185119 | C31: =A31/A19-1 -> 1.0657582 | D31: =H31/20 -> 15072981 | E31: =D31/D30-1 -> -0.042139183 | F31: =D31/D19-1 -> 1.9161674 | G31: 2024년 3월 | H31: 301459613 | I31: 9160.84 | J31: =H31/I31 -> 32907.42 | K31: =H31+H30+H29 -> 738168865 | L31: =K31/K28-1 -> 1.1009149 | M31: =K31/K19-1 -> 0.99921264 | N31: =AVERAGE(J29:J31) -> 30116.328 | O31: =N31/N28-1 -> 0.13269844
D32: =H32/21 -> 15401812 | E32: =D32/D31-1 -> 0.021815976 | F32: =D32/D20-1 -> 3.0959683 | G32: 2024년 4월 | H32: 323438061 | I32: 8951.41 | J32: =H32/I32 -> 36132.638
D33: =H33/21 -> 23298842 | E33: =D33/D32-1 -> 0.51273376 | F33: =D33/D21-1 -> 4.7154259 | G33: 2024년 5월 | H33: 489275675 | I33: 13214.11 | J33: =H33/I33 -> 37026.76
A34: =AVERAGE(D32:D34) -> 28280586 | B34: =A34/A31-1 -> 1.288738 | C34: =A34/A22-1 -> 5.4244504 | D34: =H34/19 -> 46141103 | E34: =D34/D33-1 -> 0.9804033 | F34: =D34/D22-1 -> 7.5934225 | G34: 2024년 6월 | H34: 876680954 | I34: 25625.64 | J34: =H34/I34 -> 34211.085 | K34: =H34+H33+H32 -> 1689394690 | L34: =K34/K31-1 -> 1.288629 | M34: =K34/K22-1 -> 5.1754267 | N34: =AVERAGE(J32:J34) -> 35790.161 | O34: =N34/N31-1 -> 0.18839723
D35: =H35/23 -> 47405559 | E35: =D35/D34-1 -> 0.027404116 | F35: =D35/D23-1 -> 5.760831 | G35: 2024년 7월 | H35: 1090327856 | I35: 27027.2 | J35: =H35/I35 -> 40341.872
D36: =H36/21 -> 50100812 | E36: =D36/D35-1 -> 0.056855203 | F36: =D36/D24-1 -> 5.2388694 | G36: 2024년 8월 | H36: 1052117044 | I36: 25200.11 | J36: =H36/I36 -> 41750.494
A37: =AVERAGE(D35:D37) -> 50035385 | B37: =A37/A34-1 -> 0.76924854 | C37: =A37/A25-1 -> 7.4047412 | D37: =H37/18 -> 52599784 | E37: =D37/D36-1 -> 0.049878875 | F37: =D37/D25-1 -> 17.669129 | G37: 2024년 9월 | H37: 946796107 | I37: 23145.69 | J37: =H37/I37 -> 40905.936 | K37: =H37+H36+H35 -> 3089241007 | L37: =K37/K34-1 -> 0.82860821 | M37: =K37/K25-1 -> 7.1845218 | N37: =AVERAGE(J35:J37) -> 40999.434 | O37: =N37/N34-1 -> 0.14555042
D38: =H38/20 -> 59017366 | E38: =D38/D37-1 -> 0.12200778 | F38: =D38/D26-1 -> 17.307532 | G38: 2024년 10월 | H38: 1180347327 | I38: 27283.28 | J38: =H38/I38 -> 43262.662
D39: =H39/21 -> 47826243 | E39: =D39/D38-1 -> -0.18962424 | F39: =D39/D27-1 -> 6.5921445 | G39: 2024년 11월 | H39: 1004351103 | I39: 22919 | J39: =H39/I39 -> 43821.768
A40: =AVERAGE(D38:D40) -> 52830554 | B40: =A40/A37-1 -> 0.055863845 | C40: =A40/A28-1 -> 8.0578213 | D40: =H40/21 -> 51648052 | E40: =D40/D39-1 -> 0.079910288 | F40: =D40/D28-1 -> 5.4765171 | G40: 2024년 12월 | H40: 1084609089 | I40: 25417.83 | J40: =H40/I40 -> 42671.191 | K40: =H40+H39+H38 -> 3269307519 | L40: =K40/K37-1 -> 0.058288269 | M40: =K40/K28-1 -> 8.3048313 | N40: =AVERAGE(J38:J40) -> 43251.874 | O40: =N40/N37-1 -> 0.054938315
D41: =H41/18 -> 55623764 | E41: =D41/D40-1 -> 0.076976996 | F41: =D41/D29-1 -> 7.8853524 | G41: 2025년 1월 | H41: 1001227747 | I41: 23975.25 | J41: =H41/I41 -> 41760.889
D42: =H42/20 -> 48446514 | E42: =D42/D41-1 -> -0.12903207 | F42: =D42/D30-1 -> 2.0786889 | G42: 2025년 2월 | H42: 968930290 | I42: 22340.03 | J42: =H42/I42 -> 43371.933
A43: =AVERAGE(D41:D43) -> 54243150 | B43: =A43/A40-1 -> 0.026738236 | C43: =A43/A31-1 -> 3.3898792 | D43: =H43/20 -> 58659170 | E43: =D43/D42-1 -> 0.2108027 | F43: =D43/D31-1 -> 2.8916769 | G43: 2025년 3월 | H43: 1173183409 | I43: 27878.05 | J43: =H43/I43 -> 42082.693 | K43: =H43+H42+H41 -> 3143341446 | L43: =K43/K40-1 -> -0.038529894 | M43: =K43/K31-1 -> 3.2582959 | N43: =AVERAGE(J41:J43) -> 42405.172 | O43: =N43/N40-1 -> -0.019576085
D44: =H44/22 -> 62589978 | E44: =D44/D43-1 -> 0.067010969 | F44: =D44/D32-1 -> 3.063806 | G44: 2025년 4월 | H44: 1376979523 | I44: 31302.57 | J44: =H44/I44 -> 43989.344
D45: =H45/20 -> 58749933 | E45: =D45/D44-1 -> -0.061352392 | F45: =D45/D33-1 -> 1.5215817 | G45: 2025년 5월 | H45: 1174998669 | I45: 23727.98 | J45: =H45/I45 -> 49519.541
A46: =AVERAGE(D44:D46) -> 58980754 | B46: =A46/A43-1 -> 0.087340147 | C46: =A46/A34-1 -> 1.0855563 | D46: =H46/19 -> 55602351 | E46: =D46/D45-1 -> -0.053575933 | F46: =D46/D34-1 -> 0.20505032 | G46: 2025년 6월 | H46: 1056444668 | I46: 20271.68 | J46: =H46/I46 -> 52114.313 | K46: =H46+H45+H44 -> 3608422860 | L46: =K46/K43-1 -> 0.14795765 | M46: =K46/K34-1 -> 1.1359265 | N46: =AVERAGE(J44:J46) -> 48541.066 | O46: =N46/N43-1 -> 0.14469684
D47: =H47/19 -> 60051712 | E47: =D47/D46-1 -> 0.080021103 | F47: =D47/D35-1 -> 0.2667652 | G47: 2025년 7월 | H47: 1140982536 | I47: 19698.38 | J47: =H47/I47 -> 57922.658
D48: =H48/20 -> 55901526 | E48: =D48/D47-1 -> -0.069110206 | F48: =D48/D36-1 -> 0.11578085 | G48: 2025년 8월 | H48: 1118030524 | I48: 19003.66 | J48: =H48/I48 -> 58832.379
A49: =AVERAGE(D47:D49) -> 53957959 | B49: =A49/A46-1 -> -0.085159903 | C49: =A49/A37-1 -> 0.078396003 | D49: =H49/22 -> 45920638 | E49: =D49/D48-1 -> -0.17854411 | F49: =D49/D37-1 -> -0.12698048 | G49: 2025년 9월 | H49: 1010254039 | I49: 17027.78 | J49: =H49/I49 -> 59329.756 | K49: =H49+H48+H47 -> 3269267099 | L49: =K49/K46-1 -> -0.093990027 | M49: =K49/K37-1 -> 0.058275185 | N49: =AVERAGE(J47:J49) -> 58694.931 | O49: =N49/N46-1 -> 0.20918093
D50: =H50/18 -> 73427929 | E50: =D50/D49-1 -> 0.59901804 | F50: =D50/D38-1 -> 0.24417495 | G50: 2025년 10월 | H50: 1321702722 | I50: 20765.68 | J50: =H50/I50 -> 63648.42
D51: =H51/20 -> 70221531 | E51: =D51/D50-1 -> -0.043667281 | F51: =D51/D39-1 -> 0.46826358 | G51: 2025년 11월 | H51: 1404430620 | I51: 20970.95 | J51: =H51/I51 -> 66970.291
A52: =AVERAGE(D50:D52) -> 73949321 | B52: =A52/A49-1 -> 0.37049885 | C52: =A52/A40-1 -> 0.39974533 | D52: =H52/22 -> 78198502 | E52: =D52/D51-1 -> 0.11359723 | F52: =D52/D40-1 -> 0.5140649 | G52: 2025년 12월 | H52: 1720367050 | I52: 22761.21 | J52: =H52/I52 -> 75583.286 | K52: =H52+H51+H50 -> 4446500392 | L52: =K52/K49-1 -> 0.36009089 | M52: =K52/K40-1 -> 0.36007407 | N52: =AVERAGE(J50:J52) -> 68733.999 | O52: =N52/N49-1 -> 0.17103807
D53: =H53/21 -> 1.1726061e+08 | E53: =D53/D52-1 -> 0.49952502 | F53: =D53/D41-1 -> 1.1081028 | G53: 2026년 1월 | H53: 2462472825 | I53: 24634.51 | J53: =H53/I53 -> 99960.292
D54: =H54/17 -> 1.7280761e+08 | E54: =D54/D53-1 -> 0.47370555 | F54: =D54/D42-1 -> 2.5669772 | G54: 2026년 2월 | H54: 2937729410 | I54: 22817.24 | J54: =H54/I54 -> 128750.43
A55: =AVERAGE(D53:D55) -> 1.524931e+08 | B55: =A55/A52-1 -> 1.0621299 | C55: =A55/A43-1 -> 1.8112878 | D55: =H55/21 -> 1.6741108e+08 | E55: =D55/D54-1 -> -0.03122854 | F55: =D55/D43-1 -> 1.8539627 | G55: 2026년 3월 | H55: 3515632740 | I55: 24355.24 | J55: =H55/I55 -> 144348.1 | K55: =H55+H54+H53 -> 8915834975 | L55: =K55/K52-1 -> 1.0051353 | M55: =K55/K43-1 -> 1.8364195 | N55: =AVERAGE(J53:J55) -> 124352.94 | O55: =N55/N52-1 -> 0.80919114
D56: =H56/22 -> 1.8226946e+08 | E56: =D56/D55-1 -> 0.088753827 | F56: =D56/D44-1 -> 1.9121189 | G56: 2026년 4월 | H56: 4009928058 | I56: 22277.32 | J56: =H56/I56 -> 180000.47
D57: =H57/18 -> 2.6494149e+08 | E57: =D57/D56-1 -> 0.45357041 | F57: =D57/D45-1 -> 3.5096475 | G57: 2026년 5월 | H57: 4768946797 | I57: 19458.39 | J57: =H57/I57 -> 245084.35
A58: =AVERAGE(D56:D58) -> 2.2360547e+08 | B58: =A58/A55-1 -> 0.46633172 | C58: =A58/A46-1 -> 2.7911599 | K58: =H58+H57+H56 -> 8778874855 | L58: =K58/K55-1 -> -0.015361446 | M58: =K58/K46-1 -> 1.4328842 | N58: =AVERAGE(J56:J58) -> 212542.41 | O58: =N58/N55-1 -> 0.70918681

Sheet 삼성전자(용인)
A1: =P1 -> 삼성전자 | P1: 삼성전자
P2: 8542.32-1010 + 경기 용인
G3: 년월 | H3: 금액(달러) | I3: 중량 | P3: 디램
A4: 분기(일평균) | B4: QoQ | D4: 일평균수출 | E4: mom | F4: yoy | J4: 금액(달러)/중량 | L4: QoQ | M4: yoy | N4: 단가 | O4: QoQ
D5: =H5/20 -> 40704664 | G5: 2022년01월 | H5: 814093281 | I5: 20176.9 | J5: =H5/I5 -> 40347.788
D6: =H6/18 -> 38123304 | E6: =D6/D5-1 -> -0.063416802 | G6: 2022년02월 | H6: 686219480 | I6: 15573.05 | J6: =H6/I6 -> 44064.553
A7: =AVERAGE(D5:D7) -> 37755941 | D7: =H7/22 -> 34439854 | E7: =D7/D6-1 -> -0.096619386 | G7: 2022년03월 | H7: 757676792 | I7: 18143.95 | J7: =H7/I7 -> 41759.198 | K7: =H7+H6+H5 -> 2257989553 | N7: =AVERAGE(J5:J7) -> 42057.179
D8: =H8/21 -> 36784290 | E8: =D8/D7-1 -> 0.068073339 | G8: 2022년04월 | H8: 772470091 | I8: 18456.07 | J8: =H8/I8 -> 41854.528
D9: =H9/21 -> 44922753 | E9: =D9/D8-1 -> 0.22124833 | G9: 2022년05월 | H9: 943377810 | I9: 21260.38 | J9: =H9/I9 -> 44372.575
A10: =AVERAGE(D8:D10) -> 41237607 | B10: =A10/A7-1 -> 0.092215065 | D10: =H10/21 -> 42005779 | E10: =D10/D9-1 -> -0.064933097 | G10: 2022년06월 | H10: 882121367 | I10: 20552.86 | J10: =H10/I10 -> 42919.641 | K10: =H10+H9+H8 -> 2597969268 | L10: =K10/K7-1 -> 0.15056744 | N10: =AVERAGE(J8:J10) -> 43048.914 | O10: =N10/N7-1 -> 0.02358064
D11: =H11/21 -> 38991992 | E11: =D11/D10-1 -> -0.071746977 | G11: 2022년07월 | H11: 818831826 | I11: 20491.78 | J11: =H11/I11 -> 39959.039
D12: =H12/22 -> 28308136 | E12: =D12/D11-1 -> -0.27400127 | G12: 2022년08월 | H12: 622779003 | I12: 15838.21 | J12: =H12/I12 -> 39321.3
A13: =AVERAGE(D11:D13) -> 32065300 | B13: =A13/A10-1 -> -0.22242578 | D13: =H13/20 -> 28895773 | E13: =D13/D12-1 -> 0.020758558 | G13: 2022년09월 | H13: 577915452 | I13: 16401.81 | J13: =H13/I13 -> 35234.858 | K13: =H13+H12+H11 -> 2019526281 | L13: =K13/K10-1 -> -0.22265197 | N13: =AVERAGE(J11:J13) -> 38171.732 | O13: =N13/N10-1 -> -0.11329397
D14: =H14/20 -> 22151929 | E14: =D14/D13-1 -> -0.23338514 | G14: 2022년10월 | H14: 443038575 | I14: 15225.25 | J14: =H14/I14 -> 29098.936
D15: =H15/22 -> 19450704 | E15: =D15/D14-1 -> -0.12194082 | G15: 2022년11월 | H15: 427915495 | I15: 16277.76 | J15: =H15/I15 -> 26288.353
A16: =AVERAGE(D14:D16) -> 20566215 | B16: =A16/A13-1 -> -0.35861461 | D16: =H16/22 -> 20096012 | E16: =D16/D15-1 -> 0.03317659 | G16: 2022년12월 | H16: 442112272 | I16: 20683.41 | J16: =H16/I16 -> 21375.212 | K16: =H16+H15+H14 -> 1313066342 | L16: =K16/K13-1 -> -0.34981468 | N16: =AVERAGE(J14:J16) -> 25587.5 | O16: =N16/N13-1 -> -0.32967411
D17: =H17/20 -> 10581941 | E17: =D17/D16-1 -> -0.47343082 | F17: =D17/D5-1 -> -0.74003125 | G17: 2023년 1월 | H17: 211638816 | I17: 12044.05 | J17: =H17/I17 -> 17572.064
D18: =H18/20 -> 14457447 | E18: =D18/D17-1 -> 0.36623779 | F18: =D18/D6-1 -> -0.6207714 | G18: 2023년 2월 | H18: 289148948 | I18: 15494.72 | J18: =H18/I18 -> 18661.128
A19: =AVERAGE(D17:D19) -> 14088159 | B19: =A19/A16-1 -> -0.31498535 | C19: =A19/A7-1 -> -0.62686246 | D19: =H19/22 -> 17225088 | E19: =D19/D18-1 -> 0.19143356 | F19: =D19/D7-1 -> -0.49985015 | G19: 2023년 3월 | H19: 378951936 | I19: 21539.8 | J19: =H19/I19 -> 17593.104 | K19: =H19+H18+H17 -> 879739700 | L19: =K19/K16-1 -> -0.33001123 | M19: =K19/K7-1 -> -0.61038806 | N19: =AVERAGE(J17:J19) -> 17942.098 | O19: =N19/N16-1 -> -0.2987944
D20: =H20/20 -> 16814482 | E20: =D20/D19-1 -> -0.023837646 | F20: =D20/D8-1 -> -0.54288958 | G20: 2023년 4월 | H20: 336289649 | I20: 20405.89 | J20: =H20/I20 -> 16480.029
D21: =H21/21 -> 18767234 | E21: =D21/D20-1 -> 0.11613512 | F21: =D21/D9-1 -> -0.58223321 | G21: 2023년 5월 | H21: 394111922 | I21: 25678.17 | J21: =H21/I21 -> 15348.131
A22: =AVERAGE(D20:D22) -> 16117842 | B22: =A22/A19-1 -> 0.14407014 | C22: =A22/A10-1 -> -0.60914702 | D22: =H22/21 -> 12771808 | E22: =D22/D21-1 -> -0.31946242 | F22: =D22/D10-1 -> -0.69595117 | G22: 2023년 6월 | H22: 268207972 | I22: 18772.48 | J22: =H22/I22 -> 14287.296 | K22: =H22+H21+H20 -> 998609543 | L22: =K22/K19-1 -> 0.13511933 | M22: =K22/K10-1 -> -0.61561919 | N22: =AVERAGE(J20:J22) -> 15371.818 | O22: =N22/N19-1 -> -0.14325415
D23: =H23/21 -> 18842622 | E23: =D23/D22-1 -> 0.47532927 | F23: =D23/D11-1 -> -0.5167566 | G23: 2023년 7월 | H23: 395695072 | I23: 21509.86 | J23: =H23/I23 -> 18395.985
D24: =H24/22 -> 17227465 | E24: =D24/D23-1 -> -0.085718315 | F24: =D24/D12-1 -> -0.39143064 | G24: 2023년 8월 | H24: 379004222 | I24: 20713.29 | J24: =H24/I24 -> 18297.635
A25: =AVERAGE(D23:D25) -> 18489203 | B25: =A25/A22-1 -> 0.14712645 | C25: =A25/A13-1 -> -0.42338907 | D25: =H25/19 -> 19397520 | E25: =D25/D24-1 -> 0.1259649 | F25: =D25/D13-1 -> -0.32870733 | G25: 2023년 9월 | H25: 368552888 | I25: 20960.16 | J25: =H25/I25 -> 17583.496 | K25: =H25+H24+H23 -> 1143252182 | L25: =K25/K22-1 -> 0.14484404 | M25: =K25/K13-1 -> -0.43390081 | N25: =AVERAGE(J23:J25) -> 18092.372 | O25: =N25/N22-1 -> 0.17698321
D26: =H26/19 -> 22118598 | E26: =D26/D25-1 -> 0.14027967 | F26: =D26/D14-1 -> -0.0015046385 | G26: 2023년 10월 | H26: 420253364 | I26: 22138.55 | J26: =H26/I26 -> 18982.877
D27: =H27/22 -> 18540368 | E27: =D27/D26-1 -> -0.16177472 | F27: =D27/D15-1 -> -0.046802227 | G27: 2023년 11월 | H27: 407888097 | I27: 21114.65 | J27: =H27/I27 -> 19317.777
A28: =AVERAGE(D26:D28) -> 20531514 | B28: =A28/A25-1 -> 0.11045969 | C28: =A28/A16-1 -> -0.001687288 | D28: =H28/19 -> 20935576 | E28: =D28/D27-1 -> 0.1291888 | F28: =D28/D16-1 -> 0.041777618 | G28: 2023년 12월 | H28: 397775942 | I28: 19653.9 | J28: =H28/I28 -> 20239.034 | K28: =H28+H27+H26 -> 1225917403 | L28: =K28/K25-1 -> 0.072307075 | M28: =K28/K16-1 -> -0.066370553 | N28: =AVERAGE(J26:J28) -> 19513.229 | O28: =N28/N25-1 -> 0.078533475
D29: =H29/22 -> 24899836 | E29: =D29/D28-1 -> 0.18935519 | F29: =D29/D17-1 -> 1.35305 | G29: 2024년 1월 | H29: 547796390 | I29: 23945.42 | J29: =H29/I29 -> 22876.875
D30: =H30/19 -> 28736029 | E30: =D30/D29-1 -> 0.15406501 | F30: =D30/D18-1 -> 0.98762815 | G30: 2024년 2월 | H30: 545984558 | I30: 22812.87 | J30: =H30/I30 -> 23933.181
A31: =AVERAGE(D29:D31) -> 27481341 | B31: =A31/A28-1 -> 0.33849561 | C31: =A31/A19-1 -> 0.95066949 | D31: =H31/20 -> 28808159 | E31: =D31/D30-1 -> 0.00251008 | F31: =D31/D19-1 -> 0.67245352 | G31: 2024년 3월 | H31: 576163182 | I31: 22272.47 | J31: =H31/I31 -> 25868.85 | K31: =H31+H30+H29 -> 1669944130 | L31: =K31/K28-1 -> 0.36219955 | M31: =K31/K19-1 -> 0.89822527 | N31: =AVERAGE(J29:J31) -> 24226.302 | O31: =N31/N28-1 -> 0.2415322
D32: =H32/21 -> 25577443 | E32: =D32/D31-1 -> -0.11214585 | F32: =D32/D20-1 -> 0.52115556 | G32: 2024년 4월 | H32: 537126313 | I32: 18207.97 | J32: =H32/I32 -> 29499.517
D33: =H33/21 -> 26189780 | E33: =D33/D32-1 -> 0.02394049 | F33: =D33/D21-1 -> 0.39550556 | G33: 2024년 5월 | H33: 549985380 | I33: 18756.02 | J33: =H33/I33 -> 29323.139
A34: =AVERAGE(D32:D34) -> 18569899 | B34: =A34/A31-1 -> -0.32427246 | C34: =A34/A22-1 -> 0.15213312 | D34: =H34/19 -> 3942474.4 | E34: =D34/D33-1 -> -0.84946516 | F34: =D34/D22-1 -> -0.69131431 | G34: 2024년 6월 | H34: 74907013 | I34: 2566.85 | J34: =H34/I34 -> 29182.466 | K34: =H34+H33+H32 -> 1162018706 | L34: =K34/K31-1 -> -0.30415714 | M34: =K34/K22-1 -> 0.16363669 | N34: =AVERAGE(J32:J34) -> 29335.041 | O34: =N34/N31-1 -> 0.21087569
D35: =H35/23 -> 1355323.5 | E35: =D35/D34-1 -> -0.65622515 | F35: =D35/D23-1 -> -0.9280714 | G35: 2024년 7월 | H35: 31172441 | I35: 1021.41 | J35: =H35/I35 -> 30519.029
D36: =H36/21 -> 1499.0952 | E36: =D36/D35-1 -> -0.99889392 | F36: =D36/D24-1 -> -0.99991298 | G36: 2024년 8월 | H36: 31481 | I36: 0.8 | J36: =H36/I36 -> 39351.25
A37: =AVERAGE(D35:D37) -> 464846.22 | B37: =A37/A34-1 -> -0.97496776 | C37: =A37/A25-1 -> -0.9748585 | D37: =H37/18 -> 37716.056 | E37: =D37/D36-1 -> 24.159212 | F37: =D37/D25-1 -> -0.99805562 | G37: 2024년 9월 | H37: 678889 | I37: 8.27 | J37: =H37/I37 -> 82090.568 | K37: =H37+H36+H35 -> 31882811 | L37: =K37/K34-1 -> -0.97256257 | M37: =K37/K25-1 -> -0.97211218 | N37: =AVERAGE(J35:J37) -> 50653.616 | O37: =N37/N34-1 -> 0.72672731
D38: =H38/20 -> 739 | E38: =D38/D37-1 -> -0.98040622 | F38: =D38/D26-1 -> -0.99996659 | G38: 2024년 10월 | H38: 14780 | I38: 2 | J38: =H38/I38 -> 7390
D39: =H39/21 -> 682307 | E39: =D39/D38-1 -> 922.28417 | F39: =D39/D27-1 -> -0.96319884 | G39: 2024년 11월 | H39: 14328447 | I39: 400.36 | J39: =H39/I39 -> 35788.907
A40: =AVERAGE(D38:D40) -> 227819.24 | B40: =A40/A37-1 -> -0.50990408 | C40: =A40/A28-1 -> -0.98890392 | D40: =H40/21 -> 411.71429 | E40: =D40/D39-1 -> -0.99939658 | F40: =D40/D28-1 -> -0.99998033 | G40: 2024년 12월 | H40: 8646 | I40: 4.9 | J40: =H40/I40 -> 1764.4898 | K40: =H40+H39+H38 -> 14351873 | L40: =K40/K37-1 -> -0.54985547 | M40: =K40/K28-1 -> -0.98829295 | N40: =AVERAGE(J38:J40) -> 14981.132 | O40: =N40/N37-1 -> -0.70424357
D41: =H41/18 -> 30824.667 | E41: =D41/D40-1 -> 73.869072 | F41: =D41/D29-1 -> -0.99876205 | G41: 2025년 1월 | H41: 554844 | I41: 16.46 | J41: =H41/I41 -> 33708.627
D42: =H42/20 -> 26842.55 | E42: =D42/D41-1 -> -0.12918604 | F42: =D42/D30-1 -> -0.99906589 | G42: 2025년 2월 | H42: 536851 | I42: 340.77 | J42: =H42/I42 -> 1575.4057
A43: =AVERAGE(D41:D43) -> 41740.722 | B43: =A43/A40-1 -> -0.8167814 | C43: =A43/A31-1 -> -0.99848113 | D43: =H43/20 -> 67554.95 | E43: =D43/D42-1 -> 1.5167113 | F43: =D43/D31-1 -> -0.99765501 | G43: 2025년 3월 | H43: 1351099 | I43: 123.98 | J43: =H43/I43 -> 10897.717 | K43: =H43+H42+H41 -> 2442794 | L43: =K43/K40-1 -> -0.82979267 | M43: =K43/K31-1 -> -0.9985372 | N43: =AVERAGE(J41:J43) -> 15393.917 | O43: =N43/N40-1 -> 0.027553608
D44: =H44/22 -> 1019997 | E44: =D44/D43-1 -> 14.098776 | F44: =D44/D32-1 -> -0.96012123 | G44: 2025년 4월 | H44: 22439935 | I44: 759.2 | J44: =H44/I44 -> 29557.343
D45: =H45/20 -> 9820062.2 | E45: =D45/D44-1 -> 8.6275399 | F45: =D45/D33-1 -> -0.6250422 | G45: 2025년 5월 | H45: 196401245 | I45: 9268.91 | J45: =H45/I45 -> 21189.249
A46: =AVERAGE(D44:D46) -> 7404760.9 | B46: =A46/A43-1 -> 176.39896 | C46: =A46/A34-1 -> -0.60124927 | D46: =H46/19 -> 11374223 | E46: =D46/D45-1 -> 0.15826388 | F46: =D46/D34-1 -> 1.8850469 | G46: 2025년 6월 | H46: 216110245 | I46: 6984.71 | J46: =H46/I46 -> 30940.475 | K46: =H46+H45+H44 -> 434951425 | L46: =K46/K43-1 -> 177.05489 | M46: =K46/K34-1 -> -0.62569327 | N46: =AVERAGE(J44:J46) -> 27229.023 | O46: =N46/N43-1 -> 0.76881706
D47: =H47/19 -> 21184073 | E47: =D47/D46-1 -> 0.86246322 | F47: =D47/D35-1 -> 14.63027 | G47: 2025년 7월 | H47: 402497382 | I47: 9206.52 | J47: =H47/I47 -> 43718.732
D48: =H48/20 -> 22601126 | E48: =D48/D47-1 -> 0.066892409 | F48: =D48/D36-1 -> 15075.511 | G48: 2025년 8월 | H48: 452022528 | I48: 9773.11 | J48: =H48/I48 -> 46251.657
A49: =AVERAGE(D47:D49) -> 23504635 | B49: =A49/A46-1 -> 2.1742598 | C49: =A49/A37-1 -> 49.564323 | D49: =H49/22 -> 26728705 | E49: =D49/D48-1 -> 0.18262711 | F49: =D49/D37-1 -> 707.6824 | G49: 2025년 9월 | H49: 588031506 | I49: 11189 | J49: =H49/I49 -> 52554.429 | K49: =H49+H48+H47 -> 1442551416 | L49: =K49/K46-1 -> 2.3165805 | M49: =K49/K37-1 -> 44.245428 | N49: =AVERAGE(J47:J49) -> 47508.273 | O49: =N49/N46-1 -> 0.744766
D50: =H50/18 -> 39035899 | E50: =D50/D49-1 -> 0.46044859 | F50: =D50/D38-1 -> 52821.597 | G50: 2025년 10월 | H50: 702646187 | I50: 11313.91 | J50: =H50/I50 -> 62104.629
D51: =H51/20 -> 40207322 | E51: =D51/D50-1 -> 0.030008858 | F51: =D51/D39-1 -> 57.928491 | G51: 2025년 11월 | H51: 804146441 | I51: 11460.14 | J51: =H51/I51 -> 70168.989
A52: =AVERAGE(D50:D52) -> 41138177 | B52: =A52/A49-1 -> 0.75021553 | C52: =A52/A40-1 -> 179.57376 | D52: =H52/22 -> 44171309 | E52: =D52/D51-1 -> 0.098588678 | F52: =D52/D40-1 -> 107285.32 | G52: 2025년 12월 | H52: 971768793 | I52: 12476.48 | J52: =H52/I52 -> 77888.058 | K52: =H52+H51+H50 -> 2478561421 | L52: =K52/K49-1 -> 0.71817891 | M52: =K52/K40-1 -> 171.69951 | N52: =AVERAGE(J50:J52) -> 70053.892 | O52: =N52/N49-1 -> 0.47456197
D53: =H53/21 -> 44935689 | E53: =D53/D52-1 -> 0.017304908 | F53: =D53/D41-1 -> 1456.7835 | G53: 2026년 1월 | H53: 943649473 | I53: 9458.12 | J53: =H53/I53 -> 99771.358
D54: =H54/17 -> 65099425 | E54: =D54/D53-1 -> 0.44872431 | F54: =D54/D42-1 -> 2424.2325 | G54: 2026년 2월 | H54: 1106690232 | I54: 9021.32 | J54: =H54/I54 -> 122674.98
A55: =AVERAGE(D53:D55) -> 60429293 | B55: =A55/A52-1 -> 0.46893465 | C55: =A55/A43-1 -> 1446.7299 | D55: =H55/21 -> 71252766 | E55: =D55/D54-1 -> 0.094522188 | F55: =D55/D43-1 -> 1053.7379 | G55: 2026년 3월 | H55: 1496308076 | I55: 11024.37 | J55: =H55/I55 -> 135727.31 | K55: =H55+H54+H53 -> 3546647781 | L55: =K55/K52-1 -> 0.43092995 | M55: =K55/K43-1 -> 1450.8816 | N55: =AVERAGE(J53:J55) -> 119391.21 | O55: =N55/N52-1 -> 0.70427668
D56: =H56/22 -> 1.0177469e+08 | E56: =D56/D55-1 -> 0.42836128 | F56: =D56/D44-1 -> 98.779398 | G56: 2026년 4월 | H56: 2239043216 | I56: 11459.02 | J56: =H56/I56 -> 195395.7
D57: =H57/18 -> 1.4814493e+08 | E57: =D57/D56-1 -> 0.45561656 | F57: =D57/D45-1 -> 14.085946 | G57: 2026년 5월 | H57: 2666608683 | I57: 12174.83 | J57: =H57/I57 -> 219026.36
A58: =AVERAGE(D56:D58) -> 1.2495981e+08 | B58: =A58/A55-1 -> 1.0678681 | C58: =A58/A46-1 -> 15.875604 | K58: =H58+H57+H56 -> 4905651899 | L58: =K58/K55-1 -> 0.38317989 | M58: =K58/K46-1 -> 10.27862 | N58: =AVERAGE(J56:J58) -> 207211.03 | O58: =N58/N55-1 -> 0.73556345

Sheet 삼성전자(화성)
A1: =P1 -> 삼성전자 | P1: 삼성전자
P2: 8542.32-1010 + 경기 화성
G3: 년월 | H3: 금액(달러) | I3: 중량 | P3: 디램
A4: 분기(일평균) | B4: QoQ | D4: 일평균수출 | E4: mom | F4: yoy | J4: 금액(달러)/중량 | L4: QoQ | M4: yoy | N4: 단가 | O4: QoQ
D5: =H5/20 -> 18021.95 | G5: 2022년01월 | H5: 360439 | I5: 1642.8 | J5: =H5/I5 -> 219.40528
D6: =H6/18 -> 0 | E6: =D6/D5-1 -> -1 | G6: 2022년02월 | H6: 0 | I6: 0 | J6: =H6/I6 -> #DIV/0!
A7: =AVERAGE(D5:D7) -> 6007.3167 | D7: =H7/22 -> 0 | E7: =D7/D6-1 -> #DIV/0! | G7: 2022년03월 | H7: 0 | I7: 0 | J7: =H7/I7 -> #DIV/0! | K7: =H7+H6+H5 -> 360439 | N7: =AVERAGE(J5:J7) -> #DIV/0!
D8: =H8/21 -> 11.619048 | E8: =D8/D7-1 -> #DIV/0! | G8: 2022년04월 | H8: 244 | I8: 5.12 | J8: =H8/I8 -> 47.65625
D9: =H9/21 -> 2296.0476 | E9: =D9/D8-1 -> 196.61066 | G9: 2022년05월 | H9: 48217 | I9: 150 | J9: =H9/I9 -> 321.44667
A10: =AVERAGE(D8:D10) -> 7551.4127 | B10: =A10/A7-1 -> 0.2570359 | D10: =H10/21 -> 20346.571 | E10: =D10/D9-1 -> 7.8615633 | G10: 2022년06월 | H10: 427278 | I10: 1849.6 | J10: =H10/I10 -> 231.01103 | K10: =H10+H9+H8 -> 475739 | L10: =K10/K7-1 -> 0.31988769 | N10: =AVERAGE(J8:J10) -> 200.03798 | O10: =N10/N7-1 -> #DIV/0!
D11: =H11/21 -> 30787.905 | E11: =D11/D10-1 -> 0.51317409 | G11: 2022년07월 | H11: 646546 | I11: 1789.1 | J11: =H11/I11 -> 361.38058
D12: =H12/22 -> 12256.773 | E12: =D12/D11-1 -> -0.6018965 | G12: 2022년08월 | H12: 269649 | I12: 896.6 | J12: =H12/I12 -> 300.74615
A13: =AVERAGE(D11:D13) -> 22392.759 | B13: =A13/A10-1 -> 1.9653735 | D13: =H13/20 -> 24133.6 | E13: =D13/D12-1 -> 0.96900118 | G13: 2022년09월 | H13: 482672 | I13: 1577.7 | J13: =H13/I13 -> 305.93395 | K13: =H13+H12+H11 -> 1398867 | L13: =K13/K10-1 -> 1.9404085 | N13: =AVERAGE(J11:J13) -> 322.6869 | O13: =N13/N10-1 -> 0.61312813
D14: =H14/20 -> 16592.55 | E14: =D14/D13-1 -> -0.31247099 | G14: 2022년10월 | H14: 331851 | I14: 1257.61 | J14: =H14/I14 -> 263.87433
D15: =H15/22 -> 19286.727 | E15: =D15/D14-1 -> 0.16237271 | G15: 2022년11월 | H15: 424308 | I15: 1440.7 | J15: =H15/I15 -> 294.51517
A16: =AVERAGE(D14:D16) -> 14839.411 | B16: =A16/A13-1 -> -0.3373121 | D16: =H16/22 -> 8638.9545 | E16: =D16/D15-1 -> -0.55207774 | G16: 2022년12월 | H16: 190057 | I16: 1125 | J16: =H16/I16 -> 168.93956 | K16: =H16+H15+H14 -> 946216 | L16: =K16/K13-1 -> -0.32358401 | N16: =AVERAGE(J14:J16) -> 242.44302 | O16: =N16/N13-1 -> -0.24867411
D17: =H17/20 -> 8273.85 | E17: =D17/D16-1 -> -0.042262584 | F17: =D17/D5-1 -> -0.54090151 | G17: 2023년 1월 | H17: 165477 | I17: 1018 | J17: =H17/I17 -> 162.55108
D18: =H18/20 -> 8418.4 | E18: =D18/D17-1 -> 0.017470706 | F18: =D18/D6-1 -> #DIV/0! | G18: 2023년 2월 | H18: 168368 | I18: 1087.24 | J18: =H18/I18 -> 154.85817
A19: =AVERAGE(D17:D19) -> 7511.5833 | B19: =A19/A16-1 -> -0.49380851 | C19: =A19/A7-1 -> 0.25040576 | D19: =H19/22 -> 5842.5 | E19: =D19/D18-1 -> -0.30598451 | F19: =D19/D7-1 -> #DIV/0! | G19: 2023년 3월 | H19: 128535 | I19: 900 | J19: =H19/I19 -> 142.81667 | K19: =H19+H18+H17 -> 462380 | L19: =K19/K16-1 -> -0.51133779 | M19: =K19/K7-1 -> 0.28282456 | N19: =AVERAGE(J17:J19) -> 153.40864 | O19: =N19/N16-1 -> -0.36723837
D20: =H20/20 -> 11637.2 | E20: =D20/D19-1 -> 0.99181857 | F20: =D20/D8-1 -> 1000.5623 | G20: 2023년 4월 | H20: 232744 | I20: 1420.52 | J20: =H20/I20 -> 163.84423
D21: =H21/21 -> 29067.333 | E21: =D21/D20-1 -> 1.4977944 | F21: =D21/D9-1 -> 11.659726 | G21: 2023년 5월 | H21: 610414 | I21: 3643.4 | J21: =H21/I21 -> 167.53966
A22: =AVERAGE(D20:D22) -> 18918.194 | B22: =A22/A19-1 -> 1.5185361 | C22: =A22/A10-1 -> 1.5052522 | D22: =H22/21 -> 16050.048 | E22: =D22/D21-1 -> -0.44783213 | F22: =D22/D10-1 -> -0.21116697 | G22: 2023년 6월 | H22: 337051 | I22: 1951 | J22: =H22/I22 -> 172.75807 | K22: =H22+H21+H20 -> 1180209 | L22: =K22/K19-1 -> 1.5524655 | M22: =K22/K10-1 -> 1.4807909 | N22: =AVERAGE(J20:J22) -> 168.04732 | O22: =N22/N19-1 -> 0.095422786
D23: =H23/21 -> 16346.762 | E23: =D23/D22-1 -> 0.018486817 | F23: =D23/D11-1 -> -0.46905247 | G23: 2023년 7월 | H23: 343282 | I23: 2241.71 | J23: =H23/I23 -> 153.13399
D24: =H24/22 -> 7863.6818 | E24: =D24/D23-1 -> -0.5189456 | F24: =D24/D12-1 -> -0.3584215 | G24: 2023년 8월 | H24: 173001 | I24: 976.3 | J24: =H24/I24 -> 177.20066
A25: =AVERAGE(D23:D25) -> 47291.674 | B25: =A25/A22-1 -> 1.4997986 | C25: =A25/A13-1 -> 1.1119181 | D25: =H25/19 -> 117664.58 | E25: =D25/D24-1 -> 13.963039 | F25: =D25/D13-1 -> 3.8755502 | G25: 2023년 9월 | H25: 2235627 | I25: 7594.6 | J25: =H25/I25 -> 294.37061 | K25: =H25+H24+H23 -> 2751910 | L25: =K25/K22-1 -> 1.3317141 | M25: =K25/K13-1 -> 0.96724206 | N25: =AVERAGE(J23:J25) -> 208.23508 | O25: =N25/N22-1 -> 0.23914552
D26: =H26/19 -> 135481.26 | E26: =D26/D25-1 -> 0.15141927 | F26: =D26/D14-1 -> 7.1651864 | G26: 2023년 10월 | H26: 2574144 | I26: 7808.3 | J26: =H26/I26 -> 329.66766
D27: =H27/22 -> 35977.591 | E27: =D27/D26-1 -> -0.734446 | F27: =D27/D15-1 -> 0.86540673 | G27: 2023년 11월 | H27: 791507 | I27: 5720.6 | J27: =H27/I27 -> 138.36084
A28: =AVERAGE(D26:D28) -> 67751.39 | B28: =A28/A25-1 -> 0.43262828 | C28: =A28/A16-1 -> 3.5656389 | D28: =H28/19 -> 31795.316 | E28: =D28/D27-1 -> -0.11624667 | F28: =D28/D16-1 -> 2.6804587 | G28: 2023년 12월 | H28: 604111 | I28: 3755.8 | J28: =H28/I28 -> 160.84749 | K28: =H28+H27+H26 -> 3969762 | L28: =K28/K25-1 -> 0.4425479 | M28: =K28/K16-1 -> 3.1954078 | N28: =AVERAGE(J26:J28) -> 209.62533 | O28: =N28/N25-1 -> 0.0066763236
D29: =H29/22 -> 22005.045 | E29: =D29/D28-1 -> -0.30791549 | F29: =D29/D17-1 -> 1.6595896 | G29: 2024년 1월 | H29: 484111 | I29: 3506.5 | J29: =H29/I29 -> 138.06103
D30: =H30/19 -> 11705.211 | E30: =D30/D29-1 -> -0.46806697 | F30: =D30/D18-1 -> 0.39043174 | G30: 2024년 2월 | H30: 222399 | I30: 1266 | J30: =H30/I30 -> 175.67062
A31: =AVERAGE(D29:D31) -> 12328.552 | B31: =A31/A28-1 -> -0.81803249 | C31: =A31/A19-1 -> 0.64127208 | D31: =H31/20 -> 3275.4 | E31: =D31/D30-1 -> -0.7201759 | F31: =D31/D19-1 -> -0.43938383 | G31: 2024년 3월 | H31: 65508 | I31: 240.3 | J31: =H31/I31 -> 272.60924 | K31: =H31+H30+H29 -> 772018 | L31: =K31/K28-1 -> -0.80552537 | M31: =K31/K19-1 -> 0.66966132 | N31: =AVERAGE(J29:J31) -> 195.44696 | O31: =N31/N28-1 -> -0.06763671
D32: =H32/21 -> 2322.7143 | E32: =D32/D31-1 -> -0.29086088 | F32: =D32/D20-1 -> -0.80040609 | G32: 2024년 4월 | H32: 48777 | I32: 182 | J32: =H32/I32 -> 268.00549
D33: =H33/21 -> 18308.238 | E33: =D33/D32-1 -> 6.8822601 | F33: =D33/D21-1 -> -0.37014387 | G33: 2024년 5월 | H33: 384473 | I33: 2625 | J33: =H33/I33 -> 146.4659
A34: =AVERAGE(D32:D34) -> 14739.633 | B34: =A34/A31-1 -> 0.19556889 | C34: =A34/A22-1 -> -0.22087523 | D34: =H34/19 -> 23587.947 | E34: =D34/D33-1 -> 0.28837888 | F34: =D34/D22-1 -> 0.46964968 | G34: 2024년 6월 | H34: 448171 | I34: 1302.59 | J34: =H34/I34 -> 344.06145 | K34: =H34+H33+H32 -> 881421 | L34: =K34/K31-1 -> 0.14171043 | M34: =K34/K22-1 -> -0.25316533 | N34: =AVERAGE(J32:J34) -> 252.84428 | O34: =N34/N31-1 -> 0.29367211
D35: =H35/23 -> 21396.565 | E35: =D35/D34-1 -> -0.092902622 | F35: =D35/D23-1 -> 0.30891765 | G35: 2024년 7월 | H35: 492121 | I35: 1500 | J35: =H35/I35 -> 328.08067
D36: =H36/21 -> 26355.714 | E36: =D36/D35-1 -> 0.23177314 | F36: =D36/D24-1 -> 2.3515744 | G36: 2024년 8월 | H36: 553470 | I36: 1800 | J36: =H36/I36 -> 307.48333
A37: =AVERAGE(D35:D37) -> 20889.723 | B37: =A37/A34-1 -> 0.41724848 | C37: =A37/A25-1 -> -0.55827906 | D37: =H37/18 -> 14916.889 | E37: =D37/D36-1 -> -0.4340169 | F37: =D37/D25-1 -> -0.87322532 | G37: 2024년 9월 | H37: 268504 | I37: 1154.32 | J37: =H37/I37 -> 232.60794 | K37: =H37+H36+H35 -> 1314095 | L37: =K37/K34-1 -> 0.49088234 | M37: =K37/K25-1 -> -0.52247893 | N37: =AVERAGE(J35:J37) -> 289.39065 | O37: =N37/N34-1 -> 0.144541
D38: =H38/20 -> 17811.45 | E38: =D38/D37-1 -> 0.1940459 | F38: =D38/D26-1 -> -0.86853201 | G38: 2024년 10월 | H38: 356229 | I38: 1290 | J38: =H38/I38 -> 276.14651
D39: =H39/21 -> 19695.286 | E39: =D39/D38-1 -> 0.10576543 | F39: =D39/D27-1 -> -0.45256797 | G39: 2024년 11월 | H39: 413601 | I39: 967 | J39: =H39/I39 -> 427.71562
A40: =AVERAGE(D38:D40) -> 14311.674 | B40: =A40/A37-1 -> -0.31489403 | C40: =A40/A28-1 -> -0.78876192 | D40: =H40/21 -> 5428.2857 | E40: =D40/D39-1 -> -0.72438655 | F40: =D40/D28-1 -> -0.82927404 | G40: 2024년 12월 | H40: 113994 | I40: 340 | J40: =H40/I40 -> 335.27647 | K40: =H40+H39+H38 -> 883824 | L40: =K40/K37-1 -> -0.32742762 | M40: =K40/K28-1 -> -0.77736096 | N40: =AVERAGE(J38:J40) -> 346.37953 | O40: =N40/N37-1 -> 0.19692718
D41: =H41/18 -> 11946.333 | E41: =D41/D40-1 -> 1.2007562 | F41: =D41/D29-1 -> -0.45710935 | G41: 2025년 1월 | H41: 215034 | I41: 820 | J41: =H41/I41 -> 262.23659
D42: =H42/20 -> 9257.65 | E42: =D42/D41-1 -> -0.22506348 | F42: =D42/D30-1 -> -0.20910009 | G42: 2025년 2월 | H42: 185153 | I42: 1272.7 | J42: =H42/I42 -> 145.48047
A43: =AVERAGE(D41:D43) -> 9706.6778 | B43: =A43/A40-1 -> -0.32176502 | C43: =A43/A31-1 -> -0.21266684 | D43: =H43/20 -> 7916.05 | E43: =D43/D42-1 -> -0.14491799 | F43: =D43/D31-1 -> 1.4168193 | G43: 2025년 3월 | H43: 158321 | I43: 1189 | J43: =H43/I43 -> 133.15475 | K43: =H43+H42+H41 -> 558508 | L43: =K43/K40-1 -> -0.36807781 | M43: =K43/K31-1 -> -0.27656091 | N43: =AVERAGE(J41:J43) -> 180.2906 | O43: =N43/N40-1 -> -0.47949983
D44: =H44/22 -> 13365.455 | E44: =D44/D43-1 -> 0.68839946 | F44: =D44/D32-1 -> 4.7542396 | G44: 2025년 4월 | H44: 294040 | I44: 1987.62 | J44: =H44/I44 -> 147.93572
D45: =H45/20 -> 9928.65 | E45: =D45/D44-1 -> -0.25714087 | F45: =D45/D33-1 -> -0.45769495 | G45: 2025년 5월 | H45: 198573 | I45: 1223.2 | J45: =H45/I45 -> 162.33895
A46: =AVERAGE(D44:D46) -> 37138.316 | B46: =A46/A43-1 -> 2.8260583 | C46: =A46/A34-1 -> 1.5196228 | D46: =H46/19 -> 88120.842 | E46: =D46/D45-1 -> 7.8754103 | F46: =D46/D34-1 -> 2.7358419 | G46: 2025년 6월 | H46: 1674296 | I46: 5766.41 | J46: =H46/I46 -> 290.35327 | K46: =H46+H45+H44 -> 2166909 | L46: =K46/K43-1 -> 2.8798173 | M46: =K46/K34-1 -> 1.4584268 | N46: =AVERAGE(J44:J46) -> 200.20931 | O46: =N46/N43-1 -> 0.11048113
D47: =H47/19 -> 15577.737 | E47: =D47/D46-1 -> -0.82322301 | F47: =D47/D35-1 -> -0.27195152 | G47: 2025년 7월 | H47: 295977 | I47: 2564 | J47: =H47/I47 -> 115.43565
D48: =H48/20 -> 12219.9 | E48: =D48/D47-1 -> -0.21555357 | F48: =D48/D36-1 -> -0.53634723 | G48: 2025년 8월 | H48: 244398 | I48: 1713.2 | J48: =H48/I48 -> 142.65585
A49: =AVERAGE(D47:D49) -> 22591.985 | B49: =A49/A46-1 -> -0.39167987 | C49: =A49/A37-1 -> 0.081488023 | D49: =H49/22 -> 39978.318 | E49: =D49/D48-1 -> 2.2715749 | F49: =D49/D37-1 -> 1.6800708 | G49: 2025년 9월 | H49: 879523 | I49: 3952 | J49: =H49/I49 -> 222.55137 | K49: =H49+H48+H47 -> 1419898 | L49: =K49/K46-1 -> -0.34473575 | M49: =K49/K37-1 -> 0.080513966 | N49: =AVERAGE(J47:J49) -> 160.21429 | O49: =N49/N46-1 -> -0.19976606
D50: =H50/18 -> 179194.06 | E50: =D50/D49-1 -> 3.482281 | F50: =D50/D38-1 -> 9.0606102 | G50: 2025년 10월 | H50: 3225493 | I50: 4322.1 | J50: =H50/I50 -> 746.27912
D51: =H51/20 -> 203170.65 | E51: =D51/D50-1 -> 0.1338024 | F51: =D51/D39-1 -> 9.3156996 | G51: 2025년 11월 | H51: 4063413 | I51: 3809.76 | J51: =H51/I51 -> 1066.5798
A52: =AVERAGE(D50:D52) -> 164769.52 | B52: =A52/A49-1 -> 6.2932734 | C52: =A52/A40-1 -> 10.512946 | D52: =H52/22 -> 111943.86 | E52: =D52/D51-1 -> -0.44901558 | F52: =D52/D40-1 -> 19.622323 | G52: 2025년 12월 | H52: 2462765 | I52: 4047.89 | J52: =H52/I52 -> 608.4071 | K52: =H52+H51+H50 -> 9751671 | L52: =K52/K49-1 -> 5.8678673 | M52: =K52/K40-1 -> 10.033499 | N52: =AVERAGE(J50:J52) -> 807.08867 | O52: =N52/N49-1 -> 4.0375574
D53: =H53/21 -> 41274.857 | E53: =D53/D52-1 -> -0.63128969 | F53: =D53/D41-1 -> 2.4550231 | G53: 2026년 1월 | H53: 866772 | I53: 2886.5 | J53: =H53/I53 -> 300.28477
D54: =H54/17 -> 166273.47 | E54: =D54/D53-1 -> 3.0284445 | F54: =D54/D42-1 -> 16.960656 | G54: 2026년 2월 | H54: 2826649 | I54: 1164.9 | J54: =H54/I54 -> 2426.5164
A55: =AVERAGE(D53:D55) -> 85776.284 | B55: =A55/A52-1 -> -0.47941657 | C55: =A55/A43-1 -> 7.8368323 | D55: =H55/21 -> 49780.524 | E55: =D55/D54-1 -> -0.70061054 | F55: =D55/D43-1 -> 5.288556 | G55: 2026년 3월 | H55: 1045391 | I55: 3286.35 | J55: =H55/I55 -> 318.10093 | K55: =H55+H54+H53 -> 4738812 | L55: =K55/K52-1 -> -0.51405128 | M55: =K55/K43-1 -> 7.4847701 | N55: =AVERAGE(J53:J55) -> 1014.9674 | O55: =N55/N52-1 -> 0.25756614
D56: =H56/22 -> 18598.136 | E56: =D56/D55-1 -> -0.62639733 | F56: =D56/D44-1 -> 0.39150796 | G56: 2026년 4월 | H56: 409159 | I56: 1965.8 | J56: =H56/I56 -> 208.13867
D57: =H57/18 -> 384113.17 | E57: =D57/D56-1 -> 19.653315 | F57: =D57/D45-1 -> 37.687351 | G57: 2026년 5월 | H57: 6914037 | I57: 2912.81 | J57: =H57/I57 -> 2373.6656
A58: =AVERAGE(D56:D58) -> 201355.65 | B58: =A58/A55-1 -> 1.3474513 | C58: =A58/A46-1 -> 4.4217766 | K58: =H58+H57+H56 -> 7323196 | L58: =K58/K55-1 -> 0.54536538 | M58: =K58/K46-1 -> 2.3795586 | N58: =AVERAGE(J56:J58) -> 1290.9022 | O58: =N58/N55-1 -> 0.27186565

Sheet sk하이닉스(디램 + 낸드)
A1: =P1 -> sk하이닉스 | P1: sk하이닉스
P2: 8542.32-1010 + 경기 이천 + 충북 청주
G3: 년월 | H3: 금액(달러) | I3: 중량 | P3: 8542321030 + 경기 이천 + 충북 청주
A4: 분기(일평균) | B4: QoQ | D4: 일평균수출 | E4: mom | F4: yoy | J4: 금액(달러)/중량 | L4: QoQ | M4: yoy | N4: 단가 | O4: QoQ
D5: =H5/20 -> 17923265 | G5: 2022년01월 | H5: ='sk하이닉스(디램 합)'!H5+'sk하이닉스(낸드 합)'!H5 -> 358465302 | I5: ='sk하이닉스(디램 합)'!I5+'sk하이닉스(낸드 합)'!I5 -> 32214.87 | J5: =H5/I5 -> 11127.324
D6: =H6/18 -> 25077810 | E6: =D6/D5-1 -> 0.3991764 | G6: 2022년02월 | H6: ='sk하이닉스(디램 합)'!H6+'sk하이닉스(낸드 합)'!H6 -> 451400573 | I6: ='sk하이닉스(디램 합)'!I6+'sk하이닉스(낸드 합)'!I6 -> 34160.01 | J6: =H6/I6 -> 13214.299
A7: =AVERAGE(D5:D7) -> 22233887 | D7: =H7/22 -> 23700587 | E7: =D7/D6-1 -> -0.054917964 | G7: 2022년03월 | H7: ='sk하이닉스(디램 합)'!H7+'sk하이닉스(낸드 합)'!H7 -> 521412922 | I7: ='sk하이닉스(디램 합)'!I7+'sk하이닉스(낸드 합)'!I7 -> 32589.93 | J7: =H7/I7 -> 15999.203 | K7: =H7+H6+H5 -> 1331278797 | N7: =AVERAGE(J5:J7) -> 13446.942
D8: =H8/21 -> 19500747 | E8: =D8/D7-1 -> -0.17720404 | G8: 2022년04월 | H8: ='sk하이닉스(디램 합)'!H8+'sk하이닉스(낸드 합)'!H8 -> 409515697 | I8: ='sk하이닉스(디램 합)'!I8+'sk하이닉스(낸드 합)'!I8 -> 28626.04 | J8: =H8/I8 -> 14305.705
D9: =H9/21 -> 22672683 | E9: =D9/D8-1 -> 0.16265712 | G9: 2022년05월 | H9: ='sk하이닉스(디램 합)'!H9+'sk하이닉스(낸드 합)'!H9 -> 476126339 | I9: ='sk하이닉스(디램 합)'!I9+'sk하이닉스(낸드 합)'!I9 -> 32894.76 | J9: =H9/I9 -> 14474.231
A10: =AVERAGE(D8:D10) -> 22719121 | B10: =A10/A7-1 -> 0.021824072 | D10: =H10/21 -> 25983934 | E10: =D10/D9-1 -> 0.14604583 | G10: 2022년06월 | H10: ='sk하이닉스(디램 합)'!H10+'sk하이닉스(낸드 합)'!H10 -> 545662607 | I10: ='sk하이닉스(디램 합)'!I10+'sk하이닉스(낸드 합)'!I10 -> 39264.65 | J10: =H10/I10 -> 13897.045 | K10: =H10+H9+H8 -> 1431304643 | L10: =K10/K7-1 -> 0.07513516 | N10: =AVERAGE(J8:J10) -> 14225.66 | O10: =N10/N7-1 -> 0.057910432
D11: =H11/21 -> 24532858 | E11: =D11/D10-1 -> -0.055845109 | G11: 2022년07월 | H11: ='sk하이닉스(디램 합)'!H11+'sk하이닉스(낸드 합)'!H11 -> 515190019 | I11: ='sk하이닉스(디램 합)'!I11+'sk하이닉스(낸드 합)'!I11 -> 38188.67 | J11: =H11/I11 -> 13490.651
D12: =H12/22 -> 26648696 | E12: =D12/D11-1 -> 0.086245086 | G12: 2022년08월 | H12: ='sk하이닉스(디램 합)'!H12+'sk하이닉스(낸드 합)'!H12 -> 586271323 | I12: ='sk하이닉스(디램 합)'!I12+'sk하이닉스(낸드 합)'!I12 -> 46584.72 | J12: =H12/I12 -> 12585.056
A13: =AVERAGE(D11:D13) -> 25570636 | B13: =A13/A10-1 -> 0.12551168 | D13: =H13/20 -> 25530355 | E13: =D13/D12-1 -> -0.0419661 | G13: 2022년09월 | H13: ='sk하이닉스(디램 합)'!H13+'sk하이닉스(낸드 합)'!H13 -> 510607093 | I13: ='sk하이닉스(디램 합)'!I13+'sk하이닉스(낸드 합)'!I13 -> 44935.58 | J13: =H13/I13 -> 11363.091 | K13: =H13+H12+H11 -> 1612068435 | L13: =K13/K10-1 -> 0.12629302 | N13: =AVERAGE(J11:J13) -> 12479.599 | O13: =N13/N10-1 -> -0.12274023
D14: =H14/20 -> 19608387 | E14: =D14/D13-1 -> -0.2319579 | G14: 2022년10월 | H14: ='sk하이닉스(디램 합)'!H14+'sk하이닉스(낸드 합)'!H14 -> 392167743 | I14: ='sk하이닉스(디램 합)'!I14+'sk하이닉스(낸드 합)'!I14 -> 40947.5 | J14: =H14/I14 -> 9577.3306
