Workbook

Sheet DB
A1: 날짜 | B1: 시가 | C1: 고가 | D1: 저가 | E1: 종가 | F1: 거래량
A2: =원천!A15 -> 45390 | B2: =원천!B15 -> 32600 | C2: =원천!C15 -> 32950 | D2: =원천!D15 -> 32550 | E2: =원천!E15 -> 32700 | F2: =원천!F15 -> 250420
A3: =원천!A16 -> 45391 | B3: =원천!B16 -> 32950 | C3: =원천!C16 -> 33400 | D3: =원천!D16 -> 32800 | E3: =원천!E16 -> 33000 | F3: =원천!F16 -> 392764
A4: =원천!A17 -> 45393 | B4: =원천!B17 -> 32650 | C4: =원천!C17 -> 33400 | D4: =원천!D17 -> 32550 | E4: =원천!E17 -> 33400 | F4: =원천!F17 -> 489205
A5: =원천!A18 -> 45394 | B5: =원천!B18 -> 33150 | C5: =원천!C18 -> 33200 | D5: =원천!D18 -> 32600 | E5: =원천!E18 -> 32700 | F5: =원천!F18 -> 310740
A6: =원천!A19 -> 45397 | B6: =원천!B19 -> 32400 | C6: =원천!C19 -> 32650 | D6: =원천!D19 -> 32200 | E6: =원천!E19 -> 32350 | F6: =원천!F19 -> 246570
A7: =원천!A20 -> 45398 | B7: =원천!B20 -> 32150 | C7: =원천!C20 -> 32300 | D7: =원천!D20 -> 31450 | E7: =원천!E20 -> 31500 | F7: =원천!F20 -> 380437
A8: =원천!A21 -> 45399 | B8: =원천!B21 -> 31550 | C8: =원천!C21 -> 31750 | D8: =원천!D21 -> 31200 | E8: =원천!E21 -> 31350 | F8: =원천!F21 -> 277361
A9: =원천!A22 -> 45400 | B9: =원천!B22 -> 31700 | C9: =원천!C22 -> 32400 | D9: =원천!D22 -> 31500 | E9: =원천!E22 -> 32400 | F9: =원천!F22 -> 297725
A10: =원천!A23 -> 45401 | B10: =원천!B23 -> 32000 | C10: =원천!C23 -> 33450 | D10: =원천!D23 -> 31600 | E10: =원천!E23 -> 33250 | F10: =원천!F23 -> 727477
A11: =원천!A24 -> 45404 | B11: =원천!B24 -> 33600 | C11: =원천!C24 -> 34150 | D11: =원천!D24 -> 33450 | E11: =원천!E24 -> 34000 | F11: =원천!F24 -> 890029
A12: =원천!A25 -> 45405 | B12: =원천!B25 -> 34000 | C12: =원천!C25 -> 34200 | D12: =원천!D25 -> 33700 | E12: =원천!E25 -> 34200 | F12: =원천!F25 -> 566126
A13: =원천!A26 -> 45406 | B13: =원천!B26 -> 34300 | C13: =원천!C26 -> 34800 | D13: =원천!D26 -> 34000 | E13: =원천!E26 -> 34600 | F13: =원천!F26 -> 621567
... A301: =원천!A314 -> 45842 | B301: =원천!B314 -> 74100 | C301: =원천!C314 -> 75500 | D301: =원천!D314 -> 70700 | E301: =원천!E314 -> 71300 | F301: =원천!F314 -> 1177507

Sheet DB (2)
A1: 날짜 | B1: 시가 | C1: 고가 | D1: 저가 | E1: 종가 | F1: 거래량 | G1: 5일누적 기관 매수수량(일간) | H1: 5일누적 기관 매도수량(일간)
A2: =원천!A15 -> 45390 | B2: =원천!B15 -> 32600 | C2: =원천!C15 -> 32950 | D2: =원천!D15 -> 32550 | E2: =원천!E15 -> 32700 | F2: =원천!F15 -> 250420 | G2: =원천!G15 -> 254703 | H2: =원천!H15 -> 382192
A3: =원천!A16 -> 45391 | B3: =원천!B16 -> 32950 | C3: =원천!C16 -> 33400 | D3: =원천!D16 -> 32800 | E3: =원천!E16 -> 33000 | F3: =원천!F16 -> 392764 | G3: =원천!G16 -> 365300 | H3: =원천!H16 -> 368653
A4: =원천!A17 -> 45393 | B4: =원천!B17 -> 32650 | C4: =원천!C17 -> 33400 | D4: =원천!D17 -> 32550 | E4: =원천!E17 -> 33400 | F4: =원천!F17 -> 489205 | G4: =원천!G17 -> 465988 | H4: =원천!H17 -> 363889
A5: =원천!A18 -> 45394 | B5: =원천!B18 -> 33150 | C5: =원천!C18 -> 33200 | D5: =원천!D18 -> 32600 | E5: =원천!E18 -> 32700 | F5: =원천!F18 -> 310740 | G5: =원천!G18 -> 468579 | H5: =원천!H18 -> 353172
A6: =원천!A19 -> 45397 | B6: =원천!B19 -> 32400 | C6: =원천!C19 -> 32650 | D6: =원천!D19 -> 32200 | E6: =원천!E19 -> 32350 | F6: =원천!F19 -> 246570 | G6: =원천!G19 -> 368703 | H6: =원천!H19 -> 335967
A7: =원천!A20 -> 45398 | B7: =원천!B20 -> 32150 | C7: =원천!C20 -> 32300 | D7: =원천!D20 -> 31450 | E7: =원천!E20 -> 31500 | F7: =원천!F20 -> 380437 | G7: =원천!G20 -> 366499 | H7: =원천!H20 -> 392532
A8: =원천!A21 -> 45399 | B8: =원천!B21 -> 31550 | C8: =원천!C21 -> 31750 | D8: =원천!D21 -> 31200 | E8: =원천!E21 -> 31350 | F8: =원천!F21 -> 277361 | G8: =원천!G21 -> 276515 | H8: =원천!H21 -> 416838
A9: =원천!A22 -> 45400 | B9: =원천!B22 -> 31700 | C9: =원천!C22 -> 32400 | D9: =원천!D22 -> 31500 | E9: =원천!E22 -> 32400 | F9: =원천!F22 -> 297725 | G9: =원천!G22 -> 163689 | H9: =원천!H22 -> 309658
A10: =원천!A23 -> 45401 | B10: =원천!B23 -> 32000 | C10: =원천!C23 -> 33450 | D10: =원천!D23 -> 31600 | E10: =원천!E23 -> 33250 | F10: =원천!F23 -> 727477 | G10: =원천!G23 -> 330258 | H10: =원천!H23 -> 342762
A11: =원천!A24 -> 45404 | B11: =원천!B24 -> 33600 | C11: =원천!C24 -> 34150 | D11: =원천!D24 -> 33450 | E11: =원천!E24 -> 34000 | F11: =원천!F24 -> 890029 | G11: =원천!G24 -> 423183 | H11: =원천!H24 -> 371594
A12: =원천!A25 -> 45405 | B12: =원천!B25 -> 34000 | C12: =원천!C25 -> 34200 | D12: =원천!D25 -> 33700 | E12: =원천!E25 -> 34200 | F12: =원천!F25 -> 566126 | G12: =원천!G25 -> 462541 | H12: =원천!H25 -> 371597
A13: =원천!A26 -> 45406 | B13: =원천!B26 -> 34300 | C13: =원천!C26 -> 34800 | D13: =원천!D26 -> 34000 | E13: =원천!E26 -> 34600 | F13: =원천!F26 -> 621567 | G13: =원천!G26 -> 516602 | H13: =원천!H26 -> 323766
... A329: =원천!A342 -> 0 | B329: =원천!B342 -> 0 | C329: =원천!C342 -> 0 | D329: =원천!D342 -> 0 | E329: =원천!E342 -> 0 | F329: =원천!F342 -> 0 | G329: =원천!G342 -> 0 | H329: =원천!H342 -> 0

Sheet 원천
A1: Refresh | B1: Last Update : 2025-07-05 23:09:16
A2: 0
A3: Time Series (Company)
A4: Frequency | B4: D | C4: Ascending | D4: 0
A5: Period(From) | B5: 20240408 | C5: Korean | D5: 0
A6: Period(To) | B6: 20250704 | D6: 0
A8: Code | B8: A000720 | C8: =B8 -> A000720 | D8: =C8 -> A000720 | E8: =D8 -> A000720 | F8: =E8 -> A000720 | G8: =F8 -> A000720 | H8: =G8 -> A000720
A9: Name | B9: 현대건설 | C9: 현대건설 | D9: 현대건설 | E9: 현대건설 | F9: 현대건설 | G9: 현대건설 | H9: 현대건설
A10: Item Code | B10: S100110 | C10: S100120 | D10: S100130 | E10: S100100 | F10: S100900 | G10: U510110 | H10: U510210
A11: Unit | B11: Local/Shares | C11: Local/Shares | D11: Local/Shares | E11: Local/Shares | F11: Shares | G11: Shares | H11: Shares
A12: Base Date
A14: D A T E | B14: 시가 | C14: 고가 | D14: 저가 | E14: 종가 | F14: 거래량 | G14: 5일누적 기관 매수수량(일간) | H14: 5일누적 기관 매도수량(일간)
A15: 45390 | B15: 32600 | C15: 32950 | D15: 32550 | E15: 32700 | F15: 250420 | G15: 254703 | H15: 382192
A16: 45391 | B16: 32950 | C16: 33400 | D16: 32800 | E16: 33000 | F16: 392764 | G16: 365300 | H16: 368653
A17: 45393 | B17: 32650 | C17: 33400 | D17: 32550 | E17: 33400 | F17: 489205 | G17: 465988 | H17: 363889
A18: 45394 | B18: 33150 | C18: 33200 | D18: 32600 | E18: 32700 | F18: 310740 | G18: 468579 | H18: 353172
A19: 45397 | B19: 32400 | C19: 32650 | D19: 32200 | E19: 32350 | F19: 246570 | G19: 368703 | H19: 335967
A20: 45398 | B20: 32150 | C20: 32300 | D20: 31450 | E20: 31500 | F20: 380437 | G20: 366499 | H20: 392532
A21: 45399 | B21: 31550 | C21: 31750 | D21: 31200 | E21: 31350 | F21: 277361 | G21: 276515 | H21: 416838
A22: 45400 | B22: 31700 | C22: 32400 | D22: 31500 | E22: 32400 | F22: 297725 | G22: 163689 | H22: 309658
A23: 45401 | B23: 32000 | C23: 33450 | D23: 31600 | E23: 33250 | F23: 727477 | G23: 330258 | H23: 342762
A24: 45404 | B24: 33600 | C24: 34150 | D24: 33450 | E24: 34000 | F24: 890029 | G24: 423183 | H24: 371594
A25: 45405 | B25: 34000 | C25: 34200 | D25: 33700 | E25: 34200 | F25: 566126 | G25: 462541 | H25: 371597
A26: 45406 | B26: 34300 | C26: 34800 | D26: 34000 | E26: 34600 | F26: 621567 | G26: 516602 | H26: 323766
... A314: 45842 | B314: 74100 | C314: 75500 | D314: 70700 | E314: 71300 | F314: 1177507 | G314: 1599147 | H314: 2225806
