Workbook

Sheet 반도체 수출 판가 증가율
A1: Refresh | B1: Last Update : 2026-05-21 08:15:52 | L1: 수출데이터는 한달에 3번 매월 1일, 11일, 21일 발표합니다.
A2: 0 | L2: 확정수출데이터는 매월 15일에 발표하고 전월 확정을 발표합니다.
A3: Time Series (Company)
A4: Frequency | B4: M | C4: Ascending | D4: 0 | L4: 수출데이터는 변동성 모멘텀, 상대강도 등 강한 섹터에서 수출데이터
A5: Period(From) | B5: 20070131 | C5: Korean | D5: 0 | L5: 발표를 위주로 살피는게 중요하고, 약한 섹터에서는 수출데이터가 크게
A6: Period(To) | B6: CPD [20260521] | L6: 급변하지 않는 이상 시장의 관심이 약합니다.
A8: Code | B8: A005930 | L8: rs 및 변동성 모멘텀 + 기관 유동성 + 주요 거래대금 을 기둥으로 하고
A9: Name | B9: 삼성전자 | L9: 거기에 조금더 확률을 높이기 위해 수출데이터를 보는 방법을 선호합니다.
A10: Item Code | B10: S300910 | L10: 수출데이터를 주력 지표로 보고 있진 않습니다.
A11: Unit | B11: Local/Shares
A12: Base Date
A14: D A T E | B14: 월간수정주가 | C14: 디램판가 | D14: 디램판가 yoy | E14: 디램수출 yoy
A15: 39113 | B15: 11580 | C15: 2282.1671 | E15: 673429633 | G15: 22 | H15: =E15/G15 -> 30610438
A16: 39141 | B16: 11340 | C16: 2080.0801 | E16: 521299068 | G16: 20 | H16: =E16/G16 -> 26064953
A17: 39171 | B17: 11260 | C17: 1436.0643 | E17: 545020575 | G17: 21 | H17: =E17/G17 -> 25953361
A18: 39202 | B18: 11480 | C18: 1253.1916 | E18: 517709975 | G18: 21 | H18: =E18/G18 -> 24652856
A19: 39233 | B19: 10700 | C19: 1256.475 | E19: 411857936 | G19: 23 | H19: =E19/G19 -> 17906867
A20: 39262 | B20: 11320 | C20: 1340.1394 | E20: 464977996 | G20: 20 | H20: =E20/G20 -> 23248900
A21: 39294 | B21: 12280 | C21: 1321.8147 | E21: 468238435 | G21: 22 | H21: =E21/G21 -> 21283565
A22: 39325 | B22: 11820 | C22: 1391.3241 | E22: 524072000 | G22: 22 | H22: =E22/G22 -> 23821455
A23: 39353 | B23: 11500 | C23: 1447.5453 | E23: 472642496 | G23: 20 | H23: =E23/G23 -> 23632125
A24: 39386 | B24: 11000 | C24: 1291.1539 | E24: 449158887 | G24: 21 | H24: =E24/G24 -> 21388518
A25: 39416 | B25: 11300 | C25: 1428.4301 | E25: 429390223 | G25: 22 | H25: =E25/G25 -> 19517737
A26: 39444 | B26: 11120 | C26: 1094.2401 | E26: 377614611 | G26: 19 | H26: =E26/G26 -> 19874453
A27: 39478 | B27: 11900 | C27: 1031.8422 | D27: =C27/C15-1 -> -0.54786739 | E27: 388308216 | F27: =E27/E15-1 -> -0.4233871 | G27: 22 | H27: =E27/G27 -> 17650373 | I27: =H27/H15-1 -> -0.4233871
A28: 39507 | B28: 11200 | C28: 1138.3693 | D28: =C28/C16-1 -> -0.45272813 | E28: 404505084 | F28: =E28/E16-1 -> -0.22404411 | G28: 21 | H28: =E28/G28 -> 19262147 | I28: =H28/H16-1 -> -0.26099439
A29: 39538 | B29: 12460 | C29: 1315.5591 | D29: =C29/C17-1 -> -0.083913504 | E29: 476066897 | F29: =E29/E17-1 -> -0.12651573 | G29: 21 | H29: =E29/G29 -> 22669852 | I29: =H29/H17-1 -> -0.12651573
A30: 39568 | B30: 14220 | C30: 1254.1787 | D30: =C30/C18-1 -> 0.00078771604 | E30: 425342672 | F30: =E30/E18-1 -> -0.17841515 | G30: 22 | H30: =E30/G30 -> 19333758 | I30: =H30/H18-1 -> -0.21575992
A31: 39598 | B31: 14820 | C31: 1336.0881 | D31: =C31/C19-1 -> 0.06336222 | E31: 457504077 | F31: =E31/E19-1 -> 0.11082982 | G31: 21 | H31: =E31/G31 -> 21785908 | I31: =H31/H19-1 -> 0.21662314
A32: 39629 | B32: 12500 | C32: 1405.2222 | D32: =C32/C20-1 -> 0.048564178 | E32: 478735318 | F32: =E32/E20-1 -> 0.029587039 | G32: 20 | H32: =E32/G32 -> 23936766 | I32: =H32/H20-1 -> 0.029587039
A33: 39660 | B33: 11280 | C33: 1427.831 | D33: =C33/C21-1 -> 0.080205128 | E33: 547325021 | F33: =E33/E21-1 -> 0.16890238 | G33: 23 | H33: =E33/G33 -> 23796740 | I33: =H33/H21-1 -> 0.11808054
A34: 39689 | B34: 10320 | C34: 1260.4473 | D34: =C34/C22-1 -> -0.094066394 | E34: 568252609 | F34: =E34/E22-1 -> 0.084302556 | G34: 20 | H34: =E34/G34 -> 28412630 | I34: =H34/H22-1 -> 0.19273281
A35: 39721 | B35: 10780 | C35: 1092.0841 | D35: =C35/C23-1 -> -0.24556133 | E35: 481671245 | F35: =E35/E23-1 -> 0.019102703 | G35: 22 | H35: =E35/G35 -> 21894148 | I35: =H35/H23-1 -> -0.073542998
A36: 39752 | B36: 10700 | C36: 850.73945 | D36: =C36/C24-1 -> -0.34110146 | E36: 368762884 | F36: =E36/E24-1 -> -0.17899235 | G36: 21 | H36: =E36/G36 -> 17560137 | I36: =H36/H24-1 -> -0.17899235
A37: 39780 | B37: 9720 | C37: 776.73353 | D37: =C37/C25-1 -> -0.45623272 | E37: 317521445 | F37: =E37/E25-1 -> -0.2605294 | G37: 20 | H37: =E37/G37 -> 15876072 | I37: =H37/H25-1 -> -0.18658234
A38: 39812 | B38: 9020 | C38: 791.41504 | D38: =C38/C26-1 -> -0.27674465 | E38: 273625655 | F38: =E38/E26-1 -> -0.27538383 | G38: 21 | H38: =E38/G38 -> 13029793 | I38: =H38/H26-1 -> -0.34439489
... A206: 44924 | B206: 55300 | C206: 7376.2759 | D206: =C206/C194-1 -> -0.57859318 | E206: 1419716100 | F206: =E206/E194-1 -> -0.40540574 | G206: 21 | H206: =E206/G206 -> 67605529 | I206: =H206/H194-1 -> -0.37709173
A207: 44957 | B207: 61000 | C207: 7561.4765 | D207: =C207/C195-1 -> -0.5070312 | E207: 889144043 | F207: =E207/E195-1 -> -0.66010395 | G207: 22 | H207: =디램!F17 -> 44457202 | I207: =H207/H195-1 -> -0.66010395
A208: 44985 | B208: 60600 | C208: 8346.8842 | D208: =C208/C196-1 -> -0.47462971 | E208: 947429033 | F208: =E208/E196-1 -> -0.43123683 | G208: 20 | H208: =디램!F18 -> 47371452 | I208: =H208/H196-1 -> -0.43123683
A209: 45016 | B209: 64000 | C209: 8549.7291 | D209: =C209/C197-1 -> -0.43703771 | E209: 1134771349 | F209: =E209/E197-1 -> -0.53912742 | G209: 22 | H209: =디램!F19 -> 51580516 | I209: =H209/H197-1 -> -0.53912742
A210: 45044 | B210: 65500 | C210: 7959.5589 | D210: =C210/C198-1 -> -0.50722719 | E210: 1163518682 | F210: =E210/E198-1 -> -0.46722586 | G210: 20 | H210: =디램!F20 -> 58175934 | I210: =H210/H198-1 -> -0.44058715
A211: 45077 | B211: 71400 | C211: 7567.6277 | D211: =C211/C199-1 -> -0.64627911 | E211: 1193004804 | F211: =E211/E199-1 -> -0.51699506 | G211: 22 | H211: =디램!F21 -> 56809753 | I211: =H211/H199-1 -> -0.51699506
A212: 45107 | B212: 72200 | C212: 7708.7108 | D212: =C212/C200-1 -> -0.54531376 | E212: 1164243281 | F212: =E212/E200-1 -> -0.53237092 | G212: 21 | H212: =디램!F22 -> 55440156 | I212: =H212/H200-1 -> -0.53237092
A213: 45138 | B213: 69800 | C213: 10863.606 | D213: =C213/C201-1 -> -0.13258243 | E213: 1142171397 | F213: =E213/E201-1 -> -0.51773967 | G213: 21 | H213: =디램!F23 -> 54389114 | I213: =H213/H201-1 -> -0.51773967
A214: 45169 | B214: 66900 | C214: 9972.0066 | D214: =C214/C202-1 -> -0.34198374 | E214: 1285823533 | F214: =E214/E202-1 -> -0.35812979 | G214: 22 | H214: =디램!F24 -> 58446524 | I214: =H214/H202-1 -> -0.35812979
A215: 45196 | B215: 68400 | C215: 8914.2125 | D215: =C215/C203-1 -> -0.35616038 | E215: 1181502470 | F215: =E215/E203-1 -> -0.35198873 | G215: 19 | H215: =디램!F25 -> 62184341 | I215: =H215/H203-1 -> -0.24967116
A216: 45230 | B216: 66900 | C216: 10150.539 | D216: =C216/C204-1 -> 0.1361178 | E216: 1140724023 | F216: =E216/E204-1 -> -0.27129548 | G216: 20 | H216: =디램!F26 -> 60038106 | I216: =H216/H204-1 -> -0.23294261
A217: 45260 | B217: 72800 | C217: 10382.542 | D217: =C217/C205-1 -> 0.20795933 | E217: 1341588637 | F217: =E217/E205-1 -> -0.043568405 | G217: 22 | H217: =디램!F27 -> 60981302 | I217: =H217/H205-1 -> -0.043568405
A218: 45288 | B218: 78500 | C218: 9082.5496 | D218: =C218/C206-1 -> 0.23131912 | E218: 1452659619 | F218: =E218/E206-1 -> 0.0232043 | G218: 19 | H218: =디램!F28 -> 76455769 | I218: =H218/H206-1 -> 0.13091002
... A232: 45716 | B232: 54500 | C232: 13397.087 | D232: =C232/C220-1 -> 0.043172258 | E232: 1681458212 | F232: =E232/E220-1 -> 0.12738932 | G232: 14 | H232: =디램!F42 -> 84072911 | I232: =H232/H220-1 -> 0.07101985
A233: 45747 | B233: 57800 | C233: 14202.583 | D233: =C233/C221-1 -> -0.016056977 | E233: 2106604276 | F233: =E233/E221-1 -> 0.29319435 | H233: =디램!F43 -> 1.0533021e+08 | I233: =H233/H221-1 -> 0.29319435
A234: 45777 | B234: 55500 | C234: 15695.093 | D234: =C234/C222-1 -> 0.046506202 | E234: 2103328275 | F234: =E234/E222-1 -> 0.31888008 | H234: =디램!F44 -> 95605831 | I234: =H234/H222-1 -> 0.25893099
A235: 45807 | B235: 56200 | C235: 14020.782 | D235: =C235/C223-1 -> -0.092997047 | E235: 2244898642 | F235: =E235/E223-1 -> 0.27036762 | H235: 1.1224493e+08 | I235: =H235/H223-1 -> 0.333886
A236: 45838 | B236: 59800 | C236: 12159.855 | D236: =C236/C224-1 -> -0.25119025 | E236: 2291729325 | F236: =E236/E224-1 -> 0.20663161 | H236: 1.2061733e+08 | I236: =H236/H224-1 -> 0.20663161
A237: 45869 | B237: 71400 | C237: 14894.109 | D237: =C237/C225-1 -> -0.2093756 | E237: 2387705705 | F237: =E237/E225-1 -> 0.20212602 | H237: 1.0381329e+08 | I237: =H237/H225-1 -> 0.20212602
A238: 45898 | B238: 69700 | C238: 17675.864 | D238: =C238/C226-1 -> -0.05888668 | E238: 2615929305 | F238: =E238/E226-1 -> 0.42178149 | H238: 1.3079647e+08 | I238: =H238/H226-1 -> 0.49287056
A239: 45930 | B239: 83900 | C239: 16604.588 | D239: =C239/C227-1 -> 0.067393208 | E239: 2653983105 | F239: =E239/E227-1 -> 0.40550091 | H239: 1.206356e+08 | I239: =H239/H227-1 -> 0.14995529
A240: 45961 | B240: 107500 | C240: =디램!I50 -> 20706.267 | D240: =C240/C228-1 -> 0.034866081 | E240: 2855276588 | F240: =E240/E228-1 -> 0.49331909 | H240: 1.5862648e+08 | I240: =H240/H228-1 -> 0.65924343
A241: 45989 | B241: 100500 | C241: =디램!I51 -> 24267.118 | D241: =C241/C229-1 -> 0.42196423
A242: 46021 | B242: 119900 | C242: =디램!I52 -> 23723.684 | D242: =C242/C230-1 -> 0.5341191
A243: 46052 | B243: 160500 | C243: =디램!I53 -> 35524.369 | D243: =C243/C231-1 -> 1.418305
A244: 46080 | B244: 216500 | C244: =디램!I54 -> 48169.418 | D244: =C244/C232-1 -> 2.5955143
A245: 46112 | B245: 167200 | C245: =디램!I55 -> 55148.496 | D245: =C245/C233-1 -> 2.8829905
A246: 46142 | B246: 220500 | C246: =디램!I56 -> 66478.838 | D246: =C246/C234-1 -> 3.2356448
A247: 46162 | B247: 276000 | C247: =디램!I57 -> 82819.884 | D247: =C247/C235-1 -> 4.9069377
A248: 6월 | C248: =C247 -> 82819.884 | D248: =C248/C236-1 -> 5.810927
C249: =C248 -> 82819.884 | D249: =C249/C237-1 -> 4.5605801
C250: =C249 -> 82819.884 | D250: =C250/C238-1 -> 3.6854786
C251: =C250 -> 82819.884 | D251: =C251/C239-1 -> 3.987771
C252: =C251 -> 82819.884 | D252: =C252/C240-1 -> 2.9997497
C253: =C252 -> 82819.884 | D253: =C253/C241-1 -> 2.4128438

Sheet 총수출
L1: 삼성전자, 하이닉스
L2: 8542321010
P3: 년월 | Q3: 금액(달러) | R3: 금액(원화) | S3: 중량(Kg)
A4: 년월 | B4: 분기(일평균합) | C4: 분기(평균) | D4: QoQ | E4: YoY | F4: 일평균수출 | G4: MoM | H4: YoY | I4: 금액(달러)/중량 | J4: 판가 yoy | K4: 분기 달러매출 | L4: QoQ | M4: YoY | N4: 판가 | O4: QoQ | T4: 금액(달러)/중량 | U4: 일평균수출중량
A5: 2022년01월 | F5: =Q5/20 -> 2772768.8 | I5: =T5 -> #DIV/0! | P5: 2022년01월 | Q5: 55455376 | T5: =Q5/S5 -> #DIV/0! | U5: =S5/20 -> 0
A6: 2022년02월 | F6: =Q6/18 -> 3008657.5 | G6: =F6/F5-1 -> 0.085073339 | I6: =T6 -> #DIV/0! | P6: 2022년02월 | Q6: 54155835 | T6: =Q6/S6 -> #DIV/0! | U6: =S6/18 -> 0
A7: 2022년03월 | B7: =F5+F6+F7 -> 8680827.9 | C7: =AVERAGE(F5:F7) -> 2893609.3 | F7: =Q7/22 -> 2899401.6 | G7: =F7/F6-1 -> -0.036313841 | I7: =T7 -> #DIV/0! | K7: =Q5+Q6+Q7 -> 173398046 | N7: =AVERAGE(T5:T7) -> #DIV/0! | P7: 2022년03월 | Q7: 63786835 | T7: =Q7/S7 -> #DIV/0! | U7: =S7/22 -> 0
A8: 2022년04월 | F8: =Q8/21 -> 2754419.8 | G8: =F8/F7-1 -> -0.050004036 | I8: =T8 -> #DIV/0! | P8: 2022년04월 | Q8: 57842816 | T8: =Q8/S8 -> #DIV/0! | U8: =S8/21 -> 0
A9: 2022년05월 | F9: =Q9/21 -> 2932920.3 | G9: =F9/F8-1 -> 0.064805109 | I9: =T9 -> #DIV/0! | P9: 2022년05월 | Q9: 61591326 | T9: =Q9/S9 -> #DIV/0! | U9: =S9/21 -> 0 | AC9: 2500
A10: 2022년06월 | B10: =F8+F9+F10 -> 8434003.6 | C10: =AVERAGE(F8:F10) -> 2811334.5 | D10: =C10/C7-1 -> -0.028433264 | F10: =Q10/21 -> 2746663.5 | G10: =F10/F9-1 -> -0.063505566 | I10: =T10 -> #DIV/0! | K10: =Q8+Q9+Q10 -> 177114076 | L10: =K10/K7-1 -> 0.021430634 | N10: =AVERAGE(T8:T10) -> #DIV/0! | O10: =N10/N7-1 -> #DIV/0! | P10: 2022년06월 | Q10: 57679934 | T10: =Q10/S10 -> #DIV/0! | U10: =S10/21 -> 0 | AC10: 4545
A11: 2022년07월 | F11: =Q11/21 -> 2868655.9 | G11: =F11/F10-1 -> 0.044414753 | I11: =T11 -> #DIV/0! | P11: 2022년07월 | Q11: 60241774 | T11: =Q11/S11 -> #DIV/0! | U11: =S11/21 -> 0 | AC11: =AC9*AC10 -> 11362500
A12: 2022년08월 | F12: =Q12/22 -> 2572997.7 | G12: =F12/F11-1 -> -0.10306505 | I12: =T12 -> #DIV/0! | P12: 2022년08월 | Q12: 56605950 | T12: =Q12/S12 -> #DIV/0! | U12: =S12/22 -> 0
A13: 2022년09월 | B13: =F11+F12+F13 -> 8300468.6 | C13: =AVERAGE(F11:F13) -> 2766822.9 | D13: =C13/C10-1 -> -0.01583293 | F13: =Q13/20 -> 2858815 | G13: =F13/F12-1 -> 0.11108338 | I13: =T13 -> #DIV/0! | K13: =Q11+Q12+Q13 -> 174024024 | L13: =K13/K10-1 -> -0.017446677 | N13: =AVERAGE(T11:T13) -> #DIV/0! | O13: =N13/N10-1 -> #DIV/0! | P13: 2022년09월 | Q13: 57176300 | T13: =Q13/S13 -> #DIV/0! | U13: =S13/20 -> 0
A14: 2022년10월 | F14: =Q14/20 -> 2621404.6 | G14: =F14/F13-1 -> -0.083045038 | I14: =T14 -> #DIV/0! | P14: 2022년10월 | Q14: 52428092 | T14: =Q14/S14 -> #DIV/0! | U14: =S14/20 -> 0
A15: 2022년11월 | F15: =Q15/22 -> 2353266.1 | G15: =F15/F14-1 -> -0.10228809 | I15: =T15 -> #DIV/0! | P15: 2022년11월 | Q15: 51771855 | T15: =Q15/S15 -> #DIV/0! | U15: =S15/22 -> 0
A16: 2022년12월 | B16: =F14+F15+F16 -> 7467791.9 | C16: =AVERAGE(F14:F16) -> 2489264 | D16: =C16/C13-1 -> -0.10031683 | F16: =Q16/22 -> 2493121.2 | G16: =F16/F15-1 -> 0.059430187 | I16: =T16 -> #DIV/0! | K16: =Q14+Q15+Q16 -> 159048613 | L16: =K16/K13-1 -> -0.086053699 | N16: =AVERAGE(T14:T16) -> #DIV/0! | O16: =N16/N13-1 -> #DIV/0! | P16: 2022년12월 | Q16: 54848666 | T16: =Q16/S16 -> #DIV/0! | U16: =S16/22 -> 0
A17: 2023년01월 | F17: =Q17/20 -> 2316957.2 | G17: =F17/F16-1 -> -0.070659996 | H17: =F17/F5-1 -> -0.16438859 | I17: =T17 -> #DIV/0! | J17: =I17/I5-1 -> #DIV/0! | P17: 2023년01월 | Q17: 46339145 | T17: =Q17/S17 -> #DIV/0! | U17: =S17/20 -> 0
A18: 2023년02월 | F18: =Q18/20 -> 2499729.6 | G18: =F18/F17-1 -> 0.078884667 | H18: =F18/F6-1 -> -0.16915447 | I18: =T18 -> #DIV/0! | J18: =I18/I6-1 -> #DIV/0! | P18: 2023년02월 | Q18: 49994593 | T18: =Q18/S18 -> #DIV/0! | U18: =S18/20 -> 0
A19: 2023년03월 | B19: =SUM(F17:F19) -> 7311345.3 | C19: =AVERAGE(F17:F19) -> 2437115.1 | D19: =C19/C16-1 -> -0.02094952 | E19: =C19/C7-1 -> -0.15775945 | F19: =Q19/22 -> 2494658.4 | G19: =F19/F18-1 -> -0.0020287339 | H19: =F19/F7-1 -> -0.13959544 | I19: =T19 -> #DIV/0! | J19: =I19/I7-1 -> #DIV/0! | K19: =Q17+Q18+Q19 -> 151216222 | L19: =K19/K16-1 -> -0.049245264 | M19: =U19/U7-1 -> #DIV/0! | N19: =AVERAGE(T17:T19) -> #DIV/0! | O19: =N19/N16-1 -> #DIV/0! | P19: 2023년03월 | Q19: 54882484 | T19: =Q19/S19 -> #DIV/0! | U19: =S19/22 -> 0
A20: 2023년04월 | F20: =Q20/20 -> 2471544 | G20: =F20/F19-1 -> -0.0092655628 | H20: =F20/F8-1 -> -0.10269889 | I20: =T20 -> #DIV/0! | J20: =I20/I8-1 -> #DIV/0! | P20: 2023년04월 | Q20: 49430879 | T20: =Q20/S20 -> #DIV/0! | U20: =S20/20 -> 0
A21: 2023년05월 | F21: =Q21/21 -> 2478771.2 | G21: =F21/F20-1 -> 0.0029241804 | H21: =F21/F9-1 -> -0.15484536 | I21: =T21 -> #DIV/0! | J21: =I21/I9-1 -> #DIV/0! | P21: 2023년05월 | Q21: 52054195 | T21: =Q21/S21 -> #DIV/0! | U21: =S21/21 -> 0
A22: 2023년06월 | B22: =SUM(F20:F22) -> 7535922.5 | C22: =AVERAGE(F20:F22) -> 2511974.2 | D22: =C22/C19-1 -> 0.030716264 | E22: =C22/C10-1 -> -0.10648337 | F22: =Q22/21 -> 2585607.3 | G22: =F22/F21-1 -> 0.043100446 | H22: =F22/F10-1 -> -0.05863703 | I22: =T22 -> #DIV/0! | J22: =I22/I10-1 -> #DIV/0! | K22: =Q20+Q21+Q22 -> 155782828 | L22: =K22/K19-1 -> 0.030199181 | M22: =U22/U10-1 -> #DIV/0! | N22: =AVERAGE(T20:T22) -> #DIV/0! | O22: =N22/N19-1 -> #DIV/0! | P22: 2023년06월 | Q22: 54297754 | T22: =Q22/S22 -> #DIV/0! | U22: =S22/22 -> 0
A23: 2023년07월 | F23: =Q23/21 -> 2402751.2 | G23: =F23/F22-1 -> -0.070720752 | H23: =F23/F11-1 -> -0.16241218 | I23: =T23 -> #DIV/0! | J23: =I23/I11-1 -> #DIV/0! | P23: 2023년07월 | Q23: 50457776 | T23: =Q23/S23 -> #DIV/0! | U23: =S23/21 -> 0
A24: 2023년08월 | F24: =Q24/22 -> 2363367 | G24: =F24/F23-1 -> -0.016391309 | H24: =F24/F12-1 -> -0.081473343 | I24: =T24 -> #DIV/0! | J24: =I24/I12-1 -> #DIV/0! | P24: 2023년08월 | Q24: 51994074 | T24: =Q24/S24 -> #DIV/0! | U24: =S24/22 -> 0
A25: 2023년09월 | B25: =SUM(F23:F25) -> 7642470.4 | C25: =AVERAGE(F23:F25) -> 2547490.1 | D25: =C25/C22-1 -> 0.01413867 | E25: =C25/C13-1 -> -0.07927242 | F25: =Q25/19 -> 2876352.2 | G25: =F25/F24-1 -> 0.21705692 | H25: =F25/F13-1 -> 0.0061344151 | I25: =T25 -> #DIV/0! | J25: =I25/I13-1 -> #DIV/0! | K25: =Q23+Q24+Q25 -> 157102541 | L25: =K25/K22-1 -> 0.0084714921 | M25: =U25/U13-1 -> #DIV/0! | N25: =AVERAGE(T23:T25) -> #DIV/0! | O25: =N25/N22-1 -> #DIV/0! | P25: 2023년09월 | Q25: 54650691 | T25: =Q25/S25 -> #DIV/0! | U25: =S25/22 -> 0
A26: 2023년10월 | F26: =Q26/19 -> 2894207.9 | G26: =F26/F25-1 -> 0.0062077715 | H26: =F26/F14-1 -> 0.1040676 | I26: =T26 -> #DIV/0! | J26: =I26/I14-1 -> #DIV/0! | P26: 2023년10월 | Q26: 54989950 | T26: =Q26/S26 -> #DIV/0! | U26: =S26/19 -> 0
A27: 2023년11월 | F27: =Q27/22 -> 2525504.1 | G27: =F27/F26-1 -> -0.12739368 | H27: =F27/F15-1 -> 0.073191022 | I27: =T27 -> #DIV/0! | J27: =I27/I15-1 -> #DIV/0! | P27: 2023년11월 | Q27: 55561090 | T27: =Q27/S27 -> #DIV/0! | U27: =S27/22 -> 0
A28: 2023년12월 | B28: =SUM(F26:F28) -> 8449880 | C28: =AVERAGE(F26:F28) -> 2816626.7 | D28: =C28/C25-1 -> 0.10564773 | E28: =C28/C16-1 -> 0.13150984 | F28: =Q28/19 -> 3030168.1 | G28: =F28/F27-1 -> 0.19982702 | H28: =F28/F16-1 -> 0.21541146 | I28: =T28 -> #DIV/0! | J28: =I28/I16-1 -> #DIV/0! | K28: =Q26+Q27+Q28 -> 168124233 | L28: =K28/K25-1 -> 0.070156039 | M28: =U28/U16-1 -> #DIV/0! | N28: =AVERAGE(T26:T28) -> #DIV/0! | O28: =N28/N25-1 -> #DIV/0! | P28: 2023년12월 | Q28: 57573193 | T28: =Q28/S28 -> #DIV/0! | U28: =S28/19 -> 0
A29: 2024년01월 | F29: =Q29/22 -> 2486810.1 | G29: =F29/F28-1 -> -0.1793161 | H29: =F29/F17-1 -> 0.073308597 | I29: =T29 -> #DIV/0! | J29: =I29/I17-1 -> #DIV/0! | P29: 2024년01월 | Q29: 54709823 | T29: =Q29/S29 -> #DIV/0! | U29: =S29/22 -> 0
A30: 2024년02월 | F30: =Q30/19 -> 2740862.6 | G30: =F30/F29-1 -> 0.10215999 | H30: =F30/F18-1 -> 0.096463624 | I30: =T30 -> #DIV/0! | J30: =I30/I18-1 -> #DIV/0! | P30: 2024년02월 | Q30: 52076390 | T30: =Q30/S30 -> #DIV/0! | U30: =S30/19 -> 0
A31: 2024년03월 | B31: =SUM(F29:F31) -> 8053588.2 | C31: =AVERAGE(F29:F31) -> 2684529.4 | D31: =C31/C28-1 -> -0.046899106 | E31: =C31/C19-1 -> 0.10151934 | F31: =Q31/20 -> 2825915.5 | G31: =F31/F30-1 -> 0.031031405 | H31: =F31/F19-1 -> 0.13278655 | I31: =T31 -> #DIV/0! | J31: =I31/I19-1 -> #DIV/0! | K31: =Q29+Q30+Q31 -> 163304522 | L31: =K31/K28-1 -> -0.028667557 | M31: =U31/U19-1 -> #DIV/0! | N31: =AVERAGE(T29:T31) -> #DIV/0! | O31: =N31/N28-1 -> #DIV/0! | P31: 2024년03월 | Q31: 56518309 | T31: =Q31/S31 -> #DIV/0! | U31: =S31/20 -> 0
A32: 2024년04월 | F32: =Q32/21 -> 2673728.5 | G32: =F32/F31-1 -> -0.053854027 | H32: =F32/F20-1 -> 0.081804968 | I32: =T32 -> #DIV/0! | J32: =I32/I20-1 -> #DIV/0! | P32: 2024년04월 | Q32: 56148299 | T32: =Q32/S32 -> #DIV/0! | U32: =S32/21 -> 0
A33: 2024년05월 | F33: =Q33/21 -> 2762883.7 | G33: =F33/F32-1 -> 0.033344875 | H33: =F33/F21-1 -> 0.11461827 | I33: =T33 -> #DIV/0! | J33: =I33/I21-1 -> #DIV/0! | P33: 2024년05월 | Q33: 58020557 | T33: =Q33/S33 -> #DIV/0! | U33: =S33/21 -> 0
A34: 2024년06월 | B34: =SUM(F32:F34) -> 8454592.9 | C34: =AVERAGE(F32:F34) -> 2818197.6 | D34: =C34/C31-1 -> 0.049792055 | E34: =C34/C22-1 -> 0.12190551 | F34: =Q34/19 -> 3017980.7 | G34: =F34/F33-1 -> 0.092330008 | H34: =F34/F22-1 -> 0.16722315 | I34: =T34 -> #DIV/0! | J34: =I34/I22-1 -> #DIV/0! | K34: =Q32+Q33+Q34 -> 171510490 | L34: =K34/K31-1 -> 0.050249484 | M34: =U34/U22-1 -> #DIV/0! | N34: =AVERAGE(T32:T34) -> #DIV/0! | O34: =N34/N31-1 -> #DIV/0! | P34: 2024년06월 | Q34: 57341634 | T34: =Q34/S34 -> #DIV/0! | U34: =S34/19 -> 0
A35: 2024년07월 | F35: =Q35/23 -> 2498208.2 | G35: =F35/F34-1 -> -0.17222528 | H35: =F35/F23-1 -> 0.039728181 | I35: =T35 -> #DIV/0! | J35: =I35/I23-1 -> #DIV/0! | P35: 2024년07월 | Q35: 57458788 | T35: =Q35/S35 -> #DIV/0! | U35: =S35/23 -> 0
A36: 2024년08월 | F36: =Q36/21 -> 2744901.1 | G36: =F36/F35-1 -> 0.098747963 | H36: =F36/F24-1 -> 0.16143669 | I36: =T36 -> #DIV/0! | J36: =I36/I24-1 -> #DIV/0! | P36: 2024년08월 | Q36: 57642924 | T36: =Q36/S36 -> #DIV/0! | U36: =S36/21 -> 0
A37: 2024년09월 | B37: =SUM(F35:F37) -> 8495592.3 | C37: =AVERAGE(F35:F37) -> 2831864.1 | D37: =C37/C34-1 -> 0.0048493563 | E37: =C37/C25-1 -> 0.11162907 | F37: =Q37/18 -> 3252482.9 | G37: =F37/F36-1 -> 0.18491806 | H37: =F37/F25-1 -> 0.1307666 | I37: =T37 -> #DIV/0! | J37: =I37/I25-1 -> #DIV/0! | K37: =Q35+Q36+Q37 -> 173646405 | L37: =K37/K34-1 -> 0.012453553 | M37: =U37/U25-1 -> #DIV/0! | N37: =AVERAGE(T35:T37) -> #DIV/0! | O37: =N37/N34-1 -> #DIV/0! | P37: 2024년09월 | Q37: 58544693 | T37: =Q37/S37 -> #DIV/0! | U37: =S37/18 -> 0
A38: 2024년10월 | F38: =Q38/20 -> 2875009.6 | G38: =F38/F37-1 -> -0.11605698 | H38: =F38/F26-1 -> -0.0066333503 | I38: =T38 -> #DIV/0! | J38: =I38/I26-1 -> #DIV/0! | P38: 2024년10월 | Q38: 57500192 | T38: =Q38/S38 -> #DIV/0! | U38: =S38/20 -> 0
A39: 2024년11월 | F39: =Q39/21 -> 2680410.9 | G39: =F39/F38-1 -> -0.067686277 | H39: =F39/F27-1 -> 0.061336988 | I39: =T39 -> #DIV/0! | J39: =I39/I27-1 -> #DIV/0! | P39: 2024년11월 | Q39: 56288629 | T39: =Q39/S39 -> #DIV/0! | U39: =S39/21 -> 0
A40: 2024년12월 | B40: =SUM(F38:F40) -> 8477289.6 | C40: =AVERAGE(F38:F40) -> 2825763.2 | D40: =C40/C37-1 -> -0.002154377 | E40: =C40/C28-1 -> 0.0032437755 | F40: =Q40/21 -> 2921869 | G40: =F40/F39-1 -> 0.09008251 | H40: =F40/F28-1 -> -0.035740264 | I40: =T40 -> #DIV/0! | J40: =I40/I28-1 -> #DIV/0! | K40: =Q38+Q39+Q40 -> 175148071 | L40: =K40/K37-1 -> 0.0086478381 | M40: =U40/U28-1 -> #DIV/0! | N40: =AVERAGE(T38:T40) -> #DIV/0! | O40: =N40/N37-1 -> #DIV/0! | P40: 2024년12월 | Q40: 61359250 | T40: =Q40/S40 -> #DIV/0! | U40: =S40/21 -> 0
A41: 2025년01월 | F41: =Q41/18 -> 2732418.3 | G41: =F41/F40-1 -> -0.064838898 | H41: =F41/F29-1 -> 0.098764332 | I41: =T41 -> #DIV/0! | J41: =I41/I29-1 -> #DIV/0! | P41: 2025년01월 | Q41: 49183529 | T41: =Q41/S41 -> #DIV/0! | U41: =S41/18 -> 0
A42: 2025년02월 | F42: =Q42/20 -> 2614710.2 | G42: =F42/F41-1 -> -0.043078334 | H42: =F42/F30-1 -> -0.046026525 | I42: =T42 -> #DIV/0! | J42: =I42/I30-1 -> #DIV/0! | P42: 2025년02월 | Q42: 52294205 | T42: =Q42/S42 -> #DIV/0! | U42: =S42/20 -> 0
A43: 2025년03월 | B43: =SUM(F41:F43) -> 8250256.7 | C43: =AVERAGE(F41:F43) -> 2750085.6 | D43: =C43/C40-1 -> -0.026781305 | E43: =C43/C31-1 -> 0.02441998 | F43: =Q43/20 -> 2903128.1 | G43: =F43/F42-1 -> 0.11030587 | H43: =F43/F31-1 -> 0.027323075 | I43: =T43 -> #DIV/0! | J43: =I43/I31-1 -> #DIV/0! | K43: =Q41+Q42+Q43 -> 159540297 | L43: =K43/K40-1 -> -0.089111881 | M43: =U43/U31-1 -> #DIV/0! | N43: =AVERAGE(T41:T43) -> #DIV/0! | O43: =N43/N40-1 -> #DIV/0! | P43: 2025년03월 | Q43: 58062563 | T43: =Q43/S43 -> #DIV/0! | U43: =S43/20 -> 0
A44: 2025년04월 | F44: =Q44/22 -> 2638257 | G44: =F44/F43-1 -> -0.091236465 | H44: =F44/F32-1 -> -0.013266689 | I44: =T44 -> #DIV/0! | J44: =I44/I32-1 -> #DIV/0! | P44: 2025년04월 | Q44: 58041654 | T44: =Q44/S44 -> #DIV/0! | U44: =S44/22 -> 0
A45: 2025년05월 | F45: =Q45/20 -> 2862985 | G45: =F45/F44-1 -> 0.085180481 | H45: =F45/F33-1 -> 0.036230745 | I45: =T45 -> #DIV/0! | J45: =I45/I33-1 -> #DIV/0! | P45: 2025년05월 | Q45: 57259700 | T45: =Q45/S45 -> #DIV/0! | U45: =S45/20 -> 0
A46: 2025년06월 | B46: =SUM(F44:F46) -> 8650190.7 | C46: =AVERAGE(F44:F46) -> 2883396.9 | D46: =C46/C43-1 -> 0.048475341 | E46: =C46/C34-1 -> 0.023135089 | F46: =Q46/19 -> 3148948.7 | G46: =F46/F45-1 -> 0.099883054 | H46: =F46/F34-1 -> 0.043395886 | I46: =T46 -> #DIV/0! | J46: =I46/I34-1 -> #DIV/0! | K46: =Q44+Q45+Q46 -> 175131379 | L46: =K46/K43-1 -> 0.097725041 | M46: =U46/U34-1 -> #DIV/0! | N46: =AVERAGE(T44:T46) -> #DIV/0! | O46: =N46/N43-1 -> #DIV/0! | P46: 2025년06월 | Q46: 59830025 | T46: =Q46/S46 -> #DIV/0! | U46: =S46/19 -> 0
A47: 2025년07월 | F47: =Q47/23 -> 2640174.8 | G47: =F47/F46-1 -> -0.16156943 | H47: =F47/F35-1 -> 0.056827391 | I47: =T47 -> #DIV/0! | J47: =I47/I35-1 -> #DIV/0! | P47: 2025년07월 | Q47: 60724021 | T47: =Q47/S47 -> #DIV/0! | U47: =S47/23 -> 0
A48: 2025년08월 | F48: =Q48/20 -> 2913495.5 | G48: =F48/F47-1 -> 0.10352372 | H48: =F48/F36-1 -> 0.06142094 | I48: =T48 -> #DIV/0! | J48: =I48/I36-1 -> #DIV/0! | P48: 2025년08월 | Q48: 58269911 | T48: =Q48/S48 -> #DIV/0! | U48: =S48/20 -> 0
A49: 2025년09월 | B49: =SUM(F47:F49) -> 8549789 | C49: =AVERAGE(F47:F49) -> 2849929.7 | D49: =C49/C46-1 -> -0.011606874 | E49: =C49/C37-1 -> 0.0063793965 | F49: =Q49/22 -> 2996118.6 | G49: =F49/F48-1 -> 0.028358748 | H49: =F49/F37-1 -> -0.078821108 | I49: =T49 -> #DIV/0! | J49: =I49/I37-1 -> #DIV/0! | K49: =Q47+Q48+Q49 -> 184908542 | L49: =K49/K46-1 -> 0.055827591 | M49: =U49/U37-1 -> #DIV/0! | N49: =AVERAGE(T47:T49) -> #DIV/0! | O49: =N49/N46-1 -> #DIV/0! | P49: 2025년09월 | Q49: 65914610 | T49: =Q49/S49 -> #DIV/0! | U49: =S49/15 -> 0
A50: 2025년10월 | F50: =Q50/18 -> 3305845.9 | G50: =F50/F49-1 -> 0.10337618 | H50: =F50/F38-1 -> 0.14985562 | I50: =T50 -> #DIV/0! | J50: =I50/I38-1 -> #DIV/0! | P50: 2025년10월 | Q50: 59505227 | T50: =Q50/S50 -> #DIV/0! | U50: =S50/9 -> 0
A51: 2025년11월 | F51: =Q51/20 -> 3051648.1 | G51: =F51/F50-1 -> -0.076893418 | H51: =F51/F39-1 -> 0.13850012 | I51: =T51 -> #DIV/0! | J51: =I51/I39-1 -> #DIV/0! | P51: 2025년11월 | Q51: 61032963 | T51: =Q51/S51 -> #DIV/0! | U51: =S51/20 -> 0
A52: 2025년12월 | B52: =SUM(F50:F52) -> 8934344.3 | C52: =AVERAGE(F50:F52) -> 2978114.8 | D52: =C52/C49-1 -> 0.044978336 | E52: =C52/C40-1 -> 0.053915198 | F52: =Q52/15 -> 2576850.2 | G52: =F52/F51-1 -> -0.15558738 | H52: =F52/F40-1 -> -0.11808156 | I52: =T52 -> #DIV/0! | J52: =I52/I40-1 -> #DIV/0! | K52: =Q50+Q51+Q52 -> 159190943 | L52: =K52/K49-1 -> -0.13908281 | M52: =U52/U40-1 -> #DIV/0! | N52: =AVERAGE(T50:T52) -> #DIV/0! | O52: =N52/N49-1 -> #DIV/0! | P52: 2025년12월 | Q52: 38652753 | T52: =Q52/S52 -> #DIV/0! | U52: =S52/8 -> 0

Sheet 디램
L1: 삼성전자, 하이닉스
L2: 8542321010
P3: 년월 | Q3: 금액(달러) | R3: 금액(원화) | S3: 중량(Kg)
A4: 년월 | B4: 분기(일평균합) | C4: 분기(평균) | D4: QoQ | E4: YoY | F4: 일평균수출 | G4: MoM | H4: YoY | I4: 금액(달러)/중량 | J4: 판가 yoy | K4: 분기 달러매출 | L4: QoQ | M4: YoY | N4: 판가 | O4: QoQ | T4: 금액(달러)/중량 | U4: 일평균수출중량
A5: 2022년01월 | F5: =Q5/20 -> 1.1292405e+08 | I5: =T5 -> 15338.651 | P5: 2022년01월 | Q5: 2258480961 | R5: 2665462773215 | S5: 147241.17 | T5: =Q5/S5 -> 15338.651 | U5: =S5/20 -> 7362.0585
A6: 2022년02월 | F6: =Q6/18 -> 1.2024532e+08 | G6: =F6/F5-1 -> 0.064833604 | I6: =T6 -> 15887.621 | P6: 2022년02월 | Q6: 2164415779 | R6: 2571067122269 | S6: 136232.84 | T6: =Q6/S6 -> 15887.621 | U6: =S6/18 -> 7568.4911
A7: 2022년03월 | B7: =F5+F6+F7 -> 3.4508862e+08 | C7: =AVERAGE(F5:F7) -> 1.1502954e+08 | F7: =Q7/22 -> 1.1191925e+08 | G7: =F7/F6-1 -> -0.069242332 | I7: =T7 -> 15187.037 | K7: =Q5+Q6+Q7 -> 6885120341 | N7: =AVERAGE(T5:T7) -> 15471.103 | P7: 2022년03월 | Q7: 2462223601 | R7: 2965368123176 | S7: 162126.66 | T7: =Q7/S7 -> 15187.037 | U7: =S7/22 -> 7369.3936
A8: 2022년04월 | F8: =Q8/21 -> 1.0399463e+08 | G8: =F8/F7-1 -> -0.070806591 | I8: =T8 -> 16152.593 | P8: 2022년04월 | Q8: 2183887307 | R8: 2646416027355 | S8: 135203.51 | T8: =Q8/S8 -> 16152.593 | U8: =S8/21 -> 6438.2624
A9: 2022년05월 | F9: =Q9/21 -> 1.1761733e+08 | G9: =F9/F8-1 -> 0.13099424 | I9: =T9 -> 21394.35 | P9: 2022년05월 | Q9: 2469963975 | R9: 3103714973420 | S9: 115449.36 | T9: =Q9/S9 -> 21394.35 | U9: =S9/21 -> 5497.5886 | AC9: 2500
A10: 2022년06월 | B10: =F8+F9+F10 -> 3.401678e+08 | C10: =AVERAGE(F8:F10) -> 1.1338927e+08 | D10: =C10/C7-1 -> -0.014259588 | F10: =Q10/21 -> 1.1855584e+08 | G10: =F10/F9-1 -> 0.0079793018 | I10: =T10 -> 16953.913 | K10: =Q8+Q9+Q10 -> 7143523845 | L10: =K10/K7-1 -> 0.037530717 | N10: =AVERAGE(T8:T10) -> 18166.952 | O10: =N10/N7-1 -> 0.17425057 | P10: 2022년06월 | Q10: 2489672563 | R10: 3129635500938 | S10: 146849.44 | T10: =Q10/S10 -> 16953.913 | U10: =S10/21 -> 6992.8305 | AC10: 4545
A11: 2022년07월 | F11: =Q11/21 -> 1.1277957e+08 | G11: =F11/F10-1 -> -0.04872187 | I11: =T11 -> 12524.079 | P11: 2022년07월 | Q11: 2368371059 | R11: 3056790027285 | S11: 189105.41 | T11: =Q11/S11 -> 12524.079 | U11: =S11/21 -> 9005.0195 | AC11: =AC9*AC10 -> 11362500
A12: 2022년08월 | F12: =Q12/22 -> 91056608 | G12: =F12/F11-1 -> -0.19261436 | I12: =T12 -> 15154.651 | P12: 2022년08월 | Q12: 2003245387 | R12: 2602739850591 | S12: 132186.84 | T12: =Q12/S12 -> 15154.651 | U12: =S12/22 -> 6008.4927
A13: 2022년09월 | B13: =F11+F12+F13 -> 2.9499991e+08 | C13: =AVERAGE(F11:F13) -> 98333304 | D13: =C13/C10-1 -> -0.1327812 | F13: =Q13/20 -> 91163729 | G13: =F13/F12-1 -> 0.0011764143 | I13: =T13 -> 13845.394 | K13: =Q11+Q12+Q13 -> 6194891022 | L13: =K13/K10-1 -> -0.1327962 | N13: =AVERAGE(T11:T13) -> 13841.374 | O13: =N13/N10-1 -> -0.23810144 | P13: 2022년09월 | Q13: 1823274576 | R13: 2485923751874 | S13: 131688.17 | T13: =Q13/S13 -> 13845.394 | U13: =S13/20 -> 6584.4085
A14: 2022년10월 | F14: =Q14/20 -> 78270684 | G14: =F14/F13-1 -> -0.14142735 | I14: =T14 -> 8934.4073 | P14: 2022년10월 | Q14: 1565413680 | R14: 2231131827519 | S14: 175211.81 | T14: =Q14/S14 -> 8934.4073 | U14: =S14/20 -> 8760.5905
A15: 2022년11월 | F15: =Q15/22 -> 63759188 | G15: =F15/F14-1 -> -0.18540142 | I15: =T15 -> 8595.1092 | P15: 2022년11월 | Q15: 1402702132 | R15: 1938324728325 | S15: 163197.71 | T15: =Q15/S15 -> 8595.1092 | U15: =S15/22 -> 7418.0777
A16: 2022년12월 | B16: =F14+F15+F16 -> 2.0656242e+08 | C16: =AVERAGE(F14:F16) -> 68854141 | D16: =C16/C13-1 -> -0.29978819 | F16: =Q16/22 -> 64532550 | G16: =F16/F15-1 -> 0.012129423 | I16: =T16 -> 7376.2763 | K16: =Q14+Q15+Q16 -> 4387831912 | L16: =K16/K13-1 -> -0.29170152 | N16: =AVERAGE(T14:T16) -> 8301.9309 | O16: =N16/N13-1 -> -0.40020906 | P16: 2022년12월 | Q16: 1419716100 | R16: 1858865689714 | S16: 192470.57 | T16: =Q16/S16 -> 7376.2763 | U16: =S16/22 -> 8748.6623
A17: 2023년01월 | F17: =Q17/20 -> 44457202 | G17: =F17/F16-1 -> -0.31108871 | H17: =F17/F5-1 -> -0.60630882 | I17: =T17 -> 7561.4772 | J17: =I17/I5-1 -> -0.50703116 | P17: 2023년01월 | Q17: 889144043 | R17: 1117828908030 | S17: 117588.67 | T17: =Q17/S17 -> 7561.4772 | U17: =S17/20 -> 5879.4335
A18: 2023년02월 | F18: =Q18/20 -> 47371452 | G18: =F18/F17-1 -> 0.065551797 | H18: =F18/F6-1 -> -0.60604329 | I18: =T18 -> 8346.8849 | J18: =I18/I6-1 -> -0.47462967 | P18: 2023년02월 | Q18: 947429033 | R18: 1188739027335 | S18: 113506.9 | T18: =Q18/S18 -> 8346.8849 | U18: =S18/20 -> 5675.345
A19: 2023년03월 | B19: =SUM(F17:F19) -> 1.4340917e+08 | C19: =AVERAGE(F17:F19) -> 47803057 | D19: =C19/C16-1 -> -0.30573447 | E19: =C19/C7-1 -> -0.584428 | F19: =Q19/22 -> 51580516 | G19: =F19/F18-1 -> 0.088852338 | H19: =F19/F7-1 -> -0.53912742 | I19: =T19 -> 8549.7298 | J19: =I19/I7-1 -> -0.43703767 | K19: =Q17+Q18+Q19 -> 2971344425 | L19: =K19/K16-1 -> -0.32282173 | M19: =U19/U7-1 -> -0.18134383 | N19: =AVERAGE(T17:T19) -> 8152.6973 | O19: =N19/N16-1 -> -0.017975774 | P19: 2023년03월 | Q19: 1134771349 | R19: 1483284305311 | S19: 132725.99 | T19: =Q19/S19 -> 8549.7298 | U19: =S19/22 -> 6032.9995
A20: 2023년04월 | F20: =Q20/20 -> 58175934 | G20: =F20/F19-1 -> 0.12786647 | H20: =F20/F8-1 -> -0.44058715 | I20: =T20 -> 7959.5594 | J20: =I20/I8-1 -> -0.50722715 | P20: 2023년04월 | Q20: 1163518682 | R20: 1526855493802 | S20: 146178.78 | T20: =Q20/S20 -> 7959.5594 | U20: =S20/20 -> 7308.939
A21: 2023년05월 | F21: =Q21/21 -> 56809753 | G21: =F21/F20-1 -> -0.02348362 | H21: =F21/F9-1 -> -0.51699506 | I21: =T21 -> 7567.6282 | J21: =I21/I9-1 -> -0.64627912 | P21: 2023년05월 | Q21: 1193004804 | R21: 1588176470577 | S21: 157645.8 | T21: =Q21/S21 -> 7567.6282 | U21: =S21/21 -> 7506.9429
A22: 2023년06월 | B22: =SUM(F20:F22) -> 1.7042584e+08 | C22: =AVERAGE(F20:F22) -> 56808614 | D22: =C22/C19-1 -> 0.18838874 | E22: =C22/C10-1 -> -0.49899478 | F22: =Q22/21 -> 55440156 | G22: =F22/F21-1 -> -0.024108472 | H22: =F22/F10-1 -> -0.53237092 | I22: =T22 -> 7708.7108 | J22: =I22/I10-1 -> -0.54531376 | K22: =Q20+Q21+Q22 -> 3520766767 | L22: =K22/K19-1 -> 0.18490699 | M22: =U22/U10-1 -> -0.018283015 | N22: =AVERAGE(T20:T22) -> 7745.2995 | O22: =N22/N19-1 -> -0.049970923 | P22: 2023년06월 | Q22: 1164243281 | R22: 1515127865190 | S22: 151029.57 | T22: =Q22/S22 -> 7708.7108 | U22: =S22/22 -> 6864.9805
A23: 2023년07월 | F23: =Q23/21 -> 54389114 | G23: =F23/F22-1 -> -0.018958137 | H23: =F23/F11-1 -> -0.51773967 | I23: =T23 -> 10863.607 | J23: =I23/I11-1 -> -0.13258235 | P23: 2023년07월 | Q23: 1142171397 | R23: 1474669212488 | S23: 105137.4 | T23: =Q23/S23 -> 10863.607 | U23: =S23/21 -> 5006.5429
A24: 2023년08월 | F24: =Q24/22 -> 58446524 | G24: =F24/F23-1 -> 0.074599672 | H24: =F24/F12-1 -> -0.35812979 | I24: =T24 -> 9972.0066 | J24: =I24/I12-1 -> -0.34198374 | P24: 2023년08월 | Q24: 1285823533 | R24: 1684356368072 | S24: 128943.31 | T24: =Q24/S24 -> 9972.0066 | U24: =S24/22 -> 5861.0595
A25: 2023년09월 | B25: =SUM(F23:F25) -> 1.7501998e+08 | C25: =AVERAGE(F23:F25) -> 58339993 | D25: =C25/C22-1 -> 0.026956804 | E25: =C25/C13-1 -> -0.40671176 | F25: =Q25/19 -> 62184341 | G25: =F25/F24-1 -> 0.063952756 | H25: =F25/F13-1 -> -0.31788288 | I25: =T25 -> 8914.2132 | J25: =I25/I13-1 -> -0.35616038 | K25: =Q23+Q24+Q25 -> 3609497400 | L25: =K25/K22-1 -> 0.025202076 | M25: =U25/U13-1 -> -0.085018799 | N25: =AVERAGE(T23:T25) -> 9916.6089 | O25: =N25/N22-1 -> 0.28033899 | P25: 2023년09월 | Q25: 1181502470 | R25: 1568248010360 | S25: 132541.42 | T25: =Q25/S25 -> 8914.2132 | U25: =S25/22 -> 6024.61
A26: 2023년10월 | F26: =Q26/19 -> 60038106 | G26: =F26/F25-1 -> -0.03451406 | H26: =F26/F14-1 -> -0.23294261 | I26: =T26 -> 10150.539 | J26: =I26/I14-1 -> 0.13611773 | P26: 2023년10월 | Q26: 1140724023 | R26: 1537956473286 | S26: 112380.64 | T26: =Q26/S26 -> 10150.539 | U26: =S26/19 -> 5914.7705
A27: 2023년11월 | F27: =Q27/22 -> 60981302 | G27: =F27/F26-1 -> 0.015709943 | H27: =F27/F15-1 -> -0.043568405 | I27: =T27 -> 10382.542 | J27: =I27/I15-1 -> 0.20795935 | P27: 2023년11월 | Q27: 1341588637 | R27: 1773992637174 | S27: 129215.81 | T27: =Q27/S27 -> 10382.542 | U27: =S27/22 -> 5873.4459
A28: 2023년12월 | B28: =SUM(F26:F28) -> 1.9747518e+08 | C28: =AVERAGE(F26:F28) -> 65825059 | D28: =C28/C25-1 -> 0.12830077 | E28: =C28/C16-1 -> -0.043992727 | F28: =Q28/19 -> 76455769 | G28: =F28/F27-1 -> 0.25375758 | H28: =F28/F16-1 -> 0.18476287 | I28: =T28 -> 9082.5496 | J28: =I28/I16-1 -> 0.23131906 | K28: =Q26+Q27+Q28 -> 3934972279 | L28: =K28/K25-1 -> 0.0901718 | M28: =U28/U16-1 -> -0.03781001 | N28: =AVERAGE(T26:T28) -> 9871.8769 | O28: =N28/N25-1 -> -0.0045108191 | P28: 2023년12월 | Q28: 1452659619 | R28: 1893512536683 | S28: 159939.63 | T28: =Q28/S28 -> 9082.5496 | U28: =S28/19 -> 8417.8753
A29: 2024년01월 | F29: =Q29/22 -> 63964054 | G29: =F29/F28-1 -> -0.16338487 | H29: =F29/F17-1 -> 0.43877821 | I29: =T29 -> 10919.484 | J29: =I29/I17-1 -> 0.44409401 | P29: 2024년01월 | Q29: 1407209178 | R29: 1850754511236 | S29: 128871.4 | T29: =Q29/S29 -> 10919.484 | U29: =S29/22 -> 5857.7909
A30: 2024년02월 | F30: =Q30/19 -> 78497995 | G30: =F30/F29-1 -> 0.22722045 | H30: =F30/F18-1 -> 0.65707387 | I30: =T30 -> 12842.64 | J30: =I30/I18-1 -> 0.53861473 | P30: 2024년02월 | Q30: 1491461901 | R30: 1987222371583 | S30: 116133.59 | T30: =Q30/S30 -> 12842.64 | U30: =S30/19 -> 6112.2942
A31: 2024년03월 | B31: =SUM(F29:F31) -> 2.2391169e+08 | C31: =AVERAGE(F29:F31) -> 74637229 | D31: =C31/C28-1 -> 0.13387257 | E31: =C31/C19-1 -> 0.56134847 | F31: =Q31/20 -> 81449639 | G31: =F31/F30-1 -> 0.037601529 | H31: =F31/F19-1 -> 0.57907764 | I31: =T31 -> 14434.331 | J31: =I31/I19-1 -> 0.68827922 | K31: =Q29+Q30+Q31 -> 4527663868 | L31: =K31/K28-1 -> 0.15062154 | M31: =U31/U19-1 -> -0.064682177 | N31: =AVERAGE(T29:T31) -> 12732.152 | O31: =N31/N28-1 -> 0.28973972 | P31: 2024년03월 | Q31: 1628992789 | R31: 2164824160043 | S31: 112855.44 | T31: =Q31/S31 -> 14434.331 | U31: =S31/20 -> 5642.772
A32: 2024년04월 | F32: =Q32/21 -> 75942074 | G32: =F32/F31-1 -> -0.067619271 | H32: =F32/F20-1 -> 0.30538642 | I32: =T32 -> 14997.59 | J32: =I32/I20-1 -> 0.88422362 | P32: 2024년04월 | Q32: 1594783559 | R32: 2170380602179 | S32: 106335.99 | T32: =Q32/S32 -> 14997.59 | U32: =S32/21 -> 5063.6186
A33: 2024년05월 | F33: =Q33/21 -> 84148819 | G33: =F33/F32-1 -> 0.10806585 | H33: =F33/F21-1 -> 0.48123897 | I33: =T33 -> 15458.351 | J33: =I33/I21-1 -> 1.0426942 | P33: 2024년05월 | Q33: 1767125202 | R33: 2417076226000 | S33: 114315.25 | T33: =Q33/S33 -> 15458.351 | U33: =S33/21 -> 5443.5833
A34: 2024년06월 | B34: =SUM(F32:F34) -> 2.6005291e+08 | C34: =AVERAGE(F32:F34) -> 86684304 | D34: =C34/C31-1 -> 0.16140839 | E34: =C34/C22-1 -> 0.5259007 | F34: =Q34/19 -> 99962020 | G34: =F34/F33-1 -> 0.18791946 | H34: =F34/F22-1 -> 0.80306165 | I34: =T34 -> 16238.924 | J34: =I34/I22-1 -> 1.106568 | K34: =Q32+Q33+Q34 -> 5261187137 | L34: =K34/K31-1 -> 0.16200921 | M34: =U34/U22-1 -> -0.10331795 | N34: =AVERAGE(T32:T34) -> 15564.955 | O34: =N34/N31-1 -> 0.22249208 | P34: 2024년06월 | Q34: 1899278376 | R34: 2611161209928 | S34: 116958.39 | T34: =Q34/S34 -> 16238.924 | U34: =S34/19 -> 6155.7047
A35: 2024년07월 | F35: =Q35/23 -> 86358077 | G35: =F35/F34-1 -> -0.13609111 | H35: =F35/F23-1 -> 0.58778238 | I35: =T35 -> 18838.406 | J35: =I35/I23-1 -> 0.73408386 | P35: 2024년07월 | Q35: 1986235775 | R35: 2749024686511 | S35: 105435.45 | T35: =Q35/S35 -> 18838.406 | U35: =S35/23 -> 4584.15
A36: 2024년08월 | F36: =Q36/21 -> 87614070 | G36: =F36/F35-1 -> 0.014544007 | H36: =F36/F24-1 -> 0.49904671 | I36: =T36 -> 18781.805 | J36: =I36/I24-1 -> 0.88345291 | P36: 2024년08월 | Q36: 1839895463 | R36: 2512659063317 | S36: 97961.59 | T36: =Q36/S36 -> 18781.805 | U36: =S36/21 -> 4664.8376
A37: 2024년09월 | B37: =SUM(F35:F37) -> 2.7887674e+08 | C37: =AVERAGE(F35:F37) -> 92958914 | D37: =C37/C34-1 -> 0.072384615 | E37: =C37/C25-1 -> 0.59339948 | F37: =Q37/18 -> 1.049046e+08 | G37: =F37/F36-1 -> 0.19734875 | H37: =F37/F25-1 -> 0.68699379 | I37: =T37 -> 15556.183 | J37: =I37/I25-1 -> 0.74509881 | K37: =Q35+Q36+Q37 -> 5714413973 | L37: =K37/K34-1 -> 0.086145355 | M37: =U37/U25-1 -> 0.11934133 | N37: =AVERAGE(T35:T37) -> 17725.464 | O37: =N37/N34-1 -> 0.13880604 | P37: 2024년09월 | Q37: 1888282735 | R37: 2520248718703 | S37: 121384.71 | T37: =Q37/S37 -> 15556.183 | U37: =S37/18 -> 6743.595
A38: 2024년10월 | F38: =Q38/20 -> 95601691 | G38: =F38/F37-1 -> -0.088679678 | H38: =F38/F26-1 -> 0.59235019 | I38: =T38 -> 20008.644 | J38: =I38/I26-1 -> 0.97119036 | P38: 2024년10월 | Q38: 1912033811 | R38: 2569694800717 | S38: 95560.39 | T38: =Q38/S38 -> 20008.644 | U38: =S38/20 -> 4778.0195
A39: 2024년11월 | F39: =Q39/21 -> 86907992 | G39: =F39/F38-1 -> -0.09093666 | H39: =F39/F27-1 -> 0.42515804 | I39: =T39 -> 17065.913 | J39: =I39/I27-1 -> 0.64371234 | P39: 2024년11월 | Q39: 1825067835 | R39: 2535842880820 | S39: 106942.29 | T39: =Q39/S39 -> 17065.913 | U39: =S39/21 -> 5092.49
A40: 2024년12월 | B40: =SUM(F38:F40) -> 2.8234132e+08 | C40: =AVERAGE(F38:F40) -> 94113773 | D40: =C40/C37-1 -> 0.012423321 | E40: =C40/C28-1 -> 0.42975599 | F40: =Q40/21 -> 99831636 | G40: =F40/F39-1 -> 0.14870489 | H40: =F40/F28-1 -> 0.30574365 | I40: =T40 -> 15464.043 | J40: =I40/I28-1 -> 0.70261038 | K40: =Q38+Q39+Q40 -> 5833565998 | L40: =K40/K37-1 -> 0.020851136 | M40: =U40/U28-1 -> -0.23309309 | N40: =AVERAGE(T38:T40) -> 17512.867 | O40: =N40/N37-1 -> -0.011993913 | P40: 2024년12월 | Q40: 2096464352 | R40: 2981748925522 | S40: 135570.26 | T40: =Q40/S40 -> 15464.043 | U40: =S40/21 -> 6455.7267
A41: 2025년01월 | F41: =Q41/18 -> 102018534 | G41: =F41/F40-1 -> 0.021905864 | H41: =F41/F29-1 -> 0.59493541 | I41: =T41 -> 14689.78 | J41: =I41/I29-1 -> 0.34528157 | P41: 2025년01월 | Q41: 1836333612 | R41: 2679902971095 | S41: 125007.56 | T41: =Q41/S41 -> 14689.78 | U41: =S41/18 -> 6944.8644
A42: 2025년02월 | F42: =Q42/20 -> 84072911 | G42: =F42/F41-1 -> -0.17590552 | H42: =F42/F30-1 -> 0.07101985 | I42: =T42 -> 13397.087 | J42: =I42/I30-1 -> 0.043172348 | P42: 2025년02월 | Q42: 1681458212 | R42: 2430750338703 | S42: 125509.24 | T42: =Q42/S42 -> 13397.087 | U42: =S42/20 -> 6275.462
A43: 2025년03월 | B43: =SUM(F41:F43) -> 2.9142166e+08 | C43: =AVERAGE(F41:F43) -> 97140553 | D43: =C43/C40-1 -> 0.032160861 | E43: =C43/C31-1 -> 0.30150267 | F43: =Q43/20 -> 1.0533021e+08 | G43: =F43/F42-1 -> 0.25284367 | H43: =F43/F31-1 -> 0.29319435 | I43: =T43 -> 14202.583 | J43: =I43/I31-1 -> -0.01605532 | K43: =Q41+Q42+Q43 -> 5624396100 | L43: =K43/K40-1 -> -0.035856267 | M43: =K43/K31-1 -> 0.24222916 | N43: =AVERAGE(T41:T43) -> 14096.484 | O43: =N43/N40-1 -> -0.19507846 | P43: 2025년03월 | Q43: 2106604276 | R43: 3052906360575 | S43: 148325.43 | T43: =Q43/S43 -> 14202.583 | U43: =S43/20 -> 7416.2715
A44: 2025년04월 | F44: =Q44/22 -> 95605831 | G44: =F44/F43-1 -> -0.092322827 | H44: =F44/F32-1 -> 0.25893099 | I44: =T44 -> 15695.093 | J44: =I44/I32-1 -> 0.046507678 | P44: 2025년04월 | Q44: 2103328275 | R44: 3050924534686 | S44: 134011.84 | T44: =Q44/S44 -> 15695.093 | U44: =S44/22 -> 6091.4473
A45: 2025년05월 | F45: =Q45/20 -> 1.1224493e+08 | G45: =F45/F44-1 -> 0.17403856 | H45: =F45/F33-1 -> 0.333886 | I45: =T45 -> 14020.782 | J45: =I45/I33-1 -> -0.092996254 | P45: 2025년05월 | Q45: 2244898642 | R45: 3166327080267 | S45: 160112.23 | T45: =Q45/S45 -> 14020.782 | U45: =S45/20 -> 8005.6115
A46: 2025년06월 | B46: =SUM(F44:F46) -> 3.284681e+08 | C46: =AVERAGE(F44:F46) -> 1.0948937e+08 | D46: =C46/C43-1 -> 0.12712314 | E46: =C46/C34-1 -> 0.26308178 | F46: =Q46/19 -> 1.2061733e+08 | G46: =F46/F45-1 -> 0.074590457 | H46: =F46/F34-1 -> 0.20663161 | I46: =T46 -> 12159.855 | J46: =I46/I34-1 -> -0.25119083 | K46: =Q44+Q45+Q46 -> 6639956242 | L46: =K46/K43-1 -> 0.18056341 | M46: =K46/K34-1 -> 0.26206426 | N46: =AVERAGE(T44:T46) -> 13958.577 | O46: =N46/N43-1 -> -0.0097830808 | P46: 2025년06월 | Q46: 2291729325 | R46: 3139077137490 | S46: 188466.83 | T46: =Q46/S46 -> 12159.855 | U46: =S46/19 -> 9919.3068
A47: 2025년07월 | F47: =Q47/23 -> 1.0381329e+08 | G47: =F47/F46-1 -> -0.13931697 | H47: =F47/F35-1 -> 0.20212602 | I47: =T47 -> 14894.109 | J47: =I47/I35-1 -> -0.2093753 | P47: 2025년07월 | Q47: 2387705705 | R47: 3273661870046 | S47: 160312.09 | T47: =Q47/S47 -> 14894.109 | U47: =S47/23 -> 6970.0909
A48: 2025년08월 | F48: =Q48/20 -> 1.3079647e+08 | G48: =F48/F47-1 -> 0.25992022 | H48: =F48/F36-1 -> 0.49287056 | I48: =T48 -> 17675.864 | J48: =I48/I36-1 -> -0.058883605 | P48: 2025년08월 | Q48: 2615929305 | R48: 3630080670579 | S48: 147994.42 | T48: =Q48/S48 -> 17675.864 | U48: =S48/20 -> 7399.721
A49: 2025년09월 | B49: =SUM(F47:F49) -> 3.5524888e+08 | C49: =AVERAGE(F47:F49) -> 1.1841629e+08 | D49: =C49/C46-1 -> 0.081532368 | E49: =C49/C37-1 -> 0.27385623 | F49: =Q49/22 -> 1.2063912e+08 | G49: =F49/F48-1 -> -0.077657638 | H49: =F49/F37-1 -> 0.14998889 | I49: =T49 -> 16595.171 | J49: =I49/I37-1 -> 0.066789381 | K49: =Q47+Q48+Q49 -> 7657695665 | L49: =K49/K46-1 -> 0.15327502 | M49: =K49/K37-1 -> 0.34006666 | N49: =AVERAGE(T47:T49) -> 16388.381 | O49: =N49/N46-1 -> 0.17407253 | P49: 2025년09월 | Q49: 2654060655 | R49: 3688423718729 | S49: 159929.7 | T49: =Q49/S49 -> 16595.171 | U49: =S49/22 -> 7269.5318
A50: 2025년10월 | F50: =Q50/18 -> 1.5862648e+08 | G50: =F50/F49-1 -> 0.31488423 | H50: =F50/F38-1 -> 0.65924343 | I50: =T50 -> 20706.267 | J50: =I50/I38-1 -> 0.034866081 | P50: 2025년10월 | Q50: 2855276588 | R50: 4031902913751 | S50: 137894.32 | T50: =Q50/S50 -> 20706.267 | U50: =S50/18 -> 7660.7956
A51: 2025년11월 | F51: =Q51/20 -> 1.8021048e+08 | G51: =F51/F50-1 -> 0.13606811 | H51: =F51/F39-1 -> 1.0735778 | I51: =T51 -> 24267.118 | J51: =I51/I39-1 -> 0.42196423 | P51: 2025년11월 | Q51: 3604209656 | R51: 5226855567631 | S51: 148522.36 | T51: =Q51/S51 -> 24267.118 | U51: =S51/20 -> 7426.118
A52: 2025년12월 | B52: =SUM(F50:F52) -> 5.2775499e+08 | C52: =AVERAGE(F50:F52) -> 1.7591833e+08 | D52: =C52/C49-1 -> 0.48559227 | E52: =C52/C40-1 -> 0.86920918 | F52: =Q52/22 -> 1.8891803e+08 | G52: =F52/F51-1 -> 0.048318735 | H52: =F52/F40-1 -> 0.89236632 | I52: =T52 -> 23723.684 | J52: =I52/I40-1 -> 0.5341191 | K52: =Q50+Q51+Q52 -> 10615682801 | L52: =K52/K49-1 -> 0.3862764 | M52: =K52/K40-1 -> 0.81975876 | N52: =AVERAGE(T50:T52) -> 22899.023 | O52: =N52/N49-1 -> 0.3972718 | P52: 2025년12월 | Q52: 4156196557 | R52: 6116349352276 | S52: 175191.87 | T52: =Q52/S52 -> 23723.684 | U52: =S52/22 -> 7963.2668
A53: 2026년01월 | F53: =Q53/21 -> 2.409228e+08 | G53: =F53/F52-1 -> 0.27527695 | H53: =F53/F41-1 -> 1.3615592 | I53: =T53 -> 35524.369 | J53: =I53/I41-1 -> 1.418305 | P53: 2026년01월 | Q53: 5059378865 | R53: 7377496030083 | S53: 142419.95 | T53: =Q53/S53 -> 35524.369 | U53: =S53/22 -> 6473.6341
A54: 2026년02월 | F54: =Q54/17 -> 3.8181042e+08 | G54: =F54/F53-1 -> 0.58478322 | H54: =F54/F42-1 -> 3.5414202 | I54: =T54 -> 48169.418 | J54: =I54/I42-1 -> 2.5955143 | P54: 2026년02월 | Q54: 6490777059 | R54: 9409646852694 | S54: 134748.92 | T54: =Q54/S54 -> 48169.418 | U54: =S54/7 -> 19249.846
A55: 2026년03월 | B55: =SUM(F53:F55) -> 1.0042782e+09 | C55: =AVERAGE(F53:F55) -> 3.3475939e+08 | D55: =C55/C52-1 -> 0.90292502 | E55: =C55/C43-1 -> 2.4461343 | F55: =Q55/21 -> 3.8154495e+08 | G55: =F55/F54-1 -> -0.00069528934 | H55: =F55/F43-1 -> 2.6223694 | I55: =T55 -> 55148.496 | J55: =I55/I43-1 -> 2.8829905 | K55: =Q53+Q54+Q55 -> 19562599801 | L55: =K55/K52-1 -> 0.84280184 | M55: =K55/K43-1 -> 2.4781689 | N55: =AVERAGE(T53:T55) -> 46280.761 | O55: =N55/N52-1 -> 1.0210802 | P55: 2026년03월 | Q55: 8012443877 | R55: 11783719630409 | S55: 145288.53 | T55: =Q55/S55 -> 55148.496 | U55: =S55/7 -> 20755.504
A56: 2026년04월 | F56: =Q56/22 -> 4.2036573e+08 | G56: =F56/F55-1 -> 0.10174629 | H56: =F56/F44-1 -> 3.3968629 | I56: =T56 -> 66478.838 | J56: =I56/I44-1 -> 3.2356448 | P56: 2026년04월 | Q56: 9248046034 | R56: 13813263429934 | S56: 139112.63 | T56: =Q56/S56 -> 66478.838 | U56: =S56/7 -> 19873.233
A57: 2026년05월 | F57: =Q57/12 -> 6.2396894e+08 | G57: =F57/F56-1 -> 0.48434779 | H57: =F57/F45-1 -> 4.5589943 | I57: =T57 -> 82819.884 | J57: =I57/I45-1 -> 4.9069377 | P57: 2026년05월 | Q57: 7487627298 | R57: 11034488337599 | S57: 90408.57 | T57: =Q57/S57 -> 82819.884 | U57: =S57/7 -> 12915.51
B58: =SUM(F56:F58) -> 1.0443347e+09 | C58: =AVERAGE(F56:F58) -> 5.2216734e+08 | D58: =C58/C55-1 -> 0.5598288 | E58: =C58/C46-1 -> 3.7691146
P63: 기간 | Q63: 금액(달러) | R63: 금액(원화) | S63: 중량 | T63: 국내 업체 수 | U63: 해외거래처 수
P65: 2026년 | Q65: 36298273133 | R65: 53418614280719 | S65: 651978.62 | T65: 109 | U65: 260
P66: 01월 | Q66: 5059378865 | R66: 7377496030083 | S66: 142419.95 | T66: 58 | U66: 137
P67: 02월 | Q67: 6490777059 | R67: 9409646852694 | S67: 134748.92 | T67: 40 | U67: 108
P68: 03월 | Q68: 8012443877 | R68: 11783719630409 | S68: 145288.53 | T68: 60 | U68: 141
P69: 04월 | Q69: 9248046034 | R69: 13813263429934 | S69: 139112.63 | T69: 57 | U69: 148
P70: 05월 | Q70: 7487627298 | R70: 11034488337599 | S70: 90408.57 | T70: 49 | U70: 107
P71: 2025년 | Q71: 30,537,883,60

Sheet 낸드
L1: 삼성전자, 하이닉스
L2: 8542321030
P3: 년월 | Q3: 금액(달러) | R3: 금액(원화) | S3: 중량(Kg)
A4: 년월 | B4: 분기(일평균합) | C4: 분기(평균) | D4: QoQ | E4: YoY | F4: 일평균수출 | G4: MoM | H4: YoY | I4: 금액(달러)/중량 | J4: 판가 yoy | K4: 분기 달러매출 | L4: QoQ | M4: YoY | N4: 판가 | O4: QoQ | T4: 금액(달러)/중량 | U4: 일평균수출중량
A5: 2022년01월 | F5: =Q5/20 -> 26112557 | I5: =T5 -> 10911.979 | P5: 2022년01월 | Q5: 522251145 | S5: 47860.35 | T5: =Q5/S5 -> 10911.979 | U5: =S5/20 -> 2393.0175
A6: 2022년02월 | F6: =Q6/18 -> 34954581 | G6: =F6/F5-1 -> 0.33861193 | I6: =T6 -> 13784.046 | P6: 2022년02월 | Q6: 629182451 | S6: 45645.7 | T6: =Q6/S6 -> 13784.046 | U6: =S6/20 -> 2282.285
A7: 2022년03월 | B7: =F5+F6+F7 -> 94981519 | C7: =AVERAGE(F5:F7) -> 31660506 | F7: =Q7/22 -> 33914381 | G7: =F7/F6-1 -> -0.029758599 | I7: =T7 -> 14076.693 | K7: =Q5+Q6+Q7 -> 1897549984 | L7: =R5+R6+R7 -> 0 | M7: =S5+S6+S7 -> 146509.72 | N7: =AVERAGE(T5:T7) -> 12924.24 | P7: 2022년03월 | Q7: 746116388 | S7: 53003.67 | T7: =Q7/S7 -> 14076.693 | U7: =S7/20 -> 2650.1835
A8: 2022년04월 | F8: =Q8/21 -> 35334201 | G8: =F8/F7-1 -> 0.041864836 | I8: =T8 -> 13884.885 | P8: 2022년04월 | Q8: 742018227 | S8: 53440.72 | T8: =Q8/S8 -> 13884.885 | U8: =S8/20 -> 2672.036
A9: 2022년05월 | F9: =Q9/21 -> 38254286 | G9: =F9/F8-1 -> 0.082641872 | I9: =T9 -> 13605.341 | P9: 2022년05월 | Q9: 803340002 | S9: 59045.93 | T9: =Q9/S9 -> 13605.341 | U9: =S9/20 -> 2952.2965
A10: 2022년06월 | B10: =F8+F9+F10 -> 1.1103998e+08 | C10: =AVERAGE(F8:F10) -> 37013328 | D10: =C10/C7-1 -> 0.16906936 | F10: =Q10/21 -> 37451496 | G10: =F10/F9-1 -> -0.020985608 | I10: =T10 -> 16589.513 | K10: =Q8+Q9+Q10 -> 2331839653 | L10: =K10/K7-1 -> 0.22886863 | M10: =S8+S9+S10 -> 159895 | N10: =AVERAGE(T8:T10) -> 14693.246 | O10: =N10/N7-1 -> 0.13687509 | P10: 2022년06월 | Q10: 786481424 | S10: 47408.35 | T10: =Q10/S10 -> 16589.513 | U10: =S10/20 -> 2370.4175
A11: 2022년07월 | F11: =Q11/21 -> 35150713 | G11: =F11/F10-1 -> -0.061433693 | I11: =T11 -> 18335.972 | P11: 2022년07월 | Q11: 738164966 | S11: 40257.75 | T11: =Q11/S11 -> 18335.972 | U11: =S11/20 -> 2012.8875
A12: 2022년08월 | F12: =Q12/22 -> 28114984 | G12: =F12/F11-1 -> -0.20015892 | I12: =T12 -> 15769.786 | P12: 2022년08월 | Q12: 618529649 | S12: 39222.45 | T12: =Q12/S12 -> 15769.786 | U12: =S12/20 -> 1961.1225
A13: 2022년09월 | B13: =F11+F12+F13 -> 96922398 | C13: =AVERAGE(F11:F13) -> 32307466 | D13: =C13/C10-1 -> -0.12713966 | F13: =Q13/20 -> 33656701 | G13: =F13/F12-1 -> 0.19710903 | I13: =T13 -> 11345.553 | K13: =Q11+Q12+Q13 -> 2029828641 | L13: =K13/K10-1 -> -0.1295162 | M13: =S11+S12+S13 -> 138810.41 | N13: =AVERAGE(T11:T13) -> 15150.437 | O13: =N13/N10-1 -> 0.031115715 | P13: 2022년09월 | Q13: 673134026 | S13: 59330.21 | T13: =Q13/S13 -> 11345.553 | U13: =S13/20 -> 2966.5105
A14: 2022년10월 | F14: =Q14/20 -> 28343188 | G14: =F14/F13-1 -> -0.15787385 | I14: =T14 -> 8066.6423 | P14: 2022년10월 | Q14: 566863763 | S14: 70272.58 | T14: =Q14/S14 -> 8066.6423 | U14: =S14/20 -> 3513.629
A15: 2022년11월 | F15: =Q15/22 -> 23496355 | G15: =F15/F14-1 -> -0.17100523 | I15: =T15 -> 10803.899 | P15: 2022년11월 | Q15: 516919802 | S15: 47845.67 | T15: =Q15/S15 -> 10803.899 | U15: =S15/20 -> 2392.2835
A16: 2022년12월 | B16: =F14+F15+F16 -> 67595069 | C16: =AVERAGE(F14:F16) -> 22531690 | D16: =C16/C13-1 -> -0.30258567 | F16: =Q16/22 -> 15755526 | G16: =F16/F15-1 -> -0.32944805 | I16: =T16 -> 8633.1071 | K16: =Q14+Q15+Q16 -> 1430405147 | L16: =K16/K13-1 -> -0.29530744 | N16: =AVERAGE(T14:T16) -> 9167.8829 | O16: =N16/N13-1 -> -0.39487666 | P16: 2022년12월 | Q16: 346621582 | S16: 40150.27 | T16: =Q16/S16 -> 8633.1071 | U16: =S16/20 -> 2007.5135
A17: 2023년01월 | F17: =Q17/20 -> 18210581 | G17: =F17/F16-1 -> 0.1558218 | H17: =F17/F5-1 -> -0.30261212 | I17: =T17 -> 13356.109 | J17: =I17/I5-1 -> 0.22398596 | P17: 2023년01월 | Q17: 364211620 | R17: 457909426432 | S17: 27269.29 | T17: =Q17/S17 -> 13356.109 | U17: =S17/20 -> 1363.4645
A18: 2023년02월 | F18: =Q18/20 -> 24603075 | G18: =F18/F17-1 -> 0.35103184 | H18: =F18/F6-1 -> -0.29614161 | I18: =T18 -> 10150.162 | J18: =I18/I6-1 -> -0.26362971 | P18: 2023년02월 | Q18: 492061495 | R18: 620274925462 | S18: 48478.19 | T18: =Q18/S18 -> 10150.162 | U18: =S18/20 -> 2423.9095
A19: 2023년03월 | B19: =SUM(F17:F19) -> 71788388 | C19: =AVERAGE(F17:F19) -> 23929463 | D19: =C19/C16-1 -> 0.062035864 | E19: =C19/C7-1 -> -0.24418573 | F19: =Q19/22 -> 28974732 | G19: =F19/F18-1 -> 0.17768744 | H19: =F19/F7-1 -> -0.14565058 | I19: =T19 -> 6987.2494 | J19: =I19/I7-1 -> -0.50362991 | K19: =Q17+Q18+Q19 -> 1493717220 | L19: =K19/K16-1 -> 0.044261637 | M19: =U19/U7-1 -> 0.7211944 | N19: =AVERAGE(T17:T19) -> 10164.507 | O19: =N19/N16-1 -> 0.10870821 | P19: 2023년03월 | Q19: 637444105 | R19: 833612611570 | S19: 91229.62 | T19: =Q19/S19 -> 6987.2494 | U19: =S19/20 -> 4561.481
A20: 2023년04월 | F20: =Q20/20 -> 17624314 | G20: =F20/F19-1 -> -0.39173505 | H20: =F20/F8-1 -> -0.50121092 | I20: =T20 -> 9581.6756 | J20: =I20/I8-1 -> -0.30992039 | P20: 2023년04월 | Q20: 352486276 | R20: 462395140391 | S20: 36787.54 | T20: =Q20/S20 -> 9581.6756 | U20: =S20/20 -> 1839.377
A21: 2023년05월 | F21: =Q21/21 -> 17641094 | G21: =F21/F20-1 -> 0.00095212137 | H21: =F21/F9-1 -> -0.53884659 | I21: =T21 -> 9576.0124 | J21: =I21/I9-1 -> -0.29615784 | P21: 2023년05월 | Q21: 370462980 | R21: 493315759699 | S21: 38686.56 | T21: =Q21/S21 -> 9576.0124 | U21: =S21/20 -> 1934.328
A22: 2023년06월 | B22: =SUM(F20:F22) -> 57610047 | C22: =AVERAGE(F20:F22) -> 19203349 | D22: =C22/C19-1 -> -0.19750187 | E22: =C22/C10-1 -> -0.48117745 | F22: =Q22/21 -> 22344639 | G22: =F22/F21-1 -> 0.26662432 | H22: =F22/F10-1 -> -0.40337126 | I22: =T22 -> 6414.351 | J22: =I22/I10-1 -> -0.61334904 | K22: =Q20+Q21+Q22 -> 1192186675 | L22: =K22/K19-1 -> -0.20186588 | M22: =U22/U10-1 -> 0.54306805 | N22: =AVERAGE(T20:T22) -> 8524.013 | O22: =N22/N19-1 -> -0.16139435 | P22: 2023년06월 | Q22: 469237419 | R22: 610745873085 | S22: 73154.31 | T22: =Q22/S22 -> 6414.351 | U22: =S22/20 -> 3657.7155
A23: 2023년07월 | F23: =Q23/21 -> 16908303 | G23: =F23/F22-1 -> -0.24329486 | H23: =F23/F11-1 -> -0.51897695 | I23: =T23 -> 8282.01 | J23: =I23/I11-1 -> -0.548319 | P23: 2023년07월 | Q23: 355074367 | R23: 458165493536 | S23: 42872.97 | T23: =Q23/S23 -> 8282.01 | U23: =S23/21 -> 2041.57
A24: 2023년08월 | F24: =Q24/22 -> 25600321 | G24: =F24/F23-1 -> 0.51406801 | H24: =F24/F12-1 -> -0.089442092 | I24: =T24 -> 9513.8787 | J24: =I24/I12-1 -> -0.39670211 | P24: 2023년08월 | Q24: 563207063 | R24: 738732840823 | S24: 59198.47 | T24: =Q24/S24 -> 9513.8787 | U24: =S24/22 -> 2690.8395
A25: 2023년09월 | B25: =SUM(F23:F25) -> 79932748 | C25: =AVERAGE(F23:F25) -> 26644249 | D25: =C25/C22-1 -> 0.3874793 | E25: =C25/C13-1 -> -0.17529127 | F25: =Q25/19 -> 37424124 | G25: =F25/F24-1 -> 0.4618615 | H25: =F25/F13-1 -> 0.11193677 | I25: =T25 -> 8637.9827 | J25: =I25/I13-1 -> -0.23864593 | K25: =Q23+Q24+Q25 -> 1629339781 | L25: =K25/K22-1 -> 0.36668176 | M25: =U25/U13-1 -> 0.38744899 | N25: =AVERAGE(T23:T25) -> 8811.2905 | O25: =N25/N22-1 -> 0.033702137 | P25: 2023년09월 | Q25: 711058351 | R25: 943805086160 | S25: 82317.64 | T25: =Q25/S25 -> 8637.9827 | U25: =S25/20 -> 4115.882
A26: 2023년10월 | F26: =Q26/19 -> 29654344 | G26: =F26/F25-1 -> -0.20761422 | H26: =F26/F14-1 -> 0.046259986 | I26: =T26 -> 10309.483 | J26: =I26/I14-1 -> 0.27803896 | P26: 2023년10월 | Q26: 563432529 | R26: 759063439626 | S26: 54651.87 | T26: =Q26/S26 -> 10309.483 | U26: =S26/19 -> 2876.4142
A27: 2023년11월 | F27: =Q27/22 -> 26223986 | G27: =F27/F26-1 -> -0.11567808 | H27: =F27/F15-1 -> 0.11608743 | I27: =T27 -> 10992.765 | J27: =I27/I15-1 -> 0.017481273 | P27: 2023년11월 | Q27: 576927692 | R27: 761642990862 | S27: 52482.49 | T27: =Q27/S27 -> 10992.765 | U27: =S27/22 -> 2385.5677
A28: 2023년12월 | B28: =SUM(F26:F28) -> 88693264 | C28: =AVERAGE(F26:F28) -> 29564421 | D28: =C28/C25-1 -> 0.10959858 | E28: =C28/C16-1 -> 0.31212624 | F28: =Q28/19 -> 32814934 | G28: =F28/F27-1 -> 0.25133282 | H28: =F28/F16-1 -> 1.0827571 | I28: =T28 -> 9093.0202 | J28: =I28/I16-1 -> 0.053273181 | K28: =Q26+Q27+Q28 -> 1763843974 | L28: =K28/K25-1 -> 0.082551347 | M28: =U28/U16-1 -> 0.79764905 | N28: =AVERAGE(T26:T28) -> 10131.756 | O28: =N28/N25-1 -> 0.14986065 | P28: 2023년12월 | Q28: 623483753 | R28: 813384975117 | S28: 68567.29 | T28: =Q28/S28 -> 9093.0202 | U28: =S28/19 -> 3608.8047
A29: 2024년01월 | F29: =Q29/22 -> 38979936 | G29: =F29/F28-1 -> 0.18787182 | H29: =F29/F17-1 -> 1.1405103 | I29: =T29 -> 13527.072 | J29: =I29/I17-1 -> 0.012800312 | P29: 2024년01월 | Q29: 857558588 | R29: 1129047268119 | S29: 63395.73 | T29: =Q29/S29 -> 13527.072 | U29: =S29/22 -> 2881.6241
A30: 2024년02월 | F30: =Q30/19 -> 46795713 | G30: =F30/F29-1 -> 0.20050771 | H30: =F30/F18-1 -> 0.90202704 | I30: =T30 -> 15856.204 | J30: =I30/I18-1 -> 0.5621626 | P30: 2024년02월 | Q30: 889118556 | R30: 1184914481031 | S30: 56073.86 | T30: =Q30/S30 -> 15856.204 | U30: =S30/19 -> 2951.2558
A31: 2024년03월 | B31: =SUM(F29:F31) -> 1.2662541e+08 | C31: =AVERAGE(F29:F31) -> 42208471 | D31: =C31/C28-1 -> 0.42767791 | E31: =C31/C19-1 -> 0.76387043 | F31: =Q31/20 -> 40849765 | G31: =F31/F30-1 -> -0.12706182 | H31: =F31/F19-1 -> 0.40984099 | I31: =T31 -> 14855.551 | J31: =I31/I19-1 -> 1.1260943 | K31: =Q29+Q30+Q31 -> 2563672440 | L31: =K31/K28-1 -> 0.45345761 | M31: =U31/U19-1 -> -0.39716991 | N31: =AVERAGE(T29:T31) -> 14746.276 | O31: =N31/N28-1 -> 0.45545109 | P31: 2024년03월 | Q31: 816995296 | R31: 1086063333108 | S31: 54995.96 | T31: =Q31/S31 -> 14855.551 | U31: =S31/20 -> 2749.798
A32: 2024년04월 | F32: =Q32/21 -> 29303940 | G32: =F32/F31-1 -> -0.28264115 | H32: =F32/F20-1 -> 0.66269964 | I32: =T32 -> 14448.304 | J32: =I32/I20-1 -> 0.50790995 | P32: 2024년04월 | Q32: 615382745 | R32: 838301417681 | S32: 42592.04 | T32: =Q32/S32 -> 14448.304 | U32: =S32/14 -> 3042.2886
A33: 2024년05월 | F33: =Q33/21 -> 32649250 | G33: =F33/F32-1 -> 0.11415903 | H33: =F33/F21-1 -> 0.85074969 | I33: =T33 -> 16364.293 | J33: =I33/I21-1 -> 0.70888382 | P33: 2024년05월 | Q33: 685634245 | R33: 938113887023 | S33: 41898.19 | T33: =Q33/S33 -> 16364.293 | U33: =S33/21 -> 1995.1519
A34: 2024년06월 | B34: =SUM(F32:F34) -> 97630421 | C34: =AVERAGE(F32:F34) -> 32543474 | D34: =C34/C31-1 -> -0.22898242 | E34: =C34/C22-1 -> 0.69467698 | F34: =Q34/19 -> 35677231 | G34: =F34/F33-1 -> 0.092742736 | H34: =F34/F22-1 -> 0.59667966 | I34: =T34 -> 14906.319 | J34: =I34/I22-1 -> 1.3239013 | K34: =Q32+Q33+Q34 -> 1978884370 | L34: =K34/K31-1 -> -0.22810561 | M34: =U34/U22-1 -> -0.34564894 | N34: =AVERAGE(T32:T34) -> 15239.639 | O34: =N34/N31-1 -> 0.033456782 | P34: 2024년06월 | Q34: 677867380 | R34: 931543953192 | S34: 45475.17 | T34: =Q34/S34 -> 14906.319 | U34: =S34/19 -> 2393.43
A35: 2024년07월 | F35: =Q35/23 -> 23310713 | G35: =F35/F34-1 -> -0.34662212 | H35: =F35/F23-1 -> 0.37865479 | I35: =T35 -> 13980.299 | J35: =I35/I23-1 -> 0.68803207 | P35: 2024년07월 | Q35: 536146405 | R35: 742153879668 | S35: 38350.14 | T35: =Q35/S35 -> 13980.299 | U35: =S35/23 -> 1667.3974
A36: 2024년08월 | F36: =Q36/21 -> 18476769 | G36: =F36/F35-1 -> -0.20737006 | H36: =F36/F24-1 -> -0.27826026 | I36: =T36 -> 12797.703 | J36: =I36/I24-1 -> 0.34516147 | P36: 2024년08월 | Q36: 388012152 | R36: 528336419639 | S36: 30318.89 | T36: =Q36/S36 -> 12797.703 | U36: =S36/21 -> 1443.7567
A37: 2024년09월 | B37: =SUM(F35:F37) -> 76611893 | C37: =AVERAGE(F35:F37) -> 25537298 | D37: =C37/C34-1 -> -0.21528666 | E37: =C37/C25-1 -> -0.041545609 | F37: =Q37/18 -> 34824411 | G37: =F37/F36-1 -> 0.88476733 | H37: =F37/F25-1 -> -0.069466232 | I37: =T37 -> 15422.433 | J37: =I37/I25-1 -> 0.7854207 | K37: =Q35+Q36+Q37 -> 1550997953 | L37: =K37/K34-1 -> -0.21622608 | M37: =U37/U25-1 -> -0.45138463 | N37: =AVERAGE(T35:T37) -> 14066.812 | O37: =N37/N34-1 -> -0.076958974 | P37: 2024년09월 | Q37: 626839396 | R37: 836739797672 | S37: 40644.65 | T37: =Q37/S37 -> 15422.433 | U37: =S37/18 -> 2258.0361
A38: 2024년10월 | F38: =Q38/20 -> 22021239 | G38: =F38/F37-1 -> -0.36764935 | H38: =F38/F26-1 -> -0.25740259 | I38: =T38 -> 13510.53 | J38: =I38/I26-1 -> 0.3104954 | P38: 2024년10월 | Q38: 440424775 | R38: 592246813792 | S38: 32598.63 | T38: =Q38/S38 -> 13510.53 | U38: =S38/20 -> 1629.9315
A39: 2024년11월 | F39: =Q39/21 -> 22806292 | G39: =F39/F38-1 -> 0.035649812 | H39: =F39/F27-1 -> -0.13032703 | I39: =T39 -> 10441.394 | J39: =I39/I27-1 -> -0.050157643 | P39: 2024년11월 | Q39: 478932127 | R39: 665428575403 | S39: 45868.6 | T39: =Q39/S39 -> 10441.394 | U39: =S39/14 -> 3276.3286
A40: 2024년12월 | B40: =SUM(F38:F40) -> 74018253 | C40: =AVERAGE(F38:F40) -> 24672751 | D40: =C40/C37-1 -> -0.033854281 | E40: =C40/C28-1 -> -0.16545801 | F40: =Q40/21 -> 29190722 | G40: =F40/F39-1 -> 0.27994163 | H40: =F40/F28-1 -> -0.11044399 | I40: =T40 -> 14528.647 | J40: =I40/I28-1 -> 0.59778013 | K40: =Q38+Q39+Q40 -> 1532362069 | L40: =K40/K37-1 -> -0.012015415 | M40: =U40/U28-1 -> -0.44325505 | N40: =AVERAGE(T38:T40) -> 12826.857 | O40: =N40/N37-1 -> -0.088147516 | P40: 2024년12월 | Q40: 613005167 | R40: 874744044813 | S40: 42192.86 | T40: =Q40/S40 -> 14528.647 | U40: =S40/21 -> 2009.1838
A41: 2025년01월 | F41: =Q41/18 -> 17070604 | G41: =F41/F40-1 -> -0.41520446 | H41: =F41/F29-1 -> -0.5620669 | I41: =T41 -> 10880.088 | J41: =I41/I29-1 -> -0.19568047 | P41: 2025년01월 | Q41: 307270877 | R41: 448841605452 | S41: 28241.58 | T41: =Q41/S41 -> 10880.088 | U41: =S41/18 -> 1568.9767
A42: 2025년02월 | F42: =Q42/20 -> 14705132 | G42: =F42/F41-1 -> -0.13856994 | H42: =F42/F30-1 -> -0.685759 | I42: =T42 -> 6287.1111 | J42: =I42/I30-1 -> -0.60349204 | P42: 2025년02월 | Q42: 294102633 | R42: 425436492643 | S42: 46778.66 | T42: =Q42/S42 -> 6287.1111 | U42: =S42/20 -> 2338.933
A43: 2025년03월 | B43: =SUM(F41:F43) -> 58108250 | C43: =AVERAGE(F41:F43) -> 19369417 | D43: =C43/C40-1 -> -0.21494701 | E43: =C43/C31-1 -> -0.5411012 | F43: =Q43/20 -> 26332514 | G43: =F43/F42-1 -> 0.7907024 | H43: =F43/F31-1 -> -0.35538149 | I43: =T43 -> 8037.3849 | J43: =I43/I31-1 -> -0.4589642 | K43: =Q41+Q42+Q43 -> 1128023800 | L43: =K43/K40-1 -> -0.26386601 | M43: =K43/K31-1 -> -0.55999691 | N43: =AVERAGE(T41:T43) -> 8401.528 | O43: =N43/N40-1 -> -0.34500494 | P43: 2025년03월 | Q43: 526650290 | R43: 763909496697 | S43: 65525.08 | T43: =Q43/S43 -> 8037.3849 | U43: =S43/20 -> 3276.254
A44: 2025년04월 | F44: =Q44/22 -> 19557078 | G44: =F44/F43-1 -> -0.25730305 | H44: =F44/F32-1 -> -0.33261268 | I44: =T44 -> 13033.234 | J44: =I44/I32-1 -> -0.097940237 | P44: 2025년04월 | Q44: 430255719 | R44: 623791272846 | S44: 33012.2 | T44: =Q44/S44 -> 13033.234 | U44: =S44/22 -> 1500.5545
A45: 2025년05월 | F45: =Q45/20 -> 28062944 | G45: =F45/F44-1 -> 0.43492518 | H45: =F45/F33-1 -> -0.14047201 | I45: =T45 -> 13310.41 | J45: =I45/I33-1 -> -0.18661865 | P45: 2025년05월 | Q45: 561258878 | R45: 790909940683 | S45: 42166.91 | T45: =Q45/S45 -> 13310.41 | U45: =S45/12 -> 3513.9092
A46: 2025년06월 | B46: =SUM(F44:F46) -> 80290510 | C46: =AVERAGE(F44:F46) -> 26763503 | D46: =C46/C43-1 -> 0.38174028 | E46: =C46/C34-1 -> -0.17760766 | F46: =Q46/19 -> 32670488 | G46: =F46/F45-1 -> 0.16418605 | H46: =F46/F34-1 -> -0.084276233 | I46: =T46 -> 11270.629 | J46: =I46/I34-1 -> -0.24390256 | K46: =Q44+Q45+Q46 -> 1612253868 | L46: =K46/K43-1 -> 0.42927292 | M46: =K46/K34-1 -> -0.18527131 | N46: =AVERAGE(T44:T46) -> 12538.091 | O46: =N46/N43-1 -> 0.49235843 | P46: 2025년06월 | Q46: 620739271 | R46: 849771449986 | S46: 55075.83 | T46: =Q46/S46 -> 11270.629 | U46: =S46/19 -> 2898.7279
A47: 2025년07월 | F47: =Q47/23 -> 20068790 | G47: =F47/F46-1 -> -0.38572113 | H47: =F47/F35-1 -> -0.13907438 | I47: =T47 -> 11920.855 | J47: =I47/I35-1 -> -0.14731042 | P47: 2025년07월 | Q47: 461582176 | R47: 633095419369 | S47: 38720.56 | T47: =Q47/S47 -> 11920.855 | U47: =S47/19 -> 2037.9242
A48: 2025년08월 | F48: =Q48/20 -> 32273293 | G48: =F48/F47-1 -> 0.60813344 | H48: =F48/F36-1 -> 0.74669567 | I48: =T48 -> 14697.437 | J48: =I48/I36-1 -> 0.14844332 | P48: 2025년08월 | Q48: 645465853 | R48: 895937645128 | S48: 43916.9 | T48: =Q48/S48 -> 14697.437 | U48: =S48/19 -> 2311.4158
A49: 2025년09월 | B49: =SUM(F47:F49) -> 84466156 | C49: =AVERAGE(F47:F49) -> 28155385 | D49: =C49/C46-1 -> 0.052006714 | E49: =C49/C37-1 -> 0.10252014 | F49: =Q49/22 -> 32124073 | G49: =F49/F48-1 -> -0.0046236377 | H49: =F49/F37-1 -> -0.077541534 | I49: =T49 -> 12997.567 | J49: =I49/I37-1 -> -0.15722978 | K49: =Q47+Q48+Q49 -> 1813777627 | L49: =K49/K46-1 -> 0.12499505 | M49: =K49/K37-1 -> 0.16942619 | N49: =AVERAGE(T47:T49) -> 13205.286 | O49: =N49/N46-1 -> 0.053213449 | P49: 2025년09월 | Q49: 706729598 | R49: 981426880200 | S49: 54373.99 | T49: =Q49/S49 -> 12997.567 | U49: =S49/22 -> 2471.545
A50: 2025년10월 | F50: =Q50/18 -> 37384863 | G50: =F50/F49-1 -> 0.16376472 | H50: =F50/F38-1 -> 0.697673 | I50: =T50 -> 17749.33 | J50: =I50/I38-1 -> 0.31374048 | P50: 2025년10월 | Q50: 672927526 | R50: 952213011061 | S50: 37912.84 | T50: =Q50/S50 -> 17749.33 | U50: =S50/22 -> 1723.3109
A51: 2025년11월 | F51: =Q51/20 -> 55062591 | G51: =F51/F50-1 -> 0.47285793 | H51: =F51/F39-1 -> 1.4143597 | I51: =T51 -> 26984.826 | J51: =I51/I39-1 -> 1.5844083 | P51: 2025년11월 | Q51: 1101251822 | R51: 1598711134231 | S51: 40810.04 | T51: =Q51/S51 -> 26984.826 | U51: =S51/20 -> 2040.502
A52: 2025년12월 | B52: =SUM(F50:F52) -> 1.5042903e+08 | C52: =AVERAGE(F50:F52) -> 50143011 | D52: =C52/C49-1 -> 0.78093854 | E52: =C52/C40-1 -> 1.0323235 | F52: =Q52/22 -> 57981578 | G52: =F52/F51-1 -> 0.053012168 | H52: =F52/F40-1 -> 0.98630161 | I52: =T52 -> 28353.14 | J52: =I52/I40-1 -> 0.95153341 | K52: =Q50+Q51+Q52 -> 3049774074 | L52: =K52/K49-1 -> 0.68144872 | M52: =K52/K40-1 -> 0.99024378 | N52: =AVERAGE(T50:T52) -> 24362.432 | O52: =N52/N49-1 -> 0.84489996 | P52: 2025년12월 | Q52: 1275594726 | R52: 1878058111629 | S52: 44989.54 | T52: =Q52/S52 -> 28353.14 | U52: =S52/22 -> 2044.9791
A53: 2026년01월 | F53: =Q53/21 -> 68331260 | G53: =F53/F52-1 -> 0.17849947 | H53: =F53/F41-1 -> 3.0028612 | I53: =T53 -> 32928.876 | J53: =I53/I41-1 -> 2.0265266 | P53: 2026년01월 | Q53: 1434956451 | R53: 2097240591161 | S53: 43577.45 | T53: =Q53/S53 -> 32928.876 | U53: =S53/22 -> 1980.7932
A54: 2026년02월 | F54: =Q54/17 -> 82719031 | G54: =F54/F53-1 -> 0.21055915 | H54: =F54/F42-1 -> 4.6251813 | I54: =T54 -> 37502.645 | J54: =I54/I42-1 -> 4.9650043 | P54: 2026년02월 | Q54: 1406223535 | R54: 2038032554507 | S54: 37496.65 | T54: =Q54/S54 -> 37502.645 | U54: =S54/22 -> 1704.3932
A55: 2026년03월 | B55: =SUM(F53:F55) -> 2.7222157e+08 | C55: =AVERAGE(F53:F55) -> 90740525 | D55: =C55/C52-1 -> 0.80963455 | E55: =C55/C43-1 -> 3.6847319 | F55: =Q55/21 -> 1.2117128e+08 | G55: =F55/F54-1 -> 0.46485375 | H55: =F55/F43-1 -> 3.6015842 | I55: =T55 -> 45865.014 | J55: =I55/I43-1 -> 4.7064598 | K55: =Q53+Q54+Q55 -> 5385776932 | L55: =K55/K52-1 -> 0.76595931 | M55: =K55/K43-1 -> 3.7745242 | N55: =AVERAGE(T53:T55) -> 38765.512 | O55: =N55/N52-1 -> 0.59120039 | P55: 2026년03월 | Q55: 2544596946 | R55: 3778095183131 | S55: 55480.13 | T55: =Q55/S55 -> 45865.014 | U55: =S55/22 -> 2521.8241
A56: 2026년04월 | F56: =Q56/22 -> 76079277 | G56: =F56/F55-1 -> -0.37213443 | H56: =F56/F44-1 -> 2.8901147 | I56: =T56 -> 45933.776 | J56: =I56/I44-1 -> 2.5243575 | P56: 2026년04월 | Q56: 1673744099 | R56: 2494955175098 | S56: 36438.2 | T56: =Q56/S56 -> 45933.776 | U56: =S56/22 -> 1656.2818
A57: 2026년05월 | F57: =Q57/12 -> 79476104 | G57: =F57/F56-1 -> 0.04464851 | H57: =F57/F45-1 -> 1.8320658 | I57: =T57 -> 54715.762 | J57: =I57/I45-1 -> 3.1107494 | P57: 2026년05월 | Q57: 953713243 | R57: 1405500117328 | S57: 17430.32 | T57: =Q57/S57 -> 54715.762 | U57: =S57/22 -> 792.28727
B58: =SUM(F56:F58) -> 1.5555538e+08 | C58: =AVERAGE(F56:F58) -> 77777690 | D58: =C58/C55-1 -> -0.14285607 | E58: =C58/C46-1 -> 1.9061102
P62: 기간 | Q62: 금액(달러) | R62: 금액(원화) | S62: 중량 | T62: 국내 업체 수 | U62: 해외거래처 수
P64: 2026년 | Q64: 8013234274 | R64: 11813823621225 | S64: 190422.77 | T64: 106 | U64: 242
P65: 01월 | Q65: 1434956451 | R65: 2097240591161 | S65: 43577.45 | T65: 61 | U65: 124
P66: 02월 | Q66: 1406223535 | R66: 2038032554507 | S66: 37496.65 | T66: 51 | U66: 105
P67: 03월 | Q67: 2544596946 | R67: 3778095183131 | S67: 55480.13 | T67: 64 | U67: 132
P68: 04월 | Q68: 1673744099 | R68: 2494955175098 | S68: 36438.2 | T68: 64 | U68: 151
P69: 05월 | Q69: 953713243 | R69: 1405500117328 | S69: 17430.32 | T69: 51 | U69: 98
P70: 2025년 | Q70: 7,603,

Sheet HBM
L1: 삼성전자, 하이닉스
L2: 8542323000
P3: 년월 | Q3: 금액(달러) | R3: 금액(원화) | S3: 중량(Kg)
A4: 년월 | B4: 분기(일평균합) | C4: 분기(평균) | D4: QoQ | E4: YoY | F4: 일평균수출 | G4: MoM | H4: YoY | I4: 금액(달러)/중량 | J4: 판가 yoy | K4: 분기 달러매출 | L4: QoQ | M4: YoY | N4: 판가 | O4: QoQ | T4: 금액(달러)/중량
A5: 2022년01월 | F5: =Q5/20 -> 1.2064243e+08 | I5: =T5 -> 31446.577 | P5: 2022년01월 | Q5: 2412848672 | R5: 2848238592761 | S5: 76728.5 | T5: =Q5/S5 -> 31446.577
A6: 2022년02월 | F6: =Q6/18 -> 1.1724991e+08 | G6: =F6/F5-1 -> -0.028120483 | I6: =T6 -> 28452.854 | P6: 2022년02월 | Q6: 2110498381 | R6: 2507495787262 | S6: 74175.28 | T6: =Q6/S6 -> 28452.854
A7: 2022년03월 | B7: =F5+F6+F7 -> 3.7646104e+08 | C7: =AVERAGE(F5:F7) -> 1.2548701e+08 | F7: =Q7/22 -> 1.385687e+08 | G7: =F7/F6-1 -> 0.18182351 | I7: =T7 -> 28733.446 | K7: =Q5+Q6+Q7 -> 7571858458 | N7: =AVERAGE(T5:T7) -> 29544.292 | P7: 2022년03월 | Q7: 3048511405 | R7: 3675609941057 | S7: 106096.27 | T7: =Q7/S7 -> 28733.446
A8: 2022년04월 | F8: =Q8/21 -> 94205287 | G8: =F8/F7-1 -> -0.32015465 | I8: =T8 -> 28092.884 | P8: 2022년04월 | Q8: 1978311024 | R8: 2402550303120 | S8: 70420.36 | T8: =Q8/S8 -> 28092.884
A9: 2022년05월 | F9: =Q9/21 -> 1.1455237e+08 | G9: =F9/F8-1 -> 0.21598669 | I9: =T9 -> 27518.815 | P9: 2022년05월 | Q9: 2405599871 | R9: 3027407363396 | S9: 87416.55 | T9: =Q9/S9 -> 27518.815 | AC9: 2500
A10: 2022년06월 | B10: =F8+F9+F10 -> 3.2804393e+08 | C10: =AVERAGE(F8:F10) -> 1.0934798e+08 | D10: =C10/C7-1 -> -0.12861123 | F10: =Q10/21 -> 1.1928626e+08 | G10: =F10/F9-1 -> 0.041325107 | I10: =T10 -> 22879.877 | K10: =Q8+Q9+Q10 -> 6888922437 | L10: =K10/K7-1 -> -0.090193976 | N10: =AVERAGE(T8:T10) -> 26163.859 | O10: =N10/N7-1 -> -0.11441917 | P10: 2022년06월 | Q10: 2505011542 | R10: 3168883237563 | S10: 109485.36 | T10: =Q10/S10 -> 22879.877 | AC10: 4545
A11: 2022년07월 | F11: =Q11/21 -> 86944386 | G11: =F11/F10-1 -> -0.27112826 | I11: =T11 -> 24016.314 | P11: 2022년07월 | Q11: 1825832115 | R11: 2362830964842 | S11: 76024.66 | T11: =Q11/S11 -> 24016.314 | AC11: =AC9*AC10 -> 11362500
A12: 2022년08월 | F12: =Q12/22 -> 94352260 | G12: =F12/F11-1 -> 0.085202437 | I12: =T12 -> 26153.454 | P12: 2022년08월 | Q12: 2075749720 | R12: 2700316213060 | S12: 79368.09 | T12: =Q12/S12 -> 26153.454
A13: 2022년09월 | B13: =F11+F12+F13 -> 3.0458249e+08 | C13: =AVERAGE(F11:F13) -> 1.015275e+08 | D13: =C13/C10-1 -> -0.071519195 | F13: =Q13/20 -> 1.2328584e+08 | G13: =F13/F12-1 -> 0.30665489 | I13: =T13 -> 22268.224 | K13: =Q11+Q12+Q13 -> 6367298666 | L13: =K13/K10-1 -> -0.075719211 | N13: =AVERAGE(T11:T13) -> 24145.998 | O13: =N13/N10-1 -> -0.077123987 | P13: 2022년09월 | Q13: 2465716831 | R13: 3374471593153 | S13: 110728.04 | T13: =Q13/S13 -> 22268.224
A14: 2022년10월 | F14: =Q14/20 -> 82270275 | G14: =F14/F13-1 -> -0.33268676 | I14: =T14 -> 23214.33 | P14: 2022년10월 | Q14: 1645405495 | R14: 2347512725855 | S14: 70878.87 | T14: =Q14/S14 -> 23214.33
A15: 2022년11월 | F15: =Q15/22 -> 61227410 | G15: =F15/F14-1 -> -0.25577725 | I15: =T15 -> 18944.993 | P15: 2022년11월 | Q15: 1347003024 | R15: 1852368936099 | S15: 71100.74 | T15: =Q15/S15 -> 18944.993
A16: 2022년12월 | B16: =F14+F15+F16 -> 2.1102256e+08 | C16: =AVERAGE(F14:F16) -> 70340854 | D16: =C16/C13-1 -> -0.30717435 | F16: =Q16/22 -> 67524876 | G16: =F16/F15-1 -> 0.1028537 | I16: =T16 -> 17738.196 | K16: =Q14+Q15+Q16 -> 4477955793 | L16: =K16/K13-1 -> -0.29672597 | N16: =AVERAGE(T14:T16) -> 19965.84 | O16: =N16/N13-1 -> -0.17312012 | P16: 2022년12월 | Q16: 1485547274 | R16: 1942406237917 | S16: 83748.5 | T16: =Q16/S16 -> 17738.196
A17: 2023년01월 | F17: =Q17/20 -> 55570314 | G17: =F17/F16-1 -> -0.17703938 | H17: =F17/F5-1 -> -0.53938003 | I17: =T17 -> 19115.621 | J17: =I17/I5-1 -> -0.39212396 | P17: 2023년01월 | Q17: 1111406272 | R17: 1394645194991 | S17: 58141.26 | T17: =Q17/S17 -> 19115.621
A18: 2023년02월 | F18: =Q18/20 -> 53172544 | G18: =F18/F17-1 -> -0.043148399 | H18: =F18/F6-1 -> -0.54650248 | I18: =T18 -> 15176.898 | J18: =I18/I6-1 -> -0.46659487 | P18: 2023년02월 | Q18: 1063450871 | R18: 1336072931904 | S18: 70070.37 | T18: =Q18/S18 -> 15176.898
A19: 2023년03월 | B19: =SUM(F17:F19) -> 1.821737e+08 | C19: =AVERAGE(F17:F19) -> 60724565 | D19: =C19/C16-1 -> -0.13670986 | E19: =C19/C7-1 -> -0.51608885 | F19: =Q19/22 -> 73430839 | G19: =F19/F18-1 -> 0.38099166 | H19: =F19/F7-1 -> -0.47007629 | I19: =T19 -> 14440.15 | J19: =I19/I7-1 -> -0.49744455 | K19: =Q17+Q18+Q19 -> 3790335606 | L19: =K19/K16-1 -> -0.15355672 | M19: =U19/U7-1 -> #DIV/0! | N19: =AVERAGE(T17:T19) -> 16244.223 | O19: =N19/N16-1 -> -0.18639921 | P19: 2023년03월 | Q19: 1615478463 | R19: 2109620267886 | S19: 111874.08 | T19: =Q19/S19 -> 14440.15
A20: 2023년04월 | F20: =Q20/20 -> 49145162 | G20: =F20/F19-1 -> -0.33072858 | H20: =F20/F8-1 -> -0.47831843 | I20: =T20 -> 12824.233 | J20: =I20/I8-1 -> -0.54350599 | P20: 2023년04월 | Q20: 982903236 | R20: 1289895158494 | S20: 76644.21 | T20: =Q20/S20 -> 12824.233
A21: 2023년05월 | F21: =Q21/21 -> 60593007 | G21: =F21/F20-1 -> 0.23293941 | H21: =F21/F9-1 -> -0.47104539 | I21: =T21 -> 14539.023 | J21: =I21/I9-1 -> -0.47166972 | P21: 2023년05월 | Q21: 1272453143 | R21: 1692196854931 | S21: 87519.85 | T21: =Q21/S21 -> 14539.023
A22: 2023년06월 | B22: =SUM(F20:F22) -> 2.117687e+08 | C22: =AVERAGE(F20:F22) -> 70589567 | D22: =C22/C19-1 -> 0.16245487 | E22: =C22/C10-1 -> -0.35445017 | F22: =Q22/21 -> 1.0203053e+08 | G22: =F22/F21-1 -> 0.68386646 | H22: =F22/F10-1 -> -0.14465816 | I22: =T22 -> 14988.141 | J22: =I22/I10-1 -> -0.3449204 | K22: =Q20+Q21+Q22 -> 4397997554 | L22: =K22/K19-1 -> 0.16031877 | M22: =U22/U10-1 -> #DIV/0! | N22: =AVERAGE(T20:T22) -> 14117.132 | O22: =N22/N19-1 -> -0.13094443 | P22: 2023년06월 | Q22: 2142641175 | R22: 2773357497612 | S22: 142955.77 | T22: =Q22/S22 -> 14988.141
A23: 2023년07월 | F23: =Q23/21 -> 67934697 | G23: =F23/F22-1 -> -0.33417286 | H23: =F23/F11-1 -> -0.21864194 | I23: =T23 -> 13608.504 | J23: =I23/I11-1 -> -0.43336416 | P23: 2023년07월 | Q23: 1426628646 | R23: 1834784992970 | S23: 104833.61 | T23: =Q23/S23 -> 13608.504
A24: 2023년08월 | F24: =Q24/22 -> 75905846 | G24: =F24/F23-1 -> 0.11733545 | H24: =F24/F12-1 -> -0.1955058 | I24: =T24 -> 15377.134 | J24: =I24/I12-1 -> -0.41204195 | P24: 2023년08월 | Q24: 1669928603 | R24: 2196209451688 | S24: 108598.17 | T24: =Q24/S24 -> 15377.134
A25: 2023년09월 | B25: =SUM(F23:F25) -> 2.5300665e+08 | C25: =AVERAGE(F23:F25) -> 84335550 | D25: =C25/C22-1 -> 0.19473109 | E25: =C25/C13-1 -> -0.1693329 | F25: =Q25/19 -> 1.0916611e+08 | G25: =F25/F24-1 -> 0.43817788 | H25: =F25/F13-1 -> -0.11452843 | I25: =T25 -> 15900.095 | J25: =I25/I13-1 -> -0.28597385 | K25: =Q23+Q24+Q25 -> 5170713296 | L25: =K25/K22-1 -> 0.17569717 | M25: =U25/U13-1 -> #DIV/0! | N25: =AVERAGE(T23:T25) -> 14961.911 | O25: =N25/N22-1 -> 0.059840661 | P25: 2023년09월 | Q25: 2074156047 | R25: 2753212041729 | S25: 130449.29 | T25: =Q25/S25 -> 15900.095
A26: 2023년10월 | F26: =Q26/19 -> 97127795 | G26: =F26/F25-1 -> -0.11027519 | H26: =F26/F14-1 -> 0.18059403 | I26: =T26 -> 18932.41 | J26: =I26/I14-1 -> -0.18445161 | P26: 2023년10월 | Q26: 1845428103 | R26: 2490302612845 | S26: 97474.55 | T26: =Q26/S26 -> 18932.41
A27: 2023년11월 | F27: =Q27/22 -> 91596765 | G27: =F27/F26-1 -> -0.056945898 | H27: =F27/F15-1 -> 0.49600914 | I27: =T27 -> 18917.419 | J27: =I27/I15-1 -> -0.0014554959 | P27: 2023년11월 | Q27: 2015128839 | R27: 2649551051947 | S27: 106522.4 | T27: =Q27/S27 -> 18917.419
A28: 2023년12월 | B28: =SUM(F26:F28) -> 3.2154194e+08 | C28: =AVERAGE(F26:F28) -> 1.0718065e+08 | D28: =C28/C25-1 -> 0.27088335 | E28: =C28/C16-1 -> 0.52373253 | F28: =Q28/19 -> 1.3281738e+08 | G28: =F28/F27-1 -> 0.45002261 | H28: =F28/F16-1 -> 0.96694001 | I28: =T28 -> 21224.716 | J28: =I28/I16-1 -> 0.19655441 | K28: =Q26+Q27+Q28 -> 6384087177 | L28: =K28/K25-1 -> 0.23466277 | M28: =U28/U16-1 -> #DIV/0! | N28: =AVERAGE(T26:T28) -> 19691.515 | O28: =N28/N25-1 -> 0.31610961 | P28: 2023년12월 | Q28: 2523530235 | R28: 3292535123896 | S28: 118895.83 | T28: =Q28/S28 -> 21224.716
A29: 2024년01월 | F29: =Q29/22 -> 89106768 | G29: =F29/F28-1 -> -0.32910311 | H29: =F29/F17-1 -> 0.60349586 | I29: =T29 -> 28286.561 | J29: =I29/I17-1 -> 0.47976156 | P29: 2024년01월 | Q29: 1960348887 | R29: 2593154233547 | S29: 69303.19 | T29: =Q29/S29 -> 28286.561
A30: 2024년02월 | F30: =Q30/19 -> 1.2148634e+08 | G30: =F30/F29-1 -> 0.36337947 | H30: =F30/F18-1 -> 1.2847569 | I30: =T30 -> 28373.821 | J30: =I30/I18-1 -> 0.86954019 | P30: 2024년02월 | Q30: 2308240418 | R30: 3076874251538 | S30: 81351.06 | T30: =Q30/S30 -> 28373.821
A31: 2024년03월 | B31: =SUM(F29:F31) -> 3.4708346e+08 | C31: =AVERAGE(F29:F31) -> 1.1569449e+08 | D31: =C31/C28-1 -> 0.07943448 | E31: =C31/C19-1 -> 0.90523366 | F31: =Q31/20 -> 1.3649035e+08 | G31: =F31/F30-1 -> 0.12350372 | H31: =F31/F19-1 -> 0.85876063 | I31: =T31 -> 31590.174 | J31: =I31/I19-1 -> 1.1876625 | K31: =Q29+Q30+Q31 -> 6998396359 | L31: =K31/K28-1 -> 0.096225062 | M31: =U31/U19-1 -> #DIV/0! | N31: =AVERAGE(T29:T31) -> 29416.852 | O31: =N31/N28-1 -> 0.49388466 | P31: 2024년03월 | Q31: 2729807054 | R31: 3626271521238 | S31: 86413.17 | T31: =Q31/S31 -> 31590.174
A32: 2024년04월 | F32: =Q32/21 -> 102800596 | G32: =F32/F31-1 -> -0.24682885 | H32: =F32/F20-1 -> 1.0917745 | I32: =T32 -> 25866.498 | J32: =I32/I20-1 -> 1.0170015 | P32: 2024년04월 | Q32: 2158812516 | R32: 2945745554926 | S32: 83459.79 | T32: =Q32/S32 -> 25866.498
A33: 2024년05월 | F33: =Q33/21 -> 1.2850841e+08 | G33: =F33/F32-1 -> 0.2500746 | H33: =F33/F21-1 -> 1.1208456 | I33: =T33 -> 33184.21 | J33: =I33/I21-1 -> 1.2824236 | P33: 2024년05월 | Q33: 2698676682 | R33: 3686283280708 | S33: 81324.12 | T33: =Q33/S33 -> 33184.21
A34: 2024년06월 | B34: =SUM(F32:F34) -> 4.2827287e+08 | C34: =AVERAGE(F32:F34) -> 1.4275762e+08 | D34: =C34/C31-1 -> 0.23391899 | E34: =C34/C22-1 -> 1.0223615 | F34: =Q34/19 -> 1.9696386e+08 | G34: =F34/F33-1 -> 0.53269234 | H34: =F34/F22-1 -> 0.9304404 | I34: =T34 -> 27821.874 | J34: =I34/I22-1 -> 0.85625923 | K34: =Q32+Q33+Q34 -> 8599802559 | L34: =K34/K31-1 -> 0.22882474 | M34: =U34/U22-1 -> #DIV/0! | N34: =AVERAGE(T32:T34) -> 28957.528 | O34: =N34/N31-1 -> -0.015614324 | P34: 2024년06월 | Q34: 3742313361 | R34: 5153509421843 | S34: 134509.75 | T34: =Q34/S34 -> 27821.874
A35: 2024년07월 | F35: =Q35/23 -> 1.2955934e+08 | G35: =F35/F34-1 -> -0.3422177 | H35: =F35/F23-1 -> 0.90711589 | I35: =T35 -> 33203.561 | J35: =I35/I23-1 -> 1.4399125 | P35: 2024년07월 | Q35: 2979864837 | R35: 4124348379035 | S35: 89745.34 | T35: =Q35/S35 -> 33203.561
A36: 2024년08월 | F36: =Q36/21 -> 1.5939352e+08 | G36: =F36/F35-1 -> 0.23027421 | H36: =F36/F24-1 -> 1.0998846 | I36: =T36 -> 32350.575 | J36: =I36/I24-1 -> 1.1038104 | P36: 2024년08월 | Q36: 3347263827 | R36: 4562204563504 | S36: 103468.45 | T36: =Q36/S36 -> 32350.575
A37: 2024년09월 | B37: =SUM(F35:F37) -> 5.0020706e+08 | C37: =AVERAGE(F35:F37) -> 1.6673569e+08 | D37: =C37/C34-1 -> 0.16796345 | E37: =C37/C25-1 -> 0.97705104 | F37: =Q37/18 -> 2.1125421e+08 | G37: =F37/F36-1 -> 0.32536261 | H37: =F37/F25-1 -> 0.93516293 | I37: =T37 -> 35133.75 | J37: =I37/I25-1 -> 1.2096567 | K37: =Q35+Q36+Q37 -> 10129704357 | L37: =K37/K34-1 -> 0.17789964 | M37: =U37/U25-1 -> #DIV/0! | N37: =AVERAGE(T35:T37) -> 33562.629 | O37: =N37/N34-1 -> 0.1590295 | P37: 2024년09월 | Q37: 3802575693 | R37: 5073475111461 | S37: 108231.42 | T37: =Q37/S37 -> 35133.75
A38: 2024년10월 | F38: =Q38/20 -> 1.7414141e+08 | G38: =F38/F37-1 -> -0.17567838 | H38: =F38/F26-1 -> 0.79291015 | I38: =T38 -> 52676.081 | J38: =I38/I26-1 -> 1.7823231 | P38: 2024년10월 | Q38: 3482828191 | R38: 4704942187128 | S38: 66117.83 | T38: =Q38/S38 -> 52676.081
A39: 2024년11월 | F39: =Q39/21 -> 1.7084197e+08 | G39: =F39/F38-1 -> -0.018946907 | H39: =F39/F27-1 -> 0.86515285 | I39: =T39 -> 43052.4 | J39: =I39/I27-1 -> 1.2758073 | P39: 2024년11월 | Q39: 3587681336 | R39: 4990791761062 | S39: 83332.9 | T39: =Q39/S39 -> 43052.4
A40: 2024년12월 | B40: =SUM(F38:F40) -> 5.5122727e+08 | C40: =AVERAGE(F38:F40) -> 1.8374242e+08 | D40: =C40/C37-1 -> 0.10199818 | E40: =C40/C28-1 -> 0.71432463 | F40: =Q40/21 -> 2.0624389e+08 | G40: =F40/F39-1 -> 0.2072203 | H40: =F40/F28-1 -> 0.55283812 | I40: =T40 -> 48946.435 | J40: =I40/I28-1 -> 1.3061055 | K40: =Q38+Q39+Q40 -> 11401631269 | L40: =K40/K37-1 -> 0.12556407 | M40: =U40/U28-1 -> #DIV/0! | N40: =AVERAGE(T38:T40) -> 48224.972 | O40: =N40/N37-1 -> 0.43686517 | P40: 2024년12월 | Q40: 4331121742 | R40: 6195829283153 | S40: 88486.97 | T40: =Q40/S40 -> 48946.435
A41: 2025년01월 | F41: =Q41/18 -> 1.2424378e+08 | G41: =F41/F40-1 -> -0.39758806 | H41: =F41/F29-1 -> 0.39432489 | I41: =T41 -> 38819.76 | J41: =I41/I29-1 -> 0.37237469 | P41: 2025년01월 | Q41: 2236388115 | R41: 3265642026502 | S41: 57609.53 | T41: =Q41/S41 -> 38819.76
A42: 2025년02월 | F42: =Q42/20 -> 1.1433875e+08 | G42: =F42/F41-1 -> -0.079722595 | H42: =F42/F30-1 -> -0.058834521 | I42: =T42 -> 37411.445 | J42: =I42/I30-1 -> 0.3185198 | P42: 2025년02월 | Q42: 2286774946 | R42: 3305633716574 | S42: 61125.01 | T42: =Q42/S42 -> 37411.445
A43: 2025년03월 | B43: =SUM(F41:F43) -> 4.2181153e+08 | C43: =AVERAGE(F41:F43) -> 1.4060384e+08 | D43: =C43/C40-1 -> -0.23477747 | E43: =C43/C31-1 -> 0.21530289 | F43: =Q43/20 -> 1.83229e+08 | G43: =F43/F42-1 -> 0.6025101 | H43: =F43/F31-1 -> 0.34243186 | I43: =T43 -> 38285.37 | J43: =I43/I31-1 -> 0.21193922 | K43: =Q41+Q42+Q43 -> 8187743010 | L43: =K43/K40-1 -> -0.28187969 | M43: =K43/K31-1 -> 0.1699456 | N43: =AVERAGE(T41:T43) -> 38172.192 | O43: =N43/N40-1 -> -0.20845591 | P43: 2025년03월 | Q43: 3664579949 | R43: 5317218463566 | S43: 95717.5 | T43: =Q43/S43 -> 38285.37
A44: 2025년04월 | F44: =Q44/22 -> 1.2935246e+08 | G44: =F44/F43-1 -> -0.29403937 | H44: =F44/F32-1 -> 0.2582851 | I44: =T44 -> 30528.454 | J44: =I44/I32-1 -> 0.18023141 | P44: 2025년04월 | Q44: 2845754081 | R44: 4106931388061 | S44: 93216.45 | T44: =Q44/S44 -> 30528.454
A45: 2025년05월 | F45: =Q45/20 -> 2.0033618e+08 | G45: =F45/F44-1 -> 0.54876204 | H45: =F45/F33-1 -> 0.55893433 | I45: =T45 -> 35702.415 | J45: =I45/I33-1 -> 0.075885646 | P45: 2025년05월 | Q45: 4006723549 | R45: 5629763607498 | S45: 112225.56 | T45: =Q45/S45 -> 35702.415
A46: 2025년06월 | B46: =SUM(F44:F46) -> 5.7640548e+08 | C46: =AVERAGE(F44:F46) -> 1.9213516e+08 | D46: =C46/C43-1 -> 0.36650006 | E46: =C46/C34-1 -> 0.34588371 | F46: =Q46/19 -> 2.4671685e+08 | G46: =F46/F45-1 -> 0.23151419 | H46: =F46/F34-1 -> 0.25259956 | I46: =T46 -> 43841.369 | J46: =I46/I34-1 -> 0.57578778 | K46: =Q44+Q45+Q46 -> 11540097688 | L46: =K46/K43-1 -> 0.40943575 | M46: =K46/K34-1 -> 0.34190263 | N46: =AVERAGE(T44:T46) -> 36690.746 | O46: =N46/N43-1 -> -0.03880955 | P46: 2025년06월 | Q46: 4687620058 | R46: 6415994429228 | S46: 106922.3 | T46: =Q46/S46 -> 43841.369
A47: 2025년07월 | F47: =Q47/23 -> 1.8237209e+08 | G47: =F47/F46-1 -> -0.26080407 | H47: =F47/F35-1 -> 0.40763365 | I47: =T47 -> 42087.985 | J47: =I47/I35-1 -> 0.26757444 | P47: 2025년07월 | Q47: 4194558010 | R47: 5768552120097 | S47: 99661.65 | T47: =Q47/S47 -> 42087.985
A48: 2025년08월 | F48: =Q48/20 -> 2.3018412e+08 | G48: =F48/F47-1 -> 0.26216749 | H48: =F48/F36-1 -> 0.44412474 | I48: =T48 -> 44118.389 | J48: =I48/I36-1 -> 0.36375904 | P48: 2025년08월 | Q48: 4603682383 | R48: 6390118680110 | S48: 104348.38 | T48: =Q48/S48 -> 44118.389
A49: 2025년09월 | B49: =SUM(F47:F49) -> 6.5046403e+08 | C49: =AVERAGE(F47:F49) -> 2.1682134e+08 | D49: =C49/C46-1 -> 0.12848342 | E49: =C49/C37-1 -> 0.30038954 | F49: =Q49/22 -> 2.3790782e+08 | G49: =F49/F48-1 -> 0.033554465 | H49: =F49/F37-1 -> 0.12616847 | I49: =T49 -> 41366.847 | J49: =I49/I37-1 -> 0.1774105 | K49: =Q47+Q48+Q49 -> 14032212525 | L49: =K49/K46-1 -> 0.21595266 | M49: =K49/K37-1 -> 0.38525391 | N49: =AVERAGE(T47:T49) -> 42524.407 | O49: =N49/N46-1 -> 0.15899542 | P49: 2025년09월 | Q49: 5233972132 | R49: 7275360110566 | S49: 126525.77 | T49: =Q49/S49 -> 41366.847
A50: 2025년10월 | F50: =Q50/18 -> 2.6212493e+08 | G50: =F50/F49-1 -> 0.10179197 | H50: =F50/F38-1 -> 0.50524181 | I50: =T50 -> 44348.682 | J50: =I50/I38-1 -> -0.15808692 | P50: 2025년10월 | Q50: 4718248739 | R50: 6662084601679 | S50: 106389.83 | T50: =Q50/S50 -> 44348.682
A51: 2025년11월 | F51: =Q51/20 -> 233759277 | G51: =F51/F50-1 -> -0.10821425 | H51: =F51/F39-1 -> 0.36827783 | I51: =T51 -> 50393.92 | J51: =I51/I39-1 -> 0.17052522 | P51: 2025년11월 | Q51: 4675185540 | R51: 6801782598011 | S51: 92772.81 | T51: =Q51/S51 -> 50393.92
A52: 2025년12월 | B52: =SUM(F50:F52) -> 7.7595193e+08 | C52: =AVERAGE(F50:F52) -> 2.5865064e+08 | D52: =C52/C49-1 -> 0.19292058 | E52: =C52/C40-1 -> 0.40768059 | F52: =Q52/22 -> 2.8006772e+08 | G52: =F52/F51-1 -> 0.19810313 | H52: =F52/F40-1 -> 0.35794432 | I52: =T52 -> 58868.096 | J52: =I52/I40-1 -> 0.20270446 | K52: =Q50+Q51+Q52 -> 15554924176 | L52: =K52/K49-1 -> 0.10851544 | M52: =K52/K40-1 -> 0.36427181 | N52: =AVERAGE(T50:T52) -> 51203.566 | O52: =N52/N49-1 -> 0.2040983 | P52: 2025년12월 | Q52: 6161489897 | R52: 9074871503125 | S52: 104666.03 | T52: =Q52/S52 -> 58868.096
A53: 2026년01월 | F53: =Q53/21 -> 2.3254353e+08 | G53: =F53/F52-1 -> -0.16968823 | H53: =F53/F41-1 -> 0.8716713 | I53: =T53 -> 55749.179 | J53: =I53/I41-1 -> 0.43610315 | P53: 2026년01월 | Q53: 4883414037 | R53: 7134260079378 | S53: 87596.16 | T53: =Q53/S53 -> 55749.179
A54: 2026년02월 | F54: =Q54/17 -> 3.9698978e+08 | G54: =F54/F53-1 -> 0.70716332 | H54: =F54/F42-1 -> 2.4720494 | I54: =T54 -> 72666.812 | J54: =I54/I42-1 -> 0.94236848 | P54: 2026년02월 | Q54: 6748826215 | R54: 9781874500155 | S54: 92873.57 | T54: =Q54/S54 -> 72666.812
A55: 2026년03월 | B55: =SUM(F53:F55) -> 1.0379734e+09 | C55: =AVERAGE(F53:F55) -> 3.4599112e+08 | D55: =C55/C52-1 -> 0.33767742 | E55: =C55/C43-1 -> 1.4607516 | F55: =Q55/21 -> 4.0844007e+08 | G55: =F55/F54-1 -> 0.028842793 | H55: =F55/F43-1 -> 1.2291235 | I55: =T55 -> 63748.77 | J55: =I55/I43-1 -> 0.66509477 | K55: =Q53+Q54+Q55 -> 20209481751 | L55: =K55/K52-1 -> 0.2992337 | M55: =K55/K43-1 -> 1.4682604 | N55: =AVERAGE(T53:T55) -> 64054.92 | O55: =N55/N52-1 -> 0.25098554 | P55: 2026년03월 | Q55: 8577241499 | R55: 12674199016211 | S55: 134547.56 | T55: =Q55/S55 -> 63748.77
A56: 2026년04월 | F56: =Q56/22 -> 3.7075108e+08 | G56: =F56/F55-1 -> -0.092275458 | H56: =F56/F44-1 -> 1.8662082 | I56: =T56 -> 72714.066 | J56: =I56/I44-1 -> 1.3818457 | P56: 2026년04월 | Q56: 8156523690 | R56: 12144197282626 | S56: 112172.57 | T56: =Q56/S56 -> 72714.066
A57: 2026년05월 | F57: =Q57/12 -> 4.0524727e+08 | G57: =F57/F56-1 -> 0.093044082 | H57: =F57/F45-1 -> 1.0228362 | I57: =T57 -> 76386 | J57: =I57/I45-1 -> 1.1395191 | P57: 2026년05월 | Q57: 4862967245 | R57: 7164029789691 | S57: 63663.07 | T57: =Q57/S57 -> 76386
B58: =SUM(F56:F58) -> 7.7599835e+08 | C58: =AVERAGE(F56:F58) -> 3.8799917e+08 | D58: =C58/C55-1 -> 0.12141366 | E58: =C58/C46-1 -> 1.0194074
P62: 기간 | Q62: 금액(달러) | R62: 금액(원화) | S62: 중량 | T62: 국내 업체 수 | U62: 해외거래처 수
P64: 2026년 | Q64: 33228972686 | R64: 48898560668061 | S64: 490852.94 | T64: 30 | U64: 180
P65: 01월 | Q65: 4883414037 | R65: 7134260079378 | S65: 87596.16 | T65: 25 | U65: 130
P66: 02월 | Q66: 6748826215 | R66: 9781874500155 | S66: 92873.57 | T66: 19 | U66: 89
P67: 03월 | Q67: 8577241499 | R67: 12674199016211 | S67: 134547.56 | T67: 20 | U67: 112
P68: 04월 | Q68: 8156523690 | R68: 12144197282626 | S68: 112172.57 | T68: 20 | U68: 103
P69: 05월 | Q69: 4862967245 | R69: 7164029789691 | S69: 63663.07 | T69: 18 | U69: 83
P70: 2025년 | Q70: 49314977399 | R70: 70013953245017 | S70: 1161180.9 | T70: 41 | U70: 282
P71: 2024년 | Q71: 37,129,534,

Sheet AIR 쿨러
K1: SNT에너지
K2: 841950
P3: 년월 | Q3: 금액(달러) | R3: 금액(원화) | S3: 중량(Kg)
A4: 년월 | B4: 분기(일평균합) | C4: 분기(평균) | D4: QoQ | E4: YoY | F4: 일평균수출 | G4: MoM | H4: YoY | I4: 금액(달러)/중량 | J4: 판가 yoy | K4: 원화매출 | L4: QoQ | M4: YoY | N4: 판가 | O4: QoQ | T4: 금액(달러)/중량 | U4: 분기 달러매출
A5: 2022년01월 | F5: =Q5/20 -> 2021927.4 | I5: =T5 -> 8.5615042 | P5: 2022년01월 | Q5: 40438549 | R5: 47648953741 | S5: 4723299.6 | T5: =Q5/S5 -> 8.5615042
A6: 2022년02월 | F6: =Q6/18 -> 2766094.8 | G6: =F6/F5-1 -> 0.36804848 | I6: =T6 -> 7.3099962 | P6: 2022년02월 | Q6: 49789706 | R6: 59137691192 | S6: 6811180.8 | T6: =Q6/S6 -> 7.3099962
A7: 2022년03월 | B7: =F5+F6+F7 -> 6455871.7 | C7: =AVERAGE(F5:F7) -> 2151957.2 | F7: =Q7/22 -> 1667849.5 | G7: =F7/F6-1 -> -0.3970382 | I7: =T7 -> 11.890854 | K7: =R5+R6+R7 -> 150922885496 | N7: =AVERAGE(T5:T7) -> 9.2541182 | P7: 2022년03월 | Q7: 36692689 | R7: 44136240563 | S7: 3085790.8 | T7: =Q7/S7 -> 11.890854 | U7: =Q5+Q6+Q7 -> 126920944
A8: 2022년04월 | F8: =Q8/21 -> 2419642.1 | G8: =F8/F7-1 -> 0.45075568 | I8: =T8 -> 6.0845223 | P8: 2022년04월 | Q8: 50812485 | R8: 61485693581 | S8: 8351105.1 | T8: =Q8/S8 -> 6.0845223
A9: 2022년05월 | F9: =Q9/21 -> 2457083.3 | G9: =F9/F8-1 -> 0.015473835 | I9: =T9 -> 8.811389 | P9: 2022년05월 | Q9: 51598749 | R9: 64894259336 | S9: 5855915.4 | T9: =Q9/S9 -> 8.811389
A10: 2022년06월 | B10: =F8+F9+F10 -> 6384148 | C10: =AVERAGE(F8:F10) -> 2128049.3 | D10: =C10/C7-1 -> -0.011109837 | F10: =Q10/21 -> 1507422.6 | G10: =F10/F9-1 -> -0.38649918 | I10: =T10 -> 6.4865782 | K10: =R8+R9+R10 -> 166059992361 | L10: =U10/U7-1 -> 0.056304064 | N10: =AVERAGE(T8:T10) -> 7.1274965 | O10: =N10/N7-1 -> -0.22980274 | P10: 2022년06월 | Q10: 31655875 | R10: 39680039444 | S10: 4880211.7 | T10: =Q10/S10 -> 6.4865782 | U10: =Q8+Q9+Q10 -> 134067109
A11: 2022년07월 | F11: =Q11/21 -> 2323299.8 | G11: =F11/F10-1 -> 0.54123985 | I11: =T11 -> 6.5050675 | P11: 2022년07월 | Q11: 48789296 | R11: 63246545076 | S11: 7500198.3 | T11: =Q11/S11 -> 6.5050675
A12: 2022년08월 | F12: =Q12/22 -> 1588061.8 | G12: =F12/F11-1 -> -0.31646281 | I12: =T12 -> 6.5623658 | P12: 2022년08월 | Q12: 34937360 | R12: 45307696939 | S12: 5323897 | T12: =Q12/S12 -> 6.5623658
A13: 2022년09월 | B13: =F11+F12+F13 -> 5332855.6 | C13: =AVERAGE(F11:F13) -> 1777618.5 | D13: =C13/C10-1 -> -0.16467231 | F13: =Q13/20 -> 1421494 | G13: =F13/F12-1 -> -0.10488749 | I13: =T13 -> 8.6246996 | K13: =R11+R12+R13 -> 147508506324 | L13: =U13/U10-1 -> -0.16342989 | N13: =AVERAGE(T11:T13) -> 7.230711 | O13: =N13/N10-1 -> 0.014481164 | P13: 2022년09월 | Q13: 28429880 | R13: 38954264309 | S13: 3296332.8 | T13: =Q13/S13 -> 8.6246996 | U13: =Q11+Q12+Q13 -> 112156536
A14: 2022년10월 | F14: =Q14/20 -> 2271454.8 | G14: =F14/F13-1 -> 0.59793485 | I14: =T14 -> 7.3649078 | P14: 2022년10월 | Q14: 45429096 | R14: 64840062847 | S14: 6168318.4 | T14: =Q14/S14 -> 7.3649078
A15: 2022년11월 | F15: =Q15/22 -> 2545601.7 | G15: =F15/F14-1 -> 0.12069222 | I15: =T15 -> 8.9641789 | P15: 2022년11월 | Q15: 56003238 | R15: 77562878574 | S15: 6247447.6 | T15: =Q15/S15 -> 8.9641789
A16: 2022년12월 | B16: =F14+F15+F16 -> 6744992.3 | C16: =AVERAGE(F14:F16) -> 2248330.8 | D16: =C16/C13-1 -> 0.26479934 | F16: =Q16/22 -> 1927935.7 | G16: =F16/F15-1 -> -0.24264047 | I16: =T16 -> 9.1619374 | K16: =R14+R15+R16 -> 197954265251 | L16: =U16/U13-1 -> 0.28255495 | N16: =AVERAGE(T14:T16) -> 8.497008 | O16: =N16/N13-1 -> 0.1751276 | P16: 2022년12월 | Q16: 42414586 | R16: 55551323830 | S16: 4629434.2 | T16: =Q16/S16 -> 9.1619374 | U16: =Q14+Q15+Q16 -> 143846920
A17: 2023년01월 | F17: =Q17/20 -> 3056027.1 | G17: =F17/F16-1 -> 0.58512917 | H17: =F17/F5-1 -> 0.51144253 | I17: =T17 -> 8.2571742 | J17: =I17/I5-1 -> -0.035546325 | P17: 2023년01월 | Q17: 61120543 | R17: 76737255258 | S17: 7402113.8 | T17: =Q17/S17 -> 8.2571742
A18: 2023년02월 | F18: =Q18/20 -> 3122832.1 | G18: =F18/F17-1 -> 0.021860064 | H18: =F18/F6-1 -> 0.12896786 | I18: =T18 -> 8.1792077 | J18: =I18/I6-1 -> 0.11890725 | P18: 2023년02월 | Q18: 62456642 | R18: 78401354470 | S18: 7636025.9 | T18: =Q18/S18 -> 8.1792077
A19: 2023년03월 | B19: =SUM(F17:F19) -> 7580720.4 | C19: =AVERAGE(F17:F19) -> 2526906.8 | D19: =C19/C16-1 -> 0.1239035 | E19: =C19/C7-1 -> 0.17423653 | F19: =Q19/22 -> 1401861.2 | G19: =F19/F18-1 -> -0.551093 | H19: =F19/F7-1 -> -0.15947981 | I19: =T19 -> 9.5888933 | J19: =I19/I7-1 -> -0.19359088 | K19: =R17+R18+R19 -> 195472631425 | L19: =U19/U16-1 -> 0.073489311 | M19: =U19/U7-1 -> 0.21664814 | N19: =AVERAGE(T17:T19) -> 8.6750918 | O19: =N19/N16-1 -> 0.020958406 | P19: 2023년03월 | Q19: 30840946 | R19: 40334021697 | S19: 3216319.6 | T19: =Q19/S19 -> 9.5888933 | U19: =Q17+Q18+Q19 -> 154418131
A20: 2023년04월 | F20: =Q20/20 -> 3944774 | G20: =F20/F19-1 -> 1.8139548 | H20: =F20/F8-1 -> 0.63031298 | I20: =T20 -> 8.0299577 | J20: =I20/I8-1 -> 0.31973511 | P20: 2023년04월 | Q20: 78895480 | R20: 103443702622 | S20: 9825142.7 | T20: =Q20/S20 -> 8.0299577
A21: 2023년05월 | F21: =Q21/21 -> 2211775 | G21: =F21/F20-1 -> -0.43931517 | H21: =F21/F9-1 -> -0.099837207 | I21: =T21 -> 11.625655 | J21: =I21/I9-1 -> 0.31938955 | P21: 2023년05월 | Q21: 46447274 | R21: 61895693691 | S21: 3995239.5 | T21: =Q21/S21 -> 11.625655
A22: 2023년06월 | B22: =SUM(F20:F22) -> 8147274 | C22: =AVERAGE(F20:F22) -> 2715758 | D22: =C22/C19-1 -> 0.074736112 | E22: =C22/C10-1 -> 0.27617247 | F22: =Q22/21 -> 1990725 | G22: =F22/F21-1 -> -0.099942313 | H22: =F22/F10-1 -> 0.32061508 | I22: =T22 -> 11.260125 | J22: =I22/I10-1 -> 0.73591145 | K22: =R20+R21+R22 -> 219776674184 | L22: =U22/U19-1 -> 0.082437528 | M22: =U22/U10-1 -> 0.2467486 | N22: =AVERAGE(T20:T22) -> 10.305246 | O22: =N22/N19-1 -> 0.18791204 | P22: 2023년06월 | Q22: 41805226 | R22: 54437277871 | S22: 3712678.5 | T22: =Q22/S22 -> 11.260125 | U22: =Q20+Q21+Q22 -> 167147980
A23: 2023년07월 | F23: =Q23/21 -> 3055274.3 | G23: =F23/F22-1 -> 0.53475455 | H23: =F23/F11-1 -> 0.31505814 | I23: =T23 -> 9.1617503 | J23: =I23/I11-1 -> 0.40840203 | P23: 2023년07월 | Q23: 64160761 | R23: 82883049033 | S23: 7003111.8 | T23: =Q23/S23 -> 9.1617503
A24: 2023년08월 | F24: =Q24/22 -> 2634170.1 | G24: =F24/F23-1 -> -0.13782862 | H24: =F24/F12-1 -> 0.65873271 | I24: =T24 -> 9.7440941 | J24: =I24/I12-1 -> 0.48484469 | P24: 2023년08월 | Q24: 57951742 | R24: 76085749144 | S24: 5947371 | T24: =Q24/S24 -> 9.7440941
A25: 2023년09월 | B25: =SUM(F23:F25) -> 8559729 | C25: =AVERAGE(F23:F25) -> 2853243 | D25: =C25/C22-1 -> 0.050624902 | E25: =C25/C13-1 -> 0.60509295 | F25: =Q25/19 -> 2870284.5 | G25: =F25/F24-1 -> 0.089635228 | H25: =F25/F13-1 -> 1.0192027 | I25: =T25 -> 7.2770346 | J25: =I25/I13-1 -> -0.15625646 | K25: =R23+R24+R25 -> 231296373347 | L25: =U25/U22-1 -> 0.05683544 | M25: =U25/U13-1 -> 0.57501217 | N25: =AVERAGE(T23:T25) -> 8.7276263 | O25: =N25/N22-1 -> -0.15308898 | P25: 2023년09월 | Q25: 54535406 | R25: 72327575170 | S25: 7494179.9 | T25: =Q25/S25 -> 7.2770346 | U25: =Q23+Q24+Q25 -> 176647909
A26: 2023년10월 | F26: =Q26/19 -> 2925703.2 | G26: =F26/F25-1 -> 0.019307732 | H26: =F26/F14-1 -> 0.28803057 | I26: =T26 -> 8.9871937 | J26: =I26/I14-1 -> 0.2202724 | P26: 2023년10월 | Q26: 55588361 | R26: 74714236186 | S26: 6185285.8 | T26: =Q26/S26 -> 8.9871937
A27: 2023년11월 | F27: =Q27/22 -> 2289041.2 | G27: =F27/F26-1 -> -0.2176099 | H27: =F27/F15-1 -> -0.1007858 | I27: =T27 -> 8.5054334 | J27: =I27/I15-1 -> -0.051175407 | P27: 2023년11월 | Q27: 50358907 | R27: 66584606200 | S27: 5920792.6 | T27: =Q27/S27 -> 8.5054334
A28: 2023년12월 | B28: =SUM(F26:F28) -> 8717176.1 | C28: =AVERAGE(F26:F28) -> 2905725.4 | D28: =C28/C25-1 -> 0.018393937 | E28: =C28/C16-1 -> 0.2923923 | F28: =Q28/19 -> 3502431.6 | G28: =F28/F27-1 -> 0.53008674 | H28: =F28/F16-1 -> 0.81667448 | I28: =T28 -> 9.6288385 | J28: =I28/I16-1 -> 0.050960961 | K28: =R26+R27+R28 -> 228149585628 | L28: =U28/U25-1 -> -0.023518195 | M28: =U28/U16-1 -> 0.19914607 | N28: =AVERAGE(T26:T28) -> 9.0404885 | O28: =N28/N25-1 -> 0.035847344 | P28: 2023년12월 | Q28: 66546201 | R28: 86850743242 | S28: 6911134.8 | T28: =Q28/S28 -> 9.6288385 | U28: =Q26+Q27+Q28 -> 172493469
A29: 2024년01월 | F29: =Q29/22 -> 1827571.4 | G29: =F29/F28-1 -> -0.47819928 | H29: =F29/F17-1 -> -0.40197803 | I29: =T29 -> 11.222287 | J29: =I29/I17-1 -> 0.35909538 | P29: 2024년01월 | Q29: 40206570 | R29: 52760721000 | S29: 3582742.9 | T29: =Q29/S29 -> 11.222287
A30: 2024년02월 | F30: =Q30/19 -> 4140551.7 | G30: =F30/F29-1 -> 1.2656033 | H30: =F30/F18-1 -> 0.32589637 | I30: =T30 -> 7.2520591 | J30: =I30/I18-1 -> -0.11335433 | P30: 2024년02월 | Q30: 78670483 | R30: 104860109462 | S30: 10848020 | T30: =Q30/S30 -> 7.2520591
A31: 2024년03월 | B31: =SUM(F29:F31) -> 10178403 | C31: =AVERAGE(F29:F31) -> 3392800.8 | D31: =C31/C28-1 -> 0.16762612 | E31: =C31/C19-1 -> 0.34266955 | F31: =Q31/20 -> 4210279.4 | G31: =F31/F30-1 -> 0.016840186 | H31: =F31/F19-1 -> 2.0033497 | I31: =T31 -> 11.373802 | J31: =I31/I19-1 -> 0.18614337 | K31: =R29+R30+R31 -> 269206538636 | L31: =U31/U28-1 -> 0.17733525 | M31: =U31/U19-1 -> 0.31514764 | N31: =AVERAGE(T29:T31) -> 9.9493829 | O31: =N31/N28-1 -> 0.10053598 | P31: 2024년03월 | Q31: 84205588 | R31: 111585708174 | S31: 7403468.6 | T31: =Q31/S31 -> 11.373802 | U31: =Q29+Q30+Q31 -> 203082641
A32: 2024년04월 | F32: =Q32/21 -> 3099328.8 | G32: =F32/F31-1 -> -0.26386625 | H32: =F32/F20-1 -> -0.21432032 | I32: =T32 -> 8.7736671 | J32: =I32/I20-1 -> 0.092616849 | P32: 2024년04월 | Q32: 65085904 | R32: 88708386111 | S32: 7418323.9 | T32: =Q32/S32 -> 8.7736671
A33: 2024년05월 | F33: =Q33/21 -> 2312369.9 | G33: =F33/F32-1 -> -0.25391268 | H33: =F33/F21-1 -> 0.04548155 | I33: =T33 -> 10.218885 | J33: =I33/I21-1 -> -0.12100565 | P33: 2024년05월 | Q33: 48559768 | R33: 66450266571 | S33: 4751963.6 | T33: =Q33/S33 -> 10.218885
A34: 2024년06월 | B34: =SUM(F32:F34) -> 8893665.6 | C34: =AVERAGE(F32:F34) -> 2964555.2 | D34: =C34/C31-1 -> -0.12622186 | E34: =C34/C22-1 -> 0.091612429 | F34: =Q34/19 -> 3481966.9 | G34: =F34/F33-1 -> 0.50580013 | H34: =F34/F22-1 -> 0.74909483 | I34: =T34 -> 7.8350145 | J34: =I34/I22-1 -> -0.30418053 | K34: =R32+R33+R34 -> 246177386067 | L34: =U34/U31-1 -> -0.11463116 | M34: =U34/U22-1 -> 0.075711732 | N34: =AVERAGE(T32:T34) -> 8.9425221 | O34: =N34/N31-1 -> -0.10119832 | P34: 2024년06월 | Q34: 66157371 | R34: 91018733385 | S34: 8443809.6 | T34: =Q34/S34 -> 7.8350145 | U34: =Q32+Q33+Q34 -> 179803043
A35: 2024년07월 | F35: =Q35/23 -> 1797819.2 | G35: =F35/F34-1 -> -0.48367712 | H35: =F35/F23-1 -> -0.41156866 | I35: =T35 -> 10.078432 | J35: =I35/I23-1 -> 0.10005531 | P35: 2024년07월 | Q35: 41349841 | R35: 57179550076 | S35: 4102805 | T35: =Q35/S35 -> 10.078432
A36: 2024년08월 | F36: =Q36/21 -> 1665022.2 | G36: =F36/F35-1 -> -0.073865569 | H36: =F36/F24-1 -> -0.36791392 | I36: =T36 -> 11.510522 | J36: =I36/I24-1 -> 0.18128192 | P36: 2024년08월 | Q36: 34965467 | R36: 47568770584 | S36: 3037696 | T36: =Q36/S36 -> 11.510522
A37: 2024년09월 | B37: =SUM(F35:F37) -> 7788372.4 | C37: =AVERAGE(F35:F37) -> 2596124.1 | D37: =C37/C34-1 -> -0.12427869 | E37: =C37/C25-1 -> -0.090114599 | F37: =Q37/18 -> 4325531 | G37: =F37/F36-1 -> 1.5978818 | H37: =F37/F25-1 -> 0.50700426 | I37: =T37 -> 9.6989975 | J37: =I37/I25-1 -> 0.33282278 | K37: =R35+R36+R37 -> 208596327393 | L37: =U37/U34-1 -> -0.14253472 | M37: =U37/U25-1 -> -0.12721941 | N37: =AVERAGE(T35:T37) -> 10.429317 | O37: =N37/N34-1 -> 0.16626127 | P37: 2024년09월 | Q37: 77859558 | R37: 103848006733 | S37: 8027588.2 | T37: =Q37/S37 -> 9.6989975 | U37: =Q35+Q36+Q37 -> 154174866
A38: 2024년10월 | F38: =Q38/20 -> 3444938.5 | G38: =F38/F37-1 -> -0.20358022 | H38: =F38/F26-1 -> 0.17747365 | I38: =T38 -> 9.7282646 | J38: =I38/I26-1 -> 0.08245854 | P38: 2024년10월 | Q38: 68898769 | R38: 93384770062 | S38: 7082328.9 | T38: =Q38/S38 -> 9.7282646
A39: 2024년11월 | F39: =Q39/21 -> 3063298.5 | G39: =F39/F38-1 -> -0.11078281 | H39: =F39/F27-1 -> 0.33824522 | I39: =T39 -> 13.462194 | J39: =I39/I27-1 -> 0.58277573 | P39: 2024년11월 | Q39: 64329268 | R39: 89225500689 | S39: 4778513.1 | T39: =Q39/S39 -> 13.462194
A40: 2024년12월 | B40: =SUM(F38:F40) -> 11986478 | C40: =AVERAGE(F38:F40) -> 3995492.8 | D40: =C40/C37-1 -> 0.53902223 | E40: =C40/C28-1 -> 0.37504143 | F40: =Q40/21 -> 5478241.3 | G40: =F40/F39-1 -> 0.78834723 | H40: =F40/F28-1 -> 0.56412513 | I40: =T40 -> 11.263902 | J40: =I40/I28-1 -> 0.16980905 | K40: =R38+R39+R40 -> 346294181233 | L40: =U40/U37-1 -> 0.61032152 | M40: =U40/U28-1 -> 0.43930728 | N40: =AVERAGE(T38:T40) -> 11.484787 | O40: =N40/N37-1 -> 0.10120218 | P40: 2024년12월 | Q40: 115043068 | R40: 163683910482 | S40: 10213429 | T40: =Q40/S40 -> 11.263902 | U40: =Q38+Q39+Q40 -> 248271105
A41: 2025년01월 | F41: =Q41/18 -> 3365701.9 | G41: =F41/F40-1 -> -0.38562365 | H41: =F41/F29-1 -> 0.84162542 | I41: =T41 -> 11.780593 | J41: =I41/I29-1 -> 0.049749689 | P41: 2025년01월 | Q41: 60582634 | R41: 88760883409 | S41: 5142579.5 | T41: =Q41/S41 -> 11.780593
A42: 2025년02월 | F42: =Q42/20 -> 2055832.4 | G42: =F42/F41-1 -> -0.38918167 | H42: =F42/F30-1 -> -0.5034883 | I42: =T42 -> 8.4498608 | J42: =I42/I30-1 -> 0.16516712 | P42: 2025년02월 | Q42: 41116648 | R42: 59532411391 | S42: 4865955.6 | T42: =Q42/S42 -> 8.4498608
A43: 2025년03월 | B43: =SUM(F41:F43) -> 9217614.8 | C43: =AVERAGE(F41:F43) -> 3072538.3 | D43: =C43/C40-1 -> -0.23099891 | E43: =C43/C31-1 -> -0.09439474 | F43: =Q43/20 -> 3796080.5 | G43: =F43/F42-1 -> 0.8464932 | H43: =F43/F31-1 -> -0.098377996 | I43: =T43 -> 8.3782088 | J43: =I43/I31-1 -> -0.26337661 | K43: =R41+R42+R43 -> 258225591177 | L43: =U43/U40-1 -> -0.28456881 | M43: =K43/K31-1 -> -0.040790047 | N43: =AVERAGE(T41:T43) -> 9.5362208 | O43: =N43/N40-1 -> -0.16966498 | P43: 2025년03월 | Q43: 75921611 | R43: 109932296377 | S43: 9061795 | T43: =Q43/S43 -> 8.3782088 | U43: =Q41+Q42+Q43 -> 177620893
A44: 2025년04월 | F44: =Q44/22 -> 5111336.2 | G44: =F44/F43-1 -> 0.34647728 | H44: =F44/F32-1 -> 0.64917523 | I44: =T44 -> 9.4718734 | J44: =I44/I32-1 -> 0.079579766 | P44: 2025년04월 | Q44: 112449397 | R44: 162843826439 | S44: 11871928 | T44: =Q44/S44 -> 9.4718734
A45: 2025년05월 | F45: =Q45/20 -> 3494828.3 | G45: =F45/F44-1 -> -0.31625936 | H45: =F45/F33-1 -> 0.51136213 | I45: =T45 -> 14.00073 | J45: =I45/I33-1 -> 0.37008398 | P45: 2025년05월 | Q45: 69896566 | R45: 98004598801 | S45: 4992351.5 | T45: =Q45/S45 -> 14.00073
A46: 2025년06월 | B46: =SUM(F44:F46) -> 11198211 | C46: =AVERAGE(F44:F46) -> 3732737.1 | D46: =C46/C43-1 -> 0.21487083 | E46: =C46/C34-1 -> 0.25912216 | F46: =Q46/19 -> 2592046.9 | G46: =F46/F45-1 -> -0.25831924 | H46: =F46/F34-1 -> -0.25557968 | I46: =T46 -> 9.3639309 | J46: =I46/I34-1 -> 0.19513894 | K46: =R44+R45+R46 -> 328399302429 | L46: =U46/U43-1 -> 0.30387169 | M46: =K46/K34-1 -> 0.3339946 | N46: =AVERAGE(T44:T46) -> 10.945512 | O46: =N46/N43-1 -> 0.14778294 | P46: 2025년06월 | Q46: 49248891 | R46: 67550877189 | S46: 5259424.8 | T46: =Q46/S46 -> 9.3639309 | U46: =Q44+Q45+Q46 -> 231594854
A47: 2025년07월 | F47: =Q47/23 -> 2082941.7 | G47: =F47/F46-1 -> -0.19641049 | H47: =F47/F35-1 -> 0.15859355 | I47: =T47 -> 10.557725 | J47: =I47/I35-1 -> 0.047556346 | P47: 2025년07월 | Q47: 47907659 | R47: 65613520208 | S47: 4537687.5 | T47: =Q47/S47 -> 10.557725 | U47: =Q45+Q46+Q47 -> 167053116
A48: 2025년08월 | F48: =Q48/20 -> 1773558.6 | G48: =F48/F47-1 -> -0.14853183 | H48: =F48/F36-1 -> 0.065186103 | I48: =T48 -> 9.4817146 | J48: =I48/I36-1 -> -0.17625678 | P48: 2025년08월 | Q48: 35471171 | R48: 49219489609 | S48: 3741008.1 | T48: =Q48/S48 -> 9.4817146 | U48: =Q46+Q47+Q48 -> 132627721
A49: 2025년09월 | B49: =SUM(F47:F49) -> 7153973.4 | C49: =AVERAGE(F47:F49) -> 2384657.8 | D49: =C49/C46-1 -> -0.36115036 | E49: =C49/C37-1 -> -0.081454635 | F49: =Q49/22 -> 3297473.1 | G49: =F49/F48-1 -> 0.85924121 | H49: =F49/F37-1 -> -0.23767206 | I49: =T49 -> 8.1460384 | J49: =I49/I37-1 -> -0.16011542 | K49: =R47+R48+R49 -> 215679069191 | L49: =U49/U46-1 -> -0.32674135 | M49: =K49/K37-1 -> 0.033954298 | N49: =AVERAGE(T47:T49) -> 9.3951595 | O49: =N49/N46-1 -> -0.14164272 | P49: 2025년09월 | Q49: 72544409 | R49: 100846059374 | S49: 8905483.3 | T49: =Q49/S49 -> 8.1460384 | U49: =Q47+Q48+Q49 -> 155923239
A50: 2025년10월 | F50: =Q50/18 -> 3412166.8 | G50: =F50/F49-1 -> 0.034782299 | H50: =F50/F38-1 -> -0.009512976 | I50: =T50 -> 8.672691 | J50: =I50/I38-1 -> -0.10850584 | P50: 2025년10월 | Q50: 61419003 | R50: 86776558087 | S50: 7081885.3 | T50: =Q50/S50 -> 8.672691 | U50: =Q48+Q49+Q50 -> 169434583
A51: 2025년11월 | F51: =Q51/20 -> 3428508.1 | G51: =F51/F50-1 -> 0.0047891171 | H51: =F51/F39-1 -> 0.11922104 | I51: =T51 -> 8.3852549 | J51: =I51/I39-1 -> -0.37712566 | P51: 2025년11월 | Q51: 68570162 | R51: 99417214866 | S51: 8177469 | T51: =Q51/S51 -> 8.3852549 | U51: =Q49+Q50+Q51 -> 202533574
A52: 2025년12월 | B52: =SUM(F50:F52) -> 9883613.7 | C52: =AVERAGE(F50:F52) -> 3294537.9 | D52: =C52/C49-1 -> 0.38155584 | E52: =C52/C40-1 -> -0.1754364 | F52: =Q52/22 -> 3042938.8 | G52: =F52/F51-1 -> -0.1124598 | H52: =F52/F40-1 -> -0.44454094 | I52: =T52 -> 9.385923 | J52: =I52/I40-1 -> -0.16672548 | K52: =R50+R51+R52 -> 284687073161 | L52: =U52/U49-1 -> 0.26301775 | M52: =K52/K40-1 -> -0.17790397 | N52: =AVERAGE(T50:T52) -> 8.8146229 | O52: =N52/N49-1 -> -0.061791026 | P52: 2025년12월 | Q52: 66944653 | R52: 98493300208 | S52: 7132452.9 | T52: =Q52/S52 -> 9.385923 | U52: =Q50+Q51+Q52 -> 196933818
A53: 2026년01월 | F53: =Q53/21 -> 3010032.7 | G53: =F53/F52-1 -> -0.010813923 | H53: =F53/F41-1 -> -0.10567461 | I53: =T53 -> 7.4008629 | J53: =I53/I41-1 -> -0.37177499 | P53: 2026년01월 | Q53: 63210686 | R53: 92189090021 | S53: 8540988.6 | T53: =Q53/S53 -> 7.4008629 | U53: =Q51+Q52+Q53 -> 198725501
A54: 2026년02월 | F54: =Q54/17 -> 2397827.1 | G54: =F54/F53-1 -> -0.20338836 | H54: =F54/F42-1 -> 0.16635338 | I54: =T54 -> 9.5912183 | J54: =I54/I42-1 -> 0.13507411 | P54: 2026년02월 | Q54: 40763060 | R54: 59015283316 | S54: 4250039.9 | T54: =Q54/S54 -> 9.5912183 | U54: =Q52+Q53+Q54 -> 170918399
A55: 2026년03월 | B55: =SUM(F53:F55) -> 7459912 | C55: =AVERAGE(F53:F55) -> 2486637.3 | D55: =C55/C52-1 -> -0.24522424 | E55: =C55/C43-1 -> -0.19068955 | F55: =Q55/21 -> 2052052.3 | G55: =F55/F54-1 -> -0.14420338 | H55: =F55/F43-1 -> -0.45942868 | I55: =T55 -> 14.399735 | J55: =I55/I43-1 -> 0.71871285 | K55: =R53+R54+R55 -> 214513079197 | L55: =U55/U52-1 -> -0.25321692 | M55: =K55/K43-1 -> -0.16928032 | N55: =AVERAGE(T53:T55) -> 10.463939 | O55: =N55/N52-1 -> 0.18711133 | P55: 2026년03월 | Q55: 43093098 | R55: 63308705860 | S55: 2992631.3 | T55: =Q55/S55 -> 14.399735 | U55: =Q53+Q54+Q55 -> 147066844
A56: 2026년04월 | F56: =Q56/22 -> 2102583.3 | G56: =F56/F55-1 -> 0.024624632 | H56: =F56/F44-1 -> -0.58864312 | I56: =T56 -> 7.9115424 | J56: =I56/I44-1 -> -0.1647331 | P56: 2026년04월 | Q56: 46256833 | R56: 68954945444 | S56: 5846752.8 | T56: =Q56/S56 -> 7.9115424 | U56: =Q54+Q55+Q56 -> 130112991
A57: 2026년05월 | F57: =Q57/12 -> 3649050.9 | G57: =F57/F56-1 -> 0.73550836 | H57: =F57/F45-1 -> 0.044128811 | I57: =T57 -> 10.467158 | J57: =I57/I45-1 -> -0.25238484 | P57: 2026년05월 | Q57: 43788611 | R57: 64333567806 | S57: 4183428.8 | T57: =Q57/S57 -> 10.467158 | U57: =Q55+Q56+Q57 -> 133138542
B58: =SUM(F56:F58) -> 5751634.2 | C58: =AVERAGE(F56:F58) -> 2875817.1 | D58: =C58/C55-1 -> 0.15650846 | E58: =C58/C46-1 -> -0.22956881
P64: 기간 | Q64: 금액(달러) | R64: 금액(원화) | S64: 중량 | T64: 국내 업체 수 | U64: 해외거래처 수
P66: 2026년 | Q66: 237112288 | R66: 347801592447 | S66: 25813841 | T66: 269 | U66: 505
P67: 01월 | Q67: 63210686 | R67: 92189090021 | S67: 8540988.6 | T67: 112 | U67: 209
P68: 02월 | Q68: 40763060 | R68: 59015283316 | S68: 4250039.9 | T68: 91 | U68: 179
P69: 03월 | Q69: 43093098 | R69: 63308705860 | S69: 2992631.3 | T69: 123 | U69: 241
P70: 04월 | Q70: 46256833 | R70: 68954945444 | S70: 5846752.8 | T70: 103 | U70: 198
P71: 05월 | Q71: 43788611 | R71: 64333567806 | S71: 4183428.8 | T71: 90 | U71: 161
P72: 2025년 | Q72: 761207885 | R72: 1085719725972 | S72: 80587728 | T72: 441 | U72: 1010
P73: 2024년 | Q73: 785,331,6

Sheet 공작기계(와이지원관련)
K1: 와이지원
K2: 8207
P3: 년월 | Q3: 금액(달러) | R3: 금액(원화) | S3: 중량(Kg)
A4: 년월 | B4: 분기(일평균합) | C4: 분기(평균) | D4: QoQ | E4: YoY | F4: 일평균수출 | G4: MoM | H4: YoY | I4: 금액(달러)/중량 | J4: 판가 yoy | K4: 원화매출 | L4: QoQ | M4: YoY | N4: 판가 | O4: QoQ | T4: 금액(달러)/중량 | U4: 분기 달러매출
A5: 2022년01월 | F5: =Q5/20 -> 5582774.8 | I5: =T5 -> 16.342686 | P5: 2022년01월 | Q5: 111655496 | R5: 131735829765 | S5: 6832138.5 | T5: =Q5/S5 -> 16.342686
A6: 2022년02월 | F6: =Q6/18 -> 4391305.2 | G6: =F6/F5-1 -> -0.21341889 | I6: =T6 -> 18.302329 | P6: 2022년02월 | Q6: 79043494 | R6: 93924527243 | S6: 4318766.9 | T6: =Q6/S6 -> 18.302329
A7: 2022년03월 | B7: =F5+F6+F7 -> 15495881 | C7: =AVERAGE(F5:F7) -> 5165293.7 | F7: =Q7/22 -> 5521801.1 | G7: =F7/F6-1 -> 0.2574396 | I7: =T7 -> 17.623712 | K7: =R5+R6+R7 -> 372378162508 | N7: =AVERAGE(T5:T7) -> 17.422909 | P7: 2022년03월 | Q7: 121479624 | R7: 146717805500 | S7: 6892964.5 | T7: =Q7/S7 -> 17.623712 | U7: =Q5+Q6+Q7 -> 312178614
A8: 2022년04월 | F8: =Q8/21 -> 4937455.9 | G8: =F8/F7-1 -> -0.10582511 | I8: =T8 -> 16.195855 | P8: 2022년04월 | Q8: 103686574 | R8: 125623842931 | S8: 6402044 | T8: =Q8/S8 -> 16.195855
A9: 2022년05월 | F9: =Q9/21 -> 5343120.7 | G9: =F9/F8-1 -> 0.082160686 | I9: =T9 -> 16.571703 | P9: 2022년05월 | Q9: 112205534 | R9: 141069482253 | S9: 6770911.4 | T9: =Q9/S9 -> 16.571703
A10: 2022년06월 | B10: =F8+F9+F10 -> 15305511 | C10: =AVERAGE(F8:F10) -> 5101837.1 | D10: =C10/C7-1 -> -0.012285189 | F10: =Q10/21 -> 5024934.7 | G10: =F10/F9-1 -> -0.059550583 | I10: =T10 -> 15.715197 | K10: =R8+R9+R10 -> 399451440649 | L10: =U10/U7-1 -> 0.029589224 | N10: =AVERAGE(T8:T10) -> 16.160918 | O10: =N10/N7-1 -> -0.072432853 | P10: 2022년06월 | Q10: 105523629 | R10: 132758115465 | S10: 6714750.6 | T10: =Q10/S10 -> 15.715197 | U10: =Q8+Q9+Q10 -> 321415737
A11: 2022년07월 | F11: =Q11/21 -> 4339987.2 | G11: =F11/F10-1 -> -0.13630973 | I11: =T11 -> 19.518815 | P11: 2022년07월 | Q11: 91139732 | R11: 117672469603 | S11: 4669327.2 | T11: =Q11/S11 -> 19.518815
A12: 2022년08월 | F12: =Q12/22 -> 4576078.7 | G12: =F12/F11-1 -> 0.05439911 | I12: =T12 -> 18.775155 | P12: 2022년08월 | Q12: 100673731 | R12: 130711799513 | S12: 5362071.9 | T12: =Q12/S12 -> 18.775155
A13: 2022년09월 | B13: =F11+F12+F13 -> 15361278 | C13: =AVERAGE(F11:F13) -> 5120425.8 | D13: =C13/C10-1 -> 0.0036435395 | F13: =Q13/20 -> 6445211.6 | G13: =F13/F12-1 -> 0.40845734 | I13: =T13 -> 16.408835 | K13: =R11+R12+R13 -> 423974719298 | L13: =U13/U10-1 -> -0.0021717729 | N13: =AVERAGE(T11:T13) -> 18.234268 | O13: =N13/N10-1 -> 0.12829407 | P13: 2022년09월 | Q13: 128904232 | R13: 175590450182 | S13: 7855782 | T13: =Q13/S13 -> 16.408835 | U13: =Q11+Q12+Q13 -> 320717695
A14: 2022년10월 | F14: =Q14/20 -> 5026537.2 | G14: =F14/F13-1 -> -0.22011292 | I14: =T14 -> 15.586103 | P14: 2022년10월 | Q14: 100530745 | R14: 143375255381 | S14: 6450024.6 | T14: =Q14/S14 -> 15.586103
A15: 2022년11월 | F15: =Q15/22 -> 4772685.6 | G15: =F15/F14-1 -> -0.050502293 | I15: =T15 -> 15.384419 | P15: 2022년11월 | Q15: 104999083 | R15: 145310558154 | S15: 6825027.7 | T15: =Q15/S15 -> 15.384419
A16: 2022년12월 | B16: =F14+F15+F16 -> 15589993 | C16: =AVERAGE(F14:F16) -> 5196664.4 | D16: =C16/C13-1 -> 0.014889097 | F16: =Q16/22 -> 5790770.2 | G16: =F16/F15-1 -> 0.21331483 | I16: =T16 -> 14.77853 | K16: =R14+R15+R16 -> 455503591967 | L16: =U16/U13-1 -> 0.03806799 | N16: =AVERAGE(T14:T16) -> 15.249684 | O16: =N16/N13-1 -> -0.16367997 | P16: 2022년12월 | Q16: 127396945 | R16: 166817778432 | S16: 8620407.1 | T16: =Q16/S16 -> 14.77853 | U16: =Q14+Q15+Q16 -> 332926773
A17: 2023년01월 | F17: =Q17/20 -> 5619051.7 | G17: =F17/F16-1 -> -0.029653841 | H17: =F17/F5-1 -> 0.0064979963 | I17: =T17 -> 15.168136 | J17: =I17/I5-1 -> -0.07187007 | P17: 2023년01월 | Q17: 112381033 | R17: 141039078875 | S17: 7409020.5 | T17: =Q17/S17 -> 15.168136
A18: 2023년02월 | F18: =Q18/20 -> 6107999.8 | G18: =F18/F17-1 -> 0.087016134 | H18: =F18/F6-1 -> 0.39093037 | I18: =T18 -> 14.641524 | J18: =I18/I6-1 -> -0.20001857 | P18: 2023년02월 | Q18: 122159996 | R18: 153233288692 | S18: 8343393.7 | T18: =Q18/S18 -> 14.641524
A19: 2023년03월 | B19: =SUM(F17:F19) -> 18691458 | C19: =AVERAGE(F17:F19) -> 6230486 | D19: =C19/C16-1 -> 0.19893946 | E19: =C19/C7-1 -> 0.20622104 | F19: =Q19/22 -> 6964406.4 | G19: =F19/F18-1 -> 0.14021065 | H19: =F19/F7-1 -> 0.2612563 | I19: =T19 -> 15.512 | J19: =I19/I7-1 -> -0.11982221 | K19: =R17+R18+R19 -> 494623780483 | L19: =U19/U16-1 -> 0.16469447 | M19: =U19/U7-1 -> 0.24210293 | N19: =AVERAGE(T17:T19) -> 15.10722 | O19: =N19/N16-1 -> -0.0093420758 | P19: 2023년03월 | Q19: 153216941 | R19: 200351412916 | S19: 9877316.9 | T19: =Q19/S19 -> 15.512 | U19: =Q17+Q18+Q19 -> 387757970
A20: 2023년04월 | F20: =Q20/20 -> 7517026 | G20: =F20/F19-1 -> 0.079349123 | H20: =F20/F8-1 -> 0.52244923 | I20: =T20 -> 13.487717 | J20: =I20/I8-1 -> -0.16721178 | P20: 2023년04월 | Q20: 150340519 | R20: 197504227197 | S20: 11146476 | T20: =Q20/S20 -> 13.487717
A21: 2023년05월 | F21: =Q21/21 -> 5513684.5 | G21: =F21/F20-1 -> -0.26650719 | H21: =F21/F9-1 -> 0.031922142 | I21: =T21 -> 17.118227 | J21: =I21/I9-1 -> 0.032979328 | P21: 2023년05월 | Q21: 115787375 | R21: 154292418792 | S21: 6763981.8 | T21: =Q21/S21 -> 17.118227
A22: 2023년06월 | B22: =SUM(F20:F22) -> 18937308 | C22: =AVERAGE(F20:F22) -> 6312436.2 | D22: =C22/C19-1 -> 0.0131531 | E22: =C22/C10-1 -> 0.23728689 | F22: =Q22/21 -> 5906598 | G22: =F22/F21-1 -> 0.071261508 | H22: =F22/F10-1 -> 0.17545766 | I22: =T22 -> 14.666628 | J22: =I22/I10-1 -> -0.066723253 | K22: =R20+R21+R22 -> 512972467008 | L22: =U22/U19-1 -> 0.0062113024 | M22: =U22/U10-1 -> 0.21389965 | N22: =AVERAGE(T20:T22) -> 15.090857 | O22: =N22/N19-1 -> -0.0010831077 | P22: 2023년06월 | Q22: 124038558 | R22: 161175821019 | S22: 8457196.7 | T22: =Q22/S22 -> 14.666628 | U22: =Q20+Q21+Q22 -> 390166452
A23: 2023년07월 | F23: =Q23/21 -> 5034470.7 | G23: =F23/F22-1 -> -0.14765307 | H23: =F23/F11-1 -> 0.16001969 | I23: =T23 -> 16.090043 | J23: =I23/I11-1 -> -0.17566497 | P23: 2023년07월 | Q23: 105723884 | R23: 136697346298 | S23: 6570764.7 | T23: =Q23/S23 -> 16.090043
A24: 2023년08월 | F24: =Q24/22 -> 4024381 | G24: =F24/F23-1 -> -0.20063473 | H24: =F24/F12-1 -> -0.12056123 | I24: =T24 -> 16.991372 | J24: =I24/I12-1 -> -0.095007617 | P24: 2023년08월 | Q24: 88536382 | R24: 116048940741 | S24: 5210667 | T24: =Q24/S24 -> 16.991372
A25: 2023년09월 | B25: =SUM(F23:F25) -> 13332067 | C25: =AVERAGE(F23:F25) -> 4444022.5 | D25: =C25/C22-1 -> -0.29598932 | E25: =C25/C13-1 -> -0.13209905 | F25: =Q25/19 -> 4273215.7 | G25: =F25/F24-1 -> 0.061831791 | H25: =F25/F13-1 -> -0.33699373 | I25: =T25 -> 16.728796 | J25: =I25/I13-1 -> 0.019499326 | K25: =R23+R24+R25 -> 360531942377 | L25: =U25/U22-1 -> -0.29401577 | M25: =U25/U13-1 -> -0.14114073 | N25: =AVERAGE(T23:T25) -> 16.603404 | O25: =N25/N22-1 -> 0.10022933 | P25: 2023년09월 | Q25: 81191098 | R25: 107785655338 | S25: 4853373.6 | T25: =Q25/S25 -> 16.728796 | U25: =Q23+Q24+Q25 -> 275451364
A26: 2023년10월 | F26: =Q26/19 -> 3409010.8 | G26: =F26/F25-1 -> -0.20223759 | H26: =F26/F14-1 -> -0.32179736 | I26: =T26 -> 23.375557 | J26: =I26/I14-1 -> 0.49976925 | P26: 2023년10월 | Q26: 64771206 | R26: 87327009578 | S26: 2770894.6 | T26: =Q26/S26 -> 23.375557
A27: 2023년11월 | F27: =Q27/22 -> 4559558.5 | G27: =F27/F26-1 -> 0.33750189 | H27: =F27/F15-1 -> -0.0446556 | I27: =T27 -> 19.048003 | J27: =I27/I15-1 -> 0.23813601 | P27: 2023년11월 | Q27: 100310286 | R27: 132259618814 | S27: 5266184 | T27: =Q27/S27 -> 19.048003
A28: 2023년12월 | B28: =SUM(F26:F28) -> 14592936 | C28: =AVERAGE(F26:F28) -> 4864312.2 | D28: =C28/C25-1 -> 0.094574162 | E28: =C28/C16-1 -> -0.063954911 | F28: =Q28/19 -> 6624367.2 | G28: =F28/F27-1 -> 0.45285278 | H28: =F28/F16-1 -> 0.14395269 | I28: =T28 -> 16.263465 | J28: =I28/I16-1 -> 0.10047918 | K28: =R26+R27+R28 -> 383762411416 | L28: =U28/U25-1 -> 0.056246242 | M28: =U28/U16-1 -> -0.12610072 | N28: =AVERAGE(T26:T28) -> 19.562342 | O28: =N28/N25-1 -> 0.17821272 | P28: 2023년12월 | Q28: 125862976 | R28: 164175783024 | S28: 7739001.5 | T28: =Q28/S28 -> 16.263465 | U28: =Q26+Q27+Q28 -> 290944468
A29: 2024년01월 | F29: =Q29/22 -> 4597872.4 | G29: =F29/F28-1 -> -0.30591523 | H29: =F29/F17-1 -> -0.18173517 | I29: =T29 -> 17.343056 | J29: =I29/I17-1 -> 0.1433874 | P29: 2024년01월 | Q29: 101153192 | R29: 132939152555 | S29: 5832489.5 | T29: =Q29/S29 -> 17.343056
A30: 2024년02월 | F30: =Q30/19 -> 6068211.1 | G30: =F30/F29-1 -> 0.31978677 | H30: =F30/F18-1 -> -0.0065141939 | I30: =T30 -> 16.534129 | J30: =I30/I18-1 -> 0.12926287 | P30: 2024년02월 | Q30: 115296011 | R30: 153683428075 | S30: 6973213.5 | T30: =Q30/S30 -> 16.534129
A31: 2024년03월 | B31: =SUM(F29:F31) -> 16449355 | C31: =AVERAGE(F29:F31) -> 5483118.5 | D31: =C31/C28-1 -> 0.12721353 | E31: =C31/C19-1 -> -0.11995332 | F31: =Q31/20 -> 5783271.9 | G31: =F31/F30-1 -> -0.046956047 | H31: =F31/F19-1 -> -0.16959586 | I31: =T31 -> 14.992455 | J31: =I31/I19-1 -> -0.03349309 | K31: =R29+R30+R31 -> 440316220439 | L31: =U31/U28-1 -> 0.14150526 | M31: =U31/U19-1 -> -0.14350016 | N31: =AVERAGE(T29:T31) -> 16.28988 | O31: =N31/N28-1 -> -0.16728373 | P31: 2024년03월 | Q31: 115665438 | R31: 153693639809 | S31: 7714909.7 | T31: =Q31/S31 -> 14.992455 | U31: =Q29+Q30+Q31 -> 332114641
A32: 2024년04월 | F32: =Q32/21 -> 4969794.7 | G32: =F32/F31-1 -> -0.14066037 | H32: =F32/F20-1 -> -0.33886157 | I32: =T32 -> 18.543368 | J32: =I32/I20-1 -> 0.37483372 | P32: 2024년04월 | Q32: 104365689 | R32: 142114253461 | S32: 5628194.9 | T32: =Q32/S32 -> 18.543368
A33: 2024년05월 | F33: =Q33/21 -> 4118557.6 | G33: =F33/F32-1 -> -0.17128214 | H33: =F33/F21-1 -> -0.25302987 | I33: =T33 -> 15.84154 | J33: =I33/I21-1 -> -0.074580544 | P33: 2024년05월 | Q33: 86489710 | R33: 118385433355 | S33: 5459678.1 | T33: =Q33/S33 -> 15.84154
A34: 2024년06월 | B34: =SUM(F32:F34) -> 15429537 | C34: =AVERAGE(F32:F34) -> 5143179 | D34: =C34/C31-1 -> -0.06199746 | E34: =C34/C22-1 -> -0.18523072 | F34: =Q34/19 -> 6341184.8 | G34: =F34/F33-1 -> 0.53966155 | H34: =F34/F22-1 -> 0.073576497 | I34: =T34 -> 15.363953 | J34: =I34/I22-1 -> 0.047544995 | K34: =R32+R33+R34 -> 426219823011 | L34: =U34/U31-1 -> -0.062558913 | M34: =U34/U22-1 -> -0.20203824 | N34: =AVERAGE(T32:T34) -> 16.582954 | O34: =N34/N31-1 -> 0.017991146 | P34: 2024년06월 | Q34: 120482511 | R34: 165720136195 | S34: 7841895.4 | T34: =Q34/S34 -> 15.363953 | U34: =Q32+Q33+Q34 -> 311337910
A35: 2024년07월 | F35: =Q35/23 -> 6596941.1 | G35: =F35/F34-1 -> 0.04033258 | H35: =F35/F23-1 -> 0.31035447 | I35: =T35 -> 13.77447 | J35: =I35/I23-1 -> -0.14391337 | P35: 2024년07월 | Q35: 151729646 | R35: 209999281469 | S35: 11015280 | T35: =Q35/S35 -> 13.77447
A36: 2024년08월 | F36: =Q36/21 -> 5036411.6 | G36: =F36/F35-1 -> -0.2365535 | H36: =F36/F24-1 -> 0.25147485 | I36: =T36 -> 15.746487 | J36: =I36/I24-1 -> -0.073265738 | P36: 2024년08월 | Q36: 105764644 | R36: 144518888647 | S36: 6716713.7 | T36: =Q36/S36 -> 15.746487
A37: 2024년09월 | B37: =SUM(F35:F37) -> 15972254 | C37: =AVERAGE(F35:F37) -> 5324084.7 | D37: =C37/C34-1 -> 0.035173894 | E37: =C37/C25-1 -> 0.1980328 | F37: =Q37/18 -> 4338901.3 | G37: =F37/F36-1 -> -0.13849351 | H37: =F37/F25-1 -> 0.015371467 | I37: =T37 -> 18.962061 | J37: =I37/I25-1 -> 0.13349822 | K37: =R35+R36+R37 -> 458762666778 | L37: =U37/U34-1 -> 0.077910856 | M37: =U37/U25-1 -> 0.21834399 | N37: =AVERAGE(T35:T37) -> 16.161006 | O37: =N37/N34-1 -> -0.025444659 | P37: 2024년09월 | Q37: 78100223 | R37: 104244496662 | S37: 4118762.4 | T37: =Q37/S37 -> 18.962061 | U37: =Q35+Q36+Q37 -> 335594513
A38: 2024년10월 | F38: =Q38/20 -> 4792772 | G38: =F38/F37-1 -> 0.10460498 | H38: =F38/F26-1 -> 0.40591279 | I38: =T38 -> 15.728917 | J38: =I38/I26-1 -> -0.32712121 | P38: 2024년10월 | Q38: 95855439 | R38: 129000971268 | S38: 6094217.5 | T38: =Q38/S38 -> 15.728917
A39: 2024년11월 | F39: =Q39/21 -> 3851181 | G39: =F39/F38-1 -> -0.19646061 | H39: =F39/F27-1 -> -0.15536097 | I39: =T39 -> 14.721814 | J39: =I39/I27-1 -> -0.2271203 | P39: 2024년11월 | Q39: 80874802 | R39: 112438394318 | S39: 5493534.9 | T39: =Q39/S39 -> 14.721814
A40: 2024년12월 | B40: =SUM(F38:F40) -> 12610124 | C40: =AVERAGE(F38:F40) -> 4203374.8 | D40: =C40/C37-1 -> -0.21049814 | E40: =C40/C28-1 -> -0.13587479 | F40: =Q40/21 -> 3966171.3 | G40: =F40/F39-1 -> 0.029858447 | H40: =F40/F28-1 -> -0.40127544 | I40: =T40 -> 16.961 | J40: =I40/I28-1 -> 0.042889704 | K40: =R38+R39+R40 -> 359800538642 | L40: =U40/U37-1 -> -0.22519639 | M40: =U40/U28-1 -> -0.10629049 | N40: =AVERAGE(T38:T40) -> 15.80391 | O40: =N40/N37-1 -> -0.022096132 | P40: 2024년12월 | Q40: 83289598 | R40: 118361173056 | S40: 4910653.8 | T40: =Q40/S40 -> 16.961 | U40: =Q38+Q39+Q40 -> 260019839
A41: 2025년01월 | F41: =Q41/18 -> 4448358 | G41: =F41/F40-1 -> 0.12157485 | H41: =F41/F29-1 -> -0.032518163 | I41: =T41 -> 16.325106 | J41: =I41/I29-1 -> -0.058694962 | P41: 2025년01월 | Q41: 80070444 | R41: 117134271447 | S41: 4904742.7 | T41: =Q41/S41 -> 16.325106
A42: 2025년02월 | F42: =Q42/20 -> 4629865.3 | G42: =F42/F41-1 -> 0.040803213 | H42: =F42/F30-1 -> -0.23702963 | I42: =T42 -> 17.679839 | J42: =I42/I30-1 -> 0.069293663 | P42: 2025년02월 | Q42: 92597306 | R42: 133916308315 | S42: 5237451.8 | T42: =Q42/S42 -> 17.679839
A43: 2025년03월 | B43: =SUM(F41:F43) -> 13682515 | C43: =AVERAGE(F41:F43) -> 4560838.4 | D43: =C43/C40-1 -> 0.085042054 | E43: =C43/C31-1 -> -0.16820356 | F43: =Q43/20 -> 4604291.9 | G43: =F43/F42-1 -> -0.0055235732 | H43: =F43/F31-1 -> -0.20386038 | I43: =T43 -> 16.5118 | J43: =I43/I31-1 -> 0.10134064 | K43: =R41+R42+R43 -> 384630839976 | L43: =U43/U40-1 -> 0.018205338 | M43: =K43/K31-1 -> -0.12646679 | N43: =AVERAGE(T41:T43) -> 16.838915 | O43: =N43/N40-1 -> 0.065490429 | P43: 2025년03월 | Q43: 92085838 | R43: 133580260214 | S43: 5576971.4 | T43: =Q43/S43 -> 16.5118 | U43: =Q41+Q42+Q43 -> 264753588
A44: 2025년04월 | F44: =Q44/22 -> 5147814.6 | G44: =F44/F43-1 -> 0.11804697 | H44: =F44/F32-1 -> 0.035820368 | I44: =T44 -> 14.424194 | J44: =I44/I32-1 -> -0.2221373 | P44: 2025년04월 | Q44: 113251921 | R44: 164131934827 | S44: 7851524.9 | T44: =Q44/S44 -> 14.424194
A45: 2025년05월 | F45: =Q45/20 -> 3883653.1 | G45: =F45/F44-1 -> -0.24557246 | H45: =F45/F33-1 -> -0.057035628 | I45: =T45 -> 19.505423 | J45: =I45/I33-1 -> 0.23128325 | P45: 2025년05월 | Q45: 77673062 | R45: 109199680368 | S45: 3982126.5 | T45: =Q45/S45 -> 19.505423
A46: 2025년06월 | B46: =SUM(F44:F46) -> 14700680 | C46: =AVERAGE(F44:F46) -> 4900226.5 | D46: =C46/C43-1 -> 0.07441354 | E46: =C46/C34-1 -> -0.04723781 | F46: =Q46/19 -> 5669211.9 | G46: =F46/F45-1 -> 0.45976269 | H46: =F46/F34-1 -> -0.10596961 | I46: =T46 -> 15.820258 | J46: =I46/I34-1 -> 0.029699727 | K46: =R44+R45+R46 -> 420889872602 | L46: =U46/U43-1 -> 0.1279923 | M46: =K46/K34-1 -> -0.012505168 | N46: =AVERAGE(T44:T46) -> 16.583292 | O46: =N46/N43-1 -> -0.015180517 | P46: 2025년06월 | Q46: 107715026 | R46: 147558257407 | S46: 6808677 | T46: =Q46/S46 -> 15.820258 | U46: =Q44+Q45+Q46 -> 298640009
A47: 2025년07월 | F47: =Q47/23 -> 5478790.1 | G47: =F47/F46-1 -> -0.033588762 | H47: =F47/F35-1 -> -0.16949538 | I47: =T47 -> 16.026425 | J47: =I47/I35-1 -> 0.16348756 | P47: 2025년07월 | Q47: 126012172 | R47: 172655835666 | S47: 7862774.9 | T47: =Q47/S47 -> 16.026425 | U47: =Q45+Q46+Q47 -> 311400260
A48: 2025년08월 | F48: =Q48/20 -> 3585856.1 | G48: =F48/F47-1 -> -0.34550219 | H48: =F48/F36-1 -> -0.28801369 | I48: =T48 -> 17.539574 | J48: =I48/I36-1 -> 0.11387221 | P48: 2025년08월 | Q48: 71717122 | R48: 99543798560 | S48: 4088874.8 | T48: =Q48/S48 -> 17.539574 | U48: =Q46+Q47+Q48 -> 305444320
A49: 2025년09월 | B49: =SUM(F47:F49) -> 13071512 | C49: =AVERAGE(F47:F49) -> 4357170.6 | D49: =C49/C46-1 -> -0.11082261 | E49: =C49/C37-1 -> -0.18161132 | F49: =Q49/22 -> 4006865.7 | G49: =F49/F48-1 -> 0.11740839 | H49: =F49/F37-1 -> -0.076525271 | I49: =T49 -> 15.760188 | J49: =I49/I37-1 -> -0.16885678 | K49: =R47+R48+R49 -> 394742683477 | L49: =U49/U46-1 -> -0.042725923 | M49: =K49/K37-1 -> -0.13954924 | N49: =AVERAGE(T47:T49) -> 16.442062 | O49: =N49/N46-1 -> -0.0085163618 | P49: 2025년09월 | Q49: 88151045 | R49: 122543049251 | S49: 5593273.6 | T49: =Q49/S49 -> 15.760188 | U49: =Q47+Q48+Q49 -> 285880339
A50: 2025년10월 | F50: =Q50/18 -> 5543998.1 | G50: =F50/F49-1 -> 0.38362465 | H50: =F50/F38-1 -> 0.15674148 | I50: =T50 -> 16.650561 | J50: =I50/I38-1 -> 0.058595511 | P50: 2025년10월 | Q50: 99791966 | R50: 141386616962 | S50: 5993309.7 | T50: =Q50/S50 -> 16.650561 | U50: =Q48+Q49+Q50 -> 259660133
A51: 2025년11월 | F51: =Q51/20 -> 4657812.2 | G51: =F51/F50-1 -> -0.15984601 | H51: =F51/F39-1 -> 0.20945032 | I51: =T51 -> 17.692574 | J51: =I51/I39-1 -> 0.201793 | P51: 2025년11월 | Q51: 93156243 | R51: 135067904379 | S51: 5265273.7 | T51: =Q51/S51 -> 17.692574 | U51: =Q49+Q50+Q51 -> 281099254
A52: 2025년12월 | B52: =SUM(F50:F52) -> 16750806 | C52: =AVERAGE(F50:F52) -> 5583602 | D52: =C52/C49-1 -> 0.28147426 | E52: =C52/C40-1 -> 0.32836169 | F52: =Q52/22 -> 6548995.8 | G52: =F52/F51-1 -> 0.40602402 | H52: =F52/F40-1 -> 0.65121353 | I52: =T52 -> 13.835117 | J52: =I52/I40-1 -> -0.18429828 | K52: =R50+R51+R52 -> 488448461437 | L52: =U52/U49-1 -> 0.17890624 | M52: =K52/K40-1 -> 0.35755345 | N52: =AVERAGE(T50:T52) -> 16.059417 | O52: =N52/N49-1 -> -0.023272353 | P52: 2025년12월 | Q52: 144077907 | R52: 211993940096 | S52: 10413928 | T52: =Q52/S52 -> 13.835117 | U52: =Q50+Q51+Q52 -> 337026116
A53: 2026년01월 | F53: =Q53/21 -> 4314587.8 | G53: =F53/F52-1 -> -0.3411833 | H53: =F53/F41-1 -> -0.030071824 | I53: =T53 -> 18.706234 | J53: =I53/I41-1 -> 0.14585683 | P53: 2026년01월 | Q53: 90606343 | R53: 132095252016 | S53: 4843644.2 | T53: =Q53/S53 -> 18.706234 | U53: =Q51+Q52+Q53 -> 327840493
A54: 2026년02월 | F54: =Q54/17 -> 6044079.8 | G54: =F54/F53-1 -> 0.40084757 | H54: =F54/F42-1 -> 0.30545478 | I54: =T54 -> 15.531451 | J54: =I54/I42-1 -> -0.12151627 | P54: 2026년02월 | Q54: 102749356 | R54: 148781258207 | S54: 6615567 | T54: =Q54/S54 -> 15.531451 | U54: =Q52+Q53+Q54 -> 337433606
A55: 2026년03월 | B55: =SUM(F53:F55) -> 15977996 | C55: =AVERAGE(F53:F55) -> 5325998.7 | D55: =C55/C52-1 -> -0.046135689 | E55: =C55/C43-1 -> 0.16776746 | F55: =Q55/21 -> 5619328.5 | G55: =F55/F54-1 -> -0.070275585 | H55: =F55/F43-1 -> 0.22045445 | I55: =T55 -> 14.546288 | J55: =I55/I43-1 -> -0.11903684 | K55: =R53+R54+R55 -> 454281457177 | L55: =U55/U52-1 -> -0.076149938 | M55: =K55/K43-1 -> 0.18108433 | N55: =AVERAGE(T53:T55) -> 16.261324 | O55: =N55/N52-1 -> 0.012572527 | P55: 2026년03월 | Q55: 118005899 | R55: 173404946954 | S55: 8112440.8 | T55: =Q55/S55 -> 14.546288 | U55: =Q53+Q54+Q55 -> 311361598
A56: 2026년04월 | F56: =Q56/22 -> 6027084.7 | G56: =F56/F55-1 -> 0.072563146 | H56: =F56/F44-1 -> 0.17080454 | I56: =T56 -> 16.46486 | J56: =I56/I44-1 -> 0.14147516 | P56: 2026년04월 | Q56: 132595863 | R56: 197853258072 | S56: 8053264.2 | T56: =Q56/S56 -> 16.46486 | U56: =Q54+Q55+Q56 -> 353351118
A57: 2026년05월 | F57: =Q57/12 -> 7124319.2 | G57: =F57/F56-1 -> 0.18205062 | H57: =F57/F45-1 -> 0.83443757 | I57: =T57 -> 15.968331 | J57: =I57/I45-1 -> -0.18133889 | P57: 2026년05월 | Q57: 85491830 | R57: 126017961743 | S57: 5353836.2 | T57: =Q57/S57 -> 15.968331 | U57: =Q55+Q56+Q57 -> 336093592
B58: =SUM(F56:F58) -> 13151404 | C58: =AVERAGE(F56:F58) -> 6575701.9 | D58: =C58/C55-1 -> 0.23464205 | E58: =C58/C46-1 -> 0.34191795
P63: 기간 | Q63: 금액(달러) | R63: 금액(원화) | S63: 중량 | T63: 국내 업체 수 | U63: 해외거래처 수
P65: 2026년 | Q65: 529449291 | R65: 778152676992 | S65: 32978752 | T65: 1565 | U65: 4037
P66: 01월 | Q66: 90606343 | R66: 132095252016 | S66: 4843644.2 | T66: 787 | U66: 2031
P67: 02월 | Q67: 102749356 | R67: 148781258207 | S67: 6615567 | T67: 745 | U67: 1808
P68: 03월 | Q68: 118005899 | R68: 173404946954 | S68: 8112440.8 | T68: 825 | U68: 1971
P69: 04월 | Q69: 132595863 | R69: 197853258072 | S69: 8053264.2 | T69: 861 | U69: 2094
P70: 05월 | Q70: 85491830 | R70: 126017961743 | S70: 5353836.2 | T70: 647 | U70: 1459
P71: 2025년 | Q71: 1186300052 | R71: 1688711857492 | S71: 73578929 | T71: 2301 | U71: 8245
P72: 2024년 | Q72: 1239066903
P73: 04월 | Q73: 113251921 | R73: 164131934827 | S73: 7851524.9 | T73: 823 | U73: 2212
P74: 05월 | Q74: 77673062 | R74: 109199680368 | S74: 3982126.5 | T74: 776 | U74: 2081
P75: 06월 | Q75: 107715026 | R75: 147558257407 | S75: 6808677 | T75: 818 | U75: 2078
P76: 07월 | Q76: 126012172 | R76: 172655835666 | S76: 7862774.9 | T76: 836 | U76: 2312
P77: 08월 | Q77: 71717122 | R77: 99543798560 | S77: 4088874.8 | T77: 748 | U77: 1957
P78: 09월 | Q78: 88151045 | R78: 122543049251 | S78: 5593273.6 | T78: 829 | U78: 2244
P79: 10월 | Q79: 99791966 | R79: 141386616962 | S79: 5993309.7 | T79: 766 | U79: 1985
P80: 11월 | Q80: 93156243 | R80: 135067904379 | S80: 5265273.7 | T80: 794 | U80: 2146
P81: 12월 | Q81: 144077907 | R81: 211993940096 | S81: 10413928 | T81: 837 | U81: 2036
P82: 2024년 | Q82: 1239066903 | R82: 1685099248870 | S82: 77799543 | T82: 2250 | U82: 8031
P83: 01월 | Q83: 101153192 | R83: 132939152555 | S83: 5832489.5 | T83: 774 | U83: 2092
P84: 02월 | Q84: 115296011 | R84: 153683428075 | S84: 6973213.5 | T84: 775 | U84: 2014
... P123: 2019년 | Q123: 1546453740 | R123: 1781126135261 | S123: 1.1396721e+08 | T123: 2326 | U123: 7287
P124: 2018년 | Q124: 1,650,

Sheet 터빈
K1: 두산에너빌리티
K2: 8411
P3: 년월 | Q3: 금액(달러) | R3: 금액(원화) | S3: 중량(Kg)
A4: 년월 | B4: 분기(일평균합) | C4: 분기(평균) | D4: QoQ | E4: YoY | F4: 일평균수출 | G4: MoM | H4: YoY | I4: 금액(달러)/중량 | J4: 판가 yoy | K4: 원화매출 | L4: QoQ | M4: YoY | N4: 판가 | O4: QoQ | T4: 금액(달러)/중량 | U4: 분기 달러매출
A5: 2022년01월 | F5: =Q5/20 -> 1264614.2 | I5: =T5 -> 264.50582 | P5: 2022년01월 | Q5: 25292285 | R5: 29853364380 | S5: 95620.9 | T5: =Q5/S5 -> 264.50582
A6: 2022년02월 | F6: =Q6/18 -> 2072396.4 | G6: =F6/F5-1 -> 0.63875774 | I6: =T6 -> 658.66776 | P6: 2022년02월 | Q6: 37303135 | R6: 44272074177 | S6: 56634.22 | T6: =Q6/S6 -> 658.66776
A7: 2022년03월 | B7: =F5+F6+F7 -> 5283775.5 | C7: =AVERAGE(F5:F7) -> 1761258.5 | F7: =Q7/22 -> 1946764.8 | G7: =F7/F6-1 -> -0.0606214 | I7: =T7 -> 760.97669 | K7: =R5+R6+R7 -> 126024639205 | N7: =AVERAGE(T5:T7) -> 561.38343 | P7: 2022년03월 | Q7: 42828826 | R7: 51899200648 | S7: 56281.39 | T7: =Q7/S7 -> 760.97669 | U7: =Q5+Q6+Q7 -> 105424246
A8: 2022년04월 | F8: =Q8/21 -> 1541308.4 | G8: =F8/F7-1 -> -0.20827192 | I8: =T8 -> 476.86341 | P8: 2022년04월 | Q8: 32367476 | R8: 39227663285 | S8: 67875.78 | T8: =Q8/S8 -> 476.86341
A9: 2022년05월 | F9: =Q9/21 -> 2516880.3 | G9: =F9/F8-1 -> 0.6329505 | I9: =T9 -> 619.67763 | P9: 2022년05월 | Q9: 52854486 | R9: 66158777665 | S9: 85293.52 | T9: =Q9/S9 -> 619.67763
A10: 2022년06월 | B10: =F8+F9+F10 -> 5720720 | C10: =AVERAGE(F8:F10) -> 1906906.7 | D10: =C10/C7-1 -> 0.082695517 | F10: =Q10/21 -> 1662531.3 | G10: =F10/F9-1 -> -0.33944759 | I10: =T10 -> 442.75068 | K10: =R8+R9+R10 -> 149681431792 | L10: =U10/U7-1 -> 0.13953976 | N10: =AVERAGE(T8:T10) -> 513.09724 | O10: =N10/N7-1 -> -0.086012848 | P10: 2022년06월 | Q10: 34913158 | R10: 44294990842 | S10: 78855.12 | T10: =Q10/S10 -> 442.75068 | U10: =Q8+Q9+Q10 -> 120135120
A11: 2022년07월 | F11: =Q11/21 -> 3323386.8 | G11: =F11/F10-1 -> 0.99899196 | I11: =T11 -> 372.50848 | P11: 2022년07월 | Q11: 69791122 | R11: 90320965385 | S11: 187354.45 | T11: =Q11/S11 -> 372.50848
A12: 2022년08월 | F12: =Q12/22 -> 1668283.6 | G12: =F12/F11-1 -> -0.49801702 | I12: =T12 -> 596.08226 | P12: 2022년08월 | Q12: 36702239 | R12: 48114081777 | S12: 61572.44 | T12: =Q12/S12 -> 596.08226
A13: 2022년09월 | B13: =F11+F12+F13 -> 7536294.1 | C13: =AVERAGE(F11:F13) -> 2512098 | D13: =C13/C10-1 -> 0.31736811 | F13: =Q13/20 -> 2544623.8 | G13: =F13/F12-1 -> 0.52529448 | I13: =T13 -> 600.9902 | K13: =R11+R12+R13 -> 207249056165 | L13: =U13/U10-1 -> 0.31007349 | N13: =AVERAGE(T11:T13) -> 523.19365 | O13: =N13/N10-1 -> 0.019677375 | P13: 2022년09월 | Q13: 50892475 | R13: 68814009003 | S13: 84681.04 | T13: =Q13/S13 -> 600.9902 | U13: =Q11+Q12+Q13 -> 157385836
A14: 2022년10월 | F14: =Q14/20 -> 2286828 | G14: =F14/F13-1 -> -0.10130997 | I14: =T14 -> 711.38373 | P14: 2022년10월 | Q14: 45736560 | R14: 65286896591 | S14: 64292.39 | T14: =Q14/S14 -> 711.38373
A15: 2022년11월 | F15: =Q15/22 -> 2517950.7 | G15: =F15/F14-1 -> 0.10106693 | I15: =T15 -> 639.677 | P15: 2022년11월 | Q15: 55394915 | R15: 76948153171 | S15: 86598.26 | T15: =Q15/S15 -> 639.677
A16: 2022년12월 | B16: =F14+F15+F16 -> 7086377.6 | C16: =AVERAGE(F14:F16) -> 2362125.9 | D16: =C16/C13-1 -> -0.059699961 | F16: =Q16/22 -> 2281599 | G16: =F16/F15-1 -> -0.093866702 | I16: =T16 -> 615.1228 | K16: =R14+R15+R16 -> 207996645766 | L16: =U16/U13-1 -> -0.038498915 | N16: =AVERAGE(T14:T16) -> 655.39451 | O16: =N16/N13-1 -> 0.25268056 | P16: 2022년12월 | Q16: 50195177 | R16: 65761596004 | S16: 81601.88 | T16: =Q16/S16 -> 615.1228 | U16: =Q14+Q15+Q16 -> 151326652
A17: 2023년01월 | F17: =Q17/20 -> 3744554.1 | G17: =F17/F16-1 -> 0.64119732 | H17: =F17/F5-1 -> 1.9610248 | I17: =T17 -> 797.4619 | J17: =I17/I5-1 -> 2.0149124 | P17: 2023년01월 | Q17: 74891082 | R17: 93162505742 | S17: 93911.8 | T17: =Q17/S17 -> 797.4619
A18: 2023년02월 | F18: =Q18/20 -> 2937278.9 | G18: =F18/F17-1 -> -0.21558648 | H18: =F18/F6-1 -> 0.41733448 | I18: =T18 -> 651.84473 | J18: =I18/I6-1 -> -0.010358836 | P18: 2023년02월 | Q18: 58745577 | R18: 73840861381 | S18: 90122.04 | T18: =Q18/S18 -> 651.84473
A19: 2023년03월 | B19: =SUM(F17:F19) -> 8392874.9 | C19: =AVERAGE(F17:F19) -> 2797625 | D19: =C19/C16-1 -> 0.18436744 | E19: =C19/C7-1 -> 0.58842385 | F19: =Q19/22 -> 1711042 | G19: =F19/F18-1 -> -0.41747376 | H19: =F19/F7-1 -> -0.12108438 | I19: =T19 -> 415.10178 | J19: =I19/I7-1 -> -0.45451446 | K19: =R17+R18+R19 -> 216209211539 | L19: =U19/U16-1 -> 0.13185338 | M19: =U19/U7-1 -> 0.62466975 | N19: =AVERAGE(T17:T19) -> 621.46947 | O19: =N19/N16-1 -> -0.051762776 | P19: 2023년03월 | Q19: 37642924 | R19: 49205844416 | S19: 90683.6 | T19: =Q19/S19 -> 415.10178 | U19: =Q17+Q18+Q19 -> 171279583
A20: 2023년04월 | F20: =Q20/20 -> 4277601 | G20: =F20/F19-1 -> 1.4999976 | H20: =F20/F8-1 -> 1.7753051 | I20: =T20 -> 840.33929 | J20: =I20/I8-1 -> 0.76222221 | P20: 2023년04월 | Q20: 85552019 | R20: 112503958221 | S20: 101806.52 | T20: =Q20/S20 -> 840.33929
A21: 2023년05월 | F21: =Q21/21 -> 2399795 | G21: =F21/F20-1 -> -0.43898576 | H21: =F21/F9-1 -> -0.046519987 | I21: =T21 -> 553.55019 | J21: =I21/I9-1 -> -0.10671265 | P21: 2023년05월 | Q21: 50395696 | R21: 66991075709 | S21: 91040.88 | T21: =Q21/S21 -> 553.55019
A22: 2023년06월 | B22: =SUM(F20:F22) -> 11357778 | C22: =AVERAGE(F20:F22) -> 3785926.1 | D22: =C22/C19-1 -> 0.35326434 | E22: =C22/C10-1 -> 0.98537568 | F22: =Q22/21 -> 4680382.4 | G22: =F22/F21-1 -> 0.95032588 | H22: =F22/F10-1 -> 1.8152145 | I22: =T22 -> 919.39945 | J22: =I22/I10-1 -> 1.0765625 | K22: =R20+R21+R22 -> 306803259402 | L22: =U22/U19-1 -> 0.36756373 | M22: =U22/U10-1 -> 0.9497691 | N22: =AVERAGE(T20:T22) -> 771.09631 | O22: =N22/N19-1 -> 0.24076297 | P22: 2023년06월 | Q22: 98288030 | R22: 127308225472 | S22: 106904.6 | T22: =Q22/S22 -> 919.39945 | U22: =Q20+Q21+Q22 -> 234235745
A23: 2023년07월 | F23: =Q23/21 -> 3977760.7 | G23: =F23/F22-1 -> -0.15012058 | H23: =F23/F11-1 -> 0.19689971 | I23: =T23 -> 681.01345 | J23: =I23/I11-1 -> 0.8281824 | P23: 2023년07월 | Q23: 83532974 | R23: 108503753630 | S23: 122659.8 | T23: =Q23/S23 -> 681.01345
A24: 2023년08월 | F24: =Q24/22 -> 6423590.4 | G24: =F24/F23-1 -> 0.61487603 | H24: =F24/F12-1 -> 2.8504187 | I24: =T24 -> 1705.8017 | J24: =I24/I12-1 -> 1.8616885 | P24: 2023년08월 | Q24: 141318988 | R24: 185141825434 | S24: 82846.08 | T24: =Q24/S24 -> 1705.8017
A25: 2023년09월 | B25: =SUM(F23:F25) -> 15644490 | C25: =AVERAGE(F23:F25) -> 5214830.1 | D25: =C25/C22-1 -> 0.37742522 | E25: =C25/C13-1 -> 1.0758864 | F25: =Q25/19 -> 5243139.4 | G25: =F25/F24-1 -> -0.1837681 | H25: =F25/F13-1 -> 1.0604773 | I25: =T25 -> 873.76183 | J25: =I25/I13-1 -> 0.45387035 | K25: =R23+R24+R25 -> 425789939743 | L25: =U25/U22-1 -> 0.38523525 | M25: =U25/U13-1 -> 1.0616316 | N25: =AVERAGE(T23:T25) -> 1086.859 | O25: =N25/N22-1 -> 0.4094984 | P25: 2023년09월 | Q25: 99619648 | R25: 132144360679 | S25: 114012.36 | T25: =Q25/S25 -> 873.76183 | U25: =Q23+Q24+Q25 -> 324471610
A26: 2023년10월 | F26: =Q26/19 -> 4084321.2 | G26: =F26/F25-1 -> -0.2210161 | H26: =F26/F14-1 -> 0.78602027 | I26: =T26 -> 744.19093 | J26: =I26/I14-1 -> 0.046117452 | P26: 2023년10월 | Q26: 77602102 | R26: 104537176316 | S26: 104277.14 | T26: =Q26/S26 -> 744.19093
A27: 2023년11월 | F27: =Q27/22 -> 5800912.7 | G27: =F27/F26-1 -> 0.42028809 | H27: =F27/F15-1 -> 1.303823 | I27: =T27 -> 890.07379 | J27: =I27/I15-1 -> 0.39144254 | P27: 2023년11월 | Q27: 127620079 | R27: 168196386598 | S27: 143381.46 | T27: =Q27/S27 -> 890.07379
A28: 2023년12월 | B28: =SUM(F26:F28) -> 17821956 | C28: =AVERAGE(F26:F28) -> 5940652 | D28: =C28/C25-1 -> 0.13918418 | E28: =C28/C16-1 -> 1.51496 | F28: =Q28/19 -> 7936722.2 | G28: =F28/F27-1 -> 0.36818508 | H28: =F28/F16-1 -> 2.478579 | I28: =T28 -> 1156.4086 | J28: =I28/I16-1 -> 0.87996386 | K28: =R26+R27+R28 -> 469299849219 | L28: =U28/U25-1 -> 0.097229745 | M28: =U28/U16-1 -> 1.3526583 | N28: =AVERAGE(T26:T28) -> 930.22445 | O28: =N28/N25-1 -> -0.14411672 | P28: 2023년12월 | Q28: 150797721 | R28: 196566286305 | S28: 130401.76 | T28: =Q28/S28 -> 1156.4086 | U28: =Q26+Q27+Q28 -> 356019902
A29: 2024년01월 | F29: =Q29/22 -> 5271757.2 | G29: =F29/F28-1 -> -0.33577652 | H29: =F29/F17-1 -> 0.40784646 | I29: =T29 -> 650.20857 | J29: =I29/I17-1 -> -0.18465249 | P29: 2024년01월 | Q29: 115978659 | R29: 152379071869 | S29: 178371.47 | T29: =Q29/S29 -> 650.20857
A30: 2024년02월 | F30: =Q30/19 -> 5919170.8 | G30: =F30/F29-1 -> 0.12280792 | H30: =F30/F18-1 -> 1.0151886 | I30: =T30 -> 1022.6368 | J30: =I30/I18-1 -> 0.56883493 | P30: 2024년02월 | Q30: 112464245 | R30: 149943669891 | S30: 109974.77 | T30: =Q30/S30 -> 1022.6368
A31: 2024년03월 | B31: =SUM(F29:F31) -> 16301206 | C31: =AVERAGE(F29:F31) -> 5433735.2 | D31: =C31/C28-1 -> -0.085330159 | E31: =C31/C19-1 -> 0.94226719 | F31: =Q31/20 -> 5110277.7 | G31: =F31/F30-1 -> -0.1366565 | H31: =F31/F19-1 -> 1.9866465 | I31: =T31 -> 752.09772 | J31: =I31/I19-1 -> 0.8118393 | K31: =R29+R30+R31 -> 438204999185 | L31: =U31/U28-1 -> -0.07126412 | M31: =U31/U19-1 -> 0.93046043 | N31: =AVERAGE(T29:T31) -> 808.31436 | O31: =N31/N28-1 -> -0.13105449 | P31: 2024년03월 | Q31: 102205553 | R31: 135882257425 | S31: 135893.98 | T31: =Q31/S31 -> 752.09772 | U31: =Q29+Q30+Q31 -> 330648457
A32: 2024년04월 | F32: =Q32/21 -> 5615272.1 | G32: =F32/F31-1 -> 0.098819385 | H32: =F32/F20-1 -> 0.31271528 | I32: =T32 -> 1031.6326 | J32: =I32/I20-1 -> 0.2276382 | P32: 2024년04월 | Q32: 117920715 | R32: 161476932854 | S32: 114304.95 | T32: =Q32/S32 -> 1031.6326
A33: 2024년05월 | F33: =Q33/21 -> 6559554.4 | G33: =F33/F32-1 -> 0.16816323 | H33: =F33/F21-1 -> 1.7333811 | I33: =T33 -> 1054.9709 | J33: =I33/I21-1 -> 0.90582704 | P33: 2024년05월 | Q33: 137750643 | R33: 188626095202 | S33: 130572.93 | T33: =Q33/S33 -> 1054.9709
A34: 2024년06월 | B34: =SUM(F32:F34) -> 19322550 | C34: =AVERAGE(F32:F34) -> 6440850.1 | D34: =C34/C31-1 -> 0.18534485 | E34: =C34/C22-1 -> 0.70126142 | F34: =Q34/19 -> 7147723.6 | G34: =F34/F33-1 -> 0.089666022 | H34: =F34/F22-1 -> 0.52716659 | I34: =T34 -> 1029.7343 | J34: =I34/I22-1 -> 0.12000755 | K34: =R32+R33+R34 -> 536657196296 | L34: =U34/U31-1 -> 0.18397076 | M34: =U34/U22-1 -> 0.6712996 | N34: =AVERAGE(T32:T34) -> 1038.7793 | O34: =N34/N31-1 -> 0.28511794 | P34: 2024년06월 | Q34: 135806748 | R34: 186554168240 | S34: 131885.23 | T34: =Q34/S34 -> 1029.7343 | U34: =Q32+Q33+Q34 -> 391478106
A35: 2024년07월 | F35: =Q35/23 -> 4743610.8 | G35: =F35/F34-1 -> -0.33634663 | H35: =F35/F23-1 -> 0.19253299 | I35: =T35 -> 940.56939 | J35: =I35/I23-1 -> 0.38113188 | P35: 2024년07월 | Q35: 109103049 | R35: 151003598606 | S35: 115996.81 | T35: =Q35/S35 -> 940.56939
A36: 2024년08월 | F36: =Q36/21 -> 12643096 | G36: =F36/F35-1 -> 1.6652896 | H36: =F36/F24-1 -> 0.96822894 | I36: =T36 -> 1606.6611 | J36: =I36/I24-1 -> -0.058119661 | P36: 2024년08월 | Q36: 265505025 | R36: 361278125717 | S36: 165252.66 | T36: =Q36/S36 -> 1606.6611
A37: 2024년09월 | B37: =SUM(F35:F37) -> 22175817 | C37: =AVERAGE(F35:F37) -> 7391938.9 | D37: =C37/C34-1 -> 0.14766511 | E37: =C37/C25-1 -> 0.41748412 | F37: =Q37/18 -> 4789109.4 | G37: =F37/F36-1 -> -0.62120755 | H37: =F37/F25-1 -> -0.086595052 | I37: =T37 -> 850.58915 | J37: =I37/I25-1 -> -0.026520583 | K37: =R35+R36+R37 -> 627264769501 | L37: =U37/U34-1 -> 0.17710809 | M37: =U37/U25-1 -> 0.42019218 | N37: =AVERAGE(T35:T37) -> 1132.6066 | O37: =N37/N34-1 -> 0.090324551 | P37: 2024년09월 | Q37: 86203970 | R37: 114983045178 | S37: 101346.19 | T37: =Q37/S37 -> 850.58915 | U37: =Q35+Q36+Q37 -> 460812044
A38: 2024년10월 | F38: =Q38/20 -> 6867669.7 | G38: =F38/F37-1 -> 0.43401812 | H38: =F38/F26-1 -> 0.68147152 | I38: =T38 -> 1227.1251 | J38: =I38/I26-1 -> 0.64893859 | P38: 2024년10월 | Q38: 137353394 | R38: 184312173319 | S38: 111931.04 | T38: =Q38/S38 -> 1227.1251
A39: 2024년11월 | F39: =Q39/21 -> 5127712.2 | G39: =F39/F38-1 -> -0.25335486 | H39: =F39/F27-1 -> -0.11605078 | I39: =T39 -> 759.32242 | J39: =I39/I27-1 -> -0.14689947 | P39: 2024년11월 | Q39: 107681957 | R39: 149424909497 | S39: 141813.22 | T39: =Q39/S39 -> 759.32242
A40: 2024년12월 | B40: =SUM(F38:F40) -> 15537240 | C40: =AVERAGE(F38:F40) -> 5179080.1 | D40: =C40/C37-1 -> -0.29936108 | E40: =C40/C28-1 -> -0.12819669 | F40: =Q40/21 -> 3541858.3 | G40: =F40/F39-1 -> -0.30927124 | H40: =F40/F28-1 -> -0.5537379 | I40: =T40 -> 123.53977 | J40: =I40/I28-1 -> -0.89316945 | K40: =R38+R39+R40 -> 439619246671 | L40: =U40/U37-1 -> -0.30684456 | M40: =U40/U28-1 -> -0.10281876 | N40: =AVERAGE(T38:T40) -> 703.32911 | O40: =N40/N37-1 -> -0.37901727 | P40: 2024년12월 | Q40: 74379025 | R40: 105882163855 | S40: 602065.44 | T40: =Q40/S40 -> 123.53977 | U40: =Q38+Q39+Q40 -> 319414376
A41: 2025년01월 | F41: =Q41/18 -> 5374102.6 | G41: =F41/F40-1 -> 0.51731155 | H41: =F41/F29-1 -> 0.019413893 | I41: =T41 -> 832.07337 | J41: =I41/I29-1 -> 0.27970224 | P41: 2025년01월 | Q41: 96733846 | R41: 141181856649 | S41: 116256.39 | T41: =Q41/S41 -> 832.07337
A42: 2025년02월 | F42: =Q42/20 -> 5742442.7 | G42: =F42/F41-1 -> 0.068539843 | H42: =F42/F30-1 -> -0.0298569 | I42: =T42 -> 765.22076 | J42: =I42/I30-1 -> -0.25171794 | P42: 2025년02월 | Q42: 114848854 | R42: 166016596698 | S42: 150085.91 | T42: =Q42/S42 -> 765.22076
A43: 2025년03월 | B43: =SUM(F41:F43) -> 16848659 | C43: =AVERAGE(F41:F43) -> 5616219.5 | D43: =C43/C40-1 -> 0.084404844 | E43: =C43/C31-1 -> 0.033583586 | F43: =Q43/20 -> 5732113.3 | G43: =F43/F42-1 -> -0.0017987728 | H43: =F43/F31-1 -> 0.12168335 | I43: =T43 -> 926.29078 | J43: =I43/I31-1 -> 0.2316096 | K43: =R41+R42+R43 -> 472867501552 | L43: =U43/U40-1 -> 0.021322118 | M43: =K43/K31-1 -> 0.079101111 | N43: =AVERAGE(T41:T43) -> 841.19497 | O43: =N43/N40-1 -> 0.19601898 | P43: 2025년03월 | Q43: 114642267 | R43: 165669048205 | S43: 123764.88 | T43: =Q43/S43 -> 926.29078 | U43: =Q41+Q42+Q43 -> 326224967
A44: 2025년04월 | F44: =Q44/22 -> 10467593 | G44: =F44/F43-1 -> 0.82613158 | H44: =F44/F32-1 -> 0.86412928 | I44: =T44 -> 1177.7773 | J44: =I44/I32-1 -> 0.1416635 | P44: 2025년04월 | Q44: 230287051 | R44: 333135296371 | S44: 195526.82 | T44: =Q44/S44 -> 1177.7773
A45: 2025년05월 | F45: =Q45/20 -> 6158049.8 | G45: =F45/F44-1 -> -0.41170337 | H45: =F45/F33-1 -> -0.061209131 | I45: =T45 -> 971.53783 | J45: =I45/I33-1 -> -0.079085668 | P45: 2025년05월 | Q45: 123160996 | R45: 173877448936 | S45: 126769.12 | T45: =Q45/S45 -> 971.53783
A46: 2025년06월 | B46: =SUM(F44:F46) -> 24525214 | C46: =AVERAGE(F44:F46) -> 8175071.2 | D46: =C46/C43-1 -> 0.45561816 | E46: =C46/C34-1 -> 0.26925345 | F46: =Q46/19 -> 7899570.5 | G46: =F46/F45-1 -> 0.28280393 | H46: =F46/F34-1 -> 0.1051869 | I46: =T46 -> 1120.3182 | J46: =I46/I34-1 -> 0.087968186 | K46: =R44+R45+R46 -> 712947834749 | L46: =U46/U43-1 -> 0.54353571 | M46: =K46/K34-1 -> 0.32849767 | N46: =AVERAGE(T44:T46) -> 1089.8778 | O46: =N46/N43-1 -> 0.2956304 | P46: 2025년06월 | Q46: 150091839 | R46: 205935089442 | S46: 133972.51 | T46: =Q46/S46 -> 1120.3182 | U46: =Q44+Q45+Q46 -> 503539886
A47: 2025년07월 | F47: =Q47/23 -> 6649571.4 | G47: =F47/F46-1 -> -0.15823633 | H47: =F47/F35-1 -> 0.40179532 | I47: =T47 -> 239.97272 | J47: =I47/I35-1 -> -0.74486441 | P47: 2025년07월 | Q47: 152940143 | R47: 209494267189 | S47: 637323.03 | T47: =Q47/S47 -> 239.97272 | U47: =Q45+Q46+Q47 -> 426192978
A48: 2025년08월 | F48: =Q48/20 -> 5748737.3 | G48: =F48/F47-1 -> -0.13547251 | H48: =F48/F36-1 -> -0.54530622 | I48: =T48 -> 1225.5353 | J48: =I48/I36-1 -> -0.23721606 | P48: 2025년08월 | Q48: 114974746 | R48: 159688525961 | S48: 93815.94 | T48: =Q48/S48 -> 1225.5353 | U48: =Q46+Q47+Q48 -> 418006728
A49: 2025년09월 | B49: =SUM(F47:F49) -> 18750443 | C49: =AVERAGE(F47:F49) -> 6250147.5 | D49: =C49/C46-1 -> -0.23546261 | E49: =C49/C37-1 -> -0.15446439 | F49: =Q49/22 -> 6352133.9 | G49: =F49/F48-1 -> 0.10496158 | H49: =F49/F37-1 -> 0.32637058 | I49: =T49 -> 1103.2245 | J49: =I49/I37-1 -> 0.29701216 | K49: =R47+R48+R49 -> 563604965419 | L49: =U49/U46-1 -> -0.19040806 | M49: =K49/K37-1 -> -0.10148793 | N49: =AVERAGE(T47:T49) -> 856.24417 | O49: =N49/N46-1 -> -0.2143668 | P49: 2025년09월 | Q49: 139746945 | R49: 194422172269 | S49: 126671.36 | T49: =Q49/S49 -> 1103.2245 | U49: =Q47+Q48+Q49 -> 407661834
A50: 2025년10월 | F50: =Q50/18 -> 8419750.2 | G50: =F50/F49-1 -> 0.32549949 | H50: =F50/F38-1 -> 0.22599813 | I50: =T50 -> 1390.9501 | J50: =I50/I38-1 -> 0.13350306 | P50: 2025년10월 | Q50: 151555504 | R50: 214068790266 | S50: 108958.26 | T50: =Q50/S50 -> 1390.9501 | U50: =Q48+Q49+Q50 -> 406277195
A51: 2025년11월 | F51: =Q51/20 -> 7113119.5 | G51: =F51/F50-1 -> -0.15518641 | H51: =F51/F39-1 -> 0.38719162 | I51: =T51 -> 831.28572 | J51: =I51/I39-1 -> 0.09477305 | P51: 2025년11월 | Q51: 142262389 | R51: 206423045274 | S51: 171135.37 | T51: =Q51/S51 -> 831.28572 | U51: =Q49+Q50+Q51 -> 433564838
A52: 2025년12월 | B52: =SUM(F50:F52) -> 20847240 | C52: =AVERAGE(F50:F52) -> 6949079.8 | D52: =C52/C49-1 -> 0.11182653 | E52: =C52/C40-1 -> 0.34175949 | F52: =Q52/22 -> 5314369.9 | G52: =F52/F51-1 -> -0.25287774 | H52: =F52/F40-1 -> 0.50044676 | I52: =T52 -> 1074.076 | J52: =I52/I40-1 -> 7.694172 | K52: =R50+R51+R52 -> 592464031605 | L52: =U52/U49-1 -> 0.0075361384 | M52: =K52/K40-1 -> 0.34767537 | N52: =AVERAGE(T50:T52) -> 1098.7706 | O52: =N52/N49-1 -> 0.28324449 | P52: 2025년12월 | Q52: 116916137 | R52: 171972196065 | S52: 108852.76 | T52: =Q52/S52 -> 1074.076 | U52: =Q50+Q51+Q52 -> 410734030
A53: 2026년01월 | F53: =Q53/21 -> 6877503.7 | G53: =F53/F52-1 -> 0.29413343 | H53: =F53/F41-1 -> 0.27974925 | I53: =T53 -> 1041.9279 | J53: =I53/I41-1 -> 0.25220678 | P53: 2026년01월 | Q53: 144427578 | R53: 211011845387 | S53: 138615.71 | T53: =Q53/S53 -> 1041.9279 | U53: =Q51+Q52+Q53 -> 403606104
A54: 2026년02월 | F54: =Q54/17 -> 9934613.7 | G54: =F54/F53-1 -> 0.44450866 | H54: =F54/F42-1 -> 0.73003271 | I54: =T54 -> 1446.194 | J54: =I54/I42-1 -> 0.88990433 | P54: 2026년02월 | Q54: 168888433 | R54: 244441141312 | S54: 116781.31 | T54: =Q54/S54 -> 1446.194 | U54: =Q52+Q53+Q54 -> 430232148
A55: 2026년03월 | B55: =SUM(F53:F55) -> 28163271 | C55: =AVERAGE(F53:F55) -> 9387757 | D55: =C55/C52-1 -> 0.35093526 | E55: =C55/C43-1 -> 0.67154381 | F55: =Q55/21 -> 11351154 | G55: =F55/F54-1 -> 0.14258631 | H55: =F55/F43-1 -> 0.98027375 | I55: =T55 -> 1585.3878 | J55: =I55/I43-1 -> 0.71154436 | K55: =R53+R54+R55 -> 808038194012 | L55: =U55/U52-1 -> 0.34318122 | M55: =K55/K43-1 -> 0.70880467 | N55: =AVERAGE(T53:T55) -> 1357.8366 | O55: =N55/N52-1 -> 0.23577802 | P55: 2026년03월 | Q55: 238374226 | R55: 352585207313 | S55: 150357.05 | T55: =Q55/S55 -> 1585.3878 | U55: =Q53+Q54+Q55 -> 551690237
A56: 2026년04월 | F56: =Q56/22 -> 5577514.6 | G56: =F56/F55-1 -> -0.50863896 | H56: =F56/F44-1 -> -0.46716361 | I56: =T56 -> 1153.8924 | J56: =I56/I44-1 -> -0.020279641 | P56: 2026년04월 | Q56: 122705322 | R56: 183610675547 | S56: 106340.35 | T56: =Q56/S56 -> 1153.8924 | U56: =Q54+Q55+Q56 -> 529967981
A57: 2026년05월 | F57: =Q57/12 -> 7165868.2 | G57: =F57/F56-1 -> 0.28477801 | H57: =F57/F45-1 -> 0.16365869 | I57: =T57 -> 1191.5853 | J57: =I57/I45-1 -> 0.22649396 | P57: 2026년05월 | Q57: 85990418 | R57: 126683410549 | S57: 72164.72 | T57: =Q57/S57 -> 1191.5853 | U57: =Q55+Q56+Q57 -> 447069966
B58: =SUM(F56:F58) -> 12743383 | C58: =AVERAGE(F56:F58) -> 6371691.4 | D58: =C58/C55-1 -> -0.32127649 | E58: =C58/C46-1 -> -0.22059499
P62: 기간 | Q62: 금액(달러) | R62: 금액(원화) | S62: 중량 | T62: 국내 업체 수 | U62: 해외거래처 수
P64: 2026년 | Q64: 760385977 | R64: 1118332280108 | S64: 584259.16 | T64: 57 | U64: 161
P65: 01월 | Q65: 144427578 | R65: 211011845387 | S65: 138615.71 | T65: 30 | U65: 77
P66: 02월 | Q66: 168888433 | R66: 244441141312 | S66: 116781.31 | T66: 30 | U66: 74
P67: 03월 | Q67: 238374226 | R67: 352585207313 | S67: 150357.05 | T67: 39 | U67: 74
P68: 04월 | Q68: 122705322 | R68: 183610675547 | S68: 106340.35 | T68: 32 | U68: 76
P69: 05월 | Q69: 85990418 | R69: 126683410549 | S69: 72164.72 | T69: 22 | U69: 49
P70: 2025년 | Q70: 1647972789 | R70: 2341607096862 | S70: 2093052 | T70: 93 | U70: 296
P71: 2024년 | Q71: 1502

Sheet 비료
K1: kg케미칼, 남해화학
K2: 3105
P3: 년월 | Q3: 금액(달러) | R3: 금액(원화) | S3: 중량(Kg)
A4: 년월 | B4: 분기(일평균합) | C4: 분기(평균) | D4: QoQ | E4: YoY | F4: 일평균수출 | G4: MoM | H4: YoY | I4: 금액(달러)/중량 | J4: 판가 yoy | K4: 원화매출 | L4: QoQ | M4: YoY | N4: 판가 | O4: QoQ | T4: 금액(달러)/중량 | U4: 분기 달러매출
A5: 2022년01월 | F5: =Q5/20 -> 1527602.4 | I5: =T5 -> 0.58724434 | P5: 2022년01월 | Q5: 30552048 | R5: 36108290173 | S5: 52026126 | T5: =Q5/S5 -> 0.58724434
A6: 2022년02월 | F6: =Q6/18 -> 1740304.5 | G6: =F6/F5-1 -> 0.13923918 | I6: =T6 -> 0.57152619 | P6: 2022년02월 | Q6: 31325481 | R6: 37164210786 | S6: 54810229 | T6: =Q6/S6 -> 0.57152619
A7: 2022년03월 | B7: =F5+F6+F7 -> 4437471.3 | C7: =AVERAGE(F5:F7) -> 1479157.1 | F7: =Q7/22 -> 1169564.4 | G7: =F7/F6-1 -> -0.32795418 | I7: =T7 -> 0.62835787 | K7: =R5+R6+R7 -> 104396303617 | N7: =AVERAGE(T5:T7) -> 0.59570947 | P7: 2022년03월 | Q7: 25730416 | R7: 31123802658 | S7: 40948665 | T7: =Q7/S7 -> 0.62835787 | U7: =Q5+Q6+Q7 -> 87607945
A8: 2022년04월 | F8: =Q8/21 -> 1647196 | G8: =F8/F7-1 -> 0.40838418 | I8: =T8 -> 0.58460543 | P8: 2022년04월 | Q8: 34591115 | R8: 42131338431 | S8: 59170020 | T8: =Q8/S8 -> 0.58460543
A9: 2022년05월 | F9: =Q9/21 -> 1428810.7 | G9: =F9/F8-1 -> -0.13258 | I9: =T9 -> 0.5970683 | P9: 2022년05월 | Q9: 30005025 | R9: 37708300238 | S9: 50253924 | T9: =Q9/S9 -> 0.5970683
A10: 2022년06월 | B10: =F8+F9+F10 -> 5596078.8 | C10: =AVERAGE(F8:F10) -> 1865359.6 | D10: =C10/C7-1 -> 0.26109634 | F10: =Q10/21 -> 2520072.1 | G10: =F10/F9-1 -> 0.76375504 | I10: =T10 -> 0.63178165 | K10: =R8+R9+R10 -> 146811747125 | L10: =U10/U7-1 -> 0.34140407 | N10: =AVERAGE(T8:T10) -> 0.60448513 | O10: =N10/N7-1 -> 0.014731441 | P10: 2022년06월 | Q10: 52921514 | R10: 66972108456 | S10: 83765513 | T10: =Q10/S10 -> 0.63178165 | U10: =Q8+Q9+Q10 -> 117517654
A11: 2022년07월 | F11: =Q11/21 -> 1911981 | G11: =F11/F10-1 -> -0.24129911 | I11: =T11 -> 0.6115712 | P11: 2022년07월 | Q11: 40151600 | R11: 52236188860 | S11: 65653190 | T11: =Q11/S11 -> 0.6115712
A12: 2022년08월 | F12: =Q12/22 -> 651560.23 | G12: =F12/F11-1 -> -0.65922243 | I12: =T12 -> 0.69222922 | P12: 2022년08월 | Q12: 14334325 | R12: 18746258017 | S12: 20707483 | T12: =Q12/S12 -> 0.69222922
A13: 2022년09월 | B13: =F11+F12+F13 -> 4706573.2 | C13: =AVERAGE(F11:F13) -> 1568857.7 | D13: =C13/C10-1 -> -0.15895158 | F13: =Q13/20 -> 2143032 | G13: =F13/F12-1 -> 2.2890774 | I13: =T13 -> 0.59821041 | K13: =R11+R12+R13 -> 129436571732 | L13: =U13/U10-1 -> -0.17164305 | N13: =AVERAGE(T11:T13) -> 0.63400361 | O13: =N13/N10-1 -> 0.048832439 | P13: 2022년09월 | Q13: 42860640 | R13: 58454124855 | S13: 71648101 | T13: =Q13/S13 -> 0.59821041 | U13: =Q11+Q12+Q13 -> 97346565
A14: 2022년10월 | F14: =Q14/20 -> 461202.05 | G14: =F14/F13-1 -> -0.78478994 | I14: =T14 -> 0.61722563 | P14: 2022년10월 | Q14: 9224041 | R14: 13156805501 | S14: 14944358 | T14: =Q14/S14 -> 0.61722563
A15: 2022년11월 | F15: =Q15/22 -> 749603.73 | G15: =F15/F14-1 -> 0.6253261 | I15: =T15 -> 0.50994281 | P15: 2022년11월 | Q15: 16491282 | R15: 22873923010 | S15: 32339473 | T15: =Q15/S15 -> 0.50994281
A16: 2022년12월 | B16: =F14+F15+F16 -> 2435553.9 | C16: =AVERAGE(F14:F16) -> 811851.29 | D16: =C16/C13-1 -> -0.48252077 | F16: =Q16/22 -> 1224748.1 | G16: =F16/F15-1 -> 0.63386073 | I16: =T16 -> 0.64099205 | K16: =R14+R15+R16 -> 71392846500 | L16: =U16/U13-1 -> -0.45904839 | N16: =AVERAGE(T14:T16) -> 0.58938683 | O16: =N16/N13-1 -> -0.070373069 | P16: 2022년12월 | Q16: 26944458 | R16: 35362117989 | S16: 42035557 | T16: =Q16/S16 -> 0.64099205 | U16: =Q14+Q15+Q16 -> 52659781
A17: 2023년01월 | F17: =Q17/20 -> 1243639.9 | G17: =F17/F16-1 -> 0.015425057 | H17: =F17/F5-1 -> -0.1858877 | I17: =T17 -> 0.69346191 | J17: =I17/I5-1 -> 0.18087457 | P17: 2023년01월 | Q17: 24872798 | R17: 31528350456 | S17: 35867576 | T17: =Q17/S17 -> 0.69346191
A18: 2023년02월 | F18: =Q18/20 -> 1492109.7 | G18: =F18/F17-1 -> 0.1997924 | H18: =F18/F6-1 -> -0.14261573 | I18: =T18 -> 0.56214351 | J18: =I18/I6-1 -> -0.016416885 | P18: 2023년02월 | Q18: 29842194 | R18: 37018273028 | S18: 53086434 | T18: =Q18/S18 -> 0.56214351
A19: 2023년03월 | B19: =SUM(F17:F19) -> 3696596.7 | C19: =AVERAGE(F17:F19) -> 1232198.9 | D19: =C19/C16-1 -> 0.51776431 | E19: =C19/C7-1 -> -0.16695872 | F19: =Q19/22 -> 960847.14 | G19: =F19/F18-1 -> -0.35604793 | H19: =F19/F7-1 -> -0.17845724 | I19: =T19 -> 0.4630859 | J19: =I19/I7-1 -> -0.26302205 | K19: =R17+R18+R19 -> 96201734957 | L19: =U19/U16-1 -> 0.4404471 | M19: =U19/U7-1 -> -0.13416952 | N19: =AVERAGE(T17:T19) -> 0.57289711 | O19: =N19/N16-1 -> -0.027977762 | P19: 2023년03월 | Q19: 21138637 | R19: 27655111473 | S19: 45647335 | T19: =Q19/S19 -> 0.4630859 | U19: =Q17+Q18+Q19 -> 75853629
A20: 2023년04월 | F20: =Q20/20 -> 825976.4 | G20: =F20/F19-1 -> -0.14036649 | H20: =F20/F8-1 -> -0.49855608 | I20: =T20 -> 0.37587137 | J20: =I20/I8-1 -> -0.35705119 | P20: 2023년04월 | Q20: 16519528 | R20: 21686483925 | S20: 43949951 | T20: =Q20/S20 -> 0.37587137
A21: 2023년05월 | F21: =Q21/21 -> 728333.81 | G21: =F21/F20-1 -> -0.11821475 | H21: =F21/F9-1 -> -0.49025172 | I21: =T21 -> 0.35627562 | J21: =I21/I9-1 -> -0.40329168 | P21: 2023년05월 | Q21: 15295010 | R21: 20315182356 | S21: 42930274 | T21: =Q21/S21 -> 0.35627562
A22: 2023년06월 | B22: =SUM(F20:F22) -> 2853364.2 | C22: =AVERAGE(F20:F22) -> 951121.4 | D22: =C22/C19-1 -> -0.2281105 | E22: =C22/C10-1 -> -0.49011364 | F22: =Q22/21 -> 1299054 | G22: =F22/F21-1 -> 0.783597 | H22: =F22/F10-1 -> -0.48451713 | I22: =T22 -> 0.40568089 | J22: =I22/I10-1 -> -0.35787801 | K22: =R20+R21+R22 -> 77728881880 | L22: =U22/U19-1 -> -0.2209381 | M22: =U22/U10-1 -> -0.49714217 | N22: =AVERAGE(T20:T22) -> 0.37927596 | O22: =N22/N19-1 -> -0.33796845 | P22: 2023년06월 | Q22: 27280134 | R22: 35727215599 | S22: 67245302 | T22: =Q22/S22 -> 0.40568089 | U22: =Q20+Q21+Q22 -> 59094672
A23: 2023년07월 | F23: =Q23/21 -> 1259885.5 | G23: =F23/F22-1 -> -0.030151538 | H23: =F23/F11-1 -> -0.34105749 | I23: =T23 -> 0.36674629 | J23: =I23/I11-1 -> -0.40032118 | P23: 2023년07월 | Q23: 26457596 | R23: 34307204157 | S23: 72141413 | T23: =Q23/S23 -> 0.36674629
A24: 2023년08월 | F24: =Q24/22 -> 1215122.7 | G24: =F24/F23-1 -> -0.035529293 | H24: =F24/F12-1 -> 0.864943 | I24: =T24 -> 0.31672375 | J24: =I24/I12-1 -> -0.54245828 | P24: 2023년08월 | Q24: 26732699 | R24: 34876227628 | S24: 84403835 | T24: =Q24/S24 -> 0.31672375
A25: 2023년09월 | B25: =SUM(F23:F25) -> 3204988.4 | C25: =AVERAGE(F23:F25) -> 1068329.5 | D25: =C25/C22-1 -> 0.12323145 | E25: =C25/C13-1 -> -0.31903993 | F25: =Q25/19 -> 729980.21 | G25: =F25/F24-1 -> -0.3992539 | H25: =F25/F13-1 -> -0.65937036 | I25: =T25 -> 0.34975212 | J25: =I25/I13-1 -> -0.41533595 | K25: =R23+R24+R25 -> 87545704099 | L25: =U25/U22-1 -> 0.1347879 | M25: =U25/U13-1 -> -0.31112188 | N25: =AVERAGE(T23:T25) -> 0.34440739 | O25: =N25/N22-1 -> -0.091934571 | P25: 2023년09월 | Q25: 13869624 | R25: 18362272314 | S25: 39655583 | T25: =Q25/S25 -> 0.34975212 | U25: =Q23+Q24+Q25 -> 67059919
A26: 2023년10월 | F26: =Q26/19 -> 799848 | G26: =F26/F25-1 -> 0.095711895 | H26: =F26/F14-1 -> 0.73426809 | I26: =T26 -> 0.37380239 | J26: =I26/I14-1 -> -0.39438291 | P26: 2023년10월 | Q26: 15197112 | R26: 20391519615 | S26: 40655470 | T26: =Q26/S26 -> 0.37380239
A27: 2023년11월 | F27: =Q27/22 -> 828277.14 | G27: =F27/F26-1 -> 0.035543174 | H27: =F27/F15-1 -> 0.10495333 | I27: =T27 -> 0.37748006 | J27: =I27/I15-1 -> -0.25976002 | P27: 2023년11월 | Q27: 18222097 | R27: 23946515329 | S27: 48273006 | T27: =Q27/S27 -> 0.37748006
A28: 2023년12월 | B28: =SUM(F26:F28) -> 3382984.9 | C28: =AVERAGE(F26:F28) -> 1127661.6 | D28: =C28/C25-1 -> 0.055537317 | E28: =C28/C16-1 -> 0.38900023 | F28: =Q28/19 -> 1754859.7 | G28: =F28/F27-1 -> 1.1186867 | H28: =F28/F16-1 -> 0.43283321 | I28: =T28 -> 0.48054457 | J28: =I28/I16-1 -> -0.25031119 | K28: =R26+R27+R28 -> 87894869405 | L28: =U28/U25-1 -> -0.0044493791 | M28: =U28/U16-1 -> 0.26779 | N28: =AVERAGE(T26:T28) -> 0.410609 | O28: =N28/N25-1 -> 0.19221892 | P28: 2023년12월 | Q28: 33342335 | R28: 43556834461 | S28: 69384480 | T28: =Q28/S28 -> 0.48054457 | U28: =Q26+Q27+Q28 -> 66761544
A29: 2024년01월 | F29: =Q29/22 -> 1280308.4 | G29: =F29/F28-1 -> -0.27042126 | H29: =F29/F17-1 -> 0.029484792 | I29: =T29 -> 0.42798394 | J29: =I29/I17-1 -> -0.38282993 | P29: 2024년01월 | Q29: 28166784 | R29: 37371072858 | S29: 65812713 | T29: =Q29/S29 -> 0.42798394
A30: 2024년02월 | F30: =Q30/19 -> 922406.21 | G30: =F30/F29-1 -> -0.27954371 | H30: =F30/F18-1 -> -0.38181073 | I30: =T30 -> 0.37804563 | J30: =I30/I18-1 -> -0.32749266 | P30: 2024년02월 | Q30: 17525718 | R30: 23361513167 | S30: 46358737 | T30: =Q30/S30 -> 0.37804563
A31: 2024년03월 | B31: =SUM(F29:F31) -> 2992464.5 | C31: =AVERAGE(F29:F31) -> 997488.17 | D31: =C31/C28-1 -> -0.11543662 | E31: =C31/C19-1 -> -0.19048121 | F31: =Q31/20 -> 789749.95 | G31: =F31/F30-1 -> -0.14381545 | H31: =F31/F19-1 -> -0.1780691 | I31: =T31 -> 0.38764971 | J31: =I31/I19-1 -> -0.16289891 | K31: =R29+R30+R31 -> 81558041674 | L31: =U31/U28-1 -> -0.078998218 | M31: =U31/U19-1 -> -0.18939276 | N31: =AVERAGE(T29:T31) -> 0.39789309 | O31: =N31/N28-1 -> -0.030968419 | P31: 2024년03월 | Q31: 15794999 | R31: 20825455649 | S31: 40745546 | T31: =Q31/S31 -> 0.38764971 | U31: =Q29+Q30+Q31 -> 61487501
A32: 2024년04월 | F32: =Q32/21 -> 1313405.5 | G32: =F32/F31-1 -> 0.66306497 | H32: =F32/F20-1 -> 0.5901247 | I32: =T32 -> 0.40286298 | J32: =I32/I20-1 -> 0.07181078 | P32: 2024년04월 | Q32: 27581515 | R32: 37386504643 | S32: 68463761 | T32: =Q32/S32 -> 0.40286298
A33: 2024년05월 | F33: =Q33/21 -> 978055.86 | G33: =F33/F32-1 -> -0.25532832 | H33: =F33/F21-1 -> 0.34286758 | I33: =T33 -> 0.37529382 | J33: =I33/I21-1 -> 0.053380561 | P33: 2024년05월 | Q33: 20539173 | R33: 28101431005 | S33: 54728248 | T33: =Q33/S33 -> 0.37529382
A34: 2024년06월 | B34: =SUM(F32:F34) -> 3454704.6 | C34: =AVERAGE(F32:F34) -> 1151568.2 | D34: =C34/C31-1 -> 0.15446802 | E34: =C34/C22-1 -> 0.21074786 | F34: =Q34/19 -> 1163243.3 | G34: =F34/F33-1 -> 0.18934236 | H34: =F34/F22-1 -> -0.10454587 | I34: =T34 -> 0.39254108 | J34: =I34/I22-1 -> -0.032389522 | K34: =R32+R33+R34 -> 95883343323 | L34: =U34/U31-1 -> 0.14205829 | M34: =U34/U22-1 -> 0.18830188 | N34: =AVERAGE(T32:T34) -> 0.39023263 | O34: =N34/N31-1 -> -0.019252576 | P34: 2024년06월 | Q34: 22101622 | R34: 30395407675 | S34: 56303972 | T34: =Q34/S34 -> 0.39254108 | U34: =Q32+Q33+Q34 -> 70222310
A35: 2024년07월 | F35: =Q35/23 -> 840871 | G35: =F35/F34-1 -> -0.27713228 | H35: =F35/F23-1 -> -0.33258143 | I35: =T35 -> 0.37623498 | J35: =I35/I23-1 -> 0.02587262 | P35: 2024년07월 | Q35: 19340033 | R35: 26735687788 | S35: 51404133 | T35: =Q35/S35 -> 0.37623498
A36: 2024년08월 | F36: =Q36/21 -> 1210963.4 | G36: =F36/F35-1 -> 0.44012985 | H36: =F36/F24-1 -> -0.0034229081 | I36: =T36 -> 0.4075162 | J36: =I36/I24-1 -> 0.28666131 | P36: 2024년08월 | Q36: 25430232 | R36: 34968866829 | S36: 62402997 | T36: =Q36/S36 -> 0.4075162
A37: 2024년09월 | B37: =SUM(F35:F37) -> 3071865.5 | C37: =AVERAGE(F35:F37) -> 1023955.2 | D37: =C37/C34-1 -> -0.11081673 | E37: =C37/C25-1 -> -0.041536149 | F37: =Q37/18 -> 1020031.1 | G37: =F37/F36-1 -> -0.15766976 | H37: =F37/F25-1 -> 0.39734077 | I37: =T37 -> 0.3527572 | J37: =I37/I25-1 -> 0.0085920426 | K37: =R35+R36+R37 -> 86187662017 | L37: =U37/U34-1 -> -0.10098621 | M37: =U37/U25-1 -> -0.058590795 | N37: =AVERAGE(T35:T37) -> 0.37883613 | O37: =N37/N34-1 -> -0.029204374 | P37: 2024년09월 | Q37: 18360560 | R37: 24483107400 | S37: 52048717 | T37: =Q37/S37 -> 0.3527572 | U37: =Q35+Q36+Q37 -> 63130825
A38: 2024년10월 | F38: =Q38/20 -> 1071858.4 | G38: =F38/F37-1 -> 0.050809469 | H38: =F38/F26-1 -> 0.34007755 | I38: =T38 -> 0.58495533 | J38: =I38/I26-1 -> 0.56487852 | P38: 2024년10월 | Q38: 21437167 | R38: 28338054200 | S38: 36647528 | T38: =Q38/S38 -> 0.58495533
A39: 2024년11월 | F39: =Q39/21 -> 219014 | G39: =F39/F38-1 -> -0.7956689 | H39: =F39/F27-1 -> -0.73557884 | I39: =T39 -> 0.41310518 | J39: =I39/I27-1 -> 0.094376175 | P39: 2024년11월 | Q39: 4599294 | R39: 6402525472 | S39: 11133470 | T39: =Q39/S39 -> 0.41310518
A40: 2024년12월 | B40: =SUM(F38:F40) -> 3146879.7 | C40: =AVERAGE(F38:F40) -> 1048959.9 | D40: =C40/C37-1 -> 0.024419735 | E40: =C40/C28-1 -> -0.069791973 | F40: =Q40/21 -> 1856007.3 | G40: =F40/F39-1 -> 7.4743776 | H40: =F40/F28-1 -> 0.057638565 | I40: =T40 -> 0.41421481 | J40: =I40/I28-1 -> -0.13803041 | K40: =R38+R39+R40 -> 89856210092 | L40: =U40/U37-1 -> 0.029807784 | M40: =U40/U28-1 -> -0.026196653 | N40: =AVERAGE(T38:T40) -> 0.47075844 | O40: =N40/N37-1 -> 0.242644 | P40: 2024년12월 | Q40: 38976154 | R40: 55115630420 | S40: 94096477 | T40: =Q40/S40 -> 0.41421481 | U40: =Q38+Q39+Q40 -> 65012615
A41: 2025년01월 | F41: =Q41/18 -> 1845271.3 | G41: =F41/F40-1 -> -0.0057844898 | H41: =F41/F29-1 -> 0.44127097 | I41: =T41 -> 0.45284155 | J41: =I41/I29-1 -> 0.058080704 | P41: 2025년01월 | Q41: 33214883 | R41: 48558855999 | S41: 73347694 | T41: =Q41/S41 -> 0.45284155
A42: 2025년02월 | F42: =Q42/20 -> 1032458.9 | G42: =F42/F41-1 -> -0.44048395 | H42: =F42/F30-1 -> 0.11931044 | I42: =T42 -> 0.41246628 | J42: =I42/I30-1 -> 0.091048917 | P42: 2025년02월 | Q42: 20649178 | R42: 29944023740 | S42: 50062706 | T42: =Q42/S42 -> 0.41246628
A43: 2025년03월 | B43: =SUM(F41:F43) -> 4171325.9 | C43: =AVERAGE(F41:F43) -> 1390442 | D43: =C43/C40-1 -> 0.32554349 | E43: =C43/C31-1 -> 0.3939433 | F43: =Q43/20 -> 1293595.7 | G43: =F43/F42-1 -> 0.25292707 | H43: =F43/F31-1 -> 0.63798136 | I43: =T43 -> 0.44234293 | J43: =I43/I31-1 -> 0.14108928 | K43: =R41+R42+R43 -> 116101988139 | L43: =U43/U40-1 -> 0.22646928 | M43: =K43/K31-1 -> 0.42355046 | N43: =AVERAGE(T41:T43) -> 0.43588358 | O43: =N43/N40-1 -> -0.074082275 | P43: 2025년03월 | Q43: 25871914 | R43: 37599108400 | S43: 58488364 | T43: =Q43/S43 -> 0.44234293 | U43: =Q41+Q42+Q43 -> 79735975
A44: 2025년04월 | F44: =Q44/22 -> 985658.82 | G44: =F44/F43-1 -> -0.23804724 | H44: =F44/F32-1 -> -0.24953959 | I44: =T44 -> 0.43050331 | J44: =I44/I32-1 -> 0.068609763 | P44: 2025년04월 | Q44: 21684494 | R44: 31604743751 | S44: 50370098 | T44: =Q44/S44 -> 0.43050331
A45: 2025년05월 | F45: =Q45/20 -> 1107672.2 | G45: =F45/F44-1 -> 0.12378866 | H45: =F45/F33-1 -> 0.13252448 | I45: =T45 -> 0.3865818 | J45: =I45/I33-1 -> 0.030077712 | P45: 2025년05월 | Q45: 22153444 | R45: 30870205455 | S45: 57305968 | T45: =Q45/S45 -> 0.3865818
A46: 2025년06월 | B46: =SUM(F44:F46) -> 3576024.2 | C46: =AVERAGE(F44:F46) -> 1192008.1 | D46: =C46/C43-1 -> -0.14271281 | E46: =C46/C34-1 -> 0.035117223 | F46: =Q46/19 -> 1482693.2 | G46: =F46/F45-1 -> 0.33856678 | H46: =F46/F34-1 -> 0.27462007 | I46: =T46 -> 0.4731524 | J46: =I46/I34-1 -> 0.20535765 | K46: =R44+R45+R46 -> 101021312523 | L46: =U46/U43-1 -> -0.096905644 | M46: =K46/K34-1 -> 0.053585628 | N46: =AVERAGE(T44:T46) -> 0.43007917 | O46: =N46/N43-1 -> -0.013316434 | P46: 2025년06월 | Q46: 28171171 | R46: 38546363317 | S46: 59539318 | T46: =Q46/S46 -> 0.4731524 | U46: =Q44+Q45+Q46 -> 72009109
A47: 2025년07월 | F47: =Q47/23 -> 1266464.7 | G47: =F47/F46-1 -> -0.145835 | H47: =F47/F35-1 -> 0.5061343 | I47: =T47 -> 0.39996698 | J47: =I47/I35-1 -> 0.0630776 | P47: 2025년07월 | Q47: 29128687 | R47: 40174256214 | S47: 72827729 | T47: =Q47/S47 -> 0.39996698 | U47: =Q45+Q46+Q47 -> 79453302
A48: 2025년08월 | F48: =Q48/20 -> 1816785.1 | G48: =F48/F47-1 -> 0.43453285 | H48: =F48/F36-1 -> 0.50028077 | I48: =T48 -> 0.42464135 | J48: =I48/I36-1 -> 0.042023237 | P48: 2025년08월 | Q48: 36335703 | R48: 50454567202 | S48: 85567982 | T48: =Q48/S48 -> 0.42464135 | U48: =Q46+Q47+Q48 -> 93635561
A49: 2025년09월 | B49: =SUM(F47:F49) -> 4195359.3 | C49: =AVERAGE(F47:F49) -> 1398453.1 | D49: =C49/C46-1 -> 0.17319097 | E49: =C49/C37-1 -> 0.36573665 | F49: =Q49/22 -> 1112109.5 | G49: =F49/F48-1 -> -0.38786953 | H49: =F49/F37-1 -> 0.090270222 | I49: =T49 -> 0.51308345 | J49: =I49/I37-1 -> 0.4544946 | K49: =R47+R48+R49 -> 124709291382 | L49: =U49/U46-1 -> 0.24888089 | M49: =K49/K37-1 -> 0.44695062 | N49: =AVERAGE(T47:T49) -> 0.44589726 | O49: =N49/N46-1 -> 0.036779481 | P49: 2025년09월 | Q49: 24466410 | R49: 34080467966 | S49: 47685050 | T49: =Q49/S49 -> 0.51308345 | U49: =Q47+Q48+Q49 -> 89930800
A50: 2025년10월 | F50: =Q50/18 -> 1151027.3 | G50: =F50/F49-1 -> 0.034994513 | H50: =F50/F38-1 -> 0.073861371 | I50: =T50 -> 0.55064902 | J50: =I50/I38-1 -> -0.058647758 | P50: 2025년10월 | Q50: 20718491 | R50: 29063938569 | S50: 37625584 | T50: =Q50/S50 -> 0.55064902 | U50: =Q48+Q49+Q50 -> 81520604
A51: 2025년11월 | F51: =Q51/20 -> 449184.85 | G51: =F51/F50-1 -> -0.60975308 | H51: =F51/F39-1 -> 1.0509413 | I51: =T51 -> 0.42594062 | J51: =I51/I39-1 -> 0.031070633 | P51: 2025년11월 | Q51: 8983697 | R51: 13104665276 | S51: 21091431 | T51: =Q51/S51 -> 0.42594062 | U51: =Q49+Q50+Q51 -> 54168598
A52: 2025년12월 | B52: =SUM(F50:F52) -> 3275830.9 | C52: =AVERAGE(F50:F52) -> 1091943.6 | D52: =C52/C49-1 -> -0.21917751 | E52: =C52/C40-1 -> 0.0409775 | F52: =Q52/22 -> 1675618.8 | G52: =F52/F51-1 -> 2.7303547 | H52: =F52/F40-1 -> -0.097191704 | I52: =T52 -> 0.42386776 | J52: =I52/I40-1 -> 0.023304234 | K52: =R50+R51+R52 -> 96439660921 | L52: =U52/U49-1 -> -0.25981085 | M52: =K52/K40-1 -> 0.073266509 | N52: =AVERAGE(T50:T52) -> 0.46681913 | O52: =N52/N49-1 -> 0.046920843 | P52: 2025년12월 | Q52: 36863614 | R52: 54271057076 | S52: 86969610 | T52: =Q52/S52 -> 0.42386776 | U52: =Q50+Q51+Q52 -> 66565802
A53: 2026년01월 | F53: =Q53/21 -> 1179617.6 | G53: =F53/F52-1 -> -0.29601076 | H53: =F53/F41-1 -> -0.36073485 | I53: =T53 -> 0.50522511 | J53: =I53/I41-1 -> 0.11567747 | P53: 2026년01월 | Q53: 24771970 | R53: 36261098472 | S53: 49031550 | T53: =Q53/S53 -> 0.50522511 | U53: =Q51+Q52+Q53 -> 70619281
A54: 2026년02월 | F54: =Q54/17 -> 1499269.8 | G54: =F54/F53-1 -> 0.27097946 | H54: =F54/F42-1 -> 0.45213506 | I54: =T54 -> 0.39044281 | J54: =I54/I42-1 -> -0.053394598 | P54: 2026년02월 | Q54: 25487586 | R54: 37016787988 | S54: 65278667 | T54: =Q54/S54 -> 0.39044281 | U54: =Q52+Q53+Q54 -> 87123170
A55: 2026년03월 | B55: =SUM(F53:F55) -> 4438472.6 | C55: =AVERAGE(F53:F55) -> 1479490.9 | D55: =C55/C52-1 -> 0.35491503 | E55: =C55/C43-1 -> 0.064043593 | F55: =Q55/21 -> 1759585.2 | G55: =F55/F54-1 -> 0.17362814 | H55: =F55/F43-1 -> 0.36022808 | I55: =T55 -> 0.45906009 | J55: =I55/I43-1 -> 0.037792308 | K55: =R53+R54+R55 -> 127388335272 | L55: =U55/U52-1 -> 0.31014488 | M55: =K55/K43-1 -> 0.097210628 | N55: =AVERAGE(T53:T55) -> 0.451576 | O55: =N55/N52-1 -> -0.032653186 | P55: 2026년03월 | Q55: 36951289 | R55: 54110448812 | S55: 80493360 | T55: =Q55/S55 -> 0.45906009 | U55: =Q53+Q54+Q55 -> 87210845
A56: 2026년04월 | F56: =Q56/22 -> 1299731 | G56: =F56/F55-1 -> -0.26134236 | H56: =F56/F44-1 -> 0.31864193 | I56: =T56 -> 0.46878103 | J56: =I56/I44-1 -> 0.088913857 | P56: 2026년04월 | Q56: 28594083 | R56: 42498334217 | S56: 60996673 | T56: =Q56/S56 -> 0.46878103 | U56: =Q54+Q55+Q56 -> 91032958
A57: 2026년05월 | F57: =Q57/12 -> 933283.17 | G57: =F57/F56-1 -> -0.28194131 | H57: =F57/F45-1 -> -0.1574374 | I57: =T57 -> 0.68761495 | J57: =I57/I45-1 -> 0.77870493 | P57: 2026년05월 | Q57: 11199398 | R57: 16456118503 | S57: 16287310 | T57: =Q57/S57 -> 0.68761495 | U57: =Q55+Q56+Q57 -> 76744770
B58: =SUM(F56:F58) -> 2233014.2 | C58: =AVERAGE(F56:F58) -> 1116507.1 | D58: =C58/C55-1 -> -0.24534369 | E58: =C58/C46-1 -> -0.063339311
P61: 기간 | Q61: 금액(달러) | R61: 금액(원화) | S61: 중량 | T61: 국내 업체 수 | U61: 해외거래처 수
P63: 2026년 | Q63: 127004326 | R63: 186342787992 | S63: 2.7208756e+08 | T63: 99 | U63: 180
P64: 01월 | Q64: 24771970 | R64: 36261098472 | S64: 49031550 | T64: 40 | U64: 69
P65: 02월 | Q65: 25487586 | R65: 37016787988 | S65: 65278667 | T65: 37 | U65: 56
P66: 03월 | Q66: 36951289 | R66: 54110448812 | S66: 80493360 | T66: 44 | U66: 73
P67: 04월 | Q67: 28594083 | R67: 42498334217 | S67: 60996673 | T67: 45 | U67: 69
P68: 05월 | Q68: 11199398 | R68: 16456118503 | S68: 16287310 | T68: 33 | U68: 44
P69: 2025년 | Q69: 308241686 | R69: 438272252965 | S69: 7.0088153e+08 | T69: 139 | U69: 333
P70: 2024년 | Q70: 259,85
P71: 2025년 | Q71: 308241686 | R71: 438272252965 | S71: 7.0088153e+08 | T71: 139 | U71: 333
P72: 2024년 | Q72: 259853251 | R72: 353485257106 | S72: 6.401463e+08 | T72: 118 | U72: 279
P73: 2023년 | Q73: 268,769,76

Sheet 양극재(NCM+NCA)
K1: 엘앤에프, 에코프로비엠
K2: 2841909020
P3: 년월 | Q3: 금액(달러) | R3: 금액(원화) | S3: 중량(Kg)
A4: 년월 | B4: 분기(일평균합) | C4: 분기(평균) | D4: QoQ | E4: YoY | F4: 일평균수출 | G4: MoM | H4: YoY | I4: 금액(달러)/중량 | J4: 판가 yoy | K4: 원화매출 | L4: QoQ | M4: YoY | N4: 판가 | O4: QoQ | T4: 금액(달러)/중량 | U4: 분기 달러매출
A5: 2022년01월 | F5: =Q5/20 -> 21582153 | I5: =T5 -> 30.427625 | P5: 2022년01월 | Q5: 431643066 | R5: 509161671450 | S5: 14185894 | T5: =Q5/S5 -> 30.427625
A6: 2022년02월 | F6: =Q6/18 -> 24197522 | G6: =F6/F5-1 -> 0.121182 | I6: =T6 -> 30.562805 | P6: 2022년02월 | Q6: 435555391 | R6: 517459706451 | S6: 14251159 | T6: =Q6/S6 -> 30.562805
A7: 2022년03월 | B7: =F5+F6+F7 -> 71664416 | C7: =AVERAGE(F5:F7) -> 23888139 | F7: =Q7/22 -> 25884741 | G7: =F7/F6-1 -> 0.069726944 | I7: =T7 -> 34.003555 | K7: =R5+R6+R7 -> 1712525055727 | N7: =AVERAGE(T5:T7) -> 31.664662 | P7: 2022년03월 | Q7: 569464301 | R7: 685903677826 | S7: 16747199 | T7: =Q7/S7 -> 34.003555 | U7: =Q5+Q6+Q7 -> 1436662758
A8: 2022년04월 | F8: =Q8/21 -> 24691152 | G8: =F8/F7-1 -> -0.046111693 | I8: =T8 -> 40.72516 | P8: 2022년04월 | Q8: 518514186 | R8: 628127542671 | S8: 12732035 | T8: =Q8/S8 -> 40.72516
A9: 2022년05월 | F9: =Q9/21 -> 36264925 | G9: =F9/F8-1 -> 0.46874174 | I9: =T9 -> 46.211105 | P9: 2022년05월 | Q9: 761563427 | R9: 958122108702 | S9: 16480096 | T9: =Q9/S9 -> 46.211105
A10: 2022년06월 | B10: =F8+F9+F10 -> 97282814 | C10: =AVERAGE(F8:F10) -> 32427605 | D10: =C10/C7-1 -> 0.35747724 | F10: =Q10/21 -> 36326737 | G10: =F10/F9-1 -> 0.0017044477 | I10: =T10 -> 47.312596 | K10: =R8+R9+R10 -> 2546072853656 | L10: =U10/U7-1 -> 0.42200323 | N10: =AVERAGE(T8:T10) -> 44.74962 | O10: =N10/N7-1 -> 0.41323538 | P10: 2022년06월 | Q10: 762861472 | R10: 959823202283 | S10: 16123856 | T10: =Q10/S10 -> 47.312596 | U10: =Q8+Q9+Q10 -> 2042939085
A11: 2022년07월 | F11: =Q11/21 -> 55701331 | G11: =F11/F10-1 -> 0.53334253 | I11: =T11 -> 50.73569 | P11: 2022년07월 | Q11: ='양극재(NCM)'!Q11+'양극재(NCA)'!Q11 -> 1169727943 | R11: ='양극재(NCM)'!R11+'양극재(NCA)'!R11 -> 1157532256840 | S11: ='양극재(NCM)'!S11+'양극재(NCA)'!S11 -> 23055327 | T11: =Q11/S11 -> 50.73569
A12: 2022년08월 | F12: =Q12/22 -> 54360287 | G12: =F12/F11-1 -> -0.024075613 | I12: =T12 -> 49.494302 | P12: 2022년08월 | Q12: ='양극재(NCM)'!Q12+'양극재(NCA)'!Q12 -> 1195926313 | R12: ='양극재(NCM)'!R12+'양극재(NCA)'!R12 -> 1220930972779 | S12: ='양극재(NCM)'!S12+'양극재(NCA)'!S12 -> 24162909 | T12: =Q12/S12 -> 49.494302
A13: 2022년09월 | B13: =F11+F12+F13 -> 1.6414561e+08 | C13: =AVERAGE(F11:F13) -> 54715204 | D13: =C13/C10-1 -> 0.68730329 | F13: =Q13/20 -> 54083994 | G13: =F13/F12-1 -> -0.0050826296 | I13: =T13 -> 48.668075 | K13: =R11+R12+R13 -> 3554281045348 | L13: =U13/U10-1 -> 0.68743853 | N13: =AVERAGE(T11:T13) -> 49.632689 | O13: =N13/N10-1 -> 0.10911977 | P13: 2022년09월 | Q13: ='양극재(NCM)'!Q13+'양극재(NCA)'!Q13 -> 1081679875 | R13: ='양극재(NCM)'!R13+'양극재(NCA)'!R13 -> 1175817815729 | S13: ='양극재(NCM)'!S13+'양극재(NCA)'!S13 -> 22225656 | T13: =Q13/S13 -> 48.668075 | U13: =Q11+Q12+Q13 -> 3447334131
A14: 2022년10월 | F14: =Q14/20 -> 48503146 | G14: =F14/F13-1 -> -0.10318853 | I14: =T14 -> 48.894772 | P14: 2022년10월 | Q14: ='양극재(NCM)'!Q14+'양극재(NCA)'!Q14 -> 970062921 | R14: ='양극재(NCM)'!R14+'양극재(NCA)'!R14 -> 1062641228181 | S14: ='양극재(NCM)'!S14+'양극재(NCA)'!S14 -> 19839809 | T14: =Q14/S14 -> 48.894772
A15: 2022년11월 | F15: =Q15/22 -> 49258603 | G15: =F15/F14-1 -> 0.015575419 | I15: =T15 -> 47.547462 | P15: 2022년11월 | Q15: ='양극재(NCM)'!Q15+'양극재(NCA)'!Q15 -> 1083689263 | R15: ='양극재(NCM)'!R15+'양극재(NCA)'!R15 -> 1207691864394 | S15: ='양극재(NCM)'!S15+'양극재(NCA)'!S15 -> 22791737 | T15: =Q15/S15 -> 47.547462
A16: 2022년12월 | B16: =F14+F15+F16 -> 1.4488841e+08 | C16: =AVERAGE(F14:F16) -> 48296138 | D16: =C16/C13-1 -> -0.11731777 | F16: =Q16/22 -> 47126665 | G16: =F16/F15-1 -> -0.043280514 | I16: =T16 -> 46.637455 | K16: =R14+R15+R16 -> 3322756000514 | L16: =U16/U13-1 -> -0.10349891 | N16: =AVERAGE(T14:T16) -> 47.69323 | O16: =N16/N13-1 -> -0.039076241 | P16: 2022년12월 | Q16: ='양극재(NCM)'!Q16+'양극재(NCA)'!Q16 -> 1036786635 | R16: ='양극재(NCM)'!R16+'양극재(NCA)'!R16 -> 1052422907939 | S16: ='양극재(NCM)'!S16+'양극재(NCA)'!S16 -> 22230772 | T16: =Q16/S16 -> 46.637455 | U16: =Q14+Q15+Q16 -> 3090538819
A17: 2023년01월 | F17: =Q17/20 -> 56855198 | G17: =F17/F16-1 -> 0.20643372 | H17: =F17/F5-1 -> 1.6343617 | I17: =T17 -> 50.651357 | J17: =I17/I5-1 -> 0.66465034 | P17: 2023년01월 | Q17: ='양극재(NCM)'!Q17+'양극재(NCA)'!Q17 -> 1137103963 | R17: ='양극재(NCM)'!R17+'양극재(NCA)'!R17 -> 1427500707645 | S17: ='양극재(NCM)'!S17+'양극재(NCA)'!S17 -> 22449625 | T17: =Q17/S17 -> 50.651357
A18: 2023년02월 | F18: =Q18/20 -> 64770205 | G18: =F18/F17-1 -> 0.13921343 | H18: =F18/F6-1 -> 1.6767289 | I18: =T18 -> 52.163341 | J18: =I18/I6-1 -> 0.70675896 | P18: 2023년02월 | Q18: ='양극재(NCM)'!Q18+'양극재(NCA)'!Q18 -> 1295404107 | R18: ='양극재(NCM)'!R18+'양극재(NCA)'!R18 -> 1624485249700 | S18: ='양극재(NCM)'!S18+'양극재(NCA)'!S18 -> 24833611 | T18: =Q18/S18 -> 52.163341
A19: 2023년03월 | B19: =SUM(F17:F19) -> 1.8656531e+08 | C19: =AVERAGE(F17:F19) -> 62188438 | D19: =C19/C16-1 -> 0.28764826 | E19: =C19/C7-1 -> 1.6033187 | F19: =Q19/22 -> 64939910 | G19: =F19/F18-1 -> 0.0026201106 | H19: =F19/F7-1 -> 1.5088105 | I19: =T19 -> 53.394838 | J19: =I19/I7-1 -> 0.57027221 | K19: =R17+R18+R19 -> 4919711113804 | L19: =U19/U16-1 -> 0.24935693 | M19: =U19/U7-1 -> 1.6876078 | N19: =AVERAGE(T17:T19) -> 52.069845 | O19: =N19/N16-1 -> 0.091765972 | P19: 2023년03월 | Q19: ='양극재(NCM)'!Q19+'양극재(NCA)'!Q19 -> 1428678030 | R19: ='양극재(NCM)'!R19+'양극재(NCA)'!R19 -> 1867725156459 | S19: ='양극재(NCM)'!S19+'양극재(NCA)'!S19 -> 26756857 | T19: =Q19/S19 -> 53.394838 | U19: =Q17+Q18+Q19 -> 3861186100
A20: 2023년04월 | F20: =AG24/20 -> 53211652 | G20: =F20/F19-1 -> -0.1806017 | H20: =F20/F8-1 -> 1.1550899 | I20: =T20 -> 42.821229 | J20: =I20/I8-1 -> 0.051468648 | P20: 2023년04월 | Q20: ='양극재(NCM)'!Q20+'양극재(NCA)'!Q20 -> 1324557316 | R20: ='양극재(NCM)'!R20+'양극재(NCA)'!R20 -> 1737165461628 | S20: ='양극재(NCM)'!S20+'양극재(NCA)'!S20 -> 24852931 | T20: =AG24/S20 -> 42.821229
A21: 2023년05월 | F21: =Q21/21 -> 55677464 | G21: =F21/F20-1 -> 0.0463397 | H21: =F21/F9-1 -> 0.53529793 | I21: =T21 -> 50.052613 | J21: =I21/I9-1 -> 0.083129541 | P21: 2023년05월 | Q21: ='양극재(NCM)'!Q21+'양극재(NCA)'!Q21 -> 1169226750 | R21: ='양극재(NCM)'!R21+'양극재(NCA)'!R21 -> 1556775807091 | S21: ='양극재(NCM)'!S21+'양극재(NCA)'!S21 -> 23359954 | T21: =Q21/S21 -> 50.052613
A22: 2023년06월 | B22: =SUM(F20:F22) -> 1.5783418e+08 | C22: =AVERAGE(F20:F22) -> 52611393 | D22: =C22/C19-1 -> -0.15400042 | E22: =C22/C10-1 -> 0.62242612 | F22: =Q22/21 -> 48945061 | G22: =F22/F21-1 -> -0.12091792 | H22: =F22/F10-1 -> 0.3473564 | I22: =T22 -> 47.258539 | J22: =I22/I10-1 -> -0.0011425525 | K22: =R20+R21+R22 -> 4630481637406 | L22: =U22/U19-1 -> -0.15536159 | M22: =U22/U10-1 -> 0.5963795 | N22: =AVERAGE(T20:T22) -> 46.710794 | O22: =N22/N19-1 -> -0.10292045 | P22: 2023년06월 | Q22: ='양극재(NCM)'!Q22+'양극재(NCA)'!Q22 -> 1027846283 | R22: ='양극재(NCM)'!R22+'양극재(NCA)'!R22 -> 1336540368687 | S22: ='양극재(NCM)'!S22+'양극재(NCA)'!S22 -> 21749430 | T22: =Q22/S22 -> 47.258539 | U22: =AG24+Q21+Q22 -> 3261306079
A23: 2023년07월 | F23: =Q23/21 -> 53565757 | G23: =F23/F22-1 -> 0.09440577 | H23: =F23/F11-1 -> -0.038339718 | I23: =T23 -> 42.6938 | J23: =I23/I11-1 -> -0.15850558 | P23: 2023년07월 | Q23: ='양극재(NCM)'!Q23+'양극재(NCA)'!Q23 -> 1124880903 | R23: ='양극재(NCM)'!R23+'양극재(NCA)'!R23 -> 1455701814574 | S23: ='양극재(NCM)'!S23+'양극재(NCA)'!S23 -> 26347641 | T23: =Q23/S23 -> 42.6938
A24: 2023년08월 | F24: =Q24/22 -> 51568335 | G24: =F24/F23-1 -> -0.037289171 | H24: =F24/F12-1 -> -0.051360148 | I24: =T24 -> 42.672365 | J24: =I24/I12-1 -> -0.13783277 | P24: 2023년08월 | Q24: ='양극재(NCM)'!Q24+'양극재(NCA)'!Q24 -> 1134503361 | R24: ='양극재(NCM)'!R24+'양극재(NCA)'!R24 -> 1486856229215 | S24: ='양극재(NCM)'!S24+'양극재(NCA)'!S24 -> 26586372 | T24: =Q24/S24 -> 42.672365 | AG24: 1064233046
A25: 2023년09월 | B25: =SUM(F23:F25) -> 1.5626399e+08 | C25: =AVERAGE(F23:F25) -> 52087998 | D25: =C25/C22-1 -> -0.0099483214 | E25: =C25/C13-1 -> -0.048016019 | F25: =Q25/19 -> 51129901 | G25: =F25/F24-1 -> -0.0085019986 | H25: =F25/F13-1 -> -0.054620468 | I25: =T25 -> 42.222269 | J25: =I25/I13-1 -> -0.13244423 | K25: =R23+R24+R25 -> 4231405327789 | L25: =U25/U22-1 -> -0.0093378853 | M25: =U25/U13-1 -> -0.062796859 | N25: =AVERAGE(T23:T25) -> 42.529478 | O25: =N25/N22-1 -> -0.089514977 | P25: 2023년09월 | Q25: ='양극재(NCM)'!Q25+'양극재(NCA)'!Q25 -> 971468113 | R25: ='양극재(NCM)'!R25+'양극재(NCA)'!R25 -> 1288847284000 | S25: ='양극재(NCM)'!S25+'양극재(NCA)'!S25 -> 23008430 | T25: =Q25/S25 -> 42.222269 | U25: =Q23+Q24+Q25 -> 3230852377
A26: 2023년10월 | F26: =Q26/19 -> 36853363 | G26: =F26/F25-1 -> -0.27922091 | H26: =F26/F14-1 -> -0.24018612 | I26: =T26 -> 39.13613 | J26: =I26/I14-1 -> -0.19958457 | P26: 2023년10월 | Q26: ='양극재(NCM)'!Q26+'양극재(NCA)'!Q26 -> 700213905 | R26: ='양극재(NCM)'!R26+'양극재(NCA)'!R26 -> 943623978134 | S26: ='양극재(NCM)'!S26+'양극재(NCA)'!S26 -> 17891751 | T26: =Q26/S26 -> 39.13613
A27: 2023년11월 | F27: =Q27/22 -> 27567500 | G27: =F27/F26-1 -> -0.25196788 | H27: =F27/F15-1 -> -0.44035158 | I27: =T27 -> 38.415615 | J27: =I27/I15-1 -> -0.19205752 | P27: 2023년11월 | Q27: ='양극재(NCM)'!Q27+'양극재(NCA)'!Q27 -> 606484989 | R27: ='양극재(NCM)'!R27+'양극재(NCA)'!R27 -> 802991235521 | S27: ='양극재(NCM)'!S27+'양극재(NCA)'!S27 -> 15787460 | T27: =Q27/S27 -> 38.415615
A28: 2023년12월 | B28: =SUM(F26:F28) -> 91693637 | C28: =AVERAGE(F26:F28) -> 30564546 | D28: =C28/C25-1 -> -0.41321327 | E28: =C28/C16-1 -> -0.36714307 | F28: =Q28/19 -> 27272774 | G28: =F28/F27-1 -> -0.010691049 | H28: =F28/F16-1 -> -0.42128784 | I28: =T28 -> 37.10826 | J28: =I28/I16-1 -> -0.20432493 | K28: =R26+R27+R28 -> 2421913913005 | L28: =U28/U25-1 -> -0.43517023 | M28: =U28/U16-1 -> -0.40952639 | N28: =AVERAGE(T26:T28) -> 38.220002 | O28: =N28/N25-1 -> -0.10132916 | P28: 2023년12월 | Q28: ='양극재(NCM)'!Q28+'양극재(NCA)'!Q28 -> 518182706 | R28: ='양극재(NCM)'!R28+'양극재(NCA)'!R28 -> 675298699350 | S28: ='양극재(NCM)'!S28+'양극재(NCA)'!S28 -> 13964080 | T28: =Q28/S28 -> 37.10826 | U28: =Q26+Q27+Q28 -> 1824881600
A29: 2024년01월 | F29: =Q29/22 -> 28460381 | G29: =F29/F28-1 -> 0.043545522 | H29: =F29/F17-1 -> -0.49942341 | I29: =T29 -> 34.241108 | J29: =I29/I17-1 -> -0.32398439 | P29: 2024년01월 | Q29: ='양극재(NCM)'!Q29+'양극재(NCA)'!Q29 -> 626128386 | R29: ='양극재(NCM)'!R29+'양극재(NCA)'!R29 -> 824027986113 | S29: ='양극재(NCM)'!S29+'양극재(NCA)'!S29 -> 18285868 | T29: =Q29/S29 -> 34.241108
A30: 2024년02월 | F30: =Q30/19 -> 32461509 | G30: =F30/F29-1 -> 0.1405859 | H30: =F30/F18-1 -> -0.49882034 | I30: =T30 -> 31.337176 | J30: =I30/I18-1 -> -0.39924907 | P30: 2024년02월 | Q30: ='양극재(NCM)'!Q30+'양극재(NCA)'!Q30 -> 616768678 | R30: ='양극재(NCM)'!R30+'양극재(NCA)'!R30 -> 821879545518 | S30: ='양극재(NCM)'!S30+'양극재(NCA)'!S30 -> 19681693 | T30: =Q30/S30 -> 31.337176
A31: 2024년03월 | B31: =SUM(F29:F31) -> 88653744 | C31: =AVERAGE(F29:F31) -> 29551248 | D31: =C31/C28-1 -> -0.033152709 | E31: =C31/C19-1 -> -0.52481122 | F31: =Q31/20 -> 27731854 | G31: =F31/F30-1 -> -0.14570042 | H31: =F31/F19-1 -> -0.57296132 | I31: =T31 -> 29.228189 | J31: =I31/I19-1 -> -0.45260271 | K31: =R29+R30+R31 -> 2382401388440 | L31: =U31/U28-1 -> -0.014985881 | M31: =U31/U19-1 -> -0.53446063 | N31: =AVERAGE(T29:T31) -> 31.602158 | O31: =N31/N28-1 -> -0.17315132 | P31: 2024년03월 | Q31: ='양극재(NCM)'!Q31+'양극재(NCA)'!Q31 -> 554637078 | R31: ='양극재(NCM)'!R31+'양극재(NCA)'!R31 -> 736493856809 | S31: ='양극재(NCM)'!S31+'양극재(NCA)'!S31 -> 18976101 | T31: =Q31/S31 -> 29.228189 | U31: =Q29+Q30+Q31 -> 1797534142
A32: 2024년04월 | F32: =Q32/21 -> 28544467 | G32: =F32/F31-1 -> 0.029302513 | H32: =F32/F20-1 -> -0.46356736 | I32: =T32 -> 27.628952 | J32: =I32/I20-1 -> -0.35478378 | P32: 2024년04월 | Q32: ='양극재(NCM)'!Q32+'양극재(NCA)'!Q32 -> 599433805 | R32: ='양극재(NCM)'!R32+'양극재(NCA)'!R32 -> 815475556910 | S32: ='양극재(NCM)'!S32+'양극재(NCA)'!S32 -> 21695858 | T32: =Q32/S32 -> 27.628952
A33: 2024년05월 | F33: =Q33/21 -> 25618920 | G33: =F33/F32-1 -> -0.10249087 | H33: =F33/F21-1 -> -0.53986914 | I33: =T33 -> 27.682107 | J33: =I33/I21-1 -> -0.44693982 | P33: 2024년05월 | Q33: ='양극재(NCM)'!Q33+'양극재(NCA)'!Q33 -> 537997311 | R33: ='양극재(NCM)'!R33+'양극재(NCA)'!R33 -> 735476169703 | S33: ='양극재(NCM)'!S33+'양극재(NCA)'!S33 -> 19434840 | T33: =Q33/S33 -> 27.682107
A34: 2024년06월 | B34: =SUM(F32:F34) -> 83830636 | C34: =AVERAGE(F32:F34) -> 27943545 | D34: =C34/C31-1 -> -0.054403891 | E34: =C34/C22-1 -> -0.46886893 | F34: =Q34/19 -> 29667249 | G34: =F34/F33-1 -> 0.1580211 | H34: =F34/F22-1 -> -0.39386633 | I34: =T34 -> 28.306237 | J34: =I34/I22-1 -> -0.40103444 | K34: =R32+R33+R34 -> 2325786971526 | L34: =U34/U31-1 -> -0.053643092 | M34: =U34/U22-1 -> -0.47839644 | N34: =AVERAGE(T32:T34) -> 27.872432 | O34: =N34/N31-1 -> -0.11802124 | P34: 2024년06월 | Q34: ='양극재(NCM)'!Q34+'양극재(NCA)'!Q34 -> 563677737 | R34: ='양극재(NCM)'!R34+'양극재(NCA)'!R34 -> 774835244913 | S34: ='양극재(NCM)'!S34+'양극재(NCA)'!S34 -> 19913552 | T34: =Q34/S34 -> 28.306237 | U34: =Q32+Q33+Q34 -> 1701108853
A35: 2024년07월 | F35: =Q35/23 -> 17368040 | G35: =F35/F34-1 -> -0.41457193 | H35: =F35/F23-1 -> -0.67576225 | I35: =T35 -> 28.731046 | J35: =I35/I23-1 -> -0.32704406 | P35: 2024년07월 | Q35: ='양극재(NCM)'!Q35+'양극재(NCA)'!Q35 -> 399464931 | R35: ='양극재(NCM)'!R35+'양극재(NCA)'!R35 -> 552834515518 | S35: ='양극재(NCM)'!S35+'양극재(NCA)'!S35 -> 13903598 | T35: =Q35/S35 -> 28.731046
A36: 2024년08월 | F36: =Q36/21 -> 21645967 | G36: =F36/F35-1 -> 0.24631024 | H36: =F36/F24-1 -> -0.58024693 | I36: =T36 -> 27.878588 | J36: =I36/I24-1 -> -0.34668285 | P36: 2024년08월 | Q36: ='양극재(NCM)'!Q36+'양극재(NCA)'!Q36 -> 454565301 | R36: ='양극재(NCM)'!R36+'양극재(NCA)'!R36 -> 619783000878 | S36: ='양극재(NCM)'!S36+'양극재(NCA)'!S36 -> 16305177 | T36: =Q36/S36 -> 27.878588
A37: 2024년09월 | B37: =SUM(F35:F37) -> 63119403 | C37: =AVERAGE(F35:F37) -> 21039801 | D37: =C37/C34-1 -> -0.24706043 | E37: =C37/C25-1 -> -0.59607199 | F37: =Q37/18 -> 24105396 | G37: =F37/F36-1 -> 0.11362066 | H37: =F37/F25-1 -> -0.52854601 | I37: =T37 -> 25.583467 | J37: =I37/I25-1 -> -0.39407645 | K37: =R35+R36+R37 -> 1751977355654 | L37: =U37/U34-1 -> -0.24288951 | M37: =U37/U25-1 -> -0.60136608 | N37: =AVERAGE(T35:T37) -> 27.3977 | O37: =N37/N34-1 -> -0.017032299 | P37: 2024년09월 | Q37: ='양극재(NCM)'!Q37+'양극재(NCA)'!Q37 -> 433897125 | R37: ='양극재(NCM)'!R37+'양극재(NCA)'!R37 -> 579359839258 | S37: ='양극재(NCM)'!S37+'양극재(NCA)'!S37 -> 16960059 | T37: =Q37/S37 -> 25.583467 | U37: =Q35+Q36+Q37 -> 1287927357
A38: 2024년10월 | F38: =Q38/20 -> 19540333 | G38: =F38/F37-1 -> -0.18937928 | H38: =F38/F26-1 -> -0.46978155 | I38: =T38 -> 26.489474 | J38: =I38/I26-1 -> -0.32314528 | P38: 2024년10월 | Q38: ='양극재(NCM)'!Q38+'양극재(NCA)'!Q38 -> 390806665 | R38: ='양극재(NCM)'!R38+'양극재(NCA)'!R38 -> 526362175726 | S38: ='양극재(NCM)'!S38+'양극재(NCA)'!S38 -> 14753281 | T38: =Q38/S38 -> 26.489474
A39: 2024년11월 | F39: =Q39/21 -> 16884860 | G39: =F39/F38-1 -> -0.13589705 | H39: =F39/F27-1 -> -0.38750848 | I39: =T39 -> 25.159408 | J39: =I39/I27-1 -> -0.34507339 | P39: 2024년11월 | Q39: ='양극재(NCM)'!Q39+'양극재(NCA)'!Q39 -> 354582053 | R39: ='양극재(NCM)'!R39+'양극재(NCA)'!R39 -> 493166393568 | S39: ='양극재(NCM)'!S39+'양극재(NCA)'!S39 -> 14093418 | T39: =Q39/S39 -> 25.159408
A40: 2024년12월 | B40: =SUM(F38:F40) -> 55727250 | C40: =AVERAGE(F38:F40) -> 18575750 | D40: =C40/C37-1 -> -0.1171138 | E40: =C40/C28-1 -> -0.39224518 | F40: =Q40/21 -> 19302057 | G40: =F40/F39-1 -> 0.14315769 | H40: =F40/F28-1 -> -0.29225912 | I40: =T40 -> 25.303236 | J40: =I40/I28-1 -> -0.31812388 | K40: =R38+R39+R40 -> 1596025296009 | L40: =U40/U37-1 -> -0.10652421 | M40: =U40/U28-1 -> -0.36942105 | N40: =AVERAGE(T38:T40) -> 25.650706 | O40: =N40/N37-1 -> -0.063764264 | P40: 2024년12월 | Q40: ='양극재(NCM)'!Q40+'양극재(NCA)'!Q40 -> 405343201 | R40: ='양극재(NCM)'!R40+'양극재(NCA)'!R40 -> 576496726715 | S40: ='양극재(NCM)'!S40+'양극재(NCA)'!S40 -> 16019421 | T40: =Q40/S40 -> 25.303236 | U40: =Q38+Q39+Q40 -> 1150731919
A41: 2025년01월 | F41: =Q41/18 -> 19698818 | G41: =F41/F40-1 -> 0.02055537 | H41: =F41/F29-1 -> -0.30785122 | I41: =T41 -> 24.276631 | J41: =I41/I29-1 -> -0.2910092 | P41: 2025년01월 | Q41: ='양극재(NCM)'!Q41+'양극재(NCA)'!Q41 -> 354578726 | R41: ='양극재(NCM)'!R41+'양극재(NCA)'!R41 -> 518269137234 | S41: ='양극재(NCM)'!S41+'양극재(NCA)'!S41 -> 14605763 | T41: =Q41/S41 -> 24.276631
A42: 2025년02월 | F42: =Q42/20 -> 20604670 | G42: =F42/F41-1 -> 0.045985106 | H42: =F42/F30-1 -> -0.3652584 | I42: =T42 -> 24.231928 | J42: =I42/I30-1 -> -0.22673542 | P42: 2025년02월 | Q42: ='양극재(NCM)'!Q42+'양극재(NCA)'!Q42 -> 412093407 | R42: ='양극재(NCM)'!R42+'양극재(NCA)'!R42 -> 596290892173 | S42: ='양극재(NCM)'!S42+'양극재(NCA)'!S42 -> 17006216 | T42: =Q42/S42 -> 24.231928
A43: 2025년03월 | B43: =SUM(F41:F43) -> 62883670 | C43: =AVERAGE(F41:F43) -> 20961223 | D43: =C43/C40-1 -> 0.12841867 | E43: =C43/C31-1 -> -0.29068231 | F43: =Q43/20 -> 22580181 | G43: =F43/F42-1 -> 0.095876843 | H43: =F43/F31-1 -> -0.18576734 | I43: =T43 -> 24.306165 | J43: =I43/I31-1 -> -0.1683999 | K43: =R41+R42+R43 -> 1769459354245 | L43: =U43/U40-1 -> 0.058696413 | M43: =K43/K31-1 -> -0.25727908 | N43: =AVERAGE(T41:T43) -> 24.271575 | O43: =N43/N40-1 -> -0.053765831 | P43: 2025년03월 | Q43: ='양극재(NCM)'!Q43+'양극재(NCA)'!Q43 -> 451603622 | R43: ='양극재(NCM)'!R43+'양극재(NCA)'!R43 -> 654899324838 | S43: ='양극재(NCM)'!S43+'양극재(NCA)'!S43 -> 18579797 | T43: =Q43/S43 -> 24.306165 | U43: =Q41+Q42+Q43 -> 1218275755
A44: 2025년04월 | F44: =Q44/22 -> 19219528 | G44: =F44/F43-1 -> -0.148832 | H44: =F44/F32-1 -> -0.32668115 | I44: =T44 -> 23.204471 | J44: =I44/I32-1 -> -0.1601393 | P44: 2025년04월 | Q44: ='양극재(NCM)'!Q44+'양극재(NCA)'!Q44 -> 422829609 | R44: ='양극재(NCM)'!R44+'양극재(NCA)'!R44 -> 613796266623 | S44: ='양극재(NCM)'!S44+'양극재(NCA)'!S44 -> 18221903 | T44: =Q44/S44 -> 23.204471
A45: 2025년05월 | F45: =Q45/20 -> 21787250 | G45: =F45/F44-1 -> 0.13359964 | H45: =F45/F33-1 -> -0.14956407 | I45: =T45 -> 24.226299 | J45: =I45/I33-1 -> -0.12483904 | P45: 2025년05월 | Q45: ='양극재(NCM)'!Q45+'양극재(NCA)'!Q45 -> 435744992 | R45: ='양극재(NCM)'!R45+'양극재(NCA)'!R45 -> 613848482423 | S45: ='양극재(NCM)'!S45+'양극재(NCA)'!S45 -> 17986445 | T45: =Q45/S45 -> 24.226299
A46: 2025년06월 | B46: =SUM(F44:F46) -> 65174352 | C46: =AVERAGE(F44:F46) -> 21724784 | D46: =C46/C43-1 -> 0.036427303 | E46: =C46/C34-1 -> -0.22254733 | F46: =Q46/19 -> 24167575 | G46: =F46/F45-1 -> 0.10925313 | H46: =F46/F34-1 -> -0.18537865 | I46: =T46 -> 24.291591 | J46: =I46/I34-1 -> -0.14182903 | K46: =R44+R45+R46 -> 1856451925066 | L46: =U46/U43-1 -> 0.08165866 | M46: =K46/K34-1 -> -0.20179623 | N46: =AVERAGE(T44:T46) -> 23.907454 | O46: =N46/N43-1 -> -0.015001949 | P46: 2025년06월 | Q46: ='양극재(NCM)'!Q46+'양극재(NCA)'!Q46 -> 459183920 | R46: ='양극재(NCM)'!R46+'양극재(NCA)'!R46 -> 628807176020 | S46: ='양극재(NCM)'!S46+'양극재(NCA)'!S46 -> 18902999 | T46: =Q46/S46 -> 24.291591 | U46: =Q44+Q45+Q46 -> 1317758521
A47: 2025년07월 | F47: =Q47/23 -> 20350676 | G47: =F47/F46-1 -> -0.15793471 | H47: =F47/F35-1 -> 0.17173126 | I47: =T47 -> 23.299182 | J47: =I47/I35-1 -> -0.18905906 | P47: 2025년07월 | Q47: ='양극재(NCM)'!Q47+'양극재(NCA)'!Q47 -> 468065546 | R47: ='양극재(NCM)'!R47+'양극재(NCA)'!R47 -> 641846616319 | S47: ='양극재(NCM)'!S47+'양극재(NCA)'!S47 -> 20089355 | T47: =Q47/S47 -> 23.299182 | U47: =Q45+Q46+Q47 -> 1362994458
A48: 2025년08월 | F48: =Q48/20 -> 18704020 | G48: =F48/F47-1 -> -0.080914075 | H48: =F48/F36-1 -> -0.13591201 | I48: =T48 -> 23.212095 | J48: =I48/I36-1 -> -0.16738627 | P48: 2025년08월 | Q48: ='양극재(NCM)'!Q48+'양극재(NCA)'!Q48 -> 374080396 | R48: ='양극재(NCM)'!R48+'양극재(NCA)'!R48 -> 519049877478 | S48: ='양극재(NCM)'!S48+'양극재(NCA)'!S48 -> 16115753 | T48: =Q48/S48 -> 23.212095 | U48: =Q46+Q47+Q48 -> 1301329862
A49: 2025년09월 | B49: =SUM(F47:F49) -> 57707483 | C49: =AVERAGE(F47:F49) -> 19235828 | D49: =C49/C46-1 -> -0.1145676 | E49: =C49/C37-1 -> -0.085740985 | F49: =Q49/22 -> 18652788 | G49: =F49/F48-1 -> -0.0027391064 | H49: =F49/F37-1 -> -0.22619866 | I49: =T49 -> 23.065547 | J49: =I49/I37-1 -> -0.09841983 | K49: =R47+R48+R49 -> 1731319748926 | L49: =U49/U46-1 -> -0.049516852 | M49: =K49/K37-1 -> -0.011791024 | N49: =AVERAGE(T47:T49) -> 23.192275 | O49: =N49/N46-1 -> -0.029914489 | P49: 2025년09월 | Q49: ='양극재(NCM)'!Q49+'양극재(NCA)'!Q49 -> 410361325 | R49: ='양극재(NCM)'!R49+'양극재(NCA)'!R49 -> 570423255129 | S49: ='양극재(NCM)'!S49+'양극재(NCA)'!S49 -> 17791095 | T49: =Q49/S49 -> 23.065547 | U49: =Q47+Q48+Q49 -> 1252507267
A50: 2025년10월 | F50: =Q50/18 -> 17855842 | G50: =F50/F49-1 -> -0.042725303 | H50: =F50/F38-1 -> -0.086205886 | I50: =T50 -> 23.466877 | J50: =I50/I38-1 -> -0.11410561 | P50: 2025년10월 | Q50: ='양극재(NCM)'!Q50+'양극재(NCA)'!Q50 -> 321405147 | R50: ='양극재(NCM)'!R50+'양극재(NCA)'!R50 -> 454171162873 | S50: ='양극재(NCM)'!S50+'양극재(NCA)'!S50 -> 13696119 | T50: =Q50/S50 -> 23.466877 | U50: =Q48+Q49+Q50 -> 1105846868
A51: 2025년11월 | F51: =Q51/20 -> 17431948 | G51: =F51/F50-1 -> -0.023739749 | H51: =F51/F39-1 -> 0.032401136 | I51: =T51 -> 23.628262 | J51: =I51/I39-1 -> -0.060857798 | P51: 2025년11월 | Q51: ='양극재(NCM)'!Q51+'양극재(NCA)'!Q51 -> 348638966 | R51: ='양극재(NCM)'!R51+'양극재(NCA)'!R51 -> 504345504197 | S51: ='양극재(NCM)'!S51+'양극재(NCA)'!S51 -> 14755168 | T51: =Q51/S51 -> 23.628262 | U51: =Q49+Q50+Q51 -> 1080405438
A52: 2025년12월 | B52: =SUM(F50:F52) -> 52162516 | C52: =AVERAGE(F50:F52) -> 17387505 | D52: =C52/C49-1 -> -0.096087493 | E52: =C52/C40-1 -> -0.063967525 | F52: =Q52/22 -> 16874726 | G52: =F52/F51-1 -> -0.031965575 | H52: =F52/F40-1 -> -0.12575505 | I52: =T52 -> 22.874184 | J52: =I52/I40-1 -> -0.095997705 | K52: =R50+R51+R52 -> 1504711038329 | L52: =U52/U49-1 -> -0.16863709 | M52: =K52/K40-1 -> -0.05721354 | N52: =AVERAGE(T50:T52) -> 23.323107 | O52: =N52/N49-1 -> 0.0056412275 | P52: 2025년12월 | Q52: ='양극재(NCM)'!Q52+'양극재(NCA)'!Q52 -> 371243973 | R52: ='양극재(NCM)'!R52+'양극재(NCA)'!R52 -> 546194371259 | S52: ='양극재(NCM)'!S52+'양극재(NCA)'!S52 -> 16229824 | T52: =Q52/S52 -> 22.874184 | U52: =Q50+Q51+Q52 -> 1041288086
A53: 2026년01월 | F53: =Q53/21 -> 14272416 | G53: =F53/F52-1 -> -0.15421349 | H53: =F53/F41-1 -> -0.27546843 | I53: =T53 -> 23.678268 | J53: =I53/I41-1 -> -0.024647669 | P53: 2026년01월 | Q53: ='양극재(NCM)'!Q53+'양극재(NCA)'!Q53 -> 299720729 | R53: ='양극재(NCM)'!R53+'양극재(NCA)'!R53 -> 436267717898 | S53: ='양극재(NCM)'!S53+'양극재(NCA)'!S53 -> 12658051 | T53: =Q53/S53 -> 23.678268 | U53: =Q51+Q52+Q53 -> 1019603668
A54: 2026년02월 | F54: =Q54/17 -> 23922011 | G54: =F54/F53-1 -> 0.67610107 | H54: =F54/F42-1 -> 0.16099946 | I54: =T54 -> 23.898846 | J54: =I54/I42-1 -> -0.013745601 | P54: 2026년02월 | Q54: ='양극재(NCM)'!Q54+'양극재(NCA)'!Q54 -> 406674189 | R54: ='양극재(NCM)'!R54+'양극재(NCA)'!R54 -> 589113890329 | S54: ='양극재(NCM)'!S54+'양극재(NCA)'!S54 -> 17016478 | T54: =Q54/S54 -> 23.898846 | U54: =Q52+Q53+Q54 -> 1077638891
A55: 2026년03월 | B55: =SUM(F53:F55) -> 59816443 | C55: =AVERAGE(F53:F55) -> 19938814 | D55: =C55/C52-1 -> 0.14673233 | E55: =C55/C43-1 -> -0.048776199 | F55: =Q55/21 -> 21622016 | G55: =F55/F54-1 -> -0.096145543 | H55: =F55/F43-1 -> -0.042433881 | I55: =T55 -> 23.695152 | J55: =I55/I43-1 -> -0.025138178 | K55: =R53+R54+R55 -> 1692180826459 | L55: =U55/U52-1 -> 0.114444 | M55: =K55/K43-1 -> -0.043673525 | N55: =AVERAGE(T53:T55) -> 23.757422 | O55: =N55/N52-1 -> 0.018621653 | P55: 2026년03월 | Q55: ='양극재(NCM)'!Q55+'양극재(NCA)'!Q55 -> 454062344 | R55: ='양극재(NCM)'!R55+'양극재(NCA)'!R55 -> 666799218232 | S55: ='양극재(NCM)'!S55+'양극재(NCA)'!S55 -> 19162668 | T55: =Q55/S55 -> 23.695152 | U55: =Q53+Q54+Q55 -> 1160457262
A56: 2026년04월 | F56: =Q56/22 -> 22704516 | G56: =F56/F55-1 -> 0.050064683 | H56: =F56/F44-1 -> 0.18132538 | I56: =T56 -> 24.761514 | J56: =I56/I44-1 -> 0.067100985 | P56: 2026년04월 | Q56: ='양극재(NCM)'!Q56+'양극재(NCA)'!Q56 -> 499499347 | R56: ='양극재(NCM)'!R56+'양극재(NCA)'!R56 -> 746005786045 | S56: ='양극재(NCM)'!S56+'양극재(NCA)'!S56 -> 20172408 | T56: =Q56/S56 -> 24.761514 | U56: =Q54+Q55+Q56 -> 1360235880
A57: 2026년05월 | F57: =Q57/12 -> 26951216 | G57: =F57/F56-1 -> 0.1870421 | H57: =F57/F45-1 -> 0.23701782 | I57: =T57 -> 25.341265 | J57: =I57/I45-1 -> 0.046022964 | P57: 2026년05월 | Q57: ='양극재(NCM)'!Q57+'양극재(NCA)'!Q57 -> 323414593 | R57: ='양극재(NCM)'!R57+'양극재(NCA)'!R57 -> 476990538864 | S57: ='양극재(NCM)'!S57+'양극재(NCA)'!S57 -> 12762370 | T57: =Q57/S57 -> 25.341265 | U57: =Q55+Q56+Q57 -> 1276976284
B58: =SUM(F56:F58) -> 49655732 | C58: =AVERAGE(F56:F58) -> 24827866 | D58: =C58/C55-1 -> 0.24520272 | E58: =C58/C46-1 -> 0.14283603

Sheet 양극재(NCM)
K1: 엘앤에프, 에코프로비엠
K2: 2841909020
P3: 년월 | Q3: 금액(달러) | R3: 금액(원화) | S3: 중량(Kg)
A4: 년월 | B4: 분기(일평균합) | C4: 분기(평균) | D4: QoQ | E4: YoY | F4: 일평균수출 | G4: MoM | H4: YoY | I4: 금액(달러)/중량 | J4: 판가 yoy | K4: 원화매출 | L4: QoQ | M4: YoY | N4: 판가 | O4: QoQ | T4: 금액(달러)/중량 | U4: 분기 달러매출
A5: 2022년01월 | F5: =Q5/20 -> 21582153 | I5: =T5 -> 30.427625 | P5: 2022년01월 | Q5: 431643066 | R5: 509161671450 | S5: 14185894 | T5: =Q5/S5 -> 30.427625
A6: 2022년02월 | F6: =Q6/18 -> 24197522 | G6: =F6/F5-1 -> 0.121182 | I6: =T6 -> 30.562805 | P6: 2022년02월 | Q6: 435555391 | R6: 517459706451 | S6: 14251159 | T6: =Q6/S6 -> 30.562805
A7: 2022년03월 | B7: =F5+F6+F7 -> 71664416 | C7: =AVERAGE(F5:F7) -> 23888139 | F7: =Q7/22 -> 25884741 | G7: =F7/F6-1 -> 0.069726944 | I7: =T7 -> 34.003555 | K7: =R5+R6+R7 -> 1712525055727 | N7: =AVERAGE(T5:T7) -> 31.664662 | P7: 2022년03월 | Q7: 569464301 | R7: 685903677826 | S7: 16747199 | T7: =Q7/S7 -> 34.003555 | U7: =Q5+Q6+Q7 -> 1436662758
A8: 2022년04월 | F8: =Q8/21 -> 24691152 | G8: =F8/F7-1 -> -0.046111693 | I8: =T8 -> 40.72516 | P8: 2022년04월 | Q8: 518514186 | R8: 628127542671 | S8: 12732035 | T8: =Q8/S8 -> 40.72516
A9: 2022년05월 | F9: =Q9/21 -> 36264925 | G9: =F9/F8-1 -> 0.46874174 | I9: =T9 -> 46.211105 | P9: 2022년05월 | Q9: 761563427 | R9: 958122108702 | S9: 16480096 | T9: =Q9/S9 -> 46.211105
A10: 2022년06월 | B10: =F8+F9+F10 -> 97282814 | C10: =AVERAGE(F8:F10) -> 32427605 | D10: =C10/C7-1 -> 0.35747724 | F10: =Q10/21 -> 36326737 | G10: =F10/F9-1 -> 0.0017044477 | I10: =T10 -> 47.312596 | K10: =R8+R9+R10 -> 2546072853656 | L10: =U10/U7-1 -> 0.42200323 | N10: =AVERAGE(T8:T10) -> 44.74962 | O10: =N10/N7-1 -> 0.41323538 | P10: 2022년06월 | Q10: 762861472 | R10: 959823202283 | S10: 16123856 | T10: =Q10/S10 -> 47.312596 | U10: =Q8+Q9+Q10 -> 2042939085
A11: 2022년07월 | F11: =Q11/21 -> 42709570 | G11: =F11/F10-1 -> 0.1757062 | I11: =T11 -> 48.777983 | P11: 2022년07월 | Q11: 896900962 | R11: 1157532256840 | S11: 18387414 | T11: =Q11/S11 -> 48.777983
A12: 2022년08월 | F12: =Q12/22 -> 42778205 | G12: =F12/F11-1 -> 0.0016070354 | I12: =T12 -> 47.616474 | P12: 2022년08월 | Q12: 941120519 | R12: 1220930972779 | S12: 19764599 | T12: =Q12/S12 -> 47.616474
A13: 2022년09월 | B13: =F11+F12+F13 -> 1.2854916e+08 | C13: =AVERAGE(F11:F13) -> 42849719 | D13: =C13/C10-1 -> 0.32139638 | F13: =Q13/20 -> 43061382 | G13: =F13/F12-1 -> 0.0066196569 | I13: =T13 -> 46.845996 | K13: =R11+R12+R13 -> 3554281045348 | L13: =U13/U10-1 -> 0.32125777 | N13: =AVERAGE(T11:T13) -> 47.746818 | O13: =N13/N10-1 -> 0.066977045 | P13: 2022년09월 | Q13: 861227649 | R13: 1175817815729 | S13: 18384232 | T13: =Q13/S13 -> 46.845996 | U13: =Q11+Q12+Q13 -> 2699249130
A14: 2022년10월 | F14: =Q14/20 -> 37257719 | G14: =F14/F13-1 -> -0.13477653 | I14: =T14 -> 47.337587 | P14: 2022년10월 | Q14: 745154376 | R14: 1062641228181 | S14: 15741284 | T14: =Q14/S14 -> 47.337587
A15: 2022년11월 | F15: =Q15/22 -> 39477851 | G15: =F15/F14-1 -> 0.059588529 | I15: =T15 -> 46.747188 | P15: 2022년11월 | Q15: 868512732 | R15: 1207691864394 | S15: 18578930 | T15: =Q15/S15 -> 46.747188
A16: 2022년12월 | B16: =F14+F15+F16 -> 1.1319485e+08 | C16: =AVERAGE(F14:F16) -> 37731616 | D16: =C16/C13-1 -> -0.11944311 | F16: =Q16/22 -> 36459277 | G16: =F16/F15-1 -> -0.076462492 | I16: =T16 -> 45.328472 | K16: =R14+R15+R16 -> 3322756000514 | L16: =U16/U13-1 -> -0.10502104 | N16: =AVERAGE(T14:T16) -> 46.471082 | O16: =N16/N13-1 -> -0.026718758 | P16: 2022년12월 | Q16: 802104084 | R16: 1052422907939 | S16: 17695370 | T16: =Q16/S16 -> 45.328472 | U16: =Q14+Q15+Q16 -> 2415771192
A17: 2023년01월 | F17: =Q17/20 -> 46542156 | G17: =F17/F16-1 -> 0.27655183 | H17: =F17/F5-1 -> 1.1565112 | I17: =T17 -> 50.083587 | J17: =I17/I5-1 -> 0.64599066 | P17: 2023년01월 | Q17: 930843126 | R17: 1167995087952 | S17: 18585792 | T17: =Q17/S17 -> 50.083587
A18: 2023년02월 | F18: =Q18/20 -> 53594626 | G18: =F18/F17-1 -> 0.15152864 | H18: =F18/F6-1 -> 1.2148808 | I18: =T18 -> 51.200801 | J18: =I18/I6-1 -> 0.6752651 | P18: 2023년02월 | Q18: 1071892519 | R18: 1344851696278 | S18: 20935073 | T18: =Q18/S18 -> 51.200801
A19: 2023년03월 | B19: =SUM(F17:F19) -> 1.5273541e+08 | C19: =AVERAGE(F17:F19) -> 50911802 | D19: =C19/C16-1 -> 0.34931412 | E19: =C19/C7-1 -> 1.1312586 | F19: =Q19/22 -> 52598623 | G19: =F19/F18-1 -> -0.018584008 | H19: =F19/F7-1 -> 1.032032 | I19: =T19 -> 52.933829 | J19: =I19/I7-1 -> 0.55671455 | K19: =R17+R18+R19 -> 4025977022439 | L19: =U19/U16-1 -> 0.30803172 | M19: =U19/U7-1 -> 1.1994761 | N19: =AVERAGE(T17:T19) -> 51.406072 | O19: =N19/N16-1 -> 0.10619487 | P19: 2023년03월 | Q19: 1157169706 | R19: 1513130238209 | S19: 21860684 | T19: =Q19/S19 -> 52.933829 | U19: =Q17+Q18+Q19 -> 3159905351
A20: 2023년04월 | F20: =Q20/20 -> 53211652 | G20: =F20/F19-1 -> 0.011654855 | H20: =F20/F8-1 -> 1.1550899 | I20: =T20 -> 52.712113 | J20: =I20/I8-1 -> 0.29433778 | P20: 2023년04월 | Q20: 1064233046 | R20: 1395576417119 | S20: 20189535 | T20: =Q20/S20 -> 52.712113
A21: 2023년05월 | F21: =Q21/21 -> 45866703 | G21: =F21/F20-1 -> -0.13803271 | H21: =F21/F9-1 -> 0.26476763 | I21: =T21 -> 49.355064 | J21: =I21/I9-1 -> 0.068034722 | P21: 2023년05월 | Q21: 963200773 | R21: 1282893050505 | S21: 19515743 | T21: =Q21/S21 -> 49.355064
A22: 2023년06월 | B22: =SUM(F20:F22) -> 1.3383093e+08 | C22: =AVERAGE(F20:F22) -> 44610311 | D22: =C22/C19-1 -> -0.12377269 | E22: =C22/C10-1 -> 0.37568938 | F22: =Q22/21 -> 34752578 | G22: =F22/F21-1 -> -0.24231359 | H22: =F22/F10-1 -> -0.043333339 | I22: =T22 -> 44.270448 | J22: =I22/I10-1 -> -0.064298899 | K22: =R20+R21+R22 -> 3626826447144 | L22: =U22/U19-1 -> -0.12743021 | M22: =U22/U10-1 -> 0.34964277 | N22: =AVERAGE(T20:T22) -> 48.779209 | O22: =N22/N19-1 -> -0.05110026 | P22: 2023년06월 | Q22: 729804137 | R22: 948356979520 | S22: 16485131 | T22: =Q22/S22 -> 44.270448 | U22: =AG24+Q21+Q22 -> 2757237956
A23: 2023년07월 | F23: =Q23/21 -> 40625432 | G23: =F23/F22-1 -> 0.16899046 | H23: =F23/F11-1 -> -0.048797905 | I23: =T23 -> 40.856504 | J23: =I23/I11-1 -> -0.16239867 | P23: 2023년07월 | Q23: 853134074 | R23: 1103480824122 | S23: 20881231 | T23: =Q23/S23 -> 40.856504
A24: 2023년08월 | F24: =Q24/22 -> 39285016 | G24: =F24/F23-1 -> -0.032994518 | H24: =F24/F12-1 -> -0.081658168 | I24: =T24 -> 41.370817 | J24: =I24/I12-1 -> -0.13116589 | P24: 2023년08월 | Q24: 864270342 | R24: 1133552081862 | S24: 20890821 | T24: =Q24/S24 -> 41.370817 | AG24: 1064233046
A25: 2023년09월 | B25: =SUM(F23:F25) -> 1.18177e+08 | C25: =AVERAGE(F23:F25) -> 39392333 | D25: =C25/C22-1 -> -0.11696799 | E25: =C25/C13-1 -> -0.080686323 | F25: =Q25/19 -> 38266551 | G25: =F25/F24-1 -> -0.025925015 | H25: =F25/F13-1 -> -0.11134876 | I25: =T25 -> 41.239524 | J25: =I25/I13-1 -> -0.1196788 | K25: =R23+R24+R25 -> 3201520903096 | L25: =U25/U22-1 -> -0.11343565 | M25: =U25/U13-1 -> -0.094389304 | N25: =AVERAGE(T23:T25) -> 41.155615 | O25: =N25/N22-1 -> -0.15628777 | P25: 2023년09월 | Q25: 727064468 | R25: 964487997112 | S25: 17630283 | T25: =Q25/S25 -> 41.239524 | U25: =Q23+Q24+Q25 -> 2444468884
A26: 2023년10월 | F26: =Q26/19 -> 27263193 | G26: =F26/F25-1 -> -0.28754507 | H26: =F26/F14-1 -> -0.26825383 | I26: =T26 -> 38.312001 | J26: =I26/I14-1 -> -0.19066426 | P26: 2023년10월 | Q26: 518000668 | R26: 697511235940 | S26: 13520585 | T26: =Q26/S26 -> 38.312001
A27: 2023년11월 | F27: =Q27/22 -> 17101008 | G27: =F27/F26-1 -> -0.37274376 | H27: =F27/F15-1 -> -0.56682019 | I27: =T27 -> 37.022154 | J27: =I27/I15-1 -> -0.20803462 | P27: 2023년11월 | Q27: 376222178 | R27: 497655164579 | S27: 10162082 | T27: =Q27/S27 -> 37.022154
A28: 2023년12월 | B28: =SUM(F26:F28) -> 58402689 | C28: =AVERAGE(F26:F28) -> 19467563 | D28: =C28/C25-1 -> -0.50580325 | E28: =C28/C16-1 -> -0.4840517 | F28: =Q28/19 -> 14038488 | G28: =F28/F27-1 -> -0.17908418 | H28: =F28/F16-1 -> -0.61495429 | I28: =T28 -> 34.61745 | J28: =I28/I16-1 -> -0.23629788 | K28: =R26+R27+R28 -> 1543194683654 | L28: =U28/U25-1 -> -0.52506897 | M28: =U28/U16-1 -> -0.51942712 | N28: =AVERAGE(T26:T28) -> 36.650535 | O28: =N28/N25-1 -> -0.10946452 | P28: 2023년12월 | Q28: 266731272 | R28: 348028283135 | S28: 7705110.4 | T28: =Q28/S28 -> 34.61745 | U28: =Q26+Q27+Q28 -> 1160954118
A29: 2024년01월 | F29: =Q29/22 -> 18414092 | G29: =F29/F28-1 -> 0.31168625 | H29: =F29/F17-1 -> -0.60435671 | I29: =T29 -> 32.465104 | J29: =I29/I17-1 -> -0.35178158 | P29: 2024년01월 | Q29: 405110018 | R29: 533362673958 | S29: 12478322 | T29: =Q29/S29 -> 32.465104
A30: 2024년02월 | F30: =Q30/19 -> 21564695 | G30: =F30/F29-1 -> 0.17109741 | H30: =F30/F18-1 -> -0.59763325 | I30: =T30 -> 29.192178 | J30: =I30/I18-1 -> -0.42984919 | P30: 2024년02월 | Q30: 409729209 | R30: 546017499462 | S30: 14035582 | T30: =Q30/S30 -> 29.192178
A31: 2024년03월 | B31: =SUM(F29:F31) -> 60906734 | C31: =AVERAGE(F29:F31) -> 20302245 | D31: =C31/C28-1 -> 0.042875506 | E31: =C31/C19-1 -> -0.60122714 | F31: =Q31/20 -> 20927947 | G31: =F31/F30-1 -> -0.029527343 | H31: =F31/F19-1 -> -0.60211987 | I31: =T31 -> 27.651937 | J31: =I31/I19-1 -> -0.47761314 | K31: =R29+R30+R31 -> 1635185903647 | L31: =U31/U28-1 -> 0.062400442 | M31: =U31/U19-1 -> -0.60967243 | N31: =AVERAGE(T29:T31) -> 29.76974 | O31: =N31/N28-1 -> -0.18774065 | P31: 2024년03월 | Q31: 418558941 | R31: 555805730227 | S31: 15136695 | T31: =Q31/S31 -> 27.651937 | U31: =Q29+Q30+Q31 -> 1233398168
A32: 2024년04월 | F32: =Q32/21 -> 22935862 | G32: =F32/F31-1 -> 0.095944177 | H32: =F32/F20-1 -> -0.56896919 | I32: =T32 -> 26.48116 | J32: =I32/I20-1 -> -0.49762667 | P32: 2024년04월 | Q32: 481653096 | R32: 655557156201 | S32: 18188520 | T32: =Q32/S32 -> 26.48116
A33: 2024년05월 | F33: =Q33/21 -> 19136831 | G33: =F33/F32-1 -> -0.16563714 | H33: =F33/F21-1 -> -0.58277291 | I33: =T33 -> 26.434525 | J33: =I33/I21-1 -> -0.46440097 | P33: 2024년05월 | Q33: 401873455 | R33: 549320339347 | S33: 15202598 | T33: =Q33/S33 -> 26.434525
A34: 2024년06월 | B34: =SUM(F32:F34) -> 62228383 | C34: =AVERAGE(F32:F34) -> 20742794 | D34: =C34/C31-1 -> 0.021699548 | E34: =C34/C22-1 -> -0.53502243 | F34: =Q34/19 -> 20155690 | G34: =F34/F33-1 -> 0.053240711 | H34: =F34/F22-1 -> -0.42002318 | I34: =T34 -> 27.563995 | J34: =I34/I22-1 -> -0.37737257 | K34: =R32+R33+R34 -> 1731384566264 | L34: =U34/U31-1 -> 0.026825471 | M34: =U34/U22-1 -> -0.54066908 | N34: =AVERAGE(T32:T34) -> 26.82656 | O34: =N34/N31-1 -> -0.09886481 | P34: 2024년06월 | Q34: 382958104 | R34: 526507070716 | S34: 13893418 | T34: =Q34/S34 -> 27.563995 | U34: =Q32+Q33+Q34 -> 1266484655
